{"source": [{"position": [-155.72642999331725, 304.4885531535405], "counts": 500000.0}, {"position": [71.56441415827288, 450.3493473140415], "counts": 500000.0}], "output": [0.0, 0.0, 0.0, 0.0, 0.0, 0.0, 0.0, 0.0, 0.0, 0.0, 0.0, 0.0, 0.0, 0.0, 0.0, 0.0, 0.0, 0.0, 0.0, 0.0, 0.0, 0.0, 0.0, 0.0, 0.0, 0.0, 0.0, 0.0, 0.0, 0.0, 0.0, 0.0, 0.0, 0.0, 0.0, 0.0, 0.0, 0.0, 0.0, 0.0, 0.0, 0.0, 0.0, 0.0, 0.0, 0.0, 0.3026043137, 0.1973956863, 0.0, 0.0, 0.0, 0.0, 0.0922808192, 0.4077191808, 0.0, 0.0, 0.0, 0.0, 0.0, 0.0, 0.0, 0.0, 0.0, 0.0], "num_sources": 2, "seg_angles": 64, "input": [-0.3870415303, -1.0865654518, -1.3597630355, -1.5999107692, -1.2704727642, 0.0079062903, -0.6844110081, -1.0050932794, -0.8572129562, -0.877794769, -0.0047839789, -0.2271105727, -0.3961686102, -0.260743525, -0.3009842585, 0.2961487817, 0.4693738855, 0.7481513553, 0.5301825846, 0.4569541489, 1.1358768268, 1.5907840932, 1.7693550597, 2.1554156816, 1.1579078013]}