{"source": [{"position": [82.47347739437897, -85.78534563944393], "counts": 500000.0}, {"position": [-50.90104053143965, 272.2830954591503], "counts": 500000.0}], "output": [0.0, 0.0, 0.0, 0.0, 0.0, 0.0, 0.0, 0.0, 0.0, 0.0, 0.0, 0.0, 0.0, 0.0, 0.0, 0.0, 0.0, 0.0, 0.0, 0.0, 0.0, 0.0, 0.0, 0.1002326558, 0.3997673442, 0.0, 0.0, 0.0, 0.0, 0.0, 0.0, 0.0, 0.0, 0.0, 0.0, 0.0, 0.0, 0.0, 0.0, 0.0, 0.0, 0.0, 0.0, 0.0, 0.0, 0.0, 0.0, 0.0, 0.0, 0.0587781876, 0.4412218124, 0.0, 0.0, 0.0, 0.0, 0.0, 0.0, 0.0, 0.0, 0.0, 0.0, 0.0, 0.0, 0.0], "num_sources": 2, "seg_angles": 64, "input": [0.8641151236, 0.8044665598, 0.6444959435, 0.776064867, 0.9475129931, -0.4723699521, -0.3659961921, -0.0236759413, -0.0750243675, 0.7231091347, -1.3286605293, -1.001532447, -0.8313903388, -0.190139788, 1.3760001495, -1.7388694486, -1.1246114815, -0.3430825822, 0.5486605891, 1.6727185646, -1.5896960736, -1.0911589091, -0.428963852, 0.2632956139, 1.984732364]}