{"source": [{"position": [177.46662395530623, 375.14077008758443], "counts": 500000.0}, {"position": [-18.2350818761959, 481.6549405839916], "counts": 500000.0}], "output": [0.0, 0.0, 0.0, 0.0, 0.0, 0.0, 0.0, 0.0, 0.0, 0.0, 0.0, 0.0, 0.0, 0.0, 0.0, 0.0, 0.0, 0.0, 0.0, 0.0, 0.0, 0.0, 0.0, 0.0, 0.0, 0.0, 0.0, 0.0, 0.0, 0.0, 0.0, 0.0, 0.0, 0.0, 0.0, 0.0, 0.0, 0.0, 0.0, 0.0, 0.0, 0.0, 0.0, 0.2504243838, 0.2495756162, 0.0, 0.0, 0.0, 0.3072766028, 0.1927233972, 0.0, 0.0, 0.0, 0.0, 0.0, 0.0, 0.0, 0.0, 0.0, 0.0, 0.0, 0.0, 0.0, 0.0], "num_sources": 2, "seg_angles": 64, "input": [-1.5408835619, -1.4592768005, -1.3198188211, -1.2539221324, -0.4263617294, -1.1498077856, -0.7895999545, -0.8757320883, -0.5170784596, 0.0906035682, -0.5837737001, -0.4127610254, -0.1363598686, -0.1414098146, 0.1062072013, 0.3074378524, 0.8575341204, 0.3571776428, 0.6960435909, 0.6040447776, 1.6142155926, 1.665859522, 1.4543565006, 1.6237597056, 1.2295456677]}