{"source": [{"position": [-163.47627676465248, -62.454038581718166], "counts": 500000.0}, {"position": [21.998314571406798, -39.256517369953116], "counts": 500000.0}], "output": [0.0, 0.0, 0.0, 0.1414468594, 0.3585531406, 0.0, 0.0, 0.0, 0.0, 0.0, 0.0, 0.0, 0.0, 0.0, 0.0, 0.0, 0.0, 0.0, 0.0, 0.0, 0.0, 0.3986562092, 0.1013437908, 0.0, 0.0, 0.0, 0.0, 0.0, 0.0, 0.0, 0.0, 0.0, 0.0, 0.0, 0.0, 0.0, 0.0, 0.0, 0.0, 0.0, 0.0, 0.0, 0.0, 0.0, 0.0, 0.0, 0.0, 0.0, 0.0, 0.0, 0.0, 0.0, 0.0, 0.0, 0.0, 0.0, 0.0, 0.0, 0.0, 0.0, 0.0, 0.0, 0.0, 0.0], "num_sources": 2, "seg_angles": 64, "input": [1.2868249935, 1.8737181696, 1.620197558, 1.6014079228, 1.3269370478, 0.4575943255, 0.4839808085, 0.4262826702, 0.3620294437, 0.5554043786, -0.4093098897, -0.2876356035, -0.4427847902, -0.3788437543, 0.4922459096, -0.911415885, -0.8275625379, -1.0460159229, -0.7830143662, 0.2775272957, -1.3662451087, -1.4438945801, -1.4862899991, -1.2252665726, -0.1558715134]}