{"source": [{"position": [284.2510566053056, -82.56716550038139], "counts": 500000.0}, {"position": [-310.56464314197433, 218.97397660475113], "counts": 500000.0}], "output": [0.0, 0.0, 0.0, 0.0, 0.0, 0.0, 0.0, 0.0, 0.0, 0.0, 0.0, 0.0, 0.0, 0.0, 0.0, 0.0, 0.0, 0.0, 0.0, 0.0, 0.0, 0.0, 0.0, 0.0, 0.0, 0.0, 0.0, 0.0, 0.0, 0.4397455413, 0.0602544587, 0.0, 0.0, 0.0, 0.0, 0.0, 0.0, 0.0, 0.0, 0.0, 0.0, 0.0, 0.0, 0.0, 0.0, 0.0, 0.0, 0.0, 0.0, 0.0, 0.0, 0.0, 0.0, 0.0, 0.0, 0.0, 0.0, 0.1277358872, 0.3722641128, 0.0, 0.0, 0.0, 0.0, 0.0], "num_sources": 2, "seg_angles": 64, "input": [1.5099216178, 0.2260648847, -1.0950475665, -0.4293711693, -0.4808586859, -0.2570144266, -0.6879843946, -1.2989953577, -0.015073703, -0.1542661091, 0.4148935441, -0.436921761, -1.3984853847, -0.022590845, 0.7263496603, 0.2742272008, -1.2331437818, -0.6118071923, 0.6862455881, 1.1671447364, -1.1454998743, -0.5359375184, 0.2702849111, 1.9247550903, 2.6031105367]}