{"source": [{"position": [127.23636386034052, -139.75660167447919], "counts": 500000.0}, {"position": [9.443318680168268, -73.39498438111956], "counts": 500000.0}], "output": [0.0, 0.0, 0.0, 0.0, 0.0, 0.0, 0.0, 0.0, 0.0, 0.0, 0.0, 0.0, 0.0, 0.0, 0.0, 0.0, 0.0, 0.3482982595, 0.1517017405, 0.0, 0.0, 0.0, 0.0, 0.2386518656, 0.2613481344, 0.0, 0.0, 0.0, 0.0, 0.0, 0.0, 0.0, 0.0, 0.0, 0.0, 0.0, 0.0, 0.0, 0.0, 0.0, 0.0, 0.0, 0.0, 0.0, 0.0, 0.0, 0.0, 0.0, 0.0, 0.0, 0.0, 0.0, 0.0, 0.0, 0.0, 0.0, 0.0, 0.0, 0.0, 0.0, 0.0, 0.0, 0.0, 0.0], "num_sources": 2, "seg_angles": 64, "input": [1.126887375, 1.5235709281, 1.8123357091, 1.5863451065, 1.4162934072, 0.0724079627, 0.7954676676, 0.6508362223, 0.6864260786, 0.8064676333, -0.6567526654, -0.3096154449, -0.1386646362, 0.0249318012, 0.1690362427, -1.1223275481, -0.9136614856, -0.8223165814, -0.5786968714, -0.1789221375, -1.6606823012, -1.3758778361, -1.2706098056, -1.0344590065, -0.6084198142]}