{"source": [{"position": [0.2508623308114556, -245.99987208958254], "counts": 500000.0}, {"position": [-410.6610392298771, 52.47390645489736], "counts": 500000.0}], "output": [0.0, 0.0, 0.0, 0.0, 0.0, 0.0, 0.0, 0.0, 0.0, 0.0, 0.0, 0.0, 0.0, 0.0, 0.0, 0.0, 0.4948063757, 0.0051936243, 0.0, 0.0, 0.0, 0.0, 0.0, 0.0, 0.0, 0.0, 0.0, 0.0, 0.0, 0.0, 0.0, 0.0, 0.0, 0.0, 0.0, 0.0, 0.0, 0.0, 0.0, 0.0, 0.0, 0.0, 0.0, 0.0, 0.0, 0.0, 0.0, 0.0, 0.0, 0.0, 0.0, 0.0, 0.0, 0.0, 0.0, 0.0, 0.0, 0.0, 0.0, 0.0, 0.0, 0.0, 0.1472661786, 0.3527338214], "num_sources": 2, "seg_angles": 64, "input": [1.854172521, 1.2808595817, 1.9380713013, 0.83454713, 0.2770512022, 1.197966438, 1.3026253506, 0.5206428714, 0.367102501, -0.2645895927, 0.5150086276, 0.4250889022, -0.1501003898, -0.5063769269, -0.6837312158, -0.1159222878, -0.1901781173, -0.3256750025, -0.9066182249, -1.458759332, -0.7546300163, -0.8647934937, -1.2987047397, -1.4567819067, -1.5362751811]}