{"source": [{"position": [200.64904024889944, -23.323006821495557], "counts": 500000.0}, {"position": [-337.86983570346814, 322.38637397028964], "counts": 500000.0}], "output": [0.0, 0.0, 0.0, 0.0, 0.0, 0.0, 0.0, 0.0, 0.0, 0.0, 0.0, 0.0, 0.0, 0.0, 0.0, 0.0, 0.0, 0.0, 0.0, 0.0, 0.0, 0.0, 0.0, 0.0, 0.0, 0.0, 0.0, 0.0, 0.0, 0.0, 0.0893495679, 0.4106504321, 0.0, 0.0, 0.0, 0.0, 0.0, 0.0, 0.0, 0.0, 0.0, 0.0, 0.0, 0.0, 0.0, 0.0, 0.0, 0.0, 0.0, 0.0, 0.0, 0.0, 0.0, 0.0, 0.0, 0.0, 0.380588518, 0.119411482, 0.0, 0.0, 0.0, 0.0, 0.0, 0.0], "num_sources": 2, "seg_angles": 64, "input": [-0.5066354322, -0.9273107754, -0.8218140478, -0.4483646921, 0.654098725, -1.1340024025, -0.6985460728, -0.5518140261, -0.0350266121, 0.9818851849, -0.958296198, -0.879994024, -0.3325926663, 0.7672443349, 1.5563189039, -0.9012511576, -0.7798386118, -0.0692952217, 1.475773556, 1.8667159784, -1.0789485785, -0.709015284, 0.1776467266, 1.2805307411, 2.072531652]}