{"source": [{"position": [-36.306937471416866, -28.24546497132993], "counts": 500000.0}, {"position": [-178.46510420143713, -160.468709044381], "counts": 500000.0}], "output": [0.0, 0.0, 0.0, 0.0, 0.0, 0.0, 0.1327461137, 0.6374213808, 0.2298325055, 0.0, 0.0, 0.0, 0.0, 0.0, 0.0, 0.0, 0.0, 0.0, 0.0, 0.0, 0.0, 0.0, 0.0, 0.0, 0.0, 0.0, 0.0, 0.0, 0.0, 0.0, 0.0, 0.0, 0.0, 0.0, 0.0, 0.0, 0.0, 0.0, 0.0, 0.0, 0.0, 0.0, 0.0, 0.0, 0.0, 0.0, 0.0, 0.0, 0.0, 0.0, 0.0, 0.0, 0.0, 0.0, 0.0, 0.0, 0.0, 0.0, 0.0, 0.0, 0.0, 0.0, 0.0, 0.0], "num_sources": 2, "seg_angles": 64, "input": [1.3159045717, 1.1152445629, 0.9866898073, 0.847649625, 0.562657414, 1.4044678398, 0.4303145116, -0.002816839, -0.254221627, -0.4995386435, 1.4330803868, 0.302233731, -0.5185922211, -0.8813948912, -1.2389207099, 1.390001276, 0.2776863136, -0.6870992926, -1.1215703417, -1.5555487633, 0.918694256, -0.1760641437, -0.9318346896, -1.3880454904, -1.7289766425]}