{"source": [{"position": [302.8131742090331, -382.6854864316777], "counts": 500000.0}, {"position": [-189.6679385983822, -300.08510970696346], "counts": 500000.0}], "output": [0.0, 0.0, 0.0, 0.0, 0.0, 0.0, 0.0, 0.0, 0.0, 0.0, 0.3706503934, 0.1293496066, 0.0, 0.0, 0.0, 0.0, 0.0, 0.0, 0.0, 0.0, 0.0, 0.0, 0.0907529001, 0.4092470999, 0.0, 0.0, 0.0, 0.0, 0.0, 0.0, 0.0, 0.0, 0.0, 0.0, 0.0, 0.0, 0.0, 0.0, 0.0, 0.0, 0.0, 0.0, 0.0, 0.0, 0.0, 0.0, 0.0, 0.0, 0.0, 0.0, 0.0, 0.0, 0.0, 0.0, 0.0, 0.0, 0.0, 0.0, 0.0, 0.0, 0.0, 0.0, 0.0, 0.0], "num_sources": 2, "seg_angles": 64, "input": [1.1455430181, 1.6290028895, 2.0611283414, 1.7217276211, 1.1923678284, 0.8143920636, 0.56203373, 0.1216039984, 0.3119853712, 0.6910030328, 0.202565945, -0.2842120918, -0.6135201116, -0.541697622, 0.0713097156, -0.1679902291, -1.0009132376, -1.0064297363, -0.8765258985, -0.5112375244, -0.5396208696, -1.3232447953, -1.6217065205, -1.3456897556, -0.6918751628]}