{"source": [{"position": [4.906715295118299, 23.493065892144692], "counts": 500000.0}, {"position": [304.333935880739, -265.7006877509696], "counts": 500000.0}], "output": [0.0, 0.0, 0.0, 0.0, 0.0, 0.0, 0.0, 0.0, 0.0, 0.0, 0.0, 0.0, 0.0, 0.0, 0.0, 0.0, 0.0, 0.0, 0.0, 0.0, 0.0, 0.0, 0.0, 0.0, 0.1553593688, 0.3446406312, 0.0, 0.0, 0.0, 0.0, 0.0, 0.0, 0.0, 0.0, 0.0, 0.0, 0.0, 0.0, 0.0, 0.0, 0.0, 0.0, 0.0, 0.0, 0.0, 0.0486309237, 0.4513690763, 0.0, 0.0, 0.0, 0.0, 0.0, 0.0, 0.0, 0.0, 0.0, 0.0, 0.0, 0.0, 0.0, 0.0, 0.0, 0.0, 0.0], "num_sources": 2, "seg_angles": 64, "input": [-1.4068532535, -1.2293661705, -1.1707124232, -1.1589283848, -0.8635555064, -1.0350143961, -0.8385815843, -0.7047282914, -0.712350907, -0.5609218323, -0.5199616026, -0.1457319563, -0.1820500181, -0.1085977162, -0.1643786725, 0.2359299801, 0.6953292079, 0.7915846201, 0.6983073796, 0.5283568604, 1.110708153, 1.6422581695, 1.7462991079, 1.8486804725, 1.5042787644]}