{"source": [{"position": [125.95171399606275, 199.5799732975581], "counts": 500000.0}, {"position": [-329.000543556193, 256.2179586596723], "counts": 500000.0}], "output": [0.0, 0.0, 0.0, 0.0, 0.0, 0.0, 0.0, 0.0, 0.0, 0.0, 0.0, 0.0, 0.0, 0.0, 0.0, 0.0, 0.0, 0.0, 0.0, 0.0, 0.0, 0.0, 0.0, 0.0, 0.0, 0.0, 0.0, 0.0, 0.0, 0.0, 0.0, 0.0, 0.0, 0.0, 0.0, 0.0, 0.0, 0.0, 0.0, 0.0, 0.0, 0.0, 0.3671435462, 0.1328564538, 0.0, 0.0, 0.0, 0.0, 0.0, 0.0, 0.0, 0.0, 0.0, 0.0, 0.0, 0.0, 0.0, 0.369833574, 0.130166426, 0.0, 0.0, 0.0, 0.0, 0.0], "num_sources": 2, "seg_angles": 64, "input": [-1.0286002329, -1.405342447, -1.5431377145, -1.1338171935, -0.6012198154, -0.652627289, -0.7670272995, -1.0805633332, -0.9241051861, -0.0767052029, -0.1617055946, -0.2555231661, -0.8309988465, -0.594700894, 0.4552694312, 0.6285241115, 0.6657377727, 0.5050392839, 0.4511487878, 0.7762413256, 1.738885835, 1.7288689353, 1.2948054714, 1.4864025185, 1.3251507422]}