{"source": [{"position": [-357.89836405673117, -38.8427728865419], "counts": 500000.0}, {"position": [463.0797442215953, 42.215524296895886], "counts": 500000.0}], "output": [0.0, 0.4494153397, 0.0505846603, 0.0, 0.0, 0.0, 0.0, 0.0, 0.0, 0.0, 0.0, 0.0, 0.0, 0.0, 0.0, 0.0, 0.0, 0.0, 0.0, 0.0, 0.0, 0.0, 0.0, 0.0, 0.0, 0.0, 0.0, 0.0, 0.0, 0.0, 0.0, 0.0, 0.0369928054, 0.4630071946, 0.0, 0.0, 0.0, 0.0, 0.0, 0.0, 0.0, 0.0, 0.0, 0.0, 0.0, 0.0, 0.0, 0.0, 0.0, 0.0, 0.0, 0.0, 0.0, 0.0, 0.0, 0.0, 0.0, 0.0, 0.0, 0.0, 0.0, 0.0, 0.0, 0.0], "num_sources": 2, "seg_angles": 64, "input": [0.109932228, -0.7592856112, -1.3929922741, -0.8913307935, 0.4400132367, 1.8498517738, 0.6710572398, -0.2426394689, -0.5033473704, 0.1296765991, 1.6853393407, 1.37621859, -0.8237530942, -1.0602967919, -0.0980800333, 1.7678814648, 0.2344652658, -0.3928499604, -0.1896026713, 0.4439370104, 1.4068022055, -0.0234434749, -0.84943864, -1.828295286, -1.0598194847]}