{"source": [{"position": [-126.1464508244934, 144.74485463871824], "counts": 500000.0}, {"position": [-129.3722814920701, -97.50288601644864], "counts": 500000.0}], "output": [0.0, 0.0, 0.0, 0.0, 0.0, 0.0, 0.2107626357, 0.2892373643, 0.0, 0.0, 0.0, 0.0, 0.0, 0.0, 0.0, 0.0, 0.0, 0.0, 0.0, 0.0, 0.0, 0.0, 0.0, 0.0, 0.0, 0.0, 0.0, 0.0, 0.0, 0.0, 0.0, 0.0, 0.0, 0.0, 0.0, 0.0, 0.0, 0.0, 0.0, 0.0, 0.0, 0.0, 0.0, 0.0, 0.0, 0.0, 0.0, 0.0, 0.0, 0.0, 0.0, 0.0, 0.0, 0.0, 0.0, 0.3491159814, 0.1508840186, 0.0, 0.0, 0.0, 0.0, 0.0, 0.0, 0.0], "num_sources": 2, "seg_angles": 64, "input": [1.2505745902, 0.642914094, 0.0799538474, -0.2113958604, -0.6158027598, 1.6562158275, 0.2692600577, -0.7763499546, -0.921793987, -1.3005699451, 1.5464515532, 0.3088929427, -0.7982212543, -1.1077241144, -1.4212116132, 2.0487402621, 0.3533289654, -0.2360959551, -0.9802822336, -1.2109499605, 1.4965441362, 0.8081127495, 0.0721055673, -0.2472023859, -0.7054945693]}