{"source": [{"position": [111.34058210385801, -112.10385710034271], "counts": 500000.0}, {"position": [-427.55438165049475, 206.93537815333332], "counts": 500000.0}], "output": [0.0, 0.0, 0.0, 0.0, 0.0, 0.0, 0.0, 0.0, 0.0, 0.0, 0.0, 0.0, 0.0, 0.0, 0.0, 0.0, 0.0, 0.0, 0.0, 0.0, 0.0, 0.0, 0.0, 0.017397222, 0.482602778, 0.0, 0.0, 0.0, 0.0, 0.0, 0.0, 0.0, 0.0, 0.0, 0.0, 0.0, 0.0, 0.0, 0.0, 0.0, 0.0, 0.0, 0.0, 0.0, 0.0, 0.0, 0.0, 0.0, 0.0, 0.0, 0.0, 0.0, 0.0, 0.0, 0.0, 0.0, 0.0, 0.0, 0.0, 0.2957226476, 0.2042773524, 0.0, 0.0, 0.0], "num_sources": 2, "seg_angles": 64, "input": [1.0963880055, 1.5767436911, 1.3568457606, 1.3238546424, 0.9253428976, 0.4259407797, 0.3148962049, 0.2027663781, -0.0303458903, 0.7787557567, -0.5033388479, -0.7869450809, -0.8494603381, -0.2859228102, 0.9478976203, -1.0552662891, -1.3828835142, -1.2668904684, -0.114296634, 1.0966663852, -1.6784086251, -1.4917911161, -1.1657894112, -0.4067117556, 0.971952659]}