{"source": [{"position": [15.680533980800734, 376.6737591790501], "counts": 500000.0}, {"position": [87.68358275889828, -116.73726617735845], "counts": 500000.0}], "output": [0.0, 0.0, 0.0, 0.0, 0.0, 0.0, 0.0, 0.0, 0.0, 0.0, 0.0, 0.0, 0.0, 0.0, 0.0, 0.0, 0.0, 0.0, 0.0, 0.0, 0.0, 0.0, 0.2190302355, 0.2809697645, 0.0, 0.0, 0.0, 0.0, 0.0, 0.0, 0.0, 0.0, 0.0, 0.0, 0.0, 0.0, 0.0, 0.0, 0.0, 0.0, 0.0, 0.0, 0.0, 0.0, 0.0, 0.0, 0.0, 0.2118921691, 0.2881078309, 0.0, 0.0, 0.0, 0.0, 0.0, 0.0, 0.0, 0.0, 0.0, 0.0, 0.0, 0.0, 0.0, 0.0, 0.0], "num_sources": 2, "seg_angles": 64, "input": [0.3782099636, 1.2106210367, 1.1002718323, 1.2401169069, 1.2149340496, -0.7156912483, 0.2429128869, -0.0752486289, 0.3917569337, 1.127479243, -1.3836907849, -0.7225496972, -0.7729063674, -0.0898430335, 1.0919709364, -1.5419353491, -1.1218743526, -0.8305591385, 0.0358623496, 1.5931447797, -1.5479860124, -1.2265604633, -0.8530787364, 0.0573258985, 1.1973169957]}