{"source": [{"position": [-201.81684970427946, -299.31748892345115], "counts": 500000.0}, {"position": [51.52041794072639, -114.98541879391873], "counts": 500000.0}], "output": [0.0, 0.0, 0.0, 0.0, 0.0, 0.0, 0.0, 0.0, 0.0, 0.0213409781, 0.4786590219, 0.0, 0.0, 0.0, 0.0, 0.0, 0.0, 0.0, 0.0, 0.0, 0.3546432102, 0.1453567898, 0.0, 0.0, 0.0, 0.0, 0.0, 0.0, 0.0, 0.0, 0.0, 0.0, 0.0, 0.0, 0.0, 0.0, 0.0, 0.0, 0.0, 0.0, 0.0, 0.0, 0.0, 0.0, 0.0, 0.0, 0.0, 0.0, 0.0, 0.0, 0.0, 0.0, 0.0, 0.0, 0.0, 0.0, 0.0, 0.0, 0.0, 0.0, 0.0, 0.0, 0.0, 0.0], "num_sources": 2, "seg_angles": 64, "input": [1.2389015186, 1.791929006, 1.6749415179, 1.3928849323, 1.2389983928, 0.4194882832, 0.7321860387, 0.6208576595, 0.4985004465, 0.8302645182, -0.200621222, -0.3583088078, -0.4314613136, -0.4080957857, 0.3878562468, -0.6059963197, -0.9374903164, -1.1546969684, -0.9196630207, -0.0153116994, -1.1406513809, -1.3801069005, -1.6761603634, -1.3227405631, -0.2755038987]}