{"source": [{"position": [-71.48062279075573, -25.817059581712478], "counts": 500000.0}, {"position": [241.3130728056269, 85.46344770196333], "counts": 500000.0}], "output": [0.0, 0.0, 0.0, 0.2348013373, 0.2651986627, 0.0, 0.0, 0.0, 0.0, 0.0, 0.0, 0.0, 0.0, 0.0, 0.0, 0.0, 0.0, 0.0, 0.0, 0.0, 0.0, 0.0, 0.0, 0.0, 0.0, 0.0, 0.0, 0.0, 0.0, 0.0, 0.0, 0.0, 0.0, 0.0, 0.0, 0.2664790061, 0.2335209939, 0.0, 0.0, 0.0, 0.0, 0.0, 0.0, 0.0, 0.0, 0.0, 0.0, 0.0, 0.0, 0.0, 0.0, 0.0, 0.0, 0.0, 0.0, 0.0, 0.0, 0.0, 0.0, 0.0, 0.0, 0.0, 0.0, 0.0], "num_sources": 2, "seg_angles": 64, "input": [0.9302358756, 0.3040275144, 0.368624635, 0.2551324995, 0.4806597255, 1.6746041223, 0.5653442312, -0.4292928652, -0.8562784297, -1.0421644367, 1.8171812472, 0.6477509599, -0.5119515986, -0.6744512575, -1.08535448, 1.4086389563, 0.5661790249, -0.6159905787, -1.0594925894, -1.2512163722, 1.5896899236, 0.4274890868, -0.5207830584, -1.3413702939, -1.647211842]}