{"source": [{"position": [-402.48663959581927, -175.28692177930742], "counts": 500000.0}, {"position": [-142.2549112208581, 162.54088788223652], "counts": 500000.0}], "output": [0.0, 0.0, 0.0, 0.0, 0.4081241927, 0.0918758073, 0.0, 0.0, 0.0, 0.0, 0.0, 0.0, 0.0, 0.0, 0.0, 0.0, 0.0, 0.0, 0.0, 0.0, 0.0, 0.0, 0.0, 0.0, 0.0, 0.0, 0.0, 0.0, 0.0, 0.0, 0.0, 0.0, 0.0, 0.0, 0.0, 0.0, 0.0, 0.0, 0.0, 0.0, 0.0, 0.0, 0.0, 0.0, 0.0, 0.0, 0.0, 0.0, 0.0, 0.0, 0.0, 0.0, 0.0, 0.0, 0.0, 0.3384675346, 0.1615324654, 0.0, 0.0, 0.0, 0.0, 0.0, 0.0, 0.0], "num_sources": 2, "seg_angles": 64, "input": [1.0783759249, -0.0600802095, -0.7311929612, -1.1281137923, -1.3243026263, 1.6824937577, -0.0079833371, -0.7857715378, -1.2856688198, -1.5620990678, 1.5012920261, 0.1896706301, -0.6071165364, -1.0980123577, -1.1777626776, 1.4174627945, 0.5815891438, 0.2344188854, -0.0911791766, -0.6564412725, 1.5611838152, 1.3491758052, 0.5624882995, 0.1659203106, 0.1916529796]}