{"source": [{"position": [-19.197305419841683, 131.60723180971976], "counts": 500000.0}, {"position": [-409.29697962676636, 147.31253330387887], "counts": 500000.0}], "output": [0.0, 0.0, 0.0, 0.0, 0.0, 0.0, 0.0, 0.0, 0.0, 0.0, 0.0, 0.0, 0.0, 0.0, 0.0, 0.0, 0.0, 0.0, 0.0, 0.0, 0.0, 0.0, 0.0, 0.0, 0.0, 0.0, 0.0, 0.0, 0.0, 0.0, 0.0, 0.0, 0.0, 0.0, 0.0, 0.0, 0.0, 0.0, 0.0, 0.0, 0.0, 0.0, 0.0, 0.0, 0.0, 0.0, 0.0, 0.0, 0.0, 0.2623023009, 0.2376976991, 0.0, 0.0, 0.0, 0.0, 0.0, 0.0, 0.0, 0.0, 0.0, 0.2595214021, 0.2404785979, 0.0, 0.0], "num_sources": 2, "seg_angles": 64, "input": [-0.5562154027, -1.117894433, -1.1754911276, -1.5015640421, -1.7189934712, -0.0821589681, -0.5601040513, -0.5700410363, -0.9226079148, -1.0798558407, 0.2157394743, 0.1279065221, -0.0712642218, -0.3324566252, -0.6780263501, 0.8271321368, 0.875292833, 0.4008432072, 0.3563328113, -0.0930350833, 1.4339017774, 1.6872745804, 1.5028544959, 1.662226802, 1.3702039277]}