{"source": [{"position": [-219.90623178660505, 375.3215277883962], "counts": 500000.0}, {"position": [368.7835124851544, -157.47927139503764], "counts": 500000.0}], "output": [0.0, 0.0, 0.0, 0.0, 0.0, 0.0, 0.0, 0.0, 0.0, 0.0, 0.0, 0.0, 0.0, 0.0, 0.0, 0.0, 0.0, 0.0, 0.0, 0.0, 0.0, 0.0, 0.0, 0.0, 0.0, 0.0, 0.0, 0.0554335026, 0.4445664974, 0.0, 0.0, 0.0, 0.0, 0.0, 0.0, 0.0, 0.0, 0.0, 0.0, 0.0, 0.0, 0.0, 0.0, 0.0, 0.0, 0.0, 0.0, 0.0, 0.0, 0.0, 0.0, 0.0, 0.0, 0.300742636, 0.199257364, 0.0, 0.0, 0.0, 0.0, 0.0, 0.0, 0.0, 0.0, 0.0], "num_sources": 2, "seg_angles": 64, "input": [0.5053368149, -0.0753879648, -0.8359320055, -0.2846122429, -0.4831879541, -0.8658363471, -0.9689691077, -1.4868064355, -1.0704578601, 0.3577101054, -0.871125405, -0.8366381189, -0.7413869929, 0.2014114849, 0.603106233, -0.4693810056, -0.9454365013, 0.6298370057, 0.9170776636, 1.5975327914, -0.7463627706, 0.5917798661, 0.9439225108, 2.3197345669, 2.0140716695]}