{"source": [{"position": [-282.35635549642626, 221.71127285452977], "counts": 500000.0}, {"position": [339.65124336759084, -224.24547460060273], "counts": 500000.0}], "output": [0.0, 0.0, 0.0, 0.0, 0.0, 0.0, 0.0, 0.0, 0.0, 0.0, 0.0, 0.0, 0.0, 0.0, 0.0, 0.0, 0.0, 0.0, 0.0, 0.0, 0.0, 0.0, 0.0, 0.0, 0.0, 0.0, 0.4718844431, 0.0281155569, 0.0, 0.0, 0.0, 0.0, 0.0, 0.0, 0.0, 0.0, 0.0, 0.0, 0.0, 0.0, 0.0, 0.0, 0.0, 0.0, 0.0, 0.0, 0.0, 0.0, 0.0, 0.0, 0.0, 0.0, 0.0, 0.0, 0.0, 0.0, 0.0, 0.3901900926, 0.1098099074, 0.0, 0.0, 0.0, 0.0, 0.0], "num_sources": 2, "seg_angles": 64, "input": [1.6971875005, 0.9283315572, -0.7236421434, -0.5429603564, -1.4137189678, 1.0249130388, -0.3423030069, -1.1527400567, -0.8041202676, -0.4025082801, 0.6654784962, -0.866068307, -0.4883582816, -0.9764375401, -0.1525043819, 0.3248831236, -0.8501456715, -0.8271691122, 0.2210583361, 0.5027129155, -0.8320441551, 0.1506666644, 0.5351539951, 1.6320232068, 2.6923116943]}