{"source": [{"position": [421.6059800260745, 154.4325017807238], "counts": 500000.0}, {"position": [-24.28620223717899, -93.9104913249571], "counts": 500000.0}], "output": [0.0, 0.0, 0.0, 0.0, 0.0, 0.0, 0.0, 0.0, 0.0, 0.0, 0.0, 0.0, 0.0, 0.2888531957, 0.2111468043, 0.0, 0.0, 0.0, 0.0, 0.0, 0.0, 0.0, 0.0, 0.0, 0.0, 0.0, 0.0, 0.0, 0.0, 0.0, 0.0, 0.0, 0.0, 0.0, 0.0, 0.2117715031, 0.2882284969, 0.0, 0.0, 0.0, 0.0, 0.0, 0.0, 0.0, 0.0, 0.0, 0.0, 0.0, 0.0, 0.0, 0.0, 0.0, 0.0, 0.0, 0.0, 0.0, 0.0, 0.0, 0.0, 0.0, 0.0, 0.0, 0.0, 0.0], "num_sources": 2, "seg_angles": 64, "input": [0.8220209468, 1.5663602529, 1.7316903696, 1.8827866287, 1.5903440673, 0.2024850066, 0.5278278587, 0.7560498563, 0.9909134905, 0.4580912829, -0.1889311446, -0.282392075, -0.0868191048, 0.0014419731, -0.2598677371, -0.4538982828, -0.8973673758, -1.0094990161, -0.7676043443, -0.9960919042, -0.3894828171, -1.263543972, -1.3260199355, -1.348959716, -1.2595343081]}