{"source": [{"position": [-93.30861737995106, 81.66701857323982], "counts": 500000.0}, {"position": [-200.19801922530806, -39.201442553344876], "counts": 500000.0}], "output": [0.0, 0.0151914732, 0.4848085268, 0.0, 0.0, 0.0, 0.0, 0.0, 0.0, 0.0, 0.0, 0.0, 0.0, 0.0, 0.0, 0.0, 0.0, 0.0, 0.0, 0.0, 0.0, 0.0, 0.0, 0.0, 0.0, 0.0, 0.0, 0.0, 0.0, 0.0, 0.0, 0.0, 0.0, 0.0, 0.0, 0.0, 0.0, 0.0, 0.0, 0.0, 0.0, 0.0, 0.0, 0.0, 0.0, 0.0, 0.0, 0.0, 0.0, 0.0, 0.0, 0.0, 0.0, 0.0, 0.0, 0.0, 0.1616504774, 0.3383495226, 0.0, 0.0, 0.0, 0.0, 0.0, 0.0], "num_sources": 2, "seg_angles": 64, "input": [1.0720477253, 0.2232555123, -0.5408810701, -1.1483984835, -1.4926447767, 1.6074561513, 0.4917057567, -0.4809480756, -1.1101080988, -1.6240042974, 1.661401655, 0.5053115421, -0.3688172781, -0.9768096607, -1.4297445353, 1.4027035702, 0.5022144127, -0.0719527167, -0.4112372951, -0.9572086749, 1.4700017006, 0.9306635573, 0.6455365029, 0.30091832, -0.2004614433]}