{"source": [{"position": [-257.03599750616434, -22.282189883650368], "counts": 500000.0}, {"position": [12.740872219369809, 414.80437579067285], "counts": 500000.0}], "output": [0.0595976247, 0.4404023753, 0.0, 0.0, 0.0, 0.0, 0.0, 0.0, 0.0, 0.0, 0.0, 0.0, 0.0, 0.0, 0.0, 0.0, 0.0, 0.0, 0.0, 0.0, 0.0, 0.0, 0.0, 0.0, 0.0, 0.0, 0.0, 0.0, 0.0, 0.0, 0.0, 0.0, 0.0, 0.0, 0.0, 0.0, 0.0, 0.0, 0.0, 0.0, 0.0, 0.0, 0.0, 0.0, 0.0, 0.0, 0.0, 0.1563829569, 0.3436170431, 0.0, 0.0, 0.0, 0.0, 0.0, 0.0, 0.0, 0.0, 0.0, 0.0, 0.0, 0.0, 0.0, 0.0, 0.0], "num_sources": 2, "seg_angles": 64, "input": [0.6645747748, -0.5489839827, -0.9010677037, -0.9353053411, -1.7549834697, 1.0163549744, 0.1970134537, -0.6126323605, -0.9992569354, -1.3462331417, 0.7773587678, 0.9877868361, -0.2525667131, -0.6351378335, -1.0975738979, 1.785116652, 1.1020773401, 0.4289107982, -0.3069632524, -0.8270286721, 1.9403243587, 1.3748137298, 0.652399847, 0.0230689028, -0.7320671314]}