{"source": [{"position": [-18.36588123228464, 265.3652094879086], "counts": 500000.0}, {"position": [9.400691453198434, -44.007124425503676], "counts": 500000.0}], "output": [0.0, 0.0, 0.0, 0.0, 0.0, 0.0, 0.0, 0.0, 0.0, 0.0, 0.0, 0.0, 0.0, 0.0, 0.0, 0.0, 0.0, 0.0, 0.428164756, 0.071835244, 0.0, 0.0, 0.0, 0.0, 0.0, 0.0, 0.0, 0.0, 0.0, 0.0, 0.0, 0.0, 0.0, 0.0, 0.0, 0.0, 0.0, 0.0, 0.0, 0.0, 0.0, 0.0, 0.0, 0.0, 0.0, 0.0, 0.0, 0.0, 0.1480784121, 0.3519215879, 0.0, 0.0, 0.0, 0.0, 0.0, 0.0, 0.0, 0.0, 0.0, 0.0, 0.0, 0.0, 0.0, 0.0], "num_sources": 2, "seg_angles": 64, "input": [1.252537308, 1.7303315882, 1.8868050057, 1.761959077, 1.1772073916, 0.1942857594, 0.8577327526, 0.737612121, 0.6411063699, 0.4671995218, -0.7030535649, -0.2896200608, -0.037702574, -0.0583717951, -0.2317308827, -1.1761194007, -0.7343516685, -0.682364631, -0.7965306997, -0.3711666139, -1.4196630943, -1.1489026001, -1.2606425002, -1.1267725335, -0.6697842757]}