{"source": [{"position": [404.31563236046, -73.82323095720885], "counts": 500000.0}, {"position": [323.5045468958707, 17.9111177121194], "counts": 500000.0}], "output": [0.0, 0.0, 0.0, 0.0, 0.0, 0.0, 0.0, 0.0, 0.0, 0.0, 0.0, 0.0, 0.0, 0.0, 0.0, 0.0, 0.0, 0.0, 0.0, 0.0, 0.0, 0.0, 0.0, 0.0, 0.0, 0.0, 0.0, 0.0, 0.0, 0.0, 0.4197816174, 0.0802183826, 0.2183114218, 0.2816885782, 0.0, 0.0, 0.0, 0.0, 0.0, 0.0, 0.0, 0.0, 0.0, 0.0, 0.0, 0.0, 0.0, 0.0, 0.0, 0.0, 0.0, 0.0, 0.0, 0.0, 0.0, 0.0, 0.0, 0.0, 0.0, 0.0, 0.0, 0.0, 0.0, 0.0], "num_sources": 2, "seg_angles": 64, "input": [-1.1713598191, -0.6506675108, -0.3382225557, 0.5062710734, 1.3718576242, -1.3451706725, -0.7847809689, -0.0075059548, 0.8077445976, 1.6459602586, -1.1971997794, -0.6422969746, 0.2099888994, 1.0082849772, 1.5760859373, -1.2992416645, -0.7721205575, -0.0664085918, 0.7630508454, 1.6262559053, -1.3415691126, -0.8574736698, -0.4616831904, 0.2091470756, 1.2110538283]}