{"source": [{"position": [344.2779934621834, 170.08428268847405], "counts": 500000.0}, {"position": [-105.06424544490204, 87.92328661448786], "counts": 500000.0}], "output": [0.0, 0.0, 0.0, 0.0, 0.0, 0.0, 0.0, 0.0, 0.0, 0.0, 0.0, 0.0, 0.0, 0.0, 0.0, 0.0, 0.0, 0.0, 0.0, 0.0, 0.0, 0.0, 0.0, 0.0, 0.0, 0.0, 0.0, 0.0, 0.0, 0.0, 0.0, 0.0, 0.0, 0.0, 0.0, 0.0, 0.1630366855, 0.3369633145, 0.0, 0.0, 0.0, 0.0, 0.0, 0.0, 0.0, 0.0, 0.0, 0.0, 0.0, 0.0, 0.0, 0.0, 0.0, 0.0, 0.0, 0.0, 0.0488324748, 0.4511675252, 0.0, 0.0, 0.0, 0.0, 0.0, 0.0], "num_sources": 2, "seg_angles": 64, "input": [0.4637330418, -0.6065795611, -1.3801947726, -1.2729662364, -1.4290821663, 0.8682522519, -0.1731148482, -0.8104876605, -1.0228392401, -1.2118450562, 0.9103765835, -0.093883383, -1.14965577, -0.8843748916, -0.7444012652, 0.9895889575, 0.1927308449, 0.1282009619, -0.0421863138, 0.1383142118, 1.2321447621, 1.4766664268, 1.6241264958, 1.6167751873, 1.1807014396]}