{"source": [{"position": [-47.730445767192556, -36.35663002624268], "counts": 500000.0}, {"position": [191.0159790626542, 250.47533959001967], "counts": 500000.0}], "output": [0.0, 0.0, 0.0, 0.0, 0.0, 0.0, 0.1847297719, 0.3152702281, 0.0, 0.0, 0.0, 0.0, 0.0, 0.0, 0.0, 0.0, 0.0, 0.0, 0.0, 0.0, 0.0, 0.0, 0.0, 0.0, 0.0, 0.0, 0.0, 0.0, 0.0, 0.0, 0.0, 0.0, 0.0, 0.0, 0.0, 0.0, 0.0, 0.0, 0.0, 0.0, 0.0, 0.3181908854, 0.1818091146, 0.0, 0.0, 0.0, 0.0, 0.0, 0.0, 0.0, 0.0, 0.0, 0.0, 0.0, 0.0, 0.0, 0.0, 0.0, 0.0, 0.0, 0.0, 0.0, 0.0, 0.0], "num_sources": 2, "seg_angles": 64, "input": [1.1255976207, 0.8139861173, 0.8461199322, 0.8967744209, 0.6877532078, 1.3708759972, 0.4441827194, -0.3608404269, -0.3768102886, -0.4612807839, 1.3768199343, 0.2793859367, -0.607949296, -1.132011862, -1.0921242693, 1.6701460312, 0.3326744195, -0.7198442909, -1.3282913091, -1.4505789082, 1.1971587343, 0.0840269834, -0.5835861255, -1.2892320953, -1.7229523992]}