{"source": [{"position": [-360.79273064109947, -283.7421461759586], "counts": 500000.0}, {"position": [-183.4648226381341, 126.7661581588635], "counts": 500000.0}], "output": [0.0, 0.0, 0.0, 0.0, 0.0, 0.0, 0.1059593738, 0.3940406262, 0.0, 0.0, 0.0, 0.0, 0.0, 0.0, 0.0, 0.0, 0.0, 0.0, 0.0, 0.0, 0.0, 0.0, 0.0, 0.0, 0.0, 0.0, 0.0, 0.0, 0.0, 0.0, 0.0, 0.0, 0.0, 0.0, 0.0, 0.0, 0.0, 0.0, 0.0, 0.0, 0.0, 0.0, 0.0, 0.0, 0.0, 0.0, 0.0, 0.0, 0.0, 0.0, 0.0, 0.0, 0.0, 0.0, 0.0, 0.0, 0.0, 0.07935776, 0.42064224, 0.0, 0.0, 0.0, 0.0, 0.0], "num_sources": 2, "seg_angles": 64, "input": [1.5048358746, 0.6870542428, -0.2186600818, -0.5397542836, -1.1780009233, 1.7511638769, 0.3094480874, -0.5594512734, -0.847677341, -1.3288199778, 1.3826041558, 0.474075644, -0.7189986972, -1.1942245593, -1.5203488859, 1.9128953133, 0.4781314931, -0.234678988, -0.7084853515, -1.2196136631, 1.2656483429, 0.710813006, 0.1914188028, -0.0767107603, -0.3226640532]}