{"source": [{"position": [-21.01156291814958, -140.43686917521566], "counts": 500000.0}, {"position": [115.39324901227648, 422.52620993542024], "counts": 500000.0}], "output": [0.0, 0.0, 0.0, 0.0, 0.0, 0.0, 0.0, 0.0, 0.0, 0.0, 0.0, 0.0, 0.0, 0.0, 0.2563760995, 0.2436239005, 0.0, 0.0, 0.0, 0.0, 0.0, 0.0, 0.0, 0.0, 0.0, 0.0, 0.0, 0.0, 0.0, 0.0, 0.0, 0.0, 0.0, 0.0, 0.0, 0.0, 0.0, 0.0, 0.0, 0.0, 0.0, 0.0, 0.0, 0.0, 0.0, 0.3577922917, 0.1422077083, 0.0, 0.0, 0.0, 0.0, 0.0, 0.0, 0.0, 0.0, 0.0, 0.0, 0.0, 0.0, 0.0, 0.0, 0.0, 0.0, 0.0], "num_sources": 2, "seg_angles": 64, "input": [1.2693358475, 1.9253885545, 1.8811541469, 1.5188896914, 1.5131173055, 0.2206015325, 0.2516118161, 1.0006696942, 0.7113073163, 0.4054995015, -0.3814843942, -0.280512198, -0.0526016218, -0.4525237076, -0.5427052874, -0.4255234084, -0.7596534489, -0.538074256, -0.8703704765, -1.1798341847, -0.6245937318, -1.1241293835, -1.2455476584, -0.8186862143, -1.4013354349]}