{"source": [{"position": [189.79886099538683, 312.94151588572237], "counts": 500000.0}, {"position": [81.9360758360986, -213.83984539037877], "counts": 500000.0}], "output": [0.0, 0.0, 0.0, 0.0, 0.0, 0.0, 0.0, 0.0, 0.0, 0.0, 0.0, 0.0, 0.0, 0.0, 0.0, 0.0, 0.0, 0.0, 0.0, 0.1364342623, 0.3635657377, 0.0, 0.0, 0.0, 0.0, 0.0, 0.0, 0.0, 0.0, 0.0, 0.0, 0.0, 0.0, 0.0, 0.0, 0.0, 0.0, 0.0, 0.0, 0.0, 0.0, 0.0, 0.2766034682, 0.2233965318, 0.0, 0.0, 0.0, 0.0, 0.0, 0.0, 0.0, 0.0, 0.0, 0.0, 0.0, 0.0, 0.0, 0.0, 0.0, 0.0, 0.0, 0.0, 0.0, 0.0], "num_sources": 2, "seg_angles": 64, "input": [0.0197721076, 1.0443032108, 0.7719254335, 1.1439975964, 2.3776203197, -0.9923407589, -0.2691292137, 0.3371603521, 0.2070360466, 1.7363558784, -1.3320223539, -0.7271657461, -0.3162608852, -0.5851415545, 1.2282548114, -1.5682137587, -0.6626973698, -0.8617116539, -0.4455913295, 0.9629209553, -1.1030124216, -0.747051208, -0.7333068737, -0.3160670276, 0.8303654434]}