{"source": [{"position": [316.498116707228, 232.97626943699206], "counts": 500000.0}, {"position": [46.0268403011982, -9.514723952275128], "counts": 500000.0}], "output": [0.0, 0.0, 0.0, 0.0, 0.0, 0.0, 0.0, 0.0, 0.0, 0.0, 0.0, 0.0, 0.0, 0.0, 0.0, 0.0, 0.0, 0.0, 0.0, 0.0, 0.0, 0.0, 0.0, 0.0, 0.0, 0.0, 0.0, 0.0, 0.0, 0.0381986393, 0.4618013607, 0.0, 0.0, 0.0, 0.0, 0.0, 0.0, 0.0, 0.2682648869, 0.2317351131, 0.0, 0.0, 0.0, 0.0, 0.0, 0.0, 0.0, 0.0, 0.0, 0.0, 0.0, 0.0, 0.0, 0.0, 0.0, 0.0, 0.0, 0.0, 0.0, 0.0, 0.0, 0.0, 0.0, 0.0], "num_sources": 2, "seg_angles": 64, "input": [-0.8574834039, -0.5494538342, -0.2503338957, 0.4348271426, 1.4272988958, -1.3504639482, -0.7806627744, -0.2110428252, 0.7791419177, 1.58702095, -1.2734546604, -0.7835258364, -0.1801151855, 0.7655760236, 1.8311525639, -1.2302326511, -0.7944534961, -0.1344266228, 0.6839477321, 1.6709771301, -1.2799553112, -0.9463795885, -0.2751816608, 0.4364230989, 1.2808002398]}