{"source": [{"position": [-22.12035389325545, -29.65956748904371], "counts": 500000.0}, {"position": [129.02799676726568, 22.64455895411699], "counts": 500000.0}], "output": [0.0, 0.0, 0.0, 0.0, 0.0, 0.0, 0.0, 0.0, 0.0, 0.2636341573, 0.2363658427, 0.0, 0.0, 0.0, 0.0, 0.0, 0.0, 0.0, 0.0, 0.0, 0.0, 0.0, 0.0, 0.0, 0.0, 0.0, 0.0, 0.0, 0.0, 0.0, 0.0, 0.0, 0.0, 0.1151908932, 0.3848091068, 0.0, 0.0, 0.0, 0.0, 0.0, 0.0, 0.0, 0.0, 0.0, 0.0, 0.0, 0.0, 0.0, 0.0, 0.0, 0.0, 0.0, 0.0, 0.0, 0.0, 0.0, 0.0, 0.0, 0.0, 0.0, 0.0, 0.0, 0.0, 0.0], "num_sources": 2, "seg_angles": 64, "input": [1.0326356351, 1.3934430038, 1.4826680735, 1.5852424091, 1.4150211145, 0.8674887437, 0.2303083024, 0.2970487911, 0.4816085254, 0.3152247486, 0.9717888421, -0.3060962311, -0.6222845454, -0.401712728, -0.3821256236, 0.6549147674, -0.6344811552, -1.0629948311, -0.9955364533, -0.9554944696, 0.2842208816, -0.8732305629, -1.5797515576, -1.6366293013, -1.5612763791]}