{"source": [{"position": [-7.848580203846054, 18.395645919178698], "counts": 500000.0}, {"position": [309.35123518775174, 47.65305119100233], "counts": 500000.0}], "output": [0.0, 0.0, 0.0, 0.0, 0.0, 0.0, 0.0, 0.0, 0.0, 0.0, 0.0, 0.0, 0.0, 0.0, 0.0, 0.0, 0.0, 0.0, 0.0, 0.0, 0.0, 0.0, 0.0, 0.0, 0.0, 0.0, 0.0, 0.0, 0.0, 0.0, 0.0, 0.0, 0.0, 0.22158952, 0.27841048, 0.0, 0.0, 0.0, 0.0, 0.0, 0.0, 0.0, 0.0, 0.0, 0.0, 0.0, 0.0, 0.0, 0.0, 0.0, 0.0, 0.0, 0.4461578504, 0.0538421496, 0.0, 0.0, 0.0, 0.0, 0.0, 0.0, 0.0, 0.0, 0.0, 0.0], "num_sources": 2, "seg_angles": 64, "input": [-0.2966618265, -1.2572828619, -1.3469569788, -1.3658966058, -1.4513104991, 0.0006554381, -0.7944610744, -0.8943097035, -0.8698114057, -1.0576397983, 0.2584666131, -0.2673891775, -0.2579047008, -0.3141323608, -0.5596615481, 0.6873609516, 0.6183788438, 0.6498771995, 0.6232178128, 0.2546799708, 1.4943237304, 1.7697883246, 1.6435400801, 1.5790222418, 1.1541073346]}