{"source": [{"position": [-165.54930062994836, -332.01570604556485], "counts": 500000.0}, {"position": [-141.81213512948383, -213.13216165097424], "counts": 500000.0}], "output": [0.0, 0.0, 0.0, 0.0, 0.0, 0.0, 0.0, 0.0, 0.0, 0.0, 0.4901044616, 0.3656031375, 0.1442924009, 0.0, 0.0, 0.0, 0.0, 0.0, 0.0, 0.0, 0.0, 0.0, 0.0, 0.0, 0.0, 0.0, 0.0, 0.0, 0.0, 0.0, 0.0, 0.0, 0.0, 0.0, 0.0, 0.0, 0.0, 0.0, 0.0, 0.0, 0.0, 0.0, 0.0, 0.0, 0.0, 0.0, 0.0, 0.0, 0.0, 0.0, 0.0, 0.0, 0.0, 0.0, 0.0, 0.0, 0.0, 0.0, 0.0, 0.0, 0.0, 0.0, 0.0, 0.0], "num_sources": 2, "seg_angles": 64, "input": [1.0939887887, 1.1632207786, 1.5674685343, 1.4514392829, 1.1406892251, 0.7896924815, 0.5259584314, 0.4364869457, 0.5973699566, 0.1131870044, 0.8315415155, -0.2804794893, -0.3739686175, -0.4112360486, -0.6743203635, 0.9423300484, -0.5239470349, -1.0056635974, -1.1672285634, -1.3014017109, 0.5978912726, -0.9055957261, -1.2688977684, -1.6522945131, -1.6862308325]}