{"source": [{"position": [-234.4860902149998, -437.07238930831915], "counts": 500000.0}, {"position": [52.21626861926605, 35.24856438893151], "counts": 500000.0}], "output": [0.0, 0.0, 0.0, 0.0, 0.0, 0.0, 0.0, 0.0, 0.0, 0.0, 0.007842451, 0.492157549, 0.0, 0.0, 0.0, 0.0, 0.0, 0.0, 0.0, 0.0, 0.0, 0.0, 0.0, 0.0, 0.0, 0.0, 0.0, 0.0, 0.0, 0.0, 0.0, 0.0, 0.0, 0.0, 0.0, 0.0, 0.0, 0.0, 0.475884701, 0.024115299, 0.0, 0.0, 0.0, 0.0, 0.0, 0.0, 0.0, 0.0, 0.0, 0.0, 0.0, 0.0, 0.0, 0.0, 0.0, 0.0, 0.0, 0.0, 0.0, 0.0, 0.0, 0.0, 0.0, 0.0], "num_sources": 2, "seg_angles": 64, "input": [-1.75280816, -1.2856984989, -0.6349302404, 0.1795071821, 1.2106572674, -1.4788064225, -1.1457725382, -0.5431515581, 0.3557608936, 1.5645302979, -1.399725504, -1.0100312289, -0.4887266961, 0.411592963, 1.4230833388, -0.6912129445, -0.4656706032, -0.2361245406, 0.2405246599, 1.2477909429, 0.7262018697, 0.7411853873, 1.0602155161, 0.7831272317, 1.1884813849]}