{"source": [{"position": [444.32799405778815, 176.22892412025365], "counts": 500000.0}, {"position": [-84.16723320066644, -130.1571237210804], "counts": 500000.0}], "output": [0.0, 0.0, 0.0, 0.0, 0.0, 0.0, 0.0, 0.0, 0.0, 0.0, 0.4234737218, 0.0765262782, 0.0, 0.0, 0.0, 0.0, 0.0, 0.0, 0.0, 0.0, 0.0, 0.0, 0.0, 0.0, 0.0, 0.0, 0.0, 0.0, 0.0, 0.0, 0.0, 0.0, 0.0, 0.0, 0.0, 0.0769584413, 0.4230415587, 0.0, 0.0, 0.0, 0.0, 0.0, 0.0, 0.0, 0.0, 0.0, 0.0, 0.0, 0.0, 0.0, 0.0, 0.0, 0.0, 0.0, 0.0, 0.0, 0.0, 0.0, 0.0, 0.0, 0.0, 0.0, 0.0, 0.0], "num_sources": 2, "seg_angles": 64, "input": [0.8706549339, 0.9163675592, 1.418258006, 1.7989173621, 1.7819420177, 0.2182579834, -0.0588281992, 0.5192914513, 0.9456566754, 0.7015745736, 0.5949053255, -0.5015946339, -0.3103663207, -0.2542781129, -0.5986674293, 0.53650404, -1.0109506565, -1.2548374008, -0.9978657663, -0.8882593134, 0.6625566197, -0.6713144325, -1.2411955151, -1.5567921034, -1.6199366639]}