{"source": [{"position": [-285.6135948895214, 265.5651980480206], "counts": 500000.0}, {"position": [-170.78901685947272, 253.90374499044856], "counts": 500000.0}], "output": [0.0, 0.0, 0.0, 0.0, 0.0, 0.0, 0.0, 0.0, 0.0, 0.0, 0.0, 0.0, 0.0, 0.0, 0.0, 0.0, 0.0, 0.0, 0.0, 0.0, 0.0, 0.0, 0.0, 0.0, 0.0, 0.0, 0.0, 0.0, 0.0, 0.0, 0.0, 0.0, 0.0, 0.0, 0.0, 0.0, 0.0, 0.0, 0.0, 0.0, 0.0, 0.0, 0.0, 0.0, 0.0, 0.0, 0.0, 0.0, 0.0, 0.0, 0.0, 0.0, 0.0, 0.0, 0.4842797963, 0.0157202037, 0.3148320407, 0.1851679593, 0.0, 0.0, 0.0, 0.0, 0.0, 0.0], "num_sources": 2, "seg_angles": 64, "input": [0.7553499376, -0.4146010227, -1.0442457556, -1.5625998542, -1.6466883973, 0.9773011256, 0.0167744649, -0.9222656182, -1.2555188412, -1.5516878126, 1.354300295, -0.0415899596, -0.4628922345, -0.5713294831, -1.0635587712, 0.9835276666, 0.3852072048, 0.4554664084, -0.0461262921, -0.3344394923, 1.3831540063, 1.1196896894, 1.351293544, 1.1224012019, 1.0130779899]}