{"source": [{"position": [-229.63694048674125, -142.01012486399992], "counts": 500000.0}, {"position": [-330.3927048897075, -61.128230431304296], "counts": 500000.0}], "output": [0.0, 0.0682529963, 0.4317470037, 0.0, 0.0, 0.1792779335, 0.3207220665, 0.0, 0.0, 0.0, 0.0, 0.0, 0.0, 0.0, 0.0, 0.0, 0.0, 0.0, 0.0, 0.0, 0.0, 0.0, 0.0, 0.0, 0.0, 0.0, 0.0, 0.0, 0.0, 0.0, 0.0, 0.0, 0.0, 0.0, 0.0, 0.0, 0.0, 0.0, 0.0, 0.0, 0.0, 0.0, 0.0, 0.0, 0.0, 0.0, 0.0, 0.0, 0.0, 0.0, 0.0, 0.0, 0.0, 0.0, 0.0, 0.0, 0.0, 0.0, 0.0, 0.0, 0.0, 0.0, 0.0, 0.0], "num_sources": 2, "seg_angles": 64, "input": [1.3628676013, 0.9353188066, 0.4868317895, 0.2579059132, 0.0128304669, 1.561609799, 0.683793914, -0.2000609759, -0.7523314737, -1.0386948753, 1.4748159119, 0.4198060627, -0.4526314159, -1.0109778566, -1.3611403569, 1.6942108113, 0.7651315181, -0.2212144541, -0.8797376965, -1.3891311481, 0.954122664, 0.2850854539, -0.7189153496, -1.202155489, -1.6673396205]}