{"source": [{"position": [-24.49388671748304, 31.62355946871111], "counts": 500000.0}, {"position": [-163.0725530313768, -60.690546610067756], "counts": 500000.0}], "output": [0.0, 0.0, 0.0, 0.1854483784, 0.3145516216, 0.0, 0.0, 0.0, 0.0, 0.0, 0.0, 0.0, 0.0, 0.0, 0.0, 0.0, 0.0, 0.0, 0.0, 0.0, 0.0, 0.0, 0.0, 0.0, 0.0, 0.0, 0.0, 0.0, 0.0, 0.0, 0.0, 0.0, 0.0, 0.0, 0.0, 0.0, 0.0, 0.0, 0.0, 0.0, 0.0, 0.0, 0.0, 0.0, 0.0, 0.0, 0.0, 0.0, 0.0, 0.0, 0.0, 0.0, 0.0, 0.0, 0.1436077624, 0.3563922376, 0.0, 0.0, 0.0, 0.0, 0.0, 0.0, 0.0, 0.0], "num_sources": 2, "seg_angles": 64, "input": [0.8559676231, -0.4085527995, -0.9817354773, -1.3720883362, -1.5550134205, 1.2590402584, -0.1075525472, -0.8983192429, -1.2027812736, -1.5356646272, 1.2766578894, 0.0049739575, -0.5069133661, -0.8470335278, -1.1006641513, 1.2429798413, 0.5427325294, 0.208376286, -0.0045336259, -0.4611903019, 1.4504632035, 1.3899289915, 1.1433611402, 1.0045534056, 0.6030075711]}