{"source": [{"position": [168.95980296886273, 305.3744995586944], "counts": 500000.0}, {"position": [-47.43202585296437, 308.37347960465684], "counts": 500000.0}], "output": [0.0, 0.0, 0.0, 0.0, 0.0, 0.0, 0.0, 0.0, 0.0, 0.0, 0.0, 0.0, 0.0, 0.0, 0.0, 0.0, 0.0, 0.0, 0.0, 0.0, 0.0, 0.0, 0.0, 0.0, 0.0, 0.0, 0.0, 0.0, 0.0, 0.0, 0.0, 0.0, 0.0, 0.0, 0.0, 0.0, 0.0, 0.0, 0.0, 0.0, 0.0, 0.0, 0.073795029, 0.426204971, 0.0, 0.0, 0.0, 0.0, 0.0, 0.2227254655, 0.2772745345, 0.0, 0.0, 0.0, 0.0, 0.0, 0.0, 0.0, 0.0, 0.0, 0.0, 0.0, 0.0, 0.0], "num_sources": 2, "seg_angles": 64, "input": [-1.2960063039, -1.5175696568, -1.4426903052, -1.1654726537, -0.6644294889, -0.9365628637, -0.8306518769, -1.111187151, -0.7195403111, -0.4396752253, -0.2989860762, -0.0244318183, -0.0763028283, -0.1421596731, -0.0276240436, 0.4731630543, 0.9429691044, 0.7509542546, 0.5556118218, 0.5341202287, 1.1700499326, 1.4286052861, 1.703031165, 1.6442541412, 1.4905312875]}