{"source": [{"position": [-168.82886629876018, -337.08428308699786], "counts": 500000.0}, {"position": [-322.30831386616615, -94.93866869062859], "counts": 500000.0}], "output": [0.0, 0.0, 0.0410855117, 0.4589144883, 0.0, 0.0, 0.0, 0.0, 0.0, 0.0, 0.0, 0.3648023697, 0.1351976303, 0.0, 0.0, 0.0, 0.0, 0.0, 0.0, 0.0, 0.0, 0.0, 0.0, 0.0, 0.0, 0.0, 0.0, 0.0, 0.0, 0.0, 0.0, 0.0, 0.0, 0.0, 0.0, 0.0, 0.0, 0.0, 0.0, 0.0, 0.0, 0.0, 0.0, 0.0, 0.0, 0.0, 0.0, 0.0, 0.0, 0.0, 0.0, 0.0, 0.0, 0.0, 0.0, 0.0, 0.0, 0.0, 0.0, 0.0, 0.0, 0.0, 0.0, 0.0], "num_sources": 2, "seg_angles": 64, "input": [1.3631747782, 1.139911567, 0.9395562404, 1.1332483285, 0.5038377635, 1.3712239334, 0.6349927162, 0.2075428808, -0.1251010053, -0.7256254025, 1.2819758831, 0.2075799063, -0.344066643, -0.5763590032, -1.1471662506, 1.2956794963, -0.1393340318, -0.7070049519, -0.8553920874, -1.6134417163, 0.9478926309, -0.4950934379, -1.0307167113, -1.5263453871, -1.7409694965]}