{"source": [{"position": [405.36257427088356, -97.82731408191924], "counts": 500000.0}, {"position": [42.993393927431754, -79.0668582820936], "counts": 500000.0}], "output": [0.0, 0.0, 0.0, 0.0, 0.0, 0.0, 0.0, 0.0, 0.0, 0.0, 0.0, 0.0, 0.0, 0.0, 0.0, 0.0, 0.0, 0.0, 0.0, 0.0, 0.0, 0.4635041522, 0.0364958478, 0.0, 0.0, 0.0, 0.0, 0.0, 0.0, 0.2060373426, 0.2939626574, 0.0, 0.0, 0.0, 0.0, 0.0, 0.0, 0.0, 0.0, 0.0, 0.0, 0.0, 0.0, 0.0, 0.0, 0.0, 0.0, 0.0, 0.0, 0.0, 0.0, 0.0, 0.0, 0.0, 0.0, 0.0, 0.0, 0.0, 0.0, 0.0, 0.0, 0.0, 0.0, 0.0], "num_sources": 2, "seg_angles": 64, "input": [0.9948727287, 1.3833652741, 1.283644519, 1.4333511366, 1.158544969, -0.2695607734, 0.0808538173, 0.4664713929, 0.6503316946, 1.1189995722, -0.8169719881, -0.4568520435, -0.2146872221, -0.1359392455, 0.8915081867, -1.454731316, -1.0206841976, -0.7857971371, -0.2951478953, 0.9410865461, -1.7015902921, -1.694376618, -1.3744743193, -0.7709197143, 0.5887029251]}