{"source": [{"position": [160.0480811542513, 408.78553266822223], "counts": 500000.0}, {"position": [-148.15799502025783, -115.72903054798851], "counts": 500000.0}], "output": [0.0, 0.0, 0.0, 0.0, 0.0, 0.0, 0.1227491055, 0.3772508945, 0.0, 0.0, 0.0, 0.0, 0.0, 0.0, 0.0, 0.0, 0.0, 0.0, 0.0, 0.0, 0.0, 0.0, 0.0, 0.0, 0.0, 0.0, 0.0, 0.0, 0.0, 0.0, 0.0, 0.0, 0.0, 0.0, 0.0, 0.0, 0.0, 0.0, 0.0, 0.0, 0.0, 0.0, 0.0, 0.0, 0.4005672559, 0.0994327441, 0.0, 0.0, 0.0, 0.0, 0.0, 0.0, 0.0, 0.0, 0.0, 0.0, 0.0, 0.0, 0.0, 0.0, 0.0, 0.0, 0.0, 0.0], "num_sources": 2, "seg_angles": 64, "input": [0.6405761308, 0.3766869322, 0.477464564, 0.1955744512, 0.6904360268, 0.8936719926, -0.1356211678, -0.3588582234, -0.6664421318, -0.5499360795, 1.2839646716, 0.1695789012, -0.3177847216, -0.9165690763, -1.2573041059, 1.8009945607, 0.8035449602, -0.6409727975, -0.9871321358, -1.6356153459, 2.2056294488, 0.9025175818, -0.3859134581, -0.7089950462, -1.879495932]}