{"source": [{"position": [-119.42133280901618, 479.34804189661423], "counts": 500000.0}, {"position": [-330.32013506769334, 92.39917948153459], "counts": 500000.0}], "output": [0.0, 0.0, 0.0, 0.0, 0.0, 0.0, 0.0, 0.0, 0.0, 0.0, 0.0, 0.0, 0.0, 0.0, 0.0, 0.0, 0.0, 0.0, 0.0, 0.0, 0.0, 0.0, 0.0, 0.0, 0.0, 0.0, 0.0, 0.0, 0.0, 0.0, 0.0, 0.0, 0.0, 0.0, 0.0, 0.0, 0.0, 0.0, 0.0, 0.0, 0.0, 0.0, 0.0, 0.0, 0.0, 0.0, 0.0, 0.0, 0.0, 0.0, 0.2564914443, 0.2435085557, 0.0, 0.0, 0.0, 0.0, 0.0, 0.0, 0.0, 0.0, 0.0, 0.3891285019, 0.1108714981, 0.0], "num_sources": 2, "seg_angles": 64, "input": [0.7484206426, -0.6142980901, -1.0938660255, -1.4040651932, -1.8103610744, 1.0283236854, -0.0105994588, -0.549760975, -0.667484948, -1.4711164728, 1.2014126289, 0.2948325923, -0.1355680651, -0.4765471064, -1.329116281, 1.5293320338, 0.7280756464, 0.1864242396, -0.2179813042, -1.0206163171, 1.7631495666, 1.1066839614, 1.0472348661, 0.5643949886, 0.6030964598]}