{"source": [{"position": [-371.64940459041526, 16.146828406529128], "counts": 500000.0}, {"position": [-314.91755771900756, -80.32391823296209], "counts": 500000.0}], "output": [0.278868371, 0.0, 0.2280925926, 0.2719074074, 0.0, 0.0, 0.0, 0.0, 0.0, 0.0, 0.0, 0.0, 0.0, 0.0, 0.0, 0.0, 0.0, 0.0, 0.0, 0.0, 0.0, 0.0, 0.0, 0.0, 0.0, 0.0, 0.0, 0.0, 0.0, 0.0, 0.0, 0.0, 0.0, 0.0, 0.0, 0.0, 0.0, 0.0, 0.0, 0.0, 0.0, 0.0, 0.0, 0.0, 0.0, 0.0, 0.0, 0.0, 0.0, 0.0, 0.0, 0.0, 0.0, 0.0, 0.0, 0.0, 0.0, 0.0, 0.0, 0.0, 0.0, 0.0, 0.0, 0.221131629], "num_sources": 2, "seg_angles": 64, "input": [1.1417387686, 0.6724408139, -0.3006598077, -0.3789058798, -0.7515224332, 1.5891169042, 0.9762959224, -0.2890710973, -0.685921575, -1.4174541629, 1.7951819376, 0.7990678119, -0.080657282, -0.728713878, -1.2571389263, 1.7219610169, 0.5500952798, -0.1755310895, -1.0063573404, -1.0717223996, 1.2704696582, 0.3710403258, -0.2873411903, -0.9899848099, -1.4664265674]}