{"source": [{"position": [170.63456615793822, 260.0093168178637], "counts": 500000.0}, {"position": [156.80456992624107, -7.831146164296539], "counts": 500000.0}], "output": [0.0, 0.0, 0.0, 0.0, 0.0, 0.0, 0.0, 0.0, 0.0, 0.0, 0.0, 0.0, 0.0, 0.0, 0.0, 0.0, 0.0, 0.0, 0.0, 0.0, 0.0, 0.0, 0.0, 0.0, 0.0, 0.0, 0.0, 0.0, 0.0, 0.0, 0.0, 0.2541417639, 0.2458582361, 0.0, 0.0, 0.0, 0.0, 0.0, 0.0, 0.0, 0.0, 0.0, 0.4578150828, 0.0421849172, 0.0, 0.0, 0.0, 0.0, 0.0, 0.0, 0.0, 0.0, 0.0, 0.0, 0.0, 0.0, 0.0, 0.0, 0.0, 0.0, 0.0, 0.0, 0.0, 0.0], "num_sources": 2, "seg_angles": 64, "input": [-1.5204541555, -1.2547377022, -0.9100844257, -0.0492357495, 1.1743307416, -1.439881035, -0.9363775104, -0.3940489923, 0.371636639, 1.628056218, -1.093723748, -0.6685201526, -0.1379520216, 0.5670245509, 1.8953939944, -0.9296532998, -0.2697307475, 0.1634552916, 0.6251820256, 1.708656299, -0.6244383398, -0.3841817056, 0.2343271307, 0.9684334703, 1.2765232242]}