{"source": [{"position": [-6.179419528392886, -49.61667838834151], "counts": 500000.0}, {"position": [434.1446943406153, 148.99457834395778], "counts": 500000.0}], "output": [0.0, 0.0, 0.0, 0.0, 0.0, 0.0, 0.0, 0.0, 0.0, 0.0, 0.0, 0.0, 0.0, 0.0, 0.1310439488, 0.3689560512, 0.0, 0.0, 0.0, 0.0, 0.0, 0.0, 0.0, 0.0, 0.0, 0.0, 0.0, 0.0, 0.0, 0.0, 0.0, 0.0, 0.0, 0.0, 0.0, 0.3162877924, 0.1837122076, 0.0, 0.0, 0.0, 0.0, 0.0, 0.0, 0.0, 0.0, 0.0, 0.0, 0.0, 0.0, 0.0, 0.0, 0.0, 0.0, 0.0, 0.0, 0.0, 0.0, 0.0, 0.0, 0.0, 0.0, 0.0, 0.0, 0.0], "num_sources": 2, "seg_angles": 64, "input": [1.1578502281, 1.6148693592, 1.7132069842, 1.7631908324, 1.5062157254, 0.2345780299, 0.7271518984, 0.7402833173, 0.87843489, 0.5733974297, -0.4731201953, -0.1709254486, -0.0977463772, -0.1132052645, -0.2770991876, -0.932638209, -0.7577079354, -0.6496656916, -0.5990586762, -0.8286226502, -1.1003535926, -1.2600936252, -1.271853335, -1.1607420035, -1.2163465025]}