{"source": [{"position": [-363.88029249290935, -105.98175661534759], "counts": 500000.0}, {"position": [-127.14190898987107, 21.81593404856505], "counts": 500000.0}], "output": [0.0, 0.0, 0.0565834659, 0.4434165341, 0.0, 0.0, 0.0, 0.0, 0.0, 0.0, 0.0, 0.0, 0.0, 0.0, 0.0, 0.0, 0.0, 0.0, 0.0, 0.0, 0.0, 0.0, 0.0, 0.0, 0.0, 0.0, 0.0, 0.0, 0.0, 0.0, 0.0, 0.0, 0.0, 0.0, 0.0, 0.0, 0.0, 0.0, 0.0, 0.0, 0.0, 0.0, 0.0, 0.0, 0.0, 0.0, 0.0, 0.0, 0.0, 0.0, 0.0, 0.0, 0.0, 0.0, 0.0, 0.0, 0.0, 0.0, 0.0, 0.0, 0.0, 0.0, 0.3654588373, 0.1345411627], "num_sources": 2, "seg_angles": 64, "input": [1.3841082287, 0.5553853025, -0.0988677092, -0.5624540925, -1.2241026089, 1.5398056239, 1.0124133621, -0.2194987373, -0.8790567062, -1.3601869176, 1.6508412327, 0.7532193165, -0.1136183668, -0.8181867937, -1.440870151, 1.5608479263, 0.7764357752, -0.1863123485, -0.748647836, -1.3758195892, 1.2446745467, 0.4851695106, -0.2499286149, -0.7035229432, -0.9818274102]}