{"source": [{"position": [328.7823627324498, 182.42301926036575], "counts": 500000.0}, {"position": [-88.52201847060331, -123.56315084154406], "counts": 500000.0}], "output": [0.0, 0.0, 0.0, 0.0, 0.0, 0.0, 0.0, 0.0, 0.0, 0.1660652187, 0.3339347813, 0.0, 0.0, 0.0, 0.0, 0.0, 0.0, 0.0, 0.0, 0.0, 0.0, 0.0, 0.0, 0.0, 0.0, 0.0, 0.0, 0.0, 0.0, 0.0, 0.0, 0.0, 0.0, 0.0, 0.0, 0.0, 0.0, 0.4201374243, 0.0798625757, 0.0, 0.0, 0.0, 0.0, 0.0, 0.0, 0.0, 0.0, 0.0, 0.0, 0.0, 0.0, 0.0, 0.0, 0.0, 0.0, 0.0, 0.0, 0.0, 0.0, 0.0, 0.0, 0.0, 0.0, 0.0], "num_sources": 2, "seg_angles": 64, "input": [0.5670976831, 0.9878155913, 1.5313120894, 1.3882835173, 1.9415759629, 0.5084446914, -0.1426777054, 0.5250454195, 0.5360840752, 0.7564168665, 0.3129308714, -0.4472855929, -0.9998917589, -0.6732846805, -0.3878806331, 0.9866428514, -0.5039062292, -1.3802632068, -1.2891625616, -0.8552273106, 1.0081977018, -0.2263920825, -1.5166475421, -1.3083838176, -1.3188441999]}