{"source": [{"position": [299.4228175677551, -173.38389867512737], "counts": 500000.0}, {"position": [429.2203427497252, 186.53122357881094], "counts": 500000.0}], "output": [0.0, 0.0, 0.0, 0.0, 0.0, 0.0, 0.0, 0.0, 0.0, 0.0, 0.0, 0.0, 0.0, 0.0, 0.0, 0.0, 0.0, 0.0, 0.0, 0.0, 0.0, 0.0, 0.0, 0.0, 0.0, 0.0, 0.1731940756, 0.3268059244, 0.0, 0.0, 0.0, 0.0, 0.0, 0.0, 0.0, 0.0, 0.4121000402, 0.0878999598, 0.0, 0.0, 0.0, 0.0, 0.0, 0.0, 0.0, 0.0, 0.0, 0.0, 0.0, 0.0, 0.0, 0.0, 0.0, 0.0, 0.0, 0.0, 0.0, 0.0, 0.0, 0.0, 0.0, 0.0, 0.0, 0.0], "num_sources": 2, "seg_angles": 64, "input": [-0.4158903975, -0.0645354026, 0.3776746062, 0.8784724191, 1.3515063871, -1.3206855423, -0.7382631001, -0.1368549611, 0.4416670307, 1.7426419762, -1.6432341624, -1.1661973113, -0.1131798104, 0.547816626, 1.5589984003, -1.6129010384, -1.1012276131, -0.5337648772, 0.4970703157, 1.5307268056, -1.1821888534, -0.2928213441, -0.1710435039, 0.3893177283, 1.1768956224]}