{"source": [{"position": [-301.1983957769804, 278.17175698005985], "counts": 500000.0}, {"position": [-457.61223877728605, -88.01726490433656], "counts": 500000.0}], "output": [0.0, 0.0322375606, 0.4677624394, 0.0, 0.0, 0.0, 0.0, 0.0, 0.0, 0.0, 0.0, 0.0, 0.0, 0.0, 0.0, 0.0, 0.0, 0.0, 0.0, 0.0, 0.0, 0.0, 0.0, 0.0, 0.0, 0.0, 0.0, 0.0, 0.0, 0.0, 0.0, 0.0, 0.0, 0.0, 0.0, 0.0, 0.0, 0.0, 0.0, 0.0, 0.0, 0.0, 0.0, 0.0, 0.0, 0.0, 0.0, 0.0, 0.0, 0.0, 0.0, 0.0, 0.0, 0.0, 0.0, 0.0, 0.2976906171, 0.2023093829, 0.0, 0.0, 0.0, 0.0, 0.0, 0.0], "num_sources": 2, "seg_angles": 64, "input": [1.6880317405, 0.2342092881, -0.3029674879, -0.9655248324, -1.370840186, 1.283245829, 0.3434287497, -0.3380988592, -1.1517091447, -1.7578267696, 1.5970423861, 0.6343353598, -0.6504470867, -0.945644923, -1.1863016531, 1.4479488116, 0.803755422, -0.0489321142, -0.6181724863, -1.0117840014, 1.3621767065, 1.0826288996, 0.0487756637, 0.0185942588, -0.195923571]}