{"source": [{"position": [381.89915212114755, -56.11628648751222], "counts": 500000.0}, {"position": [-176.60176212487315, -22.266962397006555], "counts": 500000.0}], "output": [0.0, 0.3612214274, 0.1387785726, 0.0, 0.0, 0.0, 0.0, 0.0, 0.0, 0.0, 0.0, 0.0, 0.0, 0.0, 0.0, 0.0, 0.0, 0.0, 0.0, 0.0, 0.0, 0.0, 0.0, 0.0, 0.0, 0.0, 0.0, 0.0, 0.0, 0.0, 0.2430422865, 0.2569577135, 0.0, 0.0, 0.0, 0.0, 0.0, 0.0, 0.0, 0.0, 0.0, 0.0, 0.0, 0.0, 0.0, 0.0, 0.0, 0.0, 0.0, 0.0, 0.0, 0.0, 0.0, 0.0, 0.0, 0.0, 0.0, 0.0, 0.0, 0.0, 0.0, 0.0, 0.0, 0.0], "num_sources": 2, "seg_angles": 64, "input": [1.8300608116, -0.0470205399, -0.102371742, -0.8042210819, -0.7006233178, 1.7650143592, 0.9757011964, -0.1531252517, -1.1593395126, -0.8182480304, 1.6994073543, 0.3937953018, 0.3263472953, -0.0312224016, -0.7689358381, 1.7269692986, 0.9501083348, -0.3052855123, -0.499509896, -0.9437687174, 0.5702386047, -0.188458591, -0.6369673949, -1.6632799305, -1.4152647986]}