{"source": [{"position": [29.65276153340191, -371.81946389806325], "counts": 500000.0}, {"position": [-39.016452208927035, 180.83892406511524], "counts": 500000.0}], "output": [0.0, 0.0, 0.0, 0.0, 0.0, 0.0, 0.0, 0.0, 0.0, 0.0, 0.0, 0.0, 0.0, 0.0, 0.0, 0.0, 0.0946922211, 0.4053077789, 0.0, 0.0, 0.0, 0.0, 0.0, 0.0, 0.0, 0.0, 0.0, 0.0, 0.0, 0.0, 0.0, 0.0, 0.0, 0.0, 0.0, 0.0, 0.0, 0.0, 0.0, 0.0, 0.0, 0.0, 0.0, 0.0, 0.0, 0.0, 0.0, 0.0, 0.0, 0.0, 0.4177702572, 0.0822297428, 0.0, 0.0, 0.0, 0.0, 0.0, 0.0, 0.0, 0.0, 0.0, 0.0, 0.0, 0.0], "num_sources": 2, "seg_angles": 64, "input": [0.2932832391, -0.8227843748, -0.7699757818, -1.1086038272, -1.736906186, 0.1085383404, -1.2025117905, -0.721805526, -1.01039181, -1.0997543602, -0.2758520613, -0.4587442999, -0.1552261622, -0.4359103578, -0.6392993251, 0.0100439802, 0.3036028509, 0.8028405342, 0.9205506331, 0.2573573132, 1.0492699529, 1.3890554465, 2.1514118102, 1.5351204708, 1.6166912913]}