{"source": [{"position": [-151.42586215736574, -210.12188907845484], "counts": 500000.0}, {"position": [35.30802237613861, 59.281899057689564], "counts": 500000.0}], "output": [0.0, 0.0, 0.0, 0.0, 0.0, 0.0, 0.0, 0.0, 0.0, 0.1803271375, 0.3196728625, 0.0, 0.0, 0.0, 0.0, 0.0, 0.0, 0.0, 0.0, 0.0, 0.0, 0.0, 0.0, 0.0, 0.0, 0.0, 0.0, 0.0, 0.0, 0.0, 0.0, 0.0, 0.0, 0.0, 0.0, 0.0, 0.0, 0.0, 0.0, 0.0, 0.0, 0.0, 0.2358071596, 0.2641928404, 0.0, 0.0, 0.0, 0.0, 0.0, 0.0, 0.0, 0.0, 0.0, 0.0, 0.0, 0.0, 0.0, 0.0, 0.0, 0.0, 0.0, 0.0, 0.0, 0.0], "num_sources": 2, "seg_angles": 64, "input": [-1.6031948768, -1.5559299041, -1.1922226937, -0.5302419254, 0.7718461036, -1.2340180998, -1.2736270941, -0.9777374098, -0.5643391633, 1.1646548239, -0.6999969635, -0.5791166386, -0.3904728246, -0.3856948203, 0.6094776441, 0.2393450679, 0.399433457, 0.177454825, 0.1740214939, 0.6151066314, 1.2789138123, 1.7819743333, 1.4492123293, 1.4500575647, 0.8750943277]}