{"source": [{"position": [38.25386475825576, -393.1432840976138], "counts": 500000.0}, {"position": [71.69057099251269, 30.732100981994318], "counts": 500000.0}], "output": [0.0, 0.0, 0.0, 0.0, 0.0, 0.0, 0.0, 0.0, 0.0, 0.0, 0.0, 0.0, 0.0, 0.0, 0.0, 0.0, 0.005997037, 0.494002963, 0.0, 0.0, 0.0, 0.0, 0.0, 0.0, 0.0, 0.0, 0.0, 0.0, 0.0, 0.0, 0.0, 0.0, 0.0, 0.0, 0.0, 0.0, 0.4374487188, 0.0625512812, 0.0, 0.0, 0.0, 0.0, 0.0, 0.0, 0.0, 0.0, 0.0, 0.0, 0.0, 0.0, 0.0, 0.0, 0.0, 0.0, 0.0, 0.0, 0.0, 0.0, 0.0, 0.0, 0.0, 0.0, 0.0, 0.0], "num_sources": 2, "seg_angles": 64, "input": [-1.3737725534, -0.8750344643, -0.316989251, 0.5270396889, 1.5592673302, -1.4330619629, -0.9626295877, -0.1616992224, 0.6166859996, 1.6930894944, -1.5076480458, -1.016742225, -0.3569868512, 0.6190887288, 1.6020728392, -1.4453207557, -0.9167183597, -0.3594774709, 0.4318272558, 1.3834416363, -0.1462311929, 0.3779689402, 0.3849891032, 0.7317304325, 0.9451104936]}