{"source": [{"position": [3.432503727504227, 60.90334898969572], "counts": 500000.0}, {"position": [-26.111671299992775, -417.1836293791034], "counts": 500000.0}], "output": [0.0, 0.0, 0.0, 0.0, 0.0, 0.0, 0.0, 0.0, 0.0, 0.0, 0.0, 0.0, 0.0, 0.0, 0.0, 0.318354768, 0.181645232, 0.0, 0.0, 0.0, 0.0, 0.0, 0.0, 0.0, 0.0, 0.0, 0.0, 0.0, 0.0, 0.0, 0.0, 0.0, 0.0, 0.0, 0.0, 0.0, 0.0, 0.0, 0.0, 0.0, 0.0, 0.0, 0.0, 0.0, 0.0, 0.0, 0.0, 0.2867350271, 0.2132649729, 0.0, 0.0, 0.0, 0.0, 0.0, 0.0, 0.0, 0.0, 0.0, 0.0, 0.0, 0.0, 0.0, 0.0, 0.0], "num_sources": 2, "seg_angles": 64, "input": [-1.2193152248, -0.9895834807, -0.9321543384, -1.148522424, -1.2888453203, -0.955670664, -0.6729238292, -0.5927011262, -0.5551656391, -0.9416801736, -0.3901703288, -0.1403598063, -0.0126901172, -0.188844344, -0.6017814335, 0.1610354154, 0.6499508079, 0.8937136235, 0.8535527184, 0.1432445886, 1.179133709, 1.9162794839, 1.9050425886, 1.800978086, 1.1274772287]}