{"source": [{"position": [428.420966660206, 75.36892811984687], "counts": 500000.0}, {"position": [-11.597715745993527, -206.67484846849445], "counts": 500000.0}], "output": [0.0, 0.0, 0.0, 0.0, 0.0, 0.0, 0.0, 0.0, 0.0, 0.0, 0.0, 0.0, 0.0, 0.0, 0.0, 0.2854957857, 0.2145042143, 0.0, 0.0, 0.0, 0.0, 0.0, 0.0, 0.0, 0.0, 0.0, 0.0, 0.0, 0.0, 0.0, 0.0, 0.0, 0.0, 0.1131086675, 0.3868913325, 0.0, 0.0, 0.0, 0.0, 0.0, 0.0, 0.0, 0.0, 0.0, 0.0, 0.0, 0.0, 0.0, 0.0, 0.0, 0.0, 0.0, 0.0, 0.0, 0.0, 0.0, 0.0, 0.0, 0.0, 0.0, 0.0, 0.0, 0.0, 0.0], "num_sources": 2, "seg_angles": 64, "input": [0.7462325953, 0.9286339418, 1.4129099838, 1.6929019605, 1.8641953346, -0.2172314231, 0.3084784691, 0.8374655639, 1.4230968481, 1.0865338358, -0.8682265171, -0.608731896, 0.0532324622, 0.234459366, 0.1906402634, -1.33607489, -0.8857099407, -0.8071271406, -0.3129953877, -0.0812634347, -1.3476395644, -1.3795515407, -1.1613968115, -0.9576047653, -0.8152273126]}