{"source": [{"position": [139.94604686744594, 177.457329987168], "counts": 500000.0}, {"position": [-406.76586173144995, 116.06262848079479], "counts": 500000.0}], "output": [0.0, 0.0, 0.0, 0.0, 0.0, 0.0, 0.0, 0.0, 0.0, 0.0, 0.0, 0.0, 0.0, 0.0, 0.0, 0.0, 0.0, 0.0, 0.0, 0.0, 0.0, 0.0, 0.0, 0.0, 0.0, 0.0, 0.0, 0.0, 0.0, 0.0, 0.0, 0.0, 0.0, 0.0, 0.0, 0.0, 0.0, 0.0, 0.0, 0.0, 0.0, 0.4008842989, 0.0991157011, 0.0, 0.0, 0.0, 0.0, 0.0, 0.0, 0.0, 0.0, 0.0, 0.0, 0.0, 0.0, 0.0, 0.0, 0.0, 0.0, 0.0, 0.0, 0.4155603484, 0.0844396516, 0.0], "num_sources": 2, "seg_angles": 64, "input": [-1.5450329911, -1.5219153903, -1.512612102, -1.2519279187, -0.21870623, -0.5437980786, -0.8792423398, -1.2392606521, -0.4937595918, 0.5623102962, -0.0830014527, -0.359266412, -0.6009131173, -0.2787037886, 0.3019306247, 0.8231494816, 0.4689189685, 0.5224857547, 0.0044525878, 0.4443056652, 1.276734663, 1.6890231525, 1.678509227, 1.5975747393, 1.1587449043]}