{"source": [{"position": [-29.742941411855583, 492.10197869564695], "counts": 500000.0}, {"position": [-152.3703470515503, -170.9510963386609], "counts": 500000.0}], "output": [0.0, 0.0, 0.0, 0.0, 0.0, 0.0, 0.0, 0.0, 0.2076376761, 0.2923623239, 0.0, 0.0, 0.0, 0.0, 0.0, 0.0, 0.0, 0.0, 0.0, 0.0, 0.0, 0.0, 0.0, 0.0, 0.0, 0.0, 0.0, 0.0, 0.0, 0.0, 0.0, 0.0, 0.0, 0.0, 0.0, 0.0, 0.0, 0.0, 0.0, 0.0, 0.0, 0.0, 0.0, 0.0, 0.0, 0.0, 0.0, 0.0, 0.1925525368, 0.3074474632, 0.0, 0.0, 0.0, 0.0, 0.0, 0.0, 0.0, 0.0, 0.0, 0.0, 0.0, 0.0, 0.0, 0.0], "num_sources": 2, "seg_angles": 64, "input": [1.0614270546, 0.6685781409, 0.6542461854, 0.9676013956, 0.3234868755, 0.9702684604, -0.3361282972, -0.1824962548, -0.7325658655, -0.8559589092, 1.7904572662, 0.0487427514, -0.4818537205, -0.9894383823, -1.6636010376, 1.176740002, 0.5434281128, -0.2997036929, -1.2298050417, -1.4723056868, 1.9110770281, 0.7384814616, -0.401994133, -0.8168587986, -1.3918249145]}