{"source": [{"position": [95.58545044812259, -357.44009520845526], "counts": 500000.0}, {"position": [-421.19940565934706, 206.28150831379125], "counts": 500000.0}], "output": [0.0, 0.0, 0.0, 0.0, 0.0, 0.0, 0.0, 0.0, 0.0, 0.0, 0.0, 0.0, 0.0, 0.0, 0.0, 0.0, 0.0, 0.0, 0.1691973015, 0.3308026985, 0.0, 0.0, 0.0, 0.0, 0.0, 0.0, 0.0, 0.0, 0.0, 0.0, 0.0, 0.0, 0.0, 0.0, 0.0, 0.0, 0.0, 0.0, 0.0, 0.0, 0.0, 0.0, 0.0, 0.0, 0.0, 0.0, 0.0, 0.0, 0.0, 0.0, 0.0, 0.0, 0.0, 0.0, 0.0, 0.0, 0.0, 0.0, 0.0, 0.3193958597, 0.1806041403, 0.0, 0.0, 0.0], "num_sources": 2, "seg_angles": 64, "input": [2.2697020246, 1.8526164937, 1.3746962725, 0.6596560792, 0.0893828604, 1.3576875764, 1.1263113328, 0.5479266954, 0.1920276346, -1.1139477834, 0.2724321595, 0.1178876659, -0.2532375624, -1.450005891, -0.995437042, -0.0238875585, -0.3617286921, -1.3923318628, -1.226181097, -0.8612116748, -0.3814948412, -0.7491074693, -0.8182229581, -0.5799837882, 0.3464514258]}