{"source": [{"position": [-84.81534200754544, -5.599800009205549], "counts": 500000.0}, {"position": [-35.267446471409166, 239.4163887861194], "counts": 500000.0}], "output": [0.1642327339, 0.3357672661, 0.0, 0.0, 0.0, 0.0, 0.0, 0.0, 0.0, 0.0, 0.0, 0.0, 0.0, 0.0, 0.0, 0.0, 0.0, 0.0, 0.0, 0.0, 0.0, 0.0, 0.0, 0.0, 0.0, 0.0, 0.0, 0.0, 0.0, 0.0, 0.0, 0.0, 0.0, 0.0, 0.0, 0.0, 0.0, 0.0, 0.0, 0.0, 0.0, 0.0, 0.0, 0.0, 0.0, 0.0, 0.0, 0.0, 0.0, 0.2551340121, 0.2448659879, 0.0, 0.0, 0.0, 0.0, 0.0, 0.0, 0.0, 0.0, 0.0, 0.0, 0.0, 0.0, 0.0], "num_sources": 2, "seg_angles": 64, "input": [0.8978222091, -0.0775350628, -0.8161490022, -1.2081340065, -1.5617946905, 1.498489216, 0.4565597817, -0.3509696027, -0.987693569, -1.4556084318, 1.3677481849, 0.6668177798, 0.136656721, -0.5469302233, -1.2546570317, 1.7176450568, 0.949961403, 0.4608904938, -0.4101762415, -1.0154484859, 1.626620485, 1.0105965688, 0.076554614, -0.3572412896, -0.8240248763]}