{"source": [{"position": [-88.42411420242973, -82.59646498195711], "counts": 500000.0}, {"position": [205.45928539763702, 14.915831987936322], "counts": 500000.0}], "output": [0.0, 0.0, 0.0, 0.0, 0.0, 0.0, 0.0, 0.1734790878, 0.3265209122, 0.0, 0.0, 0.0, 0.0, 0.0, 0.0, 0.0, 0.0, 0.0, 0.0, 0.0, 0.0, 0.0, 0.0, 0.0, 0.0, 0.0, 0.0, 0.0, 0.0, 0.0, 0.0, 0.0, 0.1309114368, 0.3690885632, 0.0, 0.0, 0.0, 0.0, 0.0, 0.0, 0.0, 0.0, 0.0, 0.0, 0.0, 0.0, 0.0, 0.0, 0.0, 0.0, 0.0, 0.0, 0.0, 0.0, 0.0, 0.0, 0.0, 0.0, 0.0, 0.0, 0.0, 0.0, 0.0, 0.0], "num_sources": 2, "seg_angles": 64, "input": [0.6697742871, 0.9262739936, 1.4988456859, 1.4794510941, 2.1944283256, 0.5953614333, -0.1191579802, -0.0915319597, 0.80250267, 0.8922819322, 0.5224836339, -0.0391591501, -0.7846136769, -0.6267356085, 0.0921831493, 0.55106135, -0.527625526, -1.0524707883, -1.0747738012, -0.7843673992, 0.3602754301, -1.0403989084, -1.6085160764, -1.5821536829, -1.2534184272]}