{"source": [{"position": [-313.8455149130959, 344.4662432937859], "counts": 500000.0}, {"position": [46.90734651386009, -14.16689249725068], "counts": 500000.0}], "output": [0.0, 0.0, 0.0, 0.0, 0.0, 0.0, 0.0, 0.0, 0.0, 0.0, 0.0, 0.0, 0.0, 0.0, 0.0, 0.0, 0.0, 0.0, 0.0, 0.0, 0.0, 0.0, 0.0, 0.0, 0.0, 0.0, 0.0, 0.0, 0.0, 0.4938039387, 0.0061960613, 0.0, 0.0, 0.0, 0.0, 0.0, 0.0, 0.0, 0.0, 0.0, 0.0, 0.0, 0.0, 0.0, 0.0, 0.0, 0.0, 0.0, 0.0, 0.0, 0.0, 0.0, 0.0, 0.0, 0.0, 0.2367233519, 0.2632766481, 0.0, 0.0, 0.0, 0.0, 0.0, 0.0, 0.0], "num_sources": 2, "seg_angles": 64, "input": [-0.348138478, -0.1194606555, -0.015468127, 0.5369911205, 1.3451189668, -1.1244631657, -0.8210394177, -0.403270048, 0.6563736509, 1.4383661078, -1.358782584, -0.8396250115, -0.2459234781, 0.8549347033, 1.6398324692, -1.3824456354, -0.9737071703, -0.1454928738, 0.7260504541, 1.7682771526, -1.4658573179, -1.003585453, -0.4699848028, 0.2885834502, 1.4627161433]}