{"source": [{"position": [-161.93524117727029, -431.62249439163764], "counts": 500000.0}, {"position": [-30.989763549605428, 31.235149353565557], "counts": 500000.0}], "output": [0.0, 0.0, 0.0, 0.0, 0.0, 0.0, 0.0, 0.0, 0.0, 0.0, 0.0, 0.0, 0.3279985154, 0.1720014846, 0.0, 0.0, 0.0, 0.0, 0.0, 0.0, 0.0, 0.0, 0.0, 0.0, 0.0, 0.0, 0.0, 0.0, 0.0, 0.0, 0.0, 0.0, 0.0, 0.0, 0.0, 0.0, 0.0, 0.0, 0.0, 0.0, 0.0, 0.0, 0.0, 0.0, 0.0, 0.0, 0.0, 0.0, 0.0, 0.0, 0.0, 0.0, 0.0, 0.0, 0.0, 0.0200841287, 0.4799158713, 0.0, 0.0, 0.0, 0.0, 0.0, 0.0, 0.0], "num_sources": 2, "seg_angles": 64, "input": [0.8483335016, -0.3373967187, -0.958600802, -1.3783620824, -1.7854523926, 1.2087236513, 0.1381055883, -0.7237145368, -1.1837987579, -1.4777256459, 1.2421246343, 0.0573219607, -0.5771314022, -0.8186865565, -1.1943164428, 1.3365266572, 0.3789943773, 0.1620015855, 0.0451587807, -0.4681079051, 1.3420923154, 1.1732164411, 1.2734084999, 1.1470715135, 0.5502137361]}