{"source": [{"position": [330.1360601565684, 318.89054828310395], "counts": 500000.0}, {"position": [39.41003269310749, 57.85196040868623], "counts": 500000.0}], "output": [0.0, 0.0, 0.0, 0.0, 0.0, 0.0, 0.0, 0.0, 0.0, 0.0, 0.0, 0.0, 0.0, 0.0, 0.0, 0.0, 0.0, 0.0, 0.0, 0.0, 0.0, 0.0, 0.0, 0.0, 0.0, 0.0, 0.0, 0.0, 0.0, 0.0, 0.0, 0.0, 0.0, 0.0, 0.0, 0.0, 0.0, 0.0, 0.0, 0.0882355061, 0.4117644939, 0.0456493396, 0.4543506604, 0.0, 0.0, 0.0, 0.0, 0.0, 0.0, 0.0, 0.0, 0.0, 0.0, 0.0, 0.0, 0.0, 0.0, 0.0, 0.0, 0.0, 0.0, 0.0, 0.0, 0.0], "num_sources": 2, "seg_angles": 64, "input": [-1.7365976881, -1.5118361252, -1.3139761419, -0.5600192343, 0.5947411384, -1.4345690213, -1.1294343491, -0.9247970377, -0.2879929213, 0.8153729358, -0.945755226, -0.5850411074, -0.4289239051, 0.026760948, 1.036900159, -0.2425211275, 0.3617048249, 0.4152566555, 0.4892634162, 0.8485171054, 1.1177633686, 1.3916514682, 1.4139709052, 1.3713805947, 1.2181803649]}