{"source": [{"position": [155.70282993027973, -336.7456439981108], "counts": 500000.0}, {"position": [-49.14888532102105, 170.03936918167255], "counts": 500000.0}], "output": [0.0, 0.0, 0.0, 0.0, 0.0, 0.0, 0.0, 0.0, 0.0, 0.0, 0.0, 0.0, 0.0, 0.0, 0.0, 0.0, 0.0, 0.0, 0.0, 0.0, 0.2942533407, 0.2057466593, 0.0, 0.0, 0.0, 0.0, 0.0, 0.0, 0.0, 0.0, 0.0, 0.0, 0.0, 0.0, 0.0, 0.0, 0.0, 0.0, 0.0, 0.0, 0.0, 0.0, 0.0, 0.0, 0.0, 0.0, 0.0, 0.0, 0.0, 0.0, 0.0669663474, 0.4330336526, 0.0, 0.0, 0.0, 0.0, 0.0, 0.0, 0.0, 0.0, 0.0, 0.0, 0.0, 0.0], "num_sources": 2, "seg_angles": 64, "input": [0.3762400497, -0.1477993895, -1.2615149696, -1.330552272, -1.7083348811, 0.1067674272, -0.7797204225, -0.7522672999, -1.1276369129, -0.9075475192, -0.3067764026, -0.4929774211, -0.4148243907, -0.8127856959, -0.1430568643, 0.1755101449, -0.0539079593, 0.4085726674, 0.8896446871, 0.601466422, 0.7230637037, 1.4957106326, 1.7753253703, 1.7399362219, 1.9474650739]}