{"source": [{"position": [85.93006443924115, 92.15217862572685], "counts": 500000.0}, {"position": [5.139852406296222, -174.9245034786193], "counts": 500000.0}], "output": [0.0, 0.0, 0.0, 0.0, 0.0, 0.0, 0.0, 0.0, 0.0, 0.0, 0.0, 0.0, 0.0, 0.0, 0.0, 0.0, 0.3503953238, 0.1496046762, 0.0, 0.0, 0.0, 0.0, 0.0, 0.0, 0.0, 0.0, 0.0, 0.0, 0.0, 0.0, 0.0, 0.0, 0.0, 0.0, 0.0, 0.0, 0.0, 0.0, 0.0, 0.0, 0.322126669, 0.177873331, 0.0, 0.0, 0.0, 0.0, 0.0, 0.0, 0.0, 0.0, 0.0, 0.0, 0.0, 0.0, 0.0, 0.0, 0.0, 0.0, 0.0, 0.0, 0.0, 0.0, 0.0, 0.0], "num_sources": 2, "seg_angles": 64, "input": [-1.2122389539, -0.2655840555, 0.0223856583, 1.1992898296, 2.2740909829, -1.6162146015, -0.9053685351, -0.2496462931, 0.532438617, 1.7120910763, -1.5637015811, -1.0954364184, -0.6507707062, 0.0006950726, 1.4035722452, -1.108229221, -0.9168077429, -0.0861303556, -0.0758112099, 1.0578768986, -0.2211661559, 0.4106446043, 0.5090019214, 0.6061513738, 0.2388675505]}