{"source": [{"position": [-64.44071223259596, -111.75148592728311], "counts": 500000.0}, {"position": [-261.43456029157073, 120.81378516193038], "counts": 500000.0}], "output": [0.0, 0.0, 0.0, 0.0, 0.0, 0.0, 0.0, 0.0, 0.0, 0.0, 0.1639642745, 0.3360357255, 0.0, 0.0, 0.0, 0.0, 0.0, 0.0, 0.0, 0.0, 0.0, 0.0, 0.0, 0.0, 0.0, 0.0, 0.0, 0.0, 0.0, 0.0, 0.0, 0.0, 0.0, 0.0, 0.0, 0.0, 0.0, 0.0, 0.0, 0.0, 0.0, 0.0, 0.0, 0.0, 0.0, 0.0, 0.0, 0.0, 0.0, 0.0, 0.0, 0.0, 0.0, 0.0, 0.0, 0.0, 0.0, 0.0, 0.0, 0.2046701355, 0.2953298645, 0.0, 0.0, 0.0], "num_sources": 2, "seg_angles": 64, "input": [1.481309288, 1.2515314076, 1.1298939601, 0.769767931, 0.3986852437, 1.2146477112, 0.6803831349, 0.3959830352, 0.2402523527, -0.6510571831, 1.4593974582, 0.0567196643, -0.4808924751, -0.6574157656, -1.225338257, 1.4014344651, -0.3449594835, -0.9959538045, -1.2018804661, -1.4847454327, 0.792488469, -0.4419423235, -1.2932802078, -1.2019598051, -1.2930689172]}