{"source": [{"position": [-178.15037363694609, 303.5892691993848], "counts": 500000.0}, {"position": [44.420379032989494, 251.1012344186415], "counts": 500000.0}], "output": [0.0, 0.0, 0.0, 0.0, 0.0, 0.0, 0.0, 0.0, 0.0, 0.0, 0.0, 0.0, 0.0, 0.0, 0.0, 0.0, 0.0, 0.0, 0.0, 0.0, 0.0, 0.0, 0.0, 0.0, 0.0, 0.0, 0.0, 0.0, 0.0, 0.0, 0.0, 0.0, 0.0, 0.0, 0.0, 0.0, 0.0, 0.0, 0.0, 0.0, 0.0, 0.0, 0.0, 0.0, 0.0, 0.0, 0.3917301984, 0.1082698016, 0.0, 0.0, 0.0, 0.0, 0.0, 0.2973334201, 0.2026665799, 0.0, 0.0, 0.0, 0.0, 0.0, 0.0, 0.0, 0.0, 0.0], "num_sources": 2, "seg_angles": 64, "input": [-0.6082031885, -1.2269719223, -1.3695473283, -1.3784305108, -1.2277826195, -0.296247485, -0.6595041969, -0.9146450468, -0.9574931918, -0.8278466002, 0.051183707, -0.1744598808, -0.4387318222, -0.204829793, -0.3952703747, 0.5919791975, 0.6092907399, 0.5750667592, 0.781881032, 0.2649072836, 1.0861020702, 1.6783588077, 1.8506901426, 1.9202110548, 1.2702931662]}