{"source": [{"position": [96.23889533140446, 168.44605969090213], "counts": 500000.0}, {"position": [233.9175246616682, 150.22180819094757], "counts": 500000.0}], "output": [0.0, 0.0, 0.0, 0.0, 0.0, 0.0, 0.0, 0.0, 0.0, 0.0, 0.0, 0.0, 0.0, 0.0, 0.0, 0.0, 0.0, 0.0, 0.0, 0.0, 0.0, 0.0, 0.0, 0.0, 0.0, 0.0, 0.0, 0.0, 0.0, 0.0, 0.0, 0.0, 0.0, 0.0, 0.0, 0.0, 0.0, 0.0925713537, 0.4074286463, 0.0, 0.0, 0.0, 0.1436248467, 0.3563751533, 0.0, 0.0, 0.0, 0.0, 0.0, 0.0, 0.0, 0.0, 0.0, 0.0, 0.0, 0.0, 0.0, 0.0, 0.0, 0.0, 0.0, 0.0, 0.0, 0.0], "num_sources": 2, "seg_angles": 64, "input": [-1.7241449765, -1.5284374188, -1.1627225258, -0.4398622301, 0.9679145549, -1.4002661007, -1.2510271207, -0.8587755218, 0.0067113143, 1.0872823913, -0.9990091224, -0.695069976, -0.5106870764, -0.1298095313, 0.9757429801, -0.2386202017, 0.0512729572, 0.1829003203, 0.5119938568, 1.1075234034, 0.8619142704, 1.2438854298, 1.3221377671, 1.3455947295, 1.2735578273]}