{"source": [{"position": [110.21562352046881, -58.97046999977429], "counts": 500000.0}, {"position": [304.44427060213553, -229.07353862359068], "counts": 500000.0}], "output": [0.0, 0.0, 0.0, 0.0, 0.0, 0.0, 0.0, 0.0, 0.0, 0.0, 0.0, 0.0, 0.0, 0.0, 0.0, 0.0, 0.0, 0.0, 0.0, 0.0, 0.0, 0.0, 0.0, 0.0, 0.0, 0.2852412958, 0.2168784418, 0.4978802624, 0.0, 0.0, 0.0, 0.0, 0.0, 0.0, 0.0, 0.0, 0.0, 0.0, 0.0, 0.0, 0.0, 0.0, 0.0, 0.0, 0.0, 0.0, 0.0, 0.0, 0.0, 0.0, 0.0, 0.0, 0.0, 0.0, 0.0, 0.0, 0.0, 0.0, 0.0, 0.0, 0.0, 0.0, 0.0, 0.0], "num_sources": 2, "seg_angles": 64, "input": [0.224692605, 0.795987828, 0.9602252165, 0.7383240845, 1.1917140594, -0.8685747744, -0.4591763985, -0.1884179242, 0.5670497417, 1.5138379052, -1.3624957074, -0.9817000448, -0.3648992364, 0.4441474074, 1.4085113152, -1.621426776, -1.2059563102, -0.1656305105, 0.4055721923, 1.4648688525, -1.72024321, -1.2365691257, -0.7048184016, 0.0369169055, 1.1280603065]}