{"source": [{"position": [-314.86629842747845, -159.5876377247876], "counts": 500000.0}, {"position": [-1.2138828947064957, 182.99597396751096], "counts": 500000.0}], "output": [0.0, 0.0, 0.0, 0.0, 0.1108594327, 0.3891405673, 0.0, 0.0, 0.0, 0.0, 0.0, 0.0, 0.0, 0.0, 0.0, 0.0, 0.0, 0.0, 0.0, 0.0, 0.0, 0.0, 0.0, 0.0, 0.0, 0.0, 0.0, 0.0, 0.0, 0.0, 0.0, 0.0, 0.0, 0.0, 0.0, 0.0, 0.0, 0.0, 0.0, 0.0, 0.0, 0.0, 0.0, 0.0, 0.0, 0.0, 0.0, 0.0, 0.466216939, 0.033783061, 0.0, 0.0, 0.0, 0.0, 0.0, 0.0, 0.0, 0.0, 0.0, 0.0, 0.0, 0.0, 0.0, 0.0], "num_sources": 2, "seg_angles": 64, "input": [-0.7884274244, -0.8967395495, -0.8813652355, -1.0728774329, -1.2832789366, -0.0744279959, -0.4980496095, -0.5787360132, -0.9693187656, -1.5148801957, 0.7549776071, 0.191035669, -0.2680327695, -0.5444427999, -1.2001448459, 1.0562533518, 0.9533529296, 0.6407377769, 0.2940458624, -0.1945530918, 2.1965911612, 1.6563115504, 1.3552708739, 1.2850181985, 0.3816796849]}