{"source": [{"position": [-373.9835360970923, 311.9379982116876], "counts": 500000.0}, {"position": [-423.33102723597096, 236.67665998010366], "counts": 500000.0}], "output": [0.0, 0.0, 0.0, 0.0, 0.0, 0.0, 0.0, 0.0, 0.0, 0.0, 0.0, 0.0, 0.0, 0.0, 0.0, 0.0, 0.0, 0.0, 0.0, 0.0, 0.0, 0.0, 0.0, 0.0, 0.0, 0.0, 0.0, 0.0, 0.0, 0.0, 0.0, 0.0, 0.0, 0.0, 0.0, 0.0, 0.0, 0.0, 0.0, 0.0, 0.0, 0.0, 0.0, 0.0, 0.0, 0.0, 0.0, 0.0, 0.0, 0.0, 0.0, 0.0, 0.0, 0.0, 0.0, 0.0, 0.0405630666, 0.4594369334, 0.0963342113, 0.4036657887, 0.0, 0.0, 0.0, 0.0], "num_sources": 2, "seg_angles": 64, "input": [0.8379012539, -0.0466533312, -0.8694723259, -1.3926393003, -1.7788409571, 1.3105819069, 0.5874944741, -0.4670849486, -1.2852251296, -1.6201893357, 1.4393577733, 0.3101617973, -0.3491951731, -0.9647971202, -1.2385105757, 1.2272474304, 0.1632732697, 0.1741754968, -0.2461243851, -0.6111045501, 1.3183466172, 1.1817263687, 1.0008293848, 0.9051160772, 0.4136252823]}