{"source": [{"position": [12.745858937159362, -75.93775793341567], "counts": 500000.0}, {"position": [-1.757722526703647, -295.99478105452994], "counts": 500000.0}], "output": [0.0, 0.0, 0.0, 0.0, 0.0, 0.0, 0.0, 0.0, 0.0, 0.0, 0.0, 0.0, 0.0, 0.0, 0.0, 0.0302434457, 0.4697565543, 0.153061196, 0.346938804, 0.0, 0.0, 0.0, 0.0, 0.0, 0.0, 0.0, 0.0, 0.0, 0.0, 0.0, 0.0, 0.0, 0.0, 0.0, 0.0, 0.0, 0.0, 0.0, 0.0, 0.0, 0.0, 0.0, 0.0, 0.0, 0.0, 0.0, 0.0, 0.0, 0.0, 0.0, 0.0, 0.0, 0.0, 0.0, 0.0, 0.0, 0.0, 0.0, 0.0, 0.0, 0.0, 0.0, 0.0, 0.0], "num_sources": 2, "seg_angles": 64, "input": [1.2401682098, 1.603640081, 1.7298149986, 1.7534883544, 1.2709980502, 0.2443551309, 0.8673649498, 0.8988259967, 0.7792693208, 0.4678810281, -0.4869398315, -0.127762891, -0.081416377, -0.0703843661, -0.2230508149, -0.8368066616, -0.8130744923, -0.7700381134, -0.7262547729, -0.6198096384, -1.422387501, -1.2863125429, -1.2449412558, -1.2305878604, -0.9160390012]}