{"source": [{"position": [-12.196049789884567, 34.932168119409035], "counts": 500000.0}, {"position": [115.32640886349236, -24.97637721228983], "counts": 500000.0}], "output": [0.0, 0.0, 0.0, 0.0, 0.0, 0.0, 0.0, 0.0, 0.0, 0.0, 0.0, 0.0, 0.0, 0.0, 0.0, 0.0, 0.0, 0.0, 0.0, 0.0, 0.0, 0.0, 0.0, 0.0, 0.0, 0.0, 0.0, 0.0, 0.0, 0.0862130903, 0.4137869097, 0.0, 0.0, 0.0, 0.0, 0.0, 0.0, 0.0, 0.0, 0.0, 0.0, 0.0, 0.0, 0.0, 0.0, 0.0, 0.0, 0.0, 0.0, 0.0, 0.0, 0.2892539781, 0.2107460219, 0.0, 0.0, 0.0, 0.0, 0.0, 0.0, 0.0, 0.0, 0.0, 0.0, 0.0], "num_sources": 2, "seg_angles": 64, "input": [-0.4742324067, -1.5059692373, -1.3590609301, -1.304460487, -1.2299323366, -0.2385671096, -1.074303373, -0.992633743, -0.7685088246, -0.6431438176, -0.2327734682, -0.5151709243, -0.2559489067, -0.0282843099, -0.0307420924, 0.3007571536, 0.4311339689, 0.7456543645, 0.8286533998, 0.8208711628, 1.0276524264, 1.4529927795, 1.6537760813, 1.7654424265, 1.6267982037]}