{"source": [{"position": [16.722877425862784, 29.603131094523917], "counts": 500000.0}, {"position": [-373.950145787054, 165.65714130649792], "counts": 500000.0}], "output": [0.0, 0.0, 0.0, 0.0, 0.0, 0.0, 0.0, 0.0, 0.0, 0.0, 0.0, 0.0, 0.0, 0.0, 0.0, 0.0, 0.0, 0.0, 0.0, 0.0, 0.0, 0.0, 0.0, 0.0, 0.0, 0.0, 0.0, 0.0, 0.0, 0.0, 0.0, 0.0, 0.0, 0.0, 0.0, 0.0, 0.0, 0.0, 0.0, 0.0, 0.0, 0.0, 0.1188627295, 0.3811372705, 0.0, 0.0, 0.0, 0.0, 0.0, 0.0, 0.0, 0.0, 0.0, 0.0, 0.0, 0.0, 0.0, 0.0, 0.0, 0.1238211014, 0.3761788986, 0.0, 0.0, 0.0], "num_sources": 2, "seg_angles": 64, "input": [-1.5755496095, -1.4718906259, -1.4072635549, -1.0494449282, 0.067807999, -1.0911483106, -1.0253145593, -0.981191114, -0.5293415774, 0.4271260165, -0.6796651119, -0.3352777831, -0.429180549, -0.3195821915, 0.6822006366, 0.0882695221, 0.4514694732, 0.533240881, 0.5606749601, 0.809076303, 1.0940164504, 1.5177182534, 1.5368409089, 1.7322714679, 1.3941370433]}