{"source": [{"position": [62.83989644829933, 16.617683784662006], "counts": 500000.0}, {"position": [-21.784342956826023, -233.9881244891274], "counts": 500000.0}], "output": [0.0, 0.0, 0.0, 0.0, 0.0, 0.0, 0.0, 0.0, 0.0, 0.0, 0.0, 0.0, 0.0, 0.0, 0.0, 0.4727926066, 0.0272073934, 0.0, 0.0, 0.0, 0.0, 0.0, 0.0, 0.0, 0.0, 0.0, 0.0, 0.0, 0.0, 0.0, 0.0, 0.0, 0.0, 0.0, 0.183333367, 0.316666633, 0.0, 0.0, 0.0, 0.0, 0.0, 0.0, 0.0, 0.0, 0.0, 0.0, 0.0, 0.0, 0.0, 0.0, 0.0, 0.0, 0.0, 0.0, 0.0, 0.0, 0.0, 0.0, 0.0, 0.0, 0.0, 0.0, 0.0, 0.0], "num_sources": 2, "seg_angles": 64, "input": [-1.1330917997, -0.6304229475, 0.08804492, 0.8748934988, 1.5912471136, -1.4328671921, -0.4958356842, 0.007949249, 0.8372087088, 1.7286269587, -1.4572595886, -0.8431567955, -0.0784746862, 0.736839075, 1.6908504858, -1.5496658102, -1.0105096051, -0.445587815, 0.618778892, 1.3556496737, -0.8672038223, -0.4616302258, -0.2081536424, 0.1264549788, 0.9573160606]}