{"source": [{"position": [-166.47086906844987, -114.41787339220659], "counts": 500000.0}, {"position": [-55.011993902607095, 59.45317928302506], "counts": 500000.0}], "output": [0.0, 0.0, 0.0, 0.0, 0.0, 0.0, 0.4332166642, 0.0667833358, 0.0, 0.0, 0.0, 0.0, 0.0, 0.0, 0.0, 0.0, 0.0, 0.0, 0.0, 0.0, 0.0, 0.0, 0.0, 0.0, 0.0, 0.0, 0.0, 0.0, 0.0, 0.0, 0.0, 0.0, 0.0, 0.0, 0.0, 0.0, 0.0, 0.0, 0.0, 0.0, 0.0, 0.0, 0.0, 0.0, 0.0, 0.0, 0.0, 0.0, 0.0, 0.0, 0.0, 0.0, 0.0, 0.0, 0.0, 0.1975048912, 0.3024951088, 0.0, 0.0, 0.0, 0.0, 0.0, 0.0, 0.0], "num_sources": 2, "seg_angles": 64, "input": [0.9922497177, -0.0590022983, -0.6272218681, -1.1347772803, -1.4090325329, 1.4663842548, 0.1993570188, -0.8001828547, -1.2926298187, -1.4426557537, 1.5170712544, 0.2134892907, -0.6271830914, -0.8834653759, -1.4121763816, 1.7091590096, 0.6728389781, 0.0688074417, -0.2648217654, -0.8296280788, 1.278046166, 1.1776493991, 0.7954025051, 0.6764141592, 0.0159079047]}