{"source": [{"position": [356.854622164594, 234.48620138456945], "counts": 500000.0}, {"position": [-286.1307277776013, -205.02001517281246], "counts": 500000.0}], "output": [0.0, 0.0, 0.0, 0.0, 0.0, 0.0, 0.3335493169, 0.1664506831, 0.0, 0.0, 0.0, 0.0, 0.0, 0.0, 0.0, 0.0, 0.0, 0.0, 0.0, 0.0, 0.0, 0.0, 0.0, 0.0, 0.0, 0.0, 0.0, 0.0, 0.0, 0.0, 0.0, 0.0, 0.0, 0.0, 0.0, 0.0, 0.0, 0.0392370942, 0.4607629058, 0.0, 0.0, 0.0, 0.0, 0.0, 0.0, 0.0, 0.0, 0.0, 0.0, 0.0, 0.0, 0.0, 0.0, 0.0, 0.0, 0.0, 0.0, 0.0, 0.0, 0.0, 0.0, 0.0, 0.0, 0.0], "num_sources": 2, "seg_angles": 64, "input": [-0.6515850273, -0.6409162915, 0.5630715842, 0.8423516614, 1.9725565253, 0.0010220351, -0.8772953448, -0.3278383371, 0.4002802959, 0.8434610199, 0.6891323543, -0.1328633943, -1.3509082386, -1.5654711511, -0.8362630354, 1.6990186774, 0.5097865819, -0.556569714, -1.3612783581, -0.6815577834, 2.2379564356, 0.6827875048, -0.3642365334, -0.3885697753, -0.7060716914]}