{"source": [{"position": [-490.55221835292394, 79.79674848654683], "counts": 500000.0}, {"position": [55.7521909830907, -5.262432953015137], "counts": 500000.0}], "output": [0.0, 0.0, 0.0, 0.0, 0.0, 0.0, 0.0, 0.0, 0.0, 0.0, 0.0, 0.0, 0.0, 0.0, 0.0, 0.0, 0.0, 0.0, 0.0, 0.0, 0.0, 0.0, 0.0, 0.0, 0.0, 0.0, 0.0, 0.0, 0.0, 0.0, 0.0, 0.4793027588, 0.0206972412, 0.0, 0.0, 0.0, 0.0, 0.0, 0.0, 0.0, 0.0, 0.0, 0.0, 0.0, 0.0, 0.0, 0.0, 0.0, 0.0, 0.0, 0.0, 0.0, 0.0, 0.0, 0.0, 0.0, 0.0, 0.0, 0.0, 0.0, 0.0, 0.0, 0.3212638718, 0.1787361282], "num_sources": 2, "seg_angles": 64, "input": [-1.1333868956, -0.8494095841, -0.4111691935, 0.2819451, 1.1833483975, -1.2499570426, -0.6139897073, -0.0058852812, 0.84181275, 1.6737768821, -1.0852679863, -0.6128199882, -0.03906069, 0.7185238634, 1.9368144677, -1.2515433509, -0.5976287985, -0.0319991226, 0.699718158, 1.6585829089, -1.3638325019, -1.0019634086, -0.4730805426, 0.4570951585, 1.2693764076]}