{"source": [{"position": [-137.54148553522492, -355.30738770361006], "counts": 500000.0}, {"position": [51.80090741057804, 79.63457786314135], "counts": 500000.0}], "output": [0.0, 0.0, 0.0, 0.0, 0.0, 0.0, 0.0, 0.0, 0.0, 0.0, 0.0, 0.0, 0.3810400395, 0.1189599605, 0.0, 0.0, 0.0, 0.0, 0.0, 0.0, 0.0, 0.0, 0.0, 0.0, 0.0, 0.0, 0.0, 0.0, 0.0, 0.0, 0.0, 0.0, 0.0, 0.0, 0.0, 0.0, 0.0, 0.0, 0.0, 0.0, 0.0, 0.0, 0.4371823662, 0.0628176338, 0.0, 0.0, 0.0, 0.0, 0.0, 0.0, 0.0, 0.0, 0.0, 0.0, 0.0, 0.0, 0.0, 0.0, 0.0, 0.0, 0.0, 0.0, 0.0, 0.0], "num_sources": 2, "seg_angles": 64, "input": [-1.8022664263, -1.5856154671, -1.3052071503, -0.6258698183, 0.8875689443, -1.2530485255, -1.1943407834, -1.1763299072, -0.2038835454, 1.0907444762, -0.5083580414, -0.6618593737, -0.5806310158, -0.116533133, 0.9815201045, 0.1650482082, 0.44932306, 0.0735167674, 0.3206768012, 0.9504168853, 1.1135350861, 1.3061188966, 1.3797676368, 1.2067404791, 1.0889658416]}