{"source": [{"position": [-277.52640658620794, 185.83620112170502], "counts": 500000.0}, {"position": [25.83313422887009, 93.4967869817631], "counts": 500000.0}], "output": [0.0, 0.0, 0.0, 0.0, 0.0, 0.0, 0.0, 0.0, 0.0, 0.0, 0.0, 0.0, 0.0, 0.0, 0.0, 0.0, 0.0, 0.0, 0.0, 0.0, 0.0, 0.0, 0.0, 0.0, 0.0, 0.0, 0.0, 0.0, 0.0, 0.0, 0.0, 0.0, 0.0, 0.0, 0.0, 0.0, 0.0, 0.0, 0.0, 0.0, 0.0, 0.0, 0.0, 0.0, 0.0, 0.3729297704, 0.1270702296, 0.0, 0.0, 0.0, 0.0, 0.0, 0.0, 0.0, 0.0, 0.0, 0.0, 0.0050585544, 0.4949414456, 0.0, 0.0, 0.0, 0.0, 0.0], "num_sources": 2, "seg_angles": 64, "input": [-1.1831595502, -1.1385954703, -1.3990364793, -1.5132449739, -0.8477888457, -0.6246807793, -0.7892276882, -0.7620323676, -1.0252805522, -0.3992593564, -0.061037435, 0.0975751876, -0.2352717496, -0.44390221, -0.0753693148, 0.4774535326, 0.4885998441, 0.6062975352, 0.6246973001, 0.1682527001, 1.6705703344, 1.6002659395, 1.7852528504, 1.6187329233, 1.3601886253]}