{"source": [{"position": [263.2475063259746, 192.29339669670406], "counts": 500000.0}, {"position": [-248.32506293737435, -53.391601560068274], "counts": 500000.0}], "output": [0.0, 0.0, 0.4213992931, 0.0786007069, 0.0, 0.0, 0.0, 0.0, 0.0, 0.0, 0.0, 0.0, 0.0, 0.0, 0.0, 0.0, 0.0, 0.0, 0.0, 0.0, 0.0, 0.0, 0.0, 0.0, 0.0, 0.0, 0.0, 0.0, 0.0, 0.0, 0.0, 0.0, 0.0, 0.0, 0.0, 0.0, 0.0, 0.0, 0.2869453917, 0.2130546083, 0.0, 0.0, 0.0, 0.0, 0.0, 0.0, 0.0, 0.0, 0.0, 0.0, 0.0, 0.0, 0.0, 0.0, 0.0, 0.0, 0.0, 0.0, 0.0, 0.0, 0.0, 0.0, 0.0, 0.0], "num_sources": 2, "seg_angles": 64, "input": [0.3455919909, -1.0918987874, -0.6198111768, -0.8776457481, 0.4542229734, -0.0574949044, -0.3081448636, -0.9412278737, -0.7535787602, -0.1351162887, 0.8133566028, -0.0859554051, -0.3965988893, -0.473145506, -0.6391621801, 2.0986809614, 1.0683894489, -0.532195102, -1.0713314822, 0.0470459923, 2.5134882155, 1.8521109899, 0.6623911854, -0.4996973309, -1.372274062]}