{"source": [{"position": [-392.64116930033384, -107.15368481982624], "counts": 500000.0}, {"position": [-84.46100465895739, -49.702501868613986], "counts": 500000.0}], "output": [0.0, 0.0, 0.1431476395, 0.3568523605, 0.0, 0.2910754872, 0.2089245128, 0.0, 0.0, 0.0, 0.0, 0.0, 0.0, 0.0, 0.0, 0.0, 0.0, 0.0, 0.0, 0.0, 0.0, 0.0, 0.0, 0.0, 0.0, 0.0, 0.0, 0.0, 0.0, 0.0, 0.0, 0.0, 0.0, 0.0, 0.0, 0.0, 0.0, 0.0, 0.0, 0.0, 0.0, 0.0, 0.0, 0.0, 0.0, 0.0, 0.0, 0.0, 0.0, 0.0, 0.0, 0.0, 0.0, 0.0, 0.0, 0.0, 0.0, 0.0, 0.0, 0.0, 0.0, 0.0, 0.0, 0.0], "num_sources": 2, "seg_angles": 64, "input": [1.3885003038, 0.8019379807, 0.6805495504, 0.5972816517, 0.2415017192, 1.6612550986, 0.4703460093, -0.2592537638, -0.4607149107, -0.8490655789, 1.7574606129, 0.3607708584, -0.2776817953, -0.8824688431, -1.489895475, 1.3513583857, 0.3616963802, -0.4031353015, -1.0730814219, -1.4802796883, 1.0388745139, 0.0844548017, -0.7923503087, -1.1910061811, -1.6370545981]}