{"source": [{"position": [203.25120536302353, 234.07039009340343], "counts": 500000.0}, {"position": [-60.52269631217048, 56.79791572852639], "counts": 500000.0}], "output": [0.0, 0.0, 0.0, 0.0, 0.0, 0.0, 0.0, 0.0, 0.0, 0.0, 0.0, 0.0, 0.0, 0.0, 0.0, 0.0, 0.0, 0.0, 0.0, 0.0, 0.0, 0.0, 0.0, 0.0, 0.0, 0.0, 0.0, 0.0, 0.0, 0.0, 0.0, 0.0, 0.0, 0.0, 0.0, 0.0, 0.0, 0.0, 0.0, 0.0, 0.1416784594, 0.3583215406, 0.0, 0.0, 0.0, 0.0, 0.0, 0.0, 0.0, 0.0, 0.0, 0.0, 0.0, 0.0, 0.0, 0.0, 0.3383593351, 0.1616406649, 0.0, 0.0, 0.0, 0.0, 0.0, 0.0], "num_sources": 2, "seg_angles": 64, "input": [0.2514794227, -0.669069492, -1.2218731339, -1.5288848133, -1.6146692278, 0.8787963213, -0.2225264908, -0.9018268163, -1.1736309891, -1.0783951029, 1.163419207, 0.0799788659, -0.750592344, -0.842756129, -0.756472199, 1.3422137446, 0.3813848069, 0.2237160282, -0.0858462401, -0.0148186531, 1.4623462095, 1.3508755423, 1.427121296, 1.2513378664, 1.0486923206]}