{"source": [{"position": [28.068959213300236, 438.1017387875584], "counts": 500000.0}, {"position": [-200.52494798568335, -321.60650682991314], "counts": 500000.0}], "output": [0.0, 0.0, 0.0, 0.0, 0.0, 0.0, 0.0, 0.0, 0.0, 0.0, 0.339463247, 0.160536753, 0.0, 0.0, 0.0, 0.0, 0.0, 0.0, 0.0, 0.0, 0.0, 0.0, 0.0, 0.0, 0.0, 0.0, 0.0, 0.0, 0.0, 0.0, 0.0, 0.0, 0.0, 0.0, 0.0, 0.0, 0.0, 0.0, 0.0, 0.0, 0.0, 0.0, 0.0, 0.0, 0.0, 0.0, 0.0, 0.325857898, 0.174142102, 0.0, 0.0, 0.0, 0.0, 0.0, 0.0, 0.0, 0.0, 0.0, 0.0, 0.0, 0.0, 0.0, 0.0, 0.0], "num_sources": 2, "seg_angles": 64, "input": [-0.7213418004, 0.2646425901, 0.3112704272, 0.383861638, 0.5755279071, -0.1312755138, -0.0840848716, -0.4357601829, -0.0555891065, -1.1799451021, 0.6621988888, -0.745744403, -0.991092445, -0.7110441123, -1.5534508247, 2.0352192058, 0.7233333167, -0.6379576056, -0.3280508448, -1.2336556586, 2.7854407921, 1.5584866145, 0.2468420096, -0.1382887729, -0.5995421456]}