{"source": [{"position": [173.89333054936074, 424.7847803187524], "counts": 500000.0}, {"position": [134.47236098733308, -84.84211295395923], "counts": 500000.0}], "output": [0.0, 0.0, 0.0, 0.0, 0.0, 0.0, 0.0, 0.0, 0.0, 0.0, 0.0, 0.0, 0.0, 0.0, 0.0, 0.0, 0.0, 0.0, 0.0, 0.0, 0.0, 0.0, 0.0, 0.0, 0.0, 0.0, 0.3665683811, 0.1334316189, 0.0, 0.0, 0.0, 0.0, 0.0, 0.0, 0.0, 0.0, 0.0, 0.0, 0.0, 0.0, 0.0, 0.0, 0.0, 0.0, 0.4789001266, 0.0210998734, 0.0, 0.0, 0.0, 0.0, 0.0, 0.0, 0.0, 0.0, 0.0, 0.0, 0.0, 0.0, 0.0, 0.0, 0.0, 0.0, 0.0, 0.0], "num_sources": 2, "seg_angles": 64, "input": [-0.1267640464, 0.2272122477, 0.5638181321, 0.398067548, 1.1329883247, -0.8572793224, -0.8133538498, -0.5895129804, 0.0199035047, 1.5683875139, -1.6388242442, -0.9724198502, -0.4862957689, 0.1391733837, 1.7802505486, -1.4105655284, -0.7177921889, -0.4503452113, 0.4666325311, 2.0389110087, -1.2901471484, -0.8379155059, -0.1643618008, 0.5658932963, 1.4543394066]}