{"source": [{"position": [-294.1344512490977, -41.157315126137085], "counts": 500000.0}, {"position": [243.88540419224174, 54.95370435181677], "counts": 500000.0}], "output": [0.0, 0.2919554452, 0.2080445548, 0.0, 0.0, 0.0, 0.0, 0.0, 0.0, 0.0, 0.0, 0.0, 0.0, 0.0, 0.0, 0.0, 0.0, 0.0, 0.0, 0.0, 0.0, 0.0, 0.0, 0.0, 0.0, 0.0, 0.0, 0.0, 0.0, 0.0, 0.0, 0.0, 0.0, 0.0, 0.3712749719, 0.1287250281, 0.0, 0.0, 0.0, 0.0, 0.0, 0.0, 0.0, 0.0, 0.0, 0.0, 0.0, 0.0, 0.0, 0.0, 0.0, 0.0, 0.0, 0.0, 0.0, 0.0, 0.0, 0.0, 0.0, 0.0, 0.0, 0.0, 0.0, 0.0], "num_sources": 2, "seg_angles": 64, "input": [-0.3020666897, -2.2667577895, -2.0990836141, -0.3729464025, 0.7974726746, 0.2193330911, -0.2230328733, 0.0602445388, 0.9736000404, 1.5043733535, 0.4663484357, -0.6817423718, -1.3017060761, 0.0720029286, 1.2007628343, 0.2358379269, -0.6227327299, -0.7986827062, 0.8185936359, 1.5248384409, 1.7182070495, -0.1256887924, 0.0827739369, -0.525296445, -0.3546523968]}