{"source": [{"position": [304.83838332140806, -9.927741635957403], "counts": 500000.0}, {"position": [184.04735484528055, -222.81734935694615], "counts": 500000.0}], "output": [0.0, 0.0, 0.0, 0.0, 0.0, 0.0, 0.0, 0.0, 0.0, 0.0, 0.0, 0.0, 0.0, 0.0, 0.0, 0.0, 0.0, 0.0, 0.0, 0.0, 0.0, 0.0, 0.0, 0.483845265, 0.016154735, 0.0, 0.0, 0.0, 0.0, 0.0, 0.0, 0.1658049363, 0.3341950637, 0.0, 0.0, 0.0, 0.0, 0.0, 0.0, 0.0, 0.0, 0.0, 0.0, 0.0, 0.0, 0.0, 0.0, 0.0, 0.0, 0.0, 0.0, 0.0, 0.0, 0.0, 0.0, 0.0, 0.0, 0.0, 0.0, 0.0, 0.0, 0.0, 0.0, 0.0], "num_sources": 2, "seg_angles": 64, "input": [-0.0909975562, 0.190696282, 0.3835413775, 0.8366960957, 1.2675775474, -0.4810354886, -0.2670859907, 0.0835366144, 0.6760499587, 1.7936800637, -1.176616909, -0.711187797, -0.1770468667, 0.7174681918, 1.5734526348, -1.3347082487, -1.2311830014, -0.5371129591, 0.3247205388, 1.6041952116, -1.7574695991, -1.3737630241, -0.9363875972, -0.4928386983, 1.1158192197]}