{"source": [{"position": [-87.56972294771631, 239.49226213566948], "counts": 500000.0}, {"position": [55.15689818782715, 60.67715041346018], "counts": 500000.0}], "output": [0.0, 0.0, 0.0, 0.0, 0.0, 0.0, 0.0, 0.0, 0.0, 0.0, 0.0, 0.0, 0.0, 0.0, 0.0, 0.0, 0.0, 0.0, 0.0, 0.0, 0.0, 0.0, 0.0, 0.0, 0.0, 0.0, 0.0, 0.0, 0.0, 0.0, 0.0, 0.0, 0.0, 0.0, 0.0, 0.0, 0.0, 0.0, 0.0, 0.0, 0.2574706313, 0.2425293687, 0.0, 0.0, 0.0, 0.0, 0.0, 0.0, 0.0, 0.0, 0.0, 0.2146837499, 0.2853162501, 0.0, 0.0, 0.0, 0.0, 0.0, 0.0, 0.0, 0.0, 0.0, 0.0, 0.0], "num_sources": 2, "seg_angles": 64, "input": [-1.457455227, -1.5864941366, -1.3306688378, -0.6861866012, 0.2068422134, -1.1549923189, -1.2662669395, -0.8725148519, -0.3053030348, 0.6050296837, -0.7209116808, -0.7529819616, -0.6191807821, 0.0423272449, 0.7855590774, -0.035582847, 0.216251471, 0.2347820421, 0.495075883, 1.0336228817, 1.1370226464, 1.3869060708, 1.5132695997, 1.5519443711, 1.5799060341]}