{"source": [{"position": [60.339931600593765, -112.88530752243918], "counts": 500000.0}, {"position": [-1.1453094079285675, 87.9925466523166], "counts": 500000.0}], "output": [0.0, 0.0, 0.0, 0.0, 0.0, 0.0, 0.0, 0.0, 0.0, 0.0, 0.0, 0.0, 0.0, 0.0, 0.0, 0.0, 0.0, 0.0, 0.0, 0.0, 0.0, 0.4999481487, 5.18513e-05, 0.0, 0.0, 0.0, 0.0, 0.0, 0.0, 0.0, 0.0, 0.0, 0.0, 0.0, 0.0, 0.0, 0.0, 0.0, 0.0, 0.0, 0.0, 0.0, 0.0, 0.0, 0.0, 0.0, 0.0, 0.0, 0.4337138909, 0.0662861091, 0.0, 0.0, 0.0, 0.0, 0.0, 0.0, 0.0, 0.0, 0.0, 0.0, 0.0, 0.0, 0.0, 0.0], "num_sources": 2, "seg_angles": 64, "input": [-1.2598638253, -0.5780728252, -0.1140020769, -0.1043076067, -0.8153893429, -1.7079371926, -0.7275100888, -0.6715618902, -0.5343574491, -0.4250365481, -1.3106441168, -0.7092897999, -0.4598942056, -0.0435239944, 0.4396443593, -0.3968110668, 0.0821649422, 0.1613795183, 1.1749413379, 1.2417343043, 0.2887992589, 0.8623882147, 1.2884174054, 1.6729220208, 2.6458106676]}