{"source": [{"position": [169.76012766861407, -62.78932277016412], "counts": 500000.0}, {"position": [-328.46247854290937, 370.32067210655254], "counts": 500000.0}], "output": [0.0, 0.0, 0.0, 0.0, 0.0, 0.0, 0.0, 0.0, 0.0, 0.0, 0.0, 0.0, 0.0, 0.0, 0.0, 0.0, 0.0, 0.0, 0.0, 0.0, 0.0, 0.0, 0.0, 0.0, 0.0, 0.0, 0.0, 0.0, 0.3042635328, 0.1957364672, 0.0, 0.0, 0.0, 0.0, 0.0, 0.0, 0.0, 0.0, 0.0, 0.0, 0.0, 0.0, 0.0, 0.0, 0.0, 0.0, 0.0, 0.0, 0.0, 0.0, 0.0, 0.0, 0.0, 0.0, 0.0, 0.3047119797, 0.1952880203, 0.0, 0.0, 0.0, 0.0, 0.0, 0.0, 0.0], "num_sources": 2, "seg_angles": 64, "input": [0.4998566844, 0.3151146064, 0.0994000397, 0.3314346557, 0.7257146309, -1.043521734, -0.7173820294, -0.7911776445, 0.1114829997, 1.4272397352, -1.4551800211, -1.1469953505, -0.4369171618, 0.316699048, 1.7078240671, -1.2904745719, -1.0472462727, -0.1156303332, 0.9595773874, 1.8309695568, -1.4740680726, -0.8487088205, -0.2272916771, 0.6266282554, 1.6426520225]}