{"source": [{"position": [224.7013066989255, -270.9489301838917], "counts": 500000.0}, {"position": [64.05521967310605, 15.90373643613756], "counts": 500000.0}], "output": [0.0, 0.0, 0.0, 0.0, 0.0, 0.0, 0.0, 0.0, 0.0, 0.0, 0.0, 0.0, 0.0, 0.0, 0.0, 0.0, 0.0, 0.0, 0.0, 0.0, 0.0, 0.0, 0.0, 0.4738365875, 0.0261634125, 0.0, 0.0, 0.0, 0.0, 0.0, 0.0, 0.0, 0.0, 0.0, 0.2605738696, 0.2394261304, 0.0, 0.0, 0.0, 0.0, 0.0, 0.0, 0.0, 0.0, 0.0, 0.0, 0.0, 0.0, 0.0, 0.0, 0.0, 0.0, 0.0, 0.0, 0.0, 0.0, 0.0, 0.0, 0.0, 0.0, 0.0, 0.0, 0.0, 0.0], "num_sources": 2, "seg_angles": 64, "input": [-1.2217913821, -0.6976999349, -0.1487149899, 0.4200731636, 1.3716675989, -1.3187696671, -0.775899595, -0.1468046341, 0.87474949, 1.7113030585, -1.346752351, -0.7355955169, -0.1677308655, 0.7079501737, 1.7171911092, -1.4001761124, -0.9644694431, -0.4727617961, 0.6666083814, 1.6825859646, -0.8549048322, -0.4648783722, -0.0869134983, 0.4119197717, 1.2398142791]}