{"source": [{"position": [128.84954735478158, -118.417879336137], "counts": 500000.0}, {"position": [55.61731578637566, 192.11120265283486], "counts": 500000.0}], "output": [0.0, 0.0, 0.0, 0.0, 0.0, 0.0, 0.0, 0.0, 0.0, 0.0, 0.0, 0.0, 0.0, 0.0, 0.0, 0.0, 0.0, 0.0, 0.0, 0.0, 0.0, 0.0, 0.0, 0.0, 0.2852666483, 0.2147333517, 0.0, 0.0, 0.0, 0.0, 0.0, 0.0, 0.0, 0.0, 0.0, 0.0, 0.0, 0.0, 0.0, 0.0, 0.0, 0.0, 0.0, 0.0, 0.0, 0.4352034577, 0.0647965423, 0.0, 0.0, 0.0, 0.0, 0.0, 0.0, 0.0, 0.0, 0.0, 0.0, 0.0, 0.0, 0.0, 0.0, 0.0, 0.0, 0.0], "num_sources": 2, "seg_angles": 64, "input": [-0.6179020373, -0.1321172219, -0.1966938556, -0.1539113886, 1.1819705774, -1.238063502, -0.7419873456, -0.6484925737, -0.1536161343, 1.5952218602, -1.5841071149, -0.8682911526, -0.710353394, 0.1072190212, 1.7230035294, -1.4027935609, -0.8859036544, -0.040648652, 0.3479440361, 1.6450075543, -0.779261458, -0.1589056148, 0.7349976243, 1.2305001725, 1.7471842852]}