{"source": [{"position": [-216.51171633975184, -220.46241558963027], "counts": 500000.0}, {"position": [-133.66905725200277, -114.49272087500066], "counts": 500000.0}], "output": [0.0, 0.0, 0.0, 0.0, 0.0, 0.0, 0.0, 0.392770323, 0.5611853087, 0.0460443683, 0.0, 0.0, 0.0, 0.0, 0.0, 0.0, 0.0, 0.0, 0.0, 0.0, 0.0, 0.0, 0.0, 0.0, 0.0, 0.0, 0.0, 0.0, 0.0, 0.0, 0.0, 0.0, 0.0, 0.0, 0.0, 0.0, 0.0, 0.0, 0.0, 0.0, 0.0, 0.0, 0.0, 0.0, 0.0, 0.0, 0.0, 0.0, 0.0, 0.0, 0.0, 0.0, 0.0, 0.0, 0.0, 0.0, 0.0, 0.0, 0.0, 0.0, 0.0, 0.0, 0.0, 0.0], "num_sources": 2, "seg_angles": 64, "input": [1.27040964, 1.0549921987, 1.2636852603, 1.1899552212, 0.7784744423, 1.194945445, 0.4949372247, 0.1442231401, -0.0552851628, -0.3105059667, 1.3898891518, 0.4139862347, -0.3106376417, -0.7537128637, -1.0553865071, 0.9132039369, -0.0974342491, -0.7795362874, -1.1166681969, -1.5783586702, 0.7356028029, -0.2365754148, -1.1118699145, -1.5679537667, -1.8703800573]}