{"source": [{"position": [-307.5611397051283, -181.2598834361385], "counts": 500000.0}, {"position": [-268.31843440449256, 193.82006541821724], "counts": 500000.0}], "output": [0.0, 0.0, 0.0, 0.0, 0.0, 0.2877515496, 0.2122484504, 0.0, 0.0, 0.0, 0.0, 0.0, 0.0, 0.0, 0.0, 0.0, 0.0, 0.0, 0.0, 0.0, 0.0, 0.0, 0.0, 0.0, 0.0, 0.0, 0.0, 0.0, 0.0, 0.0, 0.0, 0.0, 0.0, 0.0, 0.0, 0.0, 0.0, 0.0, 0.0, 0.0, 0.0, 0.0, 0.0, 0.0, 0.0, 0.0, 0.0, 0.0, 0.0, 0.0, 0.0, 0.0, 0.0, 0.0, 0.0, 0.0, 0.0, 0.1859998575, 0.3140001425, 0.0, 0.0, 0.0, 0.0, 0.0], "num_sources": 2, "seg_angles": 64, "input": [1.4448674558, 0.6959371138, -0.282352906, -0.4870338135, -0.7251922582, 1.4025156722, 0.5034941748, -0.447740853, -1.0485322037, -1.3752879323, 1.8113609957, 0.5717379792, -0.3075087595, -1.0623997238, -1.6165844818, 1.7325317332, 0.7219657067, -0.5679474251, -0.7351309494, -1.2906850278, 1.3215138036, 0.6068516339, 0.1170204658, -0.3111836907, -0.6722167099]}