{"source": [{"position": [-25.47239072005107, 38.3034895408376], "counts": 500000.0}, {"position": [-20.385130619393827, 126.366318493617], "counts": 500000.0}], "output": [0.0, 0.0, 0.0, 0.0, 0.0, 0.0, 0.0, 0.0, 0.0, 0.0, 0.0, 0.0, 0.0, 0.0, 0.0, 0.0, 0.0, 0.0, 0.0, 0.0, 0.0, 0.0, 0.0, 0.0, 0.0, 0.0, 0.0, 0.0, 0.0, 0.0, 0.0, 0.0, 0.0, 0.0, 0.0, 0.0, 0.0, 0.0, 0.0, 0.0, 0.0, 0.0, 0.0, 0.0, 0.0, 0.0, 0.0, 0.0, 0.0, 0.1854329897, 0.3145670103, 0.0, 0.0, 0.0111557766, 0.4888442234, 0.0, 0.0, 0.0, 0.0, 0.0, 0.0, 0.0, 0.0, 0.0], "num_sources": 2, "seg_angles": 64, "input": [0.0668078991, -0.9345922239, -1.3414384637, -1.5102542101, -1.651106208, 0.6452500838, -0.4832161553, -0.9811295752, -1.0218510307, -1.2695844497, 0.6016210481, -0.1869095267, -0.3184337137, -0.4326482227, -0.747515075, 0.9649867209, 0.5211590189, 0.5988318945, 0.5458476061, -0.0483985451, 1.36496993, 1.5786661856, 1.6034619661, 1.3742285539, 1.0612464926]}