{"source": [{"position": [-76.29701172471624, -256.9100348407561], "counts": 500000.0}, {"position": [-81.35034553159493, -199.01537951095665], "counts": 500000.0}], "output": [0.0, 0.0, 0.0, 0.0, 0.0, 0.0, 0.0, 0.0, 0.0, 0.0, 0.0, 0.0, 0.4762650868, 0.4939873353, 0.0297475779, 0.0, 0.0, 0.0, 0.0, 0.0, 0.0, 0.0, 0.0, 0.0, 0.0, 0.0, 0.0, 0.0, 0.0, 0.0, 0.0, 0.0, 0.0, 0.0, 0.0, 0.0, 0.0, 0.0, 0.0, 0.0, 0.0, 0.0, 0.0, 0.0, 0.0, 0.0, 0.0, 0.0, 0.0, 0.0, 0.0, 0.0, 0.0, 0.0, 0.0, 0.0, 0.0, 0.0, 0.0, 0.0, 0.0, 0.0, 0.0, 0.0], "num_sources": 2, "seg_angles": 64, "input": [1.2879259868, 1.4212261106, 1.6238036044, 1.5357957451, 1.3412959998, 0.5981420386, 0.7266600807, 0.6501961127, 0.666979233, 0.3840431273, 0.3696545303, -0.1602023243, -0.2922978907, -0.3057467582, -0.7328840607, 0.1628069628, -0.708069917, -0.6739767589, -0.9736004698, -1.2113338538, 0.0432875064, -1.2149216151, -1.4715705472, -1.4951824059, -1.572030437]}