{"source": [{"position": [-476.2403922926831, -26.908897207268524], "counts": 500000.0}, {"position": [224.18464682924156, -311.7647255961589], "counts": 500000.0}], "output": [0.2125394516, 0.2874605484, 0.0, 0.0, 0.0, 0.0, 0.0, 0.0, 0.0, 0.0, 0.0, 0.0, 0.0, 0.0, 0.0, 0.0, 0.0, 0.0, 0.0, 0.0, 0.0, 0.0, 0.324954517, 0.175045483, 0.0, 0.0, 0.0, 0.0, 0.0, 0.0, 0.0, 0.0, 0.0, 0.0, 0.0, 0.0, 0.0, 0.0, 0.0, 0.0, 0.0, 0.0, 0.0, 0.0, 0.0, 0.0, 0.0, 0.0, 0.0, 0.0, 0.0, 0.0, 0.0, 0.0, 0.0, 0.0, 0.0, 0.0, 0.0, 0.0, 0.0, 0.0, 0.0, 0.0], "num_sources": 2, "seg_angles": 64, "input": [2.1454432515, 1.6677592028, 1.3826126221, 0.9450091106, 0.1855315637, 1.4216504242, 0.8351863802, 0.624009968, -0.0060535992, -0.0691743169, 0.3695389608, -0.047669772, -0.4863883199, -0.5722739051, 0.3775488235, -0.2460402726, -0.9756763622, -1.0777601053, -0.6484646304, 0.389870031, -0.8799272806, -1.4512127046, -1.5900118001, -1.2756353255, -1.017871944]}