{"source": [{"position": [47.80809262235048, 199.34740098584874], "counts": 500000.0}, {"position": [151.27720753652457, 241.53717411601733], "counts": 500000.0}], "output": [0.0, 0.0, 0.0, 0.0, 0.0, 0.0, 0.0, 0.0, 0.0, 0.0, 0.0, 0.0, 0.0, 0.0, 0.0, 0.0, 0.0, 0.0, 0.0, 0.0, 0.0, 0.0, 0.0, 0.0, 0.0, 0.0, 0.0, 0.0, 0.0, 0.0, 0.0, 0.0, 0.0, 0.0, 0.0, 0.0, 0.0, 0.0, 0.0, 0.0, 0.0, 0.0, 0.3497187174, 0.1502812826, 0.0, 0.1987683652, 0.3012316348, 0.0, 0.0, 0.0, 0.0, 0.0, 0.0, 0.0, 0.0, 0.0, 0.0, 0.0, 0.0, 0.0, 0.0, 0.0, 0.0, 0.0], "num_sources": 2, "seg_angles": 64, "input": [-1.6744284916, -1.4640122766, -1.4141410329, -0.8918756082, -0.0130338105, -1.238402391, -1.0566518827, -0.9682039644, -0.5184991463, 0.3090964022, -0.6286094595, -0.3832857554, -0.2612725554, -0.4025210515, 0.4224424077, 0.1205124962, 0.6664188631, 0.8230438081, 0.7023732738, 0.8836465319, 1.2078341121, 1.4693086567, 1.7136382751, 1.3959951794, 1.2006274197]}