{"source": [{"position": [-333.04795866687624, -25.200341819639455], "counts": 500000.0}, {"position": [69.32328227179974, 408.15472866924426], "counts": 500000.0}], "output": [0.1153701456, 0.3846298544, 0.0, 0.0, 0.0, 0.0, 0.0, 0.0, 0.0, 0.0, 0.0, 0.0, 0.0, 0.0, 0.0, 0.0, 0.0, 0.0, 0.0, 0.0, 0.0, 0.0, 0.0, 0.0, 0.0, 0.0, 0.0, 0.0, 0.0, 0.0, 0.0, 0.0, 0.0, 0.0, 0.0, 0.0, 0.0, 0.0, 0.0, 0.0, 0.0, 0.0, 0.0, 0.0, 0.0, 0.0, 0.3568397127, 0.1431602873, 0.0, 0.0, 0.0, 0.0, 0.0, 0.0, 0.0, 0.0, 0.0, 0.0, 0.0, 0.0, 0.0, 0.0, 0.0, 0.0], "num_sources": 2, "seg_angles": 64, "input": [0.015928979, -0.4391728047, -0.7962579539, -1.5501777816, -1.7201114814, 0.4420045312, 0.3504282762, -0.3665346361, -0.9191273866, -1.2667718316, 1.3988440514, 0.5643734405, -0.0834639022, -0.5495070857, -1.2443030772, 1.7751614266, 0.8838570694, 0.4178520166, 0.055828392, -1.0459073607, 1.8730253963, 1.1522957483, 1.2265790889, 0.2417154405, -0.4165585551]}