{"source": [{"position": [122.99762676651872, -0.7640744755330263], "counts": 500000.0}, {"position": [336.9093518268807, 334.83889954960597], "counts": 500000.0}], "output": [0.0, 0.0, 0.0, 0.0, 0.0, 0.0, 0.0, 0.0, 0.0, 0.0, 0.0, 0.0, 0.0, 0.0, 0.0, 0.0, 0.0, 0.0, 0.0, 0.0, 0.0, 0.0, 0.0, 0.0, 0.0, 0.0, 0.0, 0.0, 0.0, 0.0, 0.0, 0.0316375966, 0.4683624034, 0.0, 0.0, 0.0, 0.0, 0.0, 0.0, 0.0156973888, 0.4843026112, 0.0, 0.0, 0.0, 0.0, 0.0, 0.0, 0.0, 0.0, 0.0, 0.0, 0.0, 0.0, 0.0, 0.0, 0.0, 0.0, 0.0, 0.0, 0.0, 0.0, 0.0, 0.0, 0.0], "num_sources": 2, "seg_angles": 64, "input": [-1.5165329209, -1.164572799, -0.487466039, 0.1311230286, 1.3365630659, -1.3503010884, -0.8815275657, -0.221963468, 0.6286598008, 1.7752219507, -1.1570168774, -0.6069632214, -0.1151930663, 0.7823997296, 1.6805308422, -1.1159023628, -0.4265947616, 0.1548568804, 0.5604560425, 1.8832145596, -0.9593943039, -0.5012560236, -0.0161036541, 0.4733898793, 1.1143723723]}