{"source": [{"position": [98.58303772955607, 9.07660024529685], "counts": 500000.0}, {"position": [16.390954083742688, 258.48082448070426], "counts": 500000.0}], "output": [0.0, 0.0, 0.0, 0.0, 0.0, 0.0, 0.0, 0.0, 0.0, 0.0, 0.0, 0.0, 0.0, 0.0, 0.0, 0.0, 0.0, 0.0, 0.0, 0.0, 0.0, 0.0, 0.0, 0.0, 0.0, 0.0, 0.0, 0.0, 0.0, 0.0, 0.0, 0.0, 0.032406532, 0.467593468, 0.0, 0.0, 0.0, 0.0, 0.0, 0.0, 0.0, 0.0, 0.0, 0.0, 0.0, 0.0, 0.0, 0.3225261275, 0.1774738725, 0.0, 0.0, 0.0, 0.0, 0.0, 0.0, 0.0, 0.0, 0.0, 0.0, 0.0, 0.0, 0.0, 0.0, 0.0], "num_sources": 2, "seg_angles": 64, "input": [-1.7408235694, -1.2803148604, -0.8017436585, -0.2533904667, 0.7741101257, -1.3953144253, -0.8300388613, -0.3014171626, 0.491306098, 1.3255269529, -1.2064694068, -0.6680955769, 0.0103949956, 0.6286248513, 1.5485015187, -1.0271737964, -0.3808770842, 0.1265008836, 0.8648432678, 1.7495583134, -0.6294572327, -0.1338062957, 0.467589201, 0.8820688676, 1.7798973213]}