{"source": [{"position": [123.52252439673852, 136.3751662387883], "counts": 500000.0}, {"position": [-21.087970528104478, 347.36047198696315], "counts": 500000.0}], "output": [0.0, 0.0, 0.0, 0.0, 0.0, 0.0, 0.0, 0.0, 0.0, 0.0, 0.0, 0.0, 0.0, 0.0, 0.0, 0.0, 0.0, 0.0, 0.0, 0.0, 0.0, 0.0, 0.0, 0.0, 0.0, 0.0, 0.0, 0.0, 0.0, 0.0, 0.0, 0.0, 0.0, 0.0, 0.0, 0.0, 0.0, 0.0, 0.0, 0.0, 0.2483444938, 0.2516555062, 0.0, 0.0, 0.0, 0.0, 0.0, 0.0, 0.191189681, 0.308810319, 0.0, 0.0, 0.0, 0.0, 0.0, 0.0, 0.0, 0.0, 0.0, 0.0, 0.0, 0.0, 0.0, 0.0], "num_sources": 2, "seg_angles": 64, "input": [-1.7899704937, -1.4651007152, -1.1504674187, -0.8131303621, 0.0575953826, -1.3247357549, -1.0841178663, -0.8453621667, -0.4285157735, 0.5308542143, -0.7650178657, -0.5457677769, -0.3536889263, 0.0421598956, 0.4479002978, -0.1671995439, 0.366798503, 0.5321005176, 0.6634113509, 0.9079307285, 0.9985231335, 1.6490944632, 1.6879515431, 1.4834544036, 1.3653002301]}