{"source": [{"position": [367.52524040044057, -124.37522932078703], "counts": 500000.0}, {"position": [-226.48953298348835, 360.80256574603425], "counts": 500000.0}], "output": [0.0, 0.0, 0.0, 0.0, 0.0, 0.0, 0.0, 0.0, 0.0, 0.0, 0.0, 0.0, 0.0, 0.0, 0.0, 0.0, 0.0, 0.0, 0.0, 0.0, 0.0, 0.0, 0.0, 0.0, 0.0, 0.0, 0.0, 0.0, 0.1619088881, 0.3380911119, 0.0, 0.0, 0.0, 0.0, 0.0, 0.0, 0.0, 0.0, 0.0, 0.0, 0.0, 0.0, 0.0, 0.0, 0.0, 0.0, 0.0, 0.0, 0.0, 0.0, 0.0, 0.0, 0.0, 0.1450613396, 0.3549386604, 0.0, 0.0, 0.0, 0.0, 0.0, 0.0, 0.0, 0.0, 0.0], "num_sources": 2, "seg_angles": 64, "input": [0.8726058538, -0.3572904229, -0.7985647957, -1.0922595494, -0.3859395055, -0.8967919855, -0.9782846442, -0.997855544, -0.2478443023, 0.0465509341, -0.5373959544, -0.7750627207, -1.1783468939, -0.0754916846, 0.4874977899, -0.5611325717, -0.6121280977, 0.3075050492, 1.0801944984, 1.6206394021, -0.9139028941, 0.3143413172, 1.3137635412, 2.2929999425, 2.0721932381]}