{"source": [{"position": [-209.8464534100801, 8.029071628220805], "counts": 500000.0}, {"position": [111.51544487315164, 252.46842486683965], "counts": 500000.0}], "output": [0.3052300226, 0.0, 0.0, 0.0, 0.0, 0.0, 0.0, 0.0, 0.0, 0.0, 0.0, 0.0, 0.0, 0.0, 0.0, 0.0, 0.0, 0.0, 0.0, 0.0, 0.0, 0.0, 0.0, 0.0, 0.0, 0.0, 0.0, 0.0, 0.0, 0.0, 0.0, 0.0, 0.0, 0.0, 0.0, 0.0, 0.0, 0.0, 0.0, 0.0, 0.0, 0.0, 0.0, 0.1183177302, 0.3816822698, 0.0, 0.0, 0.0, 0.0, 0.0, 0.0, 0.0, 0.0, 0.0, 0.0, 0.0, 0.0, 0.0, 0.0, 0.0, 0.0, 0.0, 0.0, 0.1947699774], "num_sources": 2, "seg_angles": 64, "input": [0.2716134866, -0.5613205303, -1.4550288266, -1.8534410062, -1.207728369, 0.9435026216, 0.1573385233, -0.4853449171, -1.163421101, -0.9124289232, 1.2339933436, 0.5258784574, -0.1995436694, -0.8469799711, -0.8703547159, 1.1505790499, 1.6161905368, 0.180557401, -0.0255722798, -0.8108681928, 1.6912970311, 1.630593276, 0.8727076954, 0.1912889531, -0.0735078734]}