{"source": [{"position": [146.02672898763365, -67.80261367508031], "counts": 500000.0}, {"position": [261.30405358183646, 297.5503177308012], "counts": 500000.0}], "output": [0.0, 0.0, 0.0, 0.0, 0.0, 0.0, 0.0, 0.0, 0.0, 0.0, 0.0, 0.0, 0.0, 0.0, 0.0, 0.0, 0.0, 0.0, 0.0, 0.0, 0.0, 0.0, 0.0, 0.0, 0.0, 0.0, 0.0, 0.2138860387, 0.2861139613, 0.0, 0.0, 0.0, 0.0, 0.0, 0.0, 0.0, 0.0, 0.0, 0.0, 0.0, 0.1701421294, 0.3298578706, 0.0, 0.0, 0.0, 0.0, 0.0, 0.0, 0.0, 0.0, 0.0, 0.0, 0.0, 0.0, 0.0, 0.0, 0.0, 0.0, 0.0, 0.0, 0.0, 0.0, 0.0, 0.0], "num_sources": 2, "seg_angles": 64, "input": [-0.4835289282, -0.0801191299, 0.0062514165, 0.4501421791, 1.3695535781, -1.4572470477, -0.9574750252, -0.4970318268, 0.4844658507, 1.7140846459, -1.6318583472, -0.834975324, -0.4508507558, 0.7990638327, 1.5807920794, -1.3531025986, -0.8070419341, -0.2964495996, 0.4402960734, 1.8374708984, -1.0815482598, -0.4711897258, -0.0895031013, 0.4909294699, 1.3188715799]}