{"source": [{"position": [-31.399802041535178, 141.55936009940285], "counts": 500000.0}, {"position": [-128.0082988352784, -205.37252841920719], "counts": 500000.0}], "output": [0.0, 0.0, 0.0, 0.0, 0.0, 0.0, 0.0, 0.0, 0.0, 0.0, 0.3386850855, 0.1613149145, 0.0, 0.0, 0.0, 0.0, 0.0, 0.0, 0.0, 0.0, 0.0, 0.0, 0.0, 0.0, 0.0, 0.0, 0.0, 0.0, 0.0, 0.0, 0.0, 0.0, 0.0, 0.0, 0.0, 0.0, 0.0, 0.0, 0.0, 0.0, 0.0, 0.0, 0.0, 0.0, 0.0, 0.0, 0.0, 0.0, 0.0, 0.0, 0.388311168, 0.111688832, 0.0, 0.0, 0.0, 0.0, 0.0, 0.0, 0.0, 0.0, 0.0, 0.0, 0.0, 0.0], "num_sources": 2, "seg_angles": 64, "input": [0.0139211139, -0.4305700921, -0.7482066846, -0.5815535463, -1.3403891795, 0.4138495259, -0.7270881467, -1.0520268816, -0.8261825667, -1.7568939385, 0.9381792397, -0.1623623478, -0.4205928196, -0.4699486781, -1.5314497988, 1.4134581766, 0.5264974413, 0.541168957, 0.3497363287, -0.609821441, 1.7935273533, 1.9648698943, 1.0948339691, 1.1672837884, 0.4397603333]}