{"source": [{"position": [-153.38776743905603, 84.24483841792363], "counts": 500000.0}, {"position": [-113.33165322144207, 36.28961804834549], "counts": 500000.0}], "output": [0.0, 0.0, 0.0, 0.0, 0.0, 0.0, 0.0, 0.0, 0.0, 0.0, 0.0, 0.0, 0.0, 0.0, 0.0, 0.0, 0.0, 0.0, 0.0, 0.0, 0.0, 0.0, 0.0, 0.0, 0.0, 0.0, 0.0, 0.0, 0.0, 0.0, 0.0, 0.0, 0.0, 0.0, 0.0, 0.0, 0.0, 0.0, 0.0, 0.0, 0.0, 0.0, 0.0, 0.0, 0.0, 0.0, 0.0, 0.0, 0.0, 0.0, 0.0, 0.0, 0.0, 0.0, 0.0, 0.0, 0.0, 0.0, 0.057939364, 0.442060636, 0.0782615995, 0.4217384005, 0.0, 0.0], "num_sources": 2, "seg_angles": 64, "input": [1.0515483521, 0.2203482439, -0.5826488652, -1.2694353882, -1.7160104496, 1.6579137487, 0.612606745, -0.2225253318, -0.9715690017, -1.559427593, 1.5449531747, 0.5033763173, -0.1862390228, -0.9171929442, -1.4441492994, 1.49317825, 0.6630276092, -0.2397831549, -0.5099905379, -1.0927885311, 1.2256895969, 0.7472698028, 0.5075680791, 0.5441934246, -0.0599132242]}