{"source": [{"position": [-217.3335337163862, 188.97125475147917], "counts": 500000.0}, {"position": [-386.92999651594187, -62.84248400702503], "counts": 500000.0}], "output": [0.0, 0.1799970729, 0.3200029271, 0.0, 0.0, 0.0, 0.0, 0.0, 0.0, 0.0, 0.0, 0.0, 0.0, 0.0, 0.0, 0.0, 0.0, 0.0, 0.0, 0.0, 0.0, 0.0, 0.0, 0.0, 0.0, 0.0, 0.0, 0.0, 0.0, 0.0, 0.0, 0.0, 0.0, 0.0, 0.0, 0.0, 0.0, 0.0, 0.0, 0.0, 0.0, 0.0, 0.0, 0.0, 0.0, 0.0, 0.0, 0.0, 0.0, 0.0, 0.0, 0.0, 0.0, 0.0, 0.0, 0.0, 0.1450596535, 0.3549403465, 0.0, 0.0, 0.0, 0.0, 0.0, 0.0], "num_sources": 2, "seg_angles": 64, "input": [1.163492225, -0.0511171195, -0.8140804457, -1.152074874, -1.42188966, 1.6680788814, 0.4765506698, -0.7948619647, -1.1644263404, -1.718235378, 1.5915995351, 0.4986685391, -0.2220462653, -0.9489689534, -1.2661873301, 1.5248302026, 0.4325587049, 0.0022915777, -0.1436394636, -0.7268689022, 1.3432631632, 0.952859208, 0.7060102163, 0.2236047202, -0.1594109465]}