{"source": [{"position": [104.4032403226108, 299.3141550447275], "counts": 500000.0}, {"position": [-27.53179431053819, 41.73727712779329], "counts": 500000.0}], "output": [0.0, 0.0, 0.0, 0.0, 0.0, 0.0, 0.0, 0.0, 0.0, 0.0, 0.0, 0.0, 0.0, 0.0, 0.0, 0.0, 0.0, 0.0, 0.0, 0.0, 0.0, 0.0, 0.0, 0.0, 0.0, 0.0, 0.0, 0.0, 0.0, 0.0, 0.0, 0.0, 0.0, 0.0, 0.0, 0.0, 0.0, 0.0, 0.0, 0.0, 0.0, 0.0, 0.0, 0.0, 0.2092615152, 0.2907384848, 0.0, 0.0, 0.0, 0.0, 0.0, 0.0, 0.0, 0.03016459, 0.46983541, 0.0, 0.0, 0.0, 0.0, 0.0, 0.0, 0.0, 0.0, 0.0], "num_sources": 2, "seg_angles": 64, "input": [0.2717009385, -0.9330242042, -1.3740308064, -1.5978238536, -1.5607843023, 0.5215995088, -0.420114381, -0.9680370991, -1.1222980124, -1.1627499777, 0.6405447886, -0.2209679221, -0.3474605426, -0.4510097995, -0.6584344597, 0.9169443647, 0.4473122593, 0.3704876317, 0.2875566559, 0.148006146, 1.3351894235, 1.6489337823, 1.6443485256, 1.5542155108, 1.0298958247]}