{"source": [{"position": [-277.72793263123435, 347.69554992317717], "counts": 500000.0}, {"position": [54.57725945078925, 166.27183390713304], "counts": 500000.0}], "output": [0.0, 0.0, 0.0, 0.0, 0.0, 0.0, 0.0, 0.0, 0.0, 0.0, 0.0, 0.0, 0.0, 0.0, 0.0, 0.0, 0.0, 0.0, 0.0, 0.0, 0.0, 0.0, 0.0, 0.0, 0.0, 0.0, 0.0, 0.0, 0.0, 0.0, 0.0, 0.0, 0.0, 0.0, 0.0, 0.0, 0.0, 0.0, 0.0, 0.0, 0.0, 0.0, 0.0, 0.0, 0.1152857622, 0.3847142378, 0.0, 0.0, 0.0, 0.0, 0.0, 0.0, 0.0, 0.0, 0.0674021382, 0.4325978618, 0.0, 0.0, 0.0, 0.0, 0.0, 0.0, 0.0, 0.0], "num_sources": 2, "seg_angles": 64, "input": [-1.0049002566, -1.2863876779, -1.461820498, -1.491554613, -0.6948493236, -0.3925019213, -0.7371547678, -1.0030433346, -1.1538591359, -0.4491678696, -0.0976491463, -0.1704258641, -0.3362232894, -0.5203864728, -0.0655194499, 0.6480973273, 0.7362814373, 0.7755652994, 0.7229552447, 0.4521648047, 1.5489686338, 1.707974723, 1.5096655118, 1.6288191429, 1.134951496]}