{"source": [{"position": [-202.55367151793234, 159.79990661638564], "counts": 500000.0}, {"position": [223.75875291060314, 145.67436458036005], "counts": 500000.0}], "output": [0.0, 0.0, 0.0, 0.0, 0.0, 0.0, 0.0, 0.0, 0.0, 0.0, 0.0, 0.0, 0.0, 0.0, 0.0, 0.0, 0.0, 0.0, 0.0, 0.0, 0.0, 0.0, 0.0, 0.0, 0.0, 0.0, 0.0, 0.0, 0.0, 0.0, 0.0, 0.0, 0.0, 0.0, 0.0, 0.0, 0.0, 0.0608478974, 0.4391521026, 0.0, 0.0, 0.0, 0.0, 0.0, 0.0, 0.0, 0.0, 0.0, 0.0, 0.0, 0.0, 0.0, 0.0, 0.0, 0.0, 0.0, 0.0, 0.4018520162, 0.0981479838, 0.0, 0.0, 0.0, 0.0, 0.0], "num_sources": 2, "seg_angles": 64, "input": [-0.3887425952, -1.2295016865, -1.618520205, -1.0407368868, -0.8850829576, -0.0845981373, -0.2984624918, -1.2612175073, -0.9557337082, 0.0193074044, -0.0172216392, -0.5478515831, -0.8244622255, -0.67037496, 0.2349707899, 0.6042522853, -0.0197036867, -0.3549369264, 0.3201871576, 0.8466525613, 1.3676421037, 1.6433561498, 1.6606233679, 1.734449928, 1.7657054489]}