{"source": [{"position": [248.83437962213506, 382.1222991635887], "counts": 500000.0}, {"position": [-348.7581884372036, 215.56373998889507], "counts": 500000.0}], "output": [0.0, 0.0, 0.0, 0.0, 0.0, 0.0, 0.0, 0.0, 0.0, 0.0, 0.0, 0.0, 0.0, 0.0, 0.0, 0.0, 0.0, 0.0, 0.0, 0.0, 0.0, 0.0, 0.0, 0.0, 0.0, 0.0, 0.0, 0.0, 0.0, 0.0, 0.0, 0.0, 0.0, 0.0, 0.0, 0.0, 0.0, 0.0, 0.0, 0.0, 0.0, 0.0, 0.4397146129, 0.0602853871, 0.0, 0.0, 0.0, 0.0, 0.0, 0.0, 0.0, 0.0, 0.0, 0.0, 0.0, 0.0, 0.0, 0.0, 0.3195352666, 0.1804647334, 0.0, 0.0, 0.0, 0.0], "num_sources": 2, "seg_angles": 64, "input": [-0.5921409337, -1.1971901878, -1.3984357805, -1.5126062419, -0.6395567122, 0.4238193631, -0.4844237559, -0.9325851658, -1.1337836956, -0.6630592594, 0.5306677303, -0.0532964678, -0.2205358656, -1.0183863358, -0.0949194666, 0.8342119854, 0.3172578225, 0.3147753256, -0.4891366806, 0.0098512393, 1.9285463719, 1.6192290875, 1.6772143654, 1.251169911, 1.5233133472]}