{"source": [{"position": [73.60788845692788, 304.2217591772694], "counts": 500000.0}, {"position": [62.232117475839814, 124.29064145973851], "counts": 500000.0}], "output": [0.0, 0.0, 0.0, 0.0, 0.0, 0.0, 0.0, 0.0, 0.0, 0.0, 0.0, 0.0, 0.0, 0.0, 0.0, 0.0, 0.0, 0.0, 0.0, 0.0, 0.0, 0.0, 0.0, 0.0, 0.0, 0.0, 0.0, 0.0, 0.0, 0.0, 0.0, 0.0, 0.0, 0.0, 0.0, 0.0, 0.0, 0.0, 0.0, 0.0, 0.0, 0.0, 0.0, 0.3641823682, 0.1358176318, 0.2090296304, 0.2909703696, 0.0, 0.0, 0.0, 0.0, 0.0, 0.0, 0.0, 0.0, 0.0, 0.0, 0.0, 0.0, 0.0, 0.0, 0.0, 0.0, 0.0], "num_sources": 2, "seg_angles": 64, "input": [-1.6488789803, -1.447032294, -1.3066949831, -1.1548571483, -0.0090787092, -1.2080993299, -1.1438319964, -0.9703393448, -0.6498932022, 0.5229139928, -0.5436782695, -0.3312291789, -0.3424358076, -0.1466924988, 0.4241382036, 0.1634284564, 0.549443744, 0.6887699135, 0.7261088, 0.802025201, 1.1395822113, 1.4794628126, 1.6063497093, 1.5647733376, 1.2357453608]}