{"source": [{"position": [-31.663514802827862, -77.8037391796249], "counts": 500000.0}, {"position": [102.20836038807148, -66.61419568516985], "counts": 500000.0}], "output": [0.0, 0.0, 0.0, 0.0, 0.0, 0.0, 0.0, 0.0, 0.0, 0.0, 0.0, 0.0, 0.4684156533, 0.0315843467, 0.0, 0.0, 0.0, 0.0, 0.0, 0.0, 0.0, 0.0, 0.0, 0.0, 0.0, 0.0, 0.4417117775, 0.0582882225, 0.0, 0.0, 0.0, 0.0, 0.0, 0.0, 0.0, 0.0, 0.0, 0.0, 0.0, 0.0, 0.0, 0.0, 0.0, 0.0, 0.0, 0.0, 0.0, 0.0, 0.0, 0.0, 0.0, 0.0, 0.0, 0.0, 0.0, 0.0, 0.0, 0.0, 0.0, 0.0, 0.0, 0.0, 0.0, 0.0], "num_sources": 2, "seg_angles": 64, "input": [1.2773755325, 1.684795611, 1.676066035, 1.6927528382, 1.5101346602, 0.0921081878, 0.4044351496, 0.2997566998, 0.6682124853, 0.8284803923, -0.3860569728, -0.6879428392, -0.3734392749, 0.0646143522, 0.2202840569, -0.5946628199, -1.2853885996, -0.9424101143, -0.4433192893, -0.0586719899, -0.6660167204, -1.6462486377, -1.5040633755, -1.2150802115, -0.6157151558]}