{"source": [{"position": [-151.9607242412267, -80.57256535621696], "counts": 500000.0}, {"position": [-94.69978111351817, 303.57198727328546], "counts": 500000.0}], "output": [0.0, 0.0, 0.0, 0.0, 0.017029783, 0.482970217, 0.0, 0.0, 0.0, 0.0, 0.0, 0.0, 0.0, 0.0, 0.0, 0.0, 0.0, 0.0, 0.0, 0.0, 0.0, 0.0, 0.0, 0.0, 0.0, 0.0, 0.0, 0.0, 0.0, 0.0, 0.0, 0.0, 0.0, 0.0, 0.0, 0.0, 0.0, 0.0, 0.0, 0.0, 0.0, 0.0, 0.0, 0.0, 0.0, 0.0, 0.0, 0.0, 0.0, 0.0, 0.0, 0.4599647085, 0.0400352915, 0.0, 0.0, 0.0, 0.0, 0.0, 0.0, 0.0, 0.0, 0.0, 0.0, 0.0], "num_sources": 2, "seg_angles": 64, "input": [1.1606246028, 0.1246303505, 0.0718564628, -0.1691052953, -0.4027935496, 1.6196282455, 0.0480882786, -0.7083054642, -1.030154573, -1.6004140037, 1.4002893847, 0.561065874, -0.464702855, -1.075798506, -1.8475467724, 1.6668843325, 0.8472960291, -0.0344766304, -0.3061489488, -1.2953831887, 1.688065486, 0.8573233308, 0.1078149275, -0.5065555082, -0.7121820096]}