{"source": [{"position": [14.734258525261158, -23.809696044065088], "counts": 500000.0}, {"position": [-282.78086253492467, 384.14057815336827], "counts": 500000.0}], "output": [0.0, 0.0, 0.0, 0.0, 0.0, 0.0, 0.0, 0.0, 0.0, 0.0, 0.0, 0.0, 0.0, 0.0, 0.0, 0.0, 0.0, 0.0, 0.0, 0.0, 0.0, 0.1777203102, 0.3222796898, 0.0, 0.0, 0.0, 0.0, 0.0, 0.0, 0.0, 0.0, 0.0, 0.0, 0.0, 0.0, 0.0, 0.0, 0.0, 0.0, 0.0, 0.0, 0.0, 0.0, 0.0, 0.0, 0.0, 0.0, 0.0, 0.0, 0.0, 0.0, 0.0, 0.0, 0.0, 0.2681569862, 0.2318430138, 0.0, 0.0, 0.0, 0.0, 0.0, 0.0, 0.0, 0.0], "num_sources": 2, "seg_angles": 64, "input": [1.0955860869, 1.5225102872, 1.5374024152, 1.5244961565, 1.3926794543, 0.0652676918, 0.3927055453, 0.4597835365, 0.3906193947, 0.9113258704, -0.71971281, -0.5372327644, -0.4374520791, -0.2781178017, 0.7549262286, -1.2965848094, -1.1113813175, -0.8996410677, -0.5577901712, 0.7306133808, -1.5914594899, -1.4833950751, -1.3391233, -0.8201507862, 0.294125424]}