{"source": [{"position": [303.7539665059337, -187.5700611289341], "counts": 500000.0}, {"position": [60.96716485715747, -243.48306883494016], "counts": 500000.0}], "output": [0.0, 0.0, 0.0, 0.0, 0.0, 0.0, 0.0, 0.0, 0.0, 0.0, 0.0, 0.0, 0.0, 0.0, 0.0, 0.0, 0.0, 0.0, 0.2504363415, 0.2495636585, 0.0, 0.0, 0.0, 0.0, 0.0, 0.0, 0.317386797, 0.182613203, 0.0, 0.0, 0.0, 0.0, 0.0, 0.0, 0.0, 0.0, 0.0, 0.0, 0.0, 0.0, 0.0, 0.0, 0.0, 0.0, 0.0, 0.0, 0.0, 0.0, 0.0, 0.0, 0.0, 0.0, 0.0, 0.0, 0.0, 0.0, 0.0, 0.0, 0.0, 0.0, 0.0, 0.0, 0.0, 0.0], "num_sources": 2, "seg_angles": 64, "input": [0.8533351803, 1.3618336475, 1.3484091193, 1.7147803437, 1.4027655187, -0.2392519471, 0.1922978596, 0.5867848433, 0.7045479642, 1.073990399, -1.0349119313, -0.5614880901, -0.1941926042, 0.2530136182, 0.7285429462, -1.4846884197, -1.1060924052, -0.5266524666, -0.2834385785, 0.5108453166, -1.7989312532, -1.4444170379, -1.2457874765, -0.8140724374, 0.0027778911]}