{"source": [{"position": [215.25451641416745, -204.63258089391073], "counts": 500000.0}, {"position": [-19.670463102967872, 34.829195817801754], "counts": 500000.0}], "output": [0.0, 0.0, 0.0, 0.0, 0.0, 0.0, 0.0, 0.0, 0.0, 0.0, 0.0, 0.0, 0.0, 0.0, 0.0, 0.0, 0.0, 0.0, 0.0, 0.0, 0.0, 0.0, 0.0, 0.0, 0.3711902832, 0.1288097168, 0.0, 0.0, 0.0, 0.0, 0.0, 0.0, 0.0, 0.0, 0.0, 0.0, 0.0, 0.0, 0.0, 0.0, 0.0, 0.0, 0.0, 0.0, 0.0, 0.0, 0.0, 0.0, 0.0, 0.0, 0.0, 0.0, 0.0, 0.3816505905, 0.1183494095, 0.0, 0.0, 0.0, 0.0, 0.0, 0.0, 0.0, 0.0, 0.0], "num_sources": 2, "seg_angles": 64, "input": [0.4420467259, -0.8626150819, -1.3462924885, -1.3613182201, -1.6612683183, 0.6100770179, -0.5932056793, -0.9990094661, -1.0550709479, -1.2562481246, 0.7550352278, -0.4558292225, -0.414356489, -0.5064761392, -0.6765434522, 0.6076295298, 0.3694183002, 0.4452831635, 0.4638921851, 0.2498728805, 1.2590393388, 1.5936699372, 1.4123029378, 1.580841696, 1.399124689]}