{"source": [{"position": [-273.92107085122564, -386.8374942320326], "counts": 500000.0}, {"position": [-202.09338674711375, -73.37072326944518], "counts": 500000.0}], "output": [0.0, 0.0, 0.0, 0.2263459047, 0.2736540953, 0.0, 0.0, 0.0, 0.0, 0.1379957564, 0.3620042436, 0.0, 0.0, 0.0, 0.0, 0.0, 0.0, 0.0, 0.0, 0.0, 0.0, 0.0, 0.0, 0.0, 0.0, 0.0, 0.0, 0.0, 0.0, 0.0, 0.0, 0.0, 0.0, 0.0, 0.0, 0.0, 0.0, 0.0, 0.0, 0.0, 0.0, 0.0, 0.0, 0.0, 0.0, 0.0, 0.0, 0.0, 0.0, 0.0, 0.0, 0.0, 0.0, 0.0, 0.0, 0.0, 0.0, 0.0, 0.0, 0.0, 0.0, 0.0, 0.0, 0.0], "num_sources": 2, "seg_angles": 64, "input": [1.402369915, 0.6561074613, 0.7095830684, 0.8105668359, 0.2766223926, 1.4954139473, 0.6160581255, 0.0485033244, -0.4570828377, -0.7969067215, 1.6068831927, 0.4319038162, -0.4122761092, -0.7314553693, -1.3061859841, 1.4055011064, 0.3633848766, -0.5311553678, -1.0873153669, -1.6371233307, 1.0584516318, -0.0135156501, -0.9202637649, -1.3521370364, -1.6359321551]}