{"source": [{"position": [-270.10674532522097, -268.70680328159955], "counts": 500000.0}, {"position": [-51.075311557660676, 114.089055344007], "counts": 500000.0}], "output": [0.0, 0.0, 0.0, 0.0, 0.0, 0.0, 0.0, 0.0132324628, 0.4867675372, 0.0, 0.0, 0.0, 0.0, 0.0, 0.0, 0.0, 0.0, 0.0, 0.0, 0.0, 0.0, 0.0, 0.0, 0.0, 0.0, 0.0, 0.0, 0.0, 0.0, 0.0, 0.0, 0.0, 0.0, 0.0, 0.0, 0.0, 0.0, 0.0, 0.0, 0.0, 0.0, 0.0, 0.0, 0.0, 0.0, 0.0, 0.0, 0.0, 0.0, 0.0, 0.0, 0.0, 0.3562599332, 0.1437400668, 0.0, 0.0, 0.0, 0.0, 0.0, 0.0, 0.0, 0.0, 0.0, 0.0], "num_sources": 2, "seg_angles": 64, "input": [0.6160472782, -0.8933025246, -1.1112405169, -1.1880322297, -1.3037776806, 0.7873565833, -0.5639324361, -0.8739508276, -1.1686625123, -1.4649777872, 1.2007979115, -0.0954963123, -0.4975535066, -0.3717094961, -1.0664986642, 1.1581915897, 0.6127331493, 0.2134039273, 0.0169700473, -0.5186323976, 1.4222870362, 1.8480551579, 1.3848137036, 1.225644779, 0.6314657283]}