{"source": [{"position": [-52.31245181680144, -261.8251465862568], "counts": 500000.0}, {"position": [-15.35839595727714, -49.68017384852325], "counts": 500000.0}], "output": [0.0, 0.0, 0.0, 0.0, 0.0, 0.0, 0.0, 0.0, 0.0, 0.0, 0.0, 0.0, 0.0270001849, 0.4773437191, 0.495656096, 0.0, 0.0, 0.0, 0.0, 0.0, 0.0, 0.0, 0.0, 0.0, 0.0, 0.0, 0.0, 0.0, 0.0, 0.0, 0.0, 0.0, 0.0, 0.0, 0.0, 0.0, 0.0, 0.0, 0.0, 0.0, 0.0, 0.0, 0.0, 0.0, 0.0, 0.0, 0.0, 0.0, 0.0, 0.0, 0.0, 0.0, 0.0, 0.0, 0.0, 0.0, 0.0, 0.0, 0.0, 0.0, 0.0, 0.0, 0.0, 0.0], "num_sources": 2, "seg_angles": 64, "input": [1.2382351334, 1.6900791104, 1.519455317, 1.7506610816, 1.2111137098, 0.6838627692, 0.740960442, 0.6357753695, 0.8139066903, 0.185183212, 0.10760548, -0.1050793393, -0.2174791782, -0.1976325135, -0.5293219985, -0.0586935056, -0.7480951212, -0.8025994299, -0.8734065287, -1.0781613842, -0.3108511291, -1.3008663491, -1.363482254, -1.427710416, -1.563459168]}