{"source": [{"position": [-87.98106926527007, -1.8252262708370222], "counts": 500000.0}, {"position": [-270.4911655663148, -418.13697438826966], "counts": 500000.0}], "output": [0.3943583216, 0.1056416784, 0.0, 0.0, 0.0, 0.0, 0.0, 0.0, 0.0, 0.0, 0.4243261684, 0.0756738316, 0.0, 0.0, 0.0, 0.0, 0.0, 0.0, 0.0, 0.0, 0.0, 0.0, 0.0, 0.0, 0.0, 0.0, 0.0, 0.0, 0.0, 0.0, 0.0, 0.0, 0.0, 0.0, 0.0, 0.0, 0.0, 0.0, 0.0, 0.0, 0.0, 0.0, 0.0, 0.0, 0.0, 0.0, 0.0, 0.0, 0.0, 0.0, 0.0, 0.0, 0.0, 0.0, 0.0, 0.0, 0.0, 0.0, 0.0, 0.0, 0.0, 0.0, 0.0, 0.0], "num_sources": 2, "seg_angles": 64, "input": [1.3713272449, 0.6705924205, -0.1360738669, -0.6648528697, -1.1639182773, 1.7925543967, 0.7298769014, -0.0146219809, -0.5711856224, -1.137536366, 1.6518100755, 0.7098237333, -0.0645267386, -0.6216607701, -1.0805967991, 1.5647193088, 0.6102096576, -0.2551610189, -0.5964543103, -1.2294581907, 1.4391257891, 0.1985423433, -0.6251956884, -1.0420913114, -1.5352480603]}