{"source": [{"position": [-246.54417948445925, 56.78879785956706], "counts": 500000.0}, {"position": [-418.20306548127894, -25.830137863764932], "counts": 500000.0}], "output": [0.1858346566, 0.3141653434, 0.0, 0.0, 0.0, 0.0, 0.0, 0.0, 0.0, 0.0, 0.0, 0.0, 0.0, 0.0, 0.0, 0.0, 0.0, 0.0, 0.0, 0.0, 0.0, 0.0, 0.0, 0.0, 0.0, 0.0, 0.0, 0.0, 0.0, 0.0, 0.0, 0.0, 0.0, 0.0, 0.0, 0.0, 0.0, 0.0, 0.0, 0.0, 0.0, 0.0, 0.0, 0.0, 0.0, 0.0, 0.0, 0.0, 0.0, 0.0, 0.0, 0.0, 0.0, 0.0, 0.0, 0.0, 0.0, 0.0, 0.0, 0.0, 0.0, 0.1529976329, 0.3470023671, 0.0], "num_sources": 2, "seg_angles": 64, "input": [1.3031485061, 0.1915539477, -0.5291867685, -1.0077847138, -1.4467234908, 1.6979840784, 0.6826226728, -0.2214056234, -0.7845542504, -1.4257869297, 1.6695367076, 0.9451025527, 0.1240517469, -0.6325069158, -1.3194068015, 1.6274136984, 0.7723763725, -0.0313534981, -0.7079742541, -1.1701093956, 1.3396009821, 0.3750841438, -0.101319527, -0.5766836054, -0.7736796349]}