{"source": [{"position": [-316.8216011018207, -240.89016807516003], "counts": 500000.0}, {"position": [-29.640371211217865, 262.3307995536574], "counts": 500000.0}], "output": [0.0, 0.0, 0.0, 0.0, 0.0, 0.0, 0.1891595867, 0.3108404133, 0.0, 0.0, 0.0, 0.0, 0.0, 0.0, 0.0, 0.0, 0.0, 0.0, 0.0, 0.0, 0.0, 0.0, 0.0, 0.0, 0.0, 0.0, 0.0, 0.0, 0.0, 0.0, 0.0, 0.0, 0.0, 0.0, 0.0, 0.0, 0.0, 0.0, 0.0, 0.0, 0.0, 0.0, 0.0, 0.0, 0.0, 0.0, 0.0, 0.0, 0.0, 0.4269843501, 0.0730156499, 0.0, 0.0, 0.0, 0.0, 0.0, 0.0, 0.0, 0.0, 0.0, 0.0, 0.0, 0.0, 0.0], "num_sources": 2, "seg_angles": 64, "input": [0.0619046433, -0.3171982655, -0.8997582782, -0.8573250735, -1.2500715946, 0.3856213957, -0.6085488099, -0.7946941106, -1.0720870817, -1.4212473471, 0.658404235, 0.1761615134, -0.2879705431, -0.7925706639, -1.190992319, 1.1478626085, 0.9502653125, 0.5757697716, -0.1511639469, -0.7598516146, 2.7541197358, 1.5699227032, 1.0321527392, 0.4702690805, 0.62102591]}