{"source": [{"position": [-163.97513137566503, -40.90423315909247], "counts": 500000.0}, {"position": [426.7075578315747, -166.38707909394074], "counts": 500000.0}], "output": [0.0, 0.0, 0.2549519946, 0.2450480054, 0.0, 0.0, 0.0, 0.0, 0.0, 0.0, 0.0, 0.0, 0.0, 0.0, 0.0, 0.0, 0.0, 0.0, 0.0, 0.0, 0.0, 0.0, 0.0, 0.0, 0.0, 0.0, 0.0, 0.0, 0.3935483556, 0.1064516444, 0.0, 0.0, 0.0, 0.0, 0.0, 0.0, 0.0, 0.0, 0.0, 0.0, 0.0, 0.0, 0.0, 0.0, 0.0, 0.0, 0.0, 0.0, 0.0, 0.0, 0.0, 0.0, 0.0, 0.0, 0.0, 0.0, 0.0, 0.0, 0.0, 0.0, 0.0, 0.0, 0.0, 0.0], "num_sources": 2, "seg_angles": 64, "input": [1.1961286912, 1.2356474664, 0.5129149434, 0.5600620763, 0.2196396457, 1.3018656599, 0.5201591816, -0.3827300292, -0.6810213908, -0.9908451441, 1.7801367823, 0.8782343228, 0.0300777472, -0.7146054498, -1.3133959228, 1.5791838661, 0.528437394, -0.5343935838, -0.6937242656, -1.3203808687, 0.7818246618, -0.4362575907, -1.0791929766, -1.479900944, -1.4978642726]}