{"source": [{"position": [-60.81915988041771, 348.7363327665189], "counts": 500000.0}, {"position": [-424.1492388929675, 147.30384633985764], "counts": 500000.0}], "output": [0.0, 0.0, 0.0, 0.0, 0.0, 0.0, 0.0, 0.0, 0.0, 0.0, 0.0, 0.0, 0.0, 0.0, 0.0, 0.0, 0.0, 0.0, 0.0, 0.0, 0.0, 0.0, 0.0, 0.0, 0.0, 0.0, 0.0, 0.0, 0.0, 0.0, 0.0, 0.0, 0.0, 0.0, 0.0, 0.0, 0.0, 0.0, 0.0, 0.0, 0.0, 0.0, 0.0, 0.0, 0.0, 0.0, 0.0, 0.0, 0.0, 0.1206388112, 0.3793611888, 0.0, 0.0, 0.0, 0.0, 0.0, 0.0, 0.0, 0.0, 0.0, 0.202376034, 0.297623966, 0.0, 0.0], "num_sources": 2, "seg_angles": 64, "input": [0.1222957479, -0.9230514004, -1.0922533581, -1.1672141422, -1.7035780554, 0.2499126393, -0.1547699653, -0.7412437076, -1.1398195143, -1.4717803063, 0.8344973161, 0.3021393542, -0.2940897256, -0.6470873013, -1.0401079336, 1.6429630066, 1.2925464814, 0.3031750434, 0.2054412414, -0.456700377, 1.5066710028, 1.1264240606, 1.459081164, 1.2273126204, 0.5592361089]}