{"source": [{"position": [31.386164336289408, -72.49764608768642], "counts": 500000.0}, {"position": [-285.5901351283085, 125.62752372547384], "counts": 500000.0}], "output": [0.0, 0.0, 0.0, 0.0, 0.0, 0.0, 0.0, 0.0, 0.0, 0.0, 0.0, 0.0, 0.0, 0.0, 0.0, 0.0, 0.0, 0.0, 0.0, 0.0, 0.4191934893, 0.0808065107, 0.0, 0.0, 0.0, 0.0, 0.0, 0.0, 0.0, 0.0, 0.0, 0.0, 0.0, 0.0, 0.0, 0.0, 0.0, 0.0, 0.0, 0.0, 0.0, 0.0, 0.0, 0.0, 0.0, 0.0, 0.0, 0.0, 0.0, 0.0, 0.0, 0.0, 0.0, 0.0, 0.0, 0.0, 0.0, 0.0, 0.0, 0.1105860301, 0.3894139699, 0.0, 0.0, 0.0], "num_sources": 2, "seg_angles": 64, "input": [1.5915526359, 1.6551347414, 1.4981441042, 1.4861269312, 0.9856714669, 0.4365086098, 0.9788467111, 0.6231048099, 0.3770278292, 0.5071464361, -0.4219451845, -0.227711682, -0.3634201789, -0.6139964142, 0.175133426, -0.7317804555, -0.8666729345, -1.043754919, -1.0297217852, 0.3049586767, -1.562921143, -1.332218441, -1.5576910654, -1.157436887, 0.2899147117]}