{"source": [{"position": [-122.30767064637199, 203.00205344049746], "counts": 500000.0}, {"position": [-210.32708597217893, -322.47095513619774], "counts": 500000.0}], "output": [0.0, 0.0, 0.0, 0.0, 0.0, 0.0, 0.0, 0.0, 0.0, 0.0, 0.4434513523, 0.0565486477, 0.0, 0.0, 0.0, 0.0, 0.0, 0.0, 0.0, 0.0, 0.0, 0.0, 0.0, 0.0, 0.0, 0.0, 0.0, 0.0, 0.0, 0.0, 0.0, 0.0, 0.0, 0.0, 0.0, 0.0, 0.0, 0.0, 0.0, 0.0, 0.0, 0.0, 0.0, 0.0, 0.0, 0.0, 0.0, 0.0, 0.0, 0.0, 0.0, 0.0, 0.0, 0.238333987, 0.261666013, 0.0, 0.0, 0.0, 0.0, 0.0, 0.0, 0.0, 0.0, 0.0], "num_sources": 2, "seg_angles": 64, "input": [1.4448160607, 0.2118549112, -0.3796024127, -0.9036737001, -1.4494000051, 1.7637833384, -0.5022544749, -0.774791579, -1.1333873732, -1.5092860891, 1.4024097508, -0.5550886917, -0.5303163664, -0.7416986023, -1.2228913777, 1.5241901562, 0.2805009495, -0.2332873882, -0.2311984452, -0.4271860047, 1.7187552881, 1.0131278284, 0.7903588369, 0.5978599916, -0.1535946016]}