{"source": [{"position": [-97.55869488130986, 164.20505793992913], "counts": 500000.0}, {"position": [408.16477439500693, 80.35867683749586], "counts": 500000.0}], "output": [0.0, 0.0, 0.0, 0.0, 0.0, 0.0, 0.0, 0.0, 0.0, 0.0, 0.0, 0.0, 0.0, 0.0, 0.0, 0.0, 0.0, 0.0, 0.0, 0.0, 0.0, 0.0, 0.0, 0.0, 0.0, 0.0, 0.0, 0.0, 0.0, 0.0, 0.0, 0.0, 0.0, 0.0099703275, 0.4900296725, 0.0, 0.0, 0.0, 0.0, 0.0, 0.0, 0.0, 0.0, 0.0, 0.0, 0.0, 0.0, 0.0, 0.0, 0.0, 0.0, 0.0, 0.0, 0.2697155875, 0.2302844125, 0.0, 0.0, 0.0, 0.0, 0.0, 0.0, 0.0, 0.0, 0.0], "num_sources": 2, "seg_angles": 64, "input": [-0.6277218581, -1.445111725, -1.6453786796, -1.3343301379, -1.3106862976, -0.0829281052, -0.8415668615, -0.8025717312, -0.8508393798, -0.738394613, 0.1240974541, -0.3757565794, -0.3642380439, 0.0782848927, -0.1393925132, 0.5733722946, 0.27963768, 0.3809983513, 0.7081024652, 0.9520285888, 1.1115203121, 1.4836664041, 1.4846423675, 1.8448080808, 1.5377576342]}