{"source": [{"position": [-423.0658225279174, -159.12042549206774], "counts": 500000.0}, {"position": [142.92225322423894, -76.2707646041818], "counts": 500000.0}], "output": [0.0, 0.0, 0.0, 0.1678295622, 0.3321704378, 0.0, 0.0, 0.0, 0.0, 0.0, 0.0, 0.0, 0.0, 0.0, 0.0, 0.0, 0.0, 0.0, 0.0, 0.0, 0.0, 0.0, 0.0, 0.0, 0.0, 0.0, 0.0, 0.4965960602, 0.0034039398, 0.0, 0.0, 0.0, 0.0, 0.0, 0.0, 0.0, 0.0, 0.0, 0.0, 0.0, 0.0, 0.0, 0.0, 0.0, 0.0, 0.0, 0.0, 0.0, 0.0, 0.0, 0.0, 0.0, 0.0, 0.0, 0.0, 0.0, 0.0, 0.0, 0.0, 0.0, 0.0, 0.0, 0.0, 0.0], "num_sources": 2, "seg_angles": 64, "input": [0.7387524961, 0.9702573809, 1.2154366782, 1.3897394592, 1.5430434207, -0.461152732, -0.6402022866, -0.6419535801, 0.3438705395, 1.4115180049, -0.8879116169, -0.9372242512, -0.2524176609, 0.0829442764, 1.5794541407, -1.0335631241, -1.1715446502, -0.6069853672, 0.0386325518, 1.1146563946, -1.5338527116, -1.3363285903, -1.1250093208, -0.5591147688, 0.7589553177]}