{"source": [{"position": [65.60133797691142, -161.15974824886962], "counts": 500000.0}, {"position": [-352.43001305014957, -309.44157106224674], "counts": 500000.0}], "output": [0.0, 0.0, 0.0, 0.0, 0.0, 0.0, 0.0, 0.3303227651, 0.1696772349, 0.0, 0.0, 0.0, 0.0, 0.0, 0.0, 0.0, 0.0, 0.0, 0.0, 0.0311852605, 0.4688147395, 0.0, 0.0, 0.0, 0.0, 0.0, 0.0, 0.0, 0.0, 0.0, 0.0, 0.0, 0.0, 0.0, 0.0, 0.0, 0.0, 0.0, 0.0, 0.0, 0.0, 0.0, 0.0, 0.0, 0.0, 0.0, 0.0, 0.0, 0.0, 0.0, 0.0, 0.0, 0.0, 0.0, 0.0, 0.0, 0.0, 0.0, 0.0, 0.0, 0.0, 0.0, 0.0, 0.0], "num_sources": 2, "seg_angles": 64, "input": [1.119947966, 1.6579406144, 1.8321773187, 1.8534317011, 1.334617551, 0.1944809841, 0.7009513447, 0.4184050883, 0.5245484425, 0.5715468872, -0.210405692, -0.0746672477, -0.5478885657, -0.4476138977, 0.3101416624, -0.5989870721, -0.7725856755, -1.0001047421, -1.0656215712, -0.0536331913, -1.0608632903, -1.2496196397, -1.5181267456, -1.4813169808, -0.4367552485]}