{"source": [{"position": [-198.01017241685793, 189.3884146917287], "counts": 500000.0}, {"position": [287.3353596271181, 62.24460705920403], "counts": 500000.0}], "output": [0.0, 0.0, 0.0, 0.0, 0.0, 0.0, 0.0, 0.0, 0.0, 0.0, 0.0, 0.0, 0.0, 0.0, 0.0, 0.0, 0.0, 0.0, 0.0, 0.0, 0.0, 0.0, 0.0, 0.0, 0.0, 0.0, 0.0, 0.0, 0.0, 0.0, 0.0, 0.0, 0.0, 0.0, 0.4135152214, 0.0864847786, 0.0, 0.0, 0.0, 0.0, 0.0, 0.0, 0.0, 0.0, 0.0, 0.0, 0.0, 0.0, 0.0, 0.0, 0.0, 0.0, 0.0, 0.0, 0.0, 0.0, 0.3866722662, 0.1133277338, 0.0, 0.0, 0.0, 0.0, 0.0, 0.0], "num_sources": 2, "seg_angles": 64, "input": [-0.6728490828, -1.3653297605, -1.7050231374, -1.3540887729, -0.9715772447, -0.4287938751, -0.5121769274, -0.794481665, -0.4592040728, 0.1201076525, 0.0948742356, -0.3124936301, -0.4146303281, -0.0493748957, 0.3624555305, 0.0743195371, -0.8758406034, -0.1889836857, 0.7484564201, 1.2477586396, 0.9429956156, 1.4065111821, 1.0671750334, 1.7118161555, 2.3283776797]}