{"source": [{"position": [37.94413486543485, 103.24845097779284], "counts": 500000.0}, {"position": [139.12637162126848, 198.00972885063175], "counts": 500000.0}], "output": [0.0, 0.0, 0.0, 0.0, 0.0, 0.0, 0.0, 0.0, 0.0, 0.0, 0.0, 0.0, 0.0, 0.0, 0.0, 0.0, 0.0, 0.0, 0.0, 0.0, 0.0, 0.0, 0.0, 0.0, 0.0, 0.0, 0.0, 0.0, 0.0, 0.0, 0.0, 0.0, 0.0, 0.0, 0.0, 0.0, 0.0, 0.0, 0.0, 0.0, 0.0, 0.1193595412, 0.3806404588, 0.0, 0.2936480877, 0.2063519123, 0.0, 0.0, 0.0, 0.0, 0.0, 0.0, 0.0, 0.0, 0.0, 0.0, 0.0, 0.0, 0.0, 0.0, 0.0, 0.0, 0.0, 0.0], "num_sources": 2, "seg_angles": 64, "input": [-1.6652259331, -1.5104873804, -1.4121760482, -0.937077412, 0.141843371, -1.2445109419, -1.111896791, -0.8966976263, -0.6841991833, 0.4627399354, -0.7488052301, -0.3397914886, -0.2981553912, -0.1523976205, 0.6464965807, 0.1558171203, 0.6864505652, 0.6135073385, 0.5902872087, 0.7640449736, 1.144708725, 1.4674839877, 1.5588005561, 1.5314560837, 1.2377846007]}