{"source": [{"position": [164.4209906614521, 13.810786722944748], "counts": 500000.0}, {"position": [-435.38145093836573, 63.58452782559125], "counts": 500000.0}], "output": [0.0, 0.0, 0.0, 0.0, 0.0, 0.0, 0.0, 0.0, 0.0, 0.0, 0.0, 0.0, 0.0, 0.0, 0.0, 0.0, 0.0, 0.0, 0.0, 0.0, 0.0, 0.0, 0.0, 0.0, 0.0, 0.0, 0.0, 0.0, 0.0, 0.0, 0.0, 0.0, 0.0732112118, 0.4267887882, 0.0, 0.0, 0.0, 0.0, 0.0, 0.0, 0.0, 0.0, 0.0, 0.0, 0.0, 0.0, 0.0, 0.0, 0.0, 0.0, 0.0, 0.0, 0.0, 0.0, 0.0, 0.0, 0.0, 0.0, 0.0, 0.0, 0.0, 0.0, 0.2385708651, 0.2614291349], "num_sources": 2, "seg_angles": 64, "input": [-1.5925531873, -1.2724580522, -0.5957879863, 0.0726398395, 1.0639575231, -0.8270303521, -0.7007397171, -0.18223082, 0.6821962448, 2.0114895049, -1.1247049479, -0.2715996835, -0.5316009288, 0.4728139145, 1.7762458914, -1.0961922374, -0.2234989299, -0.197973017, 0.6132183475, 1.7984181431, -0.6012148393, -0.6990479601, -0.4745872676, 0.2978932695, 1.6023472479]}