{"source": [{"position": [313.76542346516663, -88.47179797949566], "counts": 500000.0}, {"position": [4.891285746425004, 79.8503307679237], "counts": 500000.0}], "output": [0.0, 0.0, 0.0, 0.0, 0.0, 0.0, 0.0, 0.0, 0.0, 0.0, 0.0, 0.0, 0.0, 0.0, 0.0, 0.0, 0.0, 0.0, 0.0, 0.0, 0.0, 0.0, 0.0, 0.0, 0.0, 0.0, 0.0, 0.0, 0.0, 0.3997112566, 0.1002887434, 0.0, 0.0, 0.0, 0.0, 0.0, 0.0, 0.0, 0.0, 0.0, 0.0, 0.0, 0.0, 0.0, 0.0, 0.0, 0.0, 0.3115832562, 0.1884167438, 0.0, 0.0, 0.0, 0.0, 0.0, 0.0, 0.0, 0.0, 0.0, 0.0, 0.0, 0.0, 0.0, 0.0, 0.0], "num_sources": 2, "seg_angles": 64, "input": [-1.3869068227, -1.1175907977, -1.2836365042, -1.1663559946, -0.964673823, -1.109885068, -0.7584309918, -0.7433591171, -0.5450444163, -0.5944819578, -0.7341936295, -0.2389279606, -0.0438822602, 0.0684503622, 0.0043174105, 0.2479564793, 0.4849623656, 0.7020056289, 0.798339923, 0.8602120665, 0.904582372, 1.2675364249, 1.5998311351, 2.0943177308, 1.6548574446]}