{"source": [{"position": [53.66778330379793, -79.59754415342591], "counts": 500000.0}, {"position": [-252.87995516714852, -249.15201840374678], "counts": 500000.0}], "output": [0.0, 0.0, 0.0, 0.0, 0.0, 0.0, 0.0, 0.0378180635, 0.4621819365, 0.0, 0.0, 0.0, 0.0, 0.0, 0.0, 0.0, 0.0, 0.0, 0.0, 0.0, 0.0, 0.0, 0.4787206663, 0.0212793337, 0.0, 0.0, 0.0, 0.0, 0.0, 0.0, 0.0, 0.0, 0.0, 0.0, 0.0, 0.0, 0.0, 0.0, 0.0, 0.0, 0.0, 0.0, 0.0, 0.0, 0.0, 0.0, 0.0, 0.0, 0.0, 0.0, 0.0, 0.0, 0.0, 0.0, 0.0, 0.0, 0.0, 0.0, 0.0, 0.0, 0.0, 0.0, 0.0, 0.0], "num_sources": 2, "seg_angles": 64, "input": [1.3301418038, 1.6064270627, 1.5731095563, 1.6927366638, 1.2145313516, 0.2224038384, 0.5031863944, 0.2178781621, 0.2400416167, 0.8831878954, -0.3803337294, -0.4001509052, -0.5934700686, -0.3967071701, 0.8600594169, -0.8093496226, -0.9163198188, -0.9835539823, -0.4572000783, 0.3857097394, -1.3789652176, -1.6316413052, -1.6363216129, -1.0062764354, -0.139123555]}