{"source": [{"position": [399.8107938773601, 188.45511162914912], "counts": 500000.0}, {"position": [230.4819583890009, 63.23817563126625], "counts": 500000.0}], "output": [0.0, 0.0, 0.0, 0.0, 0.0, 0.0, 0.0, 0.0, 0.0, 0.0, 0.0, 0.0, 0.0, 0.0, 0.0, 0.0, 0.0, 0.0, 0.0, 0.0, 0.0, 0.0, 0.0, 0.0, 0.0, 0.0, 0.0, 0.0, 0.0, 0.0, 0.0, 0.0, 0.0, 0.0, 0.136188291, 0.363811709, 0.2566800524, 0.2433199476, 0.0, 0.0, 0.0, 0.0, 0.0, 0.0, 0.0, 0.0, 0.0, 0.0, 0.0, 0.0, 0.0, 0.0, 0.0, 0.0, 0.0, 0.0, 0.0, 0.0, 0.0, 0.0, 0.0, 0.0, 0.0, 0.0], "num_sources": 2, "seg_angles": 64, "input": [-1.5339868486, -1.1295327482, -0.5148520798, 0.3016169833, 1.2567600862, -1.3900650587, -0.9275324662, -0.2314806454, 0.7264671348, 1.6984648861, -1.5363495698, -0.9095867036, -0.0978118182, 0.8918253566, 1.4936191499, -1.1745427143, -0.8626287471, -0.2371024856, 0.6530011515, 1.501124475, -0.1856508505, -0.0700562281, 0.4098021332, 0.6690511424, 1.1994464652]}