{"source": [{"position": [138.9074572632306, -235.01854887787846], "counts": 500000.0}, {"position": [46.354629378719515, -27.699247916893942], "counts": 500000.0}], "output": [0.0, 0.0, 0.0, 0.0, 0.0, 0.0, 0.0, 0.0, 0.0, 0.0, 0.0, 0.0, 0.0, 0.0, 0.0, 0.0, 0.0, 0.0, 0.0, 0.0, 0.0, 0.2813187314, 0.2186812686, 0.0, 0.0, 0.0, 0.2431523501, 0.2568476499, 0.0, 0.0, 0.0, 0.0, 0.0, 0.0, 0.0, 0.0, 0.0, 0.0, 0.0, 0.0, 0.0, 0.0, 0.0, 0.0, 0.0, 0.0, 0.0, 0.0, 0.0, 0.0, 0.0, 0.0, 0.0, 0.0, 0.0, 0.0, 0.0, 0.0, 0.0, 0.0, 0.0, 0.0, 0.0, 0.0], "num_sources": 2, "seg_angles": 64, "input": [0.5513411698, 0.8574840678, 0.9388259592, 0.9110016915, 1.3295306392, -0.6500873928, -0.2943823407, -0.1090408679, 0.4813450568, 1.5203981639, -1.3547013629, -0.8699707276, -0.4348097848, 0.2637309285, 1.4791996228, -1.538341284, -1.0764666692, -0.5113178911, 0.2210057774, 1.4060260826, -1.6833407411, -1.3905335087, -0.9356736468, -0.0696424399, 0.958419498]}