{"source": [{"position": [104.61102321934764, -343.42034567130867], "counts": 500000.0}, {"position": [-17.113640656372887, -27.039291845100916], "counts": 500000.0}], "output": [0.0, 0.0, 0.0, 0.0, 0.0, 0.0, 0.0, 0.0, 0.0, 0.0, 0.373816451, 0.126183549, 0.0, 0.0, 0.0, 0.0, 0.0, 0.0, 0.0, 0.4940864433, 0.0059135567, 0.0, 0.0, 0.0, 0.0, 0.0, 0.0, 0.0, 0.0, 0.0, 0.0, 0.0, 0.0, 0.0, 0.0, 0.0, 0.0, 0.0, 0.0, 0.0, 0.0, 0.0, 0.0, 0.0, 0.0, 0.0, 0.0, 0.0, 0.0, 0.0, 0.0, 0.0, 0.0, 0.0, 0.0, 0.0, 0.0, 0.0, 0.0, 0.0, 0.0, 0.0, 0.0, 0.0], "num_sources": 2, "seg_angles": 64, "input": [1.345442538, 1.4710690938, 1.6018991007, 1.4835370393, 1.0628645593, 0.9469626096, 0.5511528606, 0.4717516236, 0.4257992586, 0.049935065, 0.7463315049, -0.2214884028, -0.4095260194, -0.4360353783, -0.7544213132, 0.6816969177, -0.5518525065, -0.9430173633, -1.0515184756, -1.2456801791, 0.194333054, -0.8947398651, -1.4219617177, -1.5449317496, -1.5576022546]}