{"source": [{"position": [-258.18729165428584, 240.72457794796262], "counts": 500000.0}, {"position": [-358.76214101649015, -13.066222608853554], "counts": 500000.0}], "output": [0.3145949135, 0.1854050865, 0.0, 0.0, 0.0, 0.0, 0.0, 0.0, 0.0, 0.0, 0.0, 0.0, 0.0, 0.0, 0.0, 0.0, 0.0, 0.0, 0.0, 0.0, 0.0, 0.0, 0.0, 0.0, 0.0, 0.0, 0.0, 0.0, 0.0, 0.0, 0.0, 0.0, 0.0, 0.0, 0.0, 0.0, 0.0, 0.0, 0.0, 0.0, 0.0, 0.0, 0.0, 0.0, 0.0, 0.0, 0.0, 0.0, 0.0, 0.0, 0.0, 0.0, 0.0, 0.0, 0.0, 0.0, 0.3218110583, 0.1781889417, 0.0, 0.0, 0.0, 0.0, 0.0, 0.0], "num_sources": 2, "seg_angles": 64, "input": [1.3251069374, 0.0796550638, -0.755463227, -1.3537895087, -1.6245782753, 1.6687511896, 0.6375019281, -0.2667456462, -1.0307531239, -1.5720083466, 1.6660621583, 0.6512807211, -0.1970365198, -0.7087865282, -1.1274727169, 1.6132413662, 0.3449444735, -0.0218782499, -0.4663344761, -0.8205539409, 1.3505743281, 0.8813701882, 0.1434586179, -0.0269577628, -0.38958865]}