{"source": [{"position": [9.784426650105008, 159.70054788612566], "counts": 500000.0}, {"position": [226.85363843456517, 345.11798957602826], "counts": 500000.0}], "output": [0.0, 0.0, 0.0, 0.0, 0.0, 0.0, 0.0, 0.0, 0.0, 0.0, 0.0, 0.0, 0.0, 0.0, 0.0, 0.0, 0.0, 0.0, 0.0, 0.0, 0.0, 0.0, 0.0, 0.0, 0.0, 0.0, 0.0, 0.0, 0.0, 0.0, 0.0, 0.0, 0.0, 0.0, 0.0, 0.0, 0.0, 0.0, 0.0, 0.0, 0.0, 0.0, 0.4615820205, 0.0384179795, 0.0, 0.0, 0.0, 0.3116424184, 0.1883575816, 0.0, 0.0, 0.0, 0.0, 0.0, 0.0, 0.0, 0.0, 0.0, 0.0, 0.0, 0.0, 0.0, 0.0, 0.0], "num_sources": 2, "seg_angles": 64, "input": [-1.5745485863, -1.2142779445, -1.3444784897, -0.9096233496, -0.6907623383, -1.1919676609, -0.7865204615, -0.6946082516, -0.6473542354, -0.4006644786, -0.6404948106, -0.1092907444, -0.316040132, -0.1468920443, 0.1215954046, 0.0159896403, 0.8825422051, 0.6519218966, 0.4837263342, 0.7479671994, 1.3758652856, 1.7593462517, 1.823454682, 1.5230195915, 1.2820950367]}