{"source": [{"position": [85.45870758745454, -20.995458972881327], "counts": 500000.0}, {"position": [-284.4224850950645, -380.4324512608616], "counts": 500000.0}], "output": [0.0, 0.0, 0.0, 0.0, 0.0, 0.0, 0.0, 0.0, 0.0, 0.2695884825, 0.2304115175, 0.0, 0.0, 0.0, 0.0, 0.0, 0.0, 0.0, 0.0, 0.0, 0.0, 0.0, 0.0, 0.0, 0.0, 0.0, 0.0, 0.0, 0.0, 0.2269357213, 0.2730642787, 0.0, 0.0, 0.0, 0.0, 0.0, 0.0, 0.0, 0.0, 0.0, 0.0, 0.0, 0.0, 0.0, 0.0, 0.0, 0.0, 0.0, 0.0, 0.0, 0.0, 0.0, 0.0, 0.0, 0.0, 0.0, 0.0, 0.0, 0.0, 0.0, 0.0, 0.0, 0.0, 0.0], "num_sources": 2, "seg_angles": 64, "input": [-0.4044226235, 0.2334769465, 0.3675536894, 0.7099923016, 1.56608155, -1.1783334686, -0.8472063973, 0.1353004125, 0.815933446, 1.8435235578, -1.2485076613, -0.901598321, -0.3505879991, 0.5358753365, 1.7533256745, -1.2742230243, -0.7270059219, -0.428157204, 0.5148695985, 1.400874526, -1.5055096461, -1.0897807147, -0.9035338635, 0.085085804, 0.8969740022]}