{"source": [{"position": [48.493273665364086, 286.93100635730553], "counts": 500000.0}, {"position": [163.53422263106788, 348.5420462848812], "counts": 500000.0}], "output": [0.0, 0.0, 0.0, 0.0, 0.0, 0.0, 0.0, 0.0, 0.0, 0.0, 0.0, 0.0, 0.0, 0.0, 0.0, 0.0, 0.0, 0.0, 0.0, 0.0, 0.0, 0.0, 0.0, 0.0, 0.0, 0.0, 0.0, 0.0, 0.0, 0.0, 0.0, 0.0, 0.0, 0.0, 0.0, 0.0, 0.0, 0.0, 0.0, 0.0, 0.0, 0.0, 0.0, 0.2342879895, 0.2657120105, 0.0, 0.3526866735, 0.1473133265, 0.0, 0.0, 0.0, 0.0, 0.0, 0.0, 0.0, 0.0, 0.0, 0.0, 0.0, 0.0, 0.0, 0.0, 0.0, 0.0], "num_sources": 2, "seg_angles": 64, "input": [-1.5885199035, -1.4954105627, -1.3977559359, -1.165041043, -0.426998798, -1.139284748, -0.8996792148, -0.7613544306, -0.7027473824, 0.0386669005, -0.5356587243, -0.1228072915, 0.0668107435, -0.2608123319, 0.1590371772, 0.1629519163, 0.8020564302, 0.5794849843, 0.4771636235, 0.7905290899, 1.1747545993, 1.812541131, 1.6844256936, 1.4944212008, 1.2532268765]}