{"source": [{"position": [-37.99763469990738, 0.42397784422645945], "counts": 500000.0}, {"position": [-177.36284823877276, -312.12724979506356], "counts": 500000.0}], "output": [0.4431750992, 0.0, 0.0, 0.0, 0.0, 0.0, 0.0, 0.0, 0.0, 0.0, 0.1317265341, 0.3682734659, 0.0, 0.0, 0.0, 0.0, 0.0, 0.0, 0.0, 0.0, 0.0, 0.0, 0.0, 0.0, 0.0, 0.0, 0.0, 0.0, 0.0, 0.0, 0.0, 0.0, 0.0, 0.0, 0.0, 0.0, 0.0, 0.0, 0.0, 0.0, 0.0, 0.0, 0.0, 0.0, 0.0, 0.0, 0.0, 0.0, 0.0, 0.0, 0.0, 0.0, 0.0, 0.0, 0.0, 0.0, 0.0, 0.0, 0.0, 0.0, 0.0, 0.0, 0.0, 0.0568249008], "num_sources": 2, "seg_angles": 64, "input": [1.413961491, 0.6081999953, -0.260142213, -0.7213329552, -1.1233903553, 1.6313940164, 0.8304263491, -0.0715658696, -0.6766214453, -1.0444089387, 1.6798262157, 0.8575170177, -0.0992622988, -0.6034301313, -1.1898515239, 1.6410431782, 0.6824575321, -0.2040354431, -0.7104728594, -1.2755986348, 1.2991915247, 0.3456265747, -0.5612069081, -1.027486969, -1.4208373492]}