{"source": [{"position": [-401.2784116648179, 84.11680172094603], "counts": 500000.0}, {"position": [107.92548536331365, 119.4700364488652], "counts": 500000.0}], "output": [0.0, 0.0, 0.0, 0.0, 0.0, 0.0, 0.0, 0.0, 0.0, 0.0, 0.0, 0.0, 0.0, 0.0, 0.0, 0.0, 0.0, 0.0, 0.0, 0.0, 0.0, 0.0, 0.0, 0.0, 0.0, 0.0, 0.0, 0.0, 0.0, 0.0, 0.0, 0.0, 0.0, 0.0, 0.0, 0.0, 0.0, 0.0, 0.0, 0.0, 0.2416594713, 0.2583405287, 0.0, 0.0, 0.0, 0.0, 0.0, 0.0, 0.0, 0.0, 0.0, 0.0, 0.0, 0.0, 0.0, 0.0, 0.0, 0.0, 0.0, 0.0, 0.0, 0.052358848, 0.447641152, 0.0], "num_sources": 2, "seg_angles": 64, "input": [-1.6506517434, -1.5471026295, -1.4296092718, -0.7423926433, 0.2126899395, -1.0030372997, -1.0410619027, -1.1161598528, -0.62360631, 0.8221170523, -0.2718496483, -0.5687743682, -0.6409405237, -0.2443102015, 0.8633139777, 0.2666561308, 0.4296438453, 0.3195968162, 0.0757853311, 0.9545263007, 1.5131812281, 1.7457754005, 1.4450150234, 1.254592139, 0.9766032106]}