{"source": [{"position": [-218.62262701492568, 146.1955777617527], "counts": 500000.0}, {"position": [-388.5985210169822, -58.65312833442049], "counts": 500000.0}], "output": [0.0, 0.2370530977, 0.2629469023, 0.0, 0.0, 0.0, 0.0, 0.0, 0.0, 0.0, 0.0, 0.0, 0.0, 0.0, 0.0, 0.0, 0.0, 0.0, 0.0, 0.0, 0.0, 0.0, 0.0, 0.0, 0.0, 0.0, 0.0, 0.0, 0.0, 0.0, 0.0, 0.0, 0.0, 0.0, 0.0, 0.0, 0.0, 0.0, 0.0, 0.0, 0.0, 0.0, 0.0, 0.0, 0.0, 0.0, 0.0, 0.0, 0.0, 0.0, 0.0, 0.0, 0.0, 0.0, 0.0, 0.0, 0.0, 0.0018775496, 0.4981224504, 0.0, 0.0, 0.0, 0.0, 0.0], "num_sources": 2, "seg_angles": 64, "input": [1.2165146846, 0.0407432688, -0.622012756, -1.0905057981, -1.5323617969, 1.1976618574, 0.6347102761, -0.6467536721, -0.9607293117, -1.5833274164, 1.6415592206, 0.6696507042, -0.2518447315, -0.8586332866, -1.2614087942, 1.8010365308, 0.5810612796, -0.2147896607, -0.6204672242, -0.8638387373, 1.4411360448, 1.1160326394, 0.3932547307, 0.1236260099, -0.3503140614]}