{"source": [{"position": [226.88406921652643, -124.91844994135343], "counts": 500000.0}, {"position": [75.37953515375551, 49.172407710053584], "counts": 500000.0}], "output": [0.0, 0.0, 0.0, 0.0, 0.0, 0.0, 0.0, 0.0, 0.0, 0.0, 0.0, 0.0, 0.0, 0.0, 0.0, 0.0, 0.0, 0.0, 0.0, 0.0, 0.0, 0.0, 0.0, 0.0, 0.0, 0.0, 0.0632374345, 0.4367625655, 0.0, 0.0, 0.0, 0.0, 0.0, 0.0, 0.0, 0.0, 0.0, 0.0562083367, 0.4437916633, 0.0, 0.0, 0.0, 0.0, 0.0, 0.0, 0.0, 0.0, 0.0, 0.0, 0.0, 0.0, 0.0, 0.0, 0.0, 0.0, 0.0, 0.0, 0.0, 0.0, 0.0, 0.0, 0.0, 0.0, 0.0], "num_sources": 2, "seg_angles": 64, "input": [-1.3336691946, -1.0037699456, -0.3232974534, 0.3769999781, 1.1921521083, -1.5311567022, -1.0834863027, -0.4855535366, 0.5111824563, 1.4457136527, -1.5098485717, -1.0484673375, -0.4036298458, 0.2855273097, 1.6295454712, -1.1742919298, -0.5255010043, -0.3465983523, 0.5096949585, 1.6695674779, -0.1485323472, 0.3970905269, 0.5775140435, 0.908346124, 1.4144684166]}