{"source": [{"position": [8.631162224439098, -383.9029864935352], "counts": 500000.0}, {"position": [22.99803940229993, -135.0558780048105], "counts": 500000.0}], "output": [0.0, 0.0, 0.0, 0.0, 0.0, 0.0, 0.0, 0.0, 0.0, 0.0, 0.0, 0.0, 0.0, 0.0, 0.0, 0.0, 0.3855160144, 0.2554674971, 0.3590164885, 0.0, 0.0, 0.0, 0.0, 0.0, 0.0, 0.0, 0.0, 0.0, 0.0, 0.0, 0.0, 0.0, 0.0, 0.0, 0.0, 0.0, 0.0, 0.0, 0.0, 0.0, 0.0, 0.0, 0.0, 0.0, 0.0, 0.0, 0.0, 0.0, 0.0, 0.0, 0.0, 0.0, 0.0, 0.0, 0.0, 0.0, 0.0, 0.0, 0.0, 0.0, 0.0, 0.0, 0.0, 0.0], "num_sources": 2, "seg_angles": 64, "input": [1.2218375274, 1.6296075467, 1.712275096, 1.604052574, 1.2616563603, 0.1867291128, 0.8153780145, 0.891521954, 0.9045149444, 0.4207001067, -0.6665277402, -0.0596922463, 0.0786904935, 0.128175404, -0.1541792977, -1.1046569124, -0.9204757942, -0.7656928149, -0.7082201863, -0.5151741882, -1.4144274395, -1.2563446093, -1.2273253511, -1.2939257073, -0.7684968469]}