{"source": [{"position": [-77.18736607722755, -224.07835798679903], "counts": 500000.0}, {"position": [64.8479607822108, 91.3167125031823], "counts": 500000.0}], "output": [0.0, 0.0, 0.0, 0.0, 0.0, 0.0, 0.0, 0.0, 0.0, 0.0, 0.0, 0.0, 0.1895187603, 0.3104812397, 0.0, 0.0, 0.0, 0.0, 0.0, 0.0, 0.0, 0.0, 0.0, 0.0, 0.0, 0.0, 0.0, 0.0, 0.0, 0.0, 0.0, 0.0, 0.0, 0.0, 0.0, 0.0, 0.0, 0.0, 0.0, 0.0, 0.0, 0.1449079161, 0.3550920839, 0.0, 0.0, 0.0, 0.0, 0.0, 0.0, 0.0, 0.0, 0.0, 0.0, 0.0, 0.0, 0.0, 0.0, 0.0, 0.0, 0.0, 0.0, 0.0, 0.0, 0.0], "num_sources": 2, "seg_angles": 64, "input": [-1.4295083471, -1.1981569276, -0.6842133308, 0.3435960295, 1.6759329561, -1.6168558931, -1.1803015605, -1.2109804482, 0.0905088077, 1.5125138528, -0.8364207733, -1.0671716688, -0.8288313136, -0.4154421533, 1.5231192666, 0.0814582107, -0.0968389424, 0.0489363631, 0.0090588546, 0.5785064222, 1.3796738656, 1.2047554661, 0.9588606262, 0.7213939471, 0.4364066906]}