{"source": [{"position": [-187.87607221453564, -28.329869206167945], "counts": 500000.0}, {"position": [-316.0280432257162, -240.28165950593245], "counts": 500000.0}], "output": [0.0, 0.2377743171, 0.2622256829, 0.0, 0.0, 0.0, 0.1892120734, 0.3107879266, 0.0, 0.0, 0.0, 0.0, 0.0, 0.0, 0.0, 0.0, 0.0, 0.0, 0.0, 0.0, 0.0, 0.0, 0.0, 0.0, 0.0, 0.0, 0.0, 0.0, 0.0, 0.0, 0.0, 0.0, 0.0, 0.0, 0.0, 0.0, 0.0, 0.0, 0.0, 0.0, 0.0, 0.0, 0.0, 0.0, 0.0, 0.0, 0.0, 0.0, 0.0, 0.0, 0.0, 0.0, 0.0, 0.0, 0.0, 0.0, 0.0, 0.0, 0.0, 0.0, 0.0, 0.0, 0.0, 0.0], "num_sources": 2, "seg_angles": 64, "input": [1.4707250695, 0.4489462573, 0.0575727291, 0.056991686, -0.3220685001, 1.7152282198, 0.5679243807, -0.1972608927, -0.5046290903, -1.0373894967, 1.4884855113, 0.8122188168, -0.1728930923, -0.8721612847, -1.2658360978, 1.7731241709, 0.6547984574, -0.3994011919, -0.93371592, -1.4305394914, 1.2687850837, 0.1731938208, -0.5125097473, -1.2819182178, -1.5576711802]}