{"source": [{"position": [-155.33040173695525, -155.7962332543252], "counts": 500000.0}, {"position": [81.24212484526709, 279.42927038988967], "counts": 500000.0}], "output": [0.0, 0.0, 0.0, 0.0, 0.0, 0.0, 0.0, 0.0, 0.4923746205, 0.0076253795, 0.0, 0.0, 0.0, 0.0, 0.0, 0.0, 0.0, 0.0, 0.0, 0.0, 0.0, 0.0, 0.0, 0.0, 0.0, 0.0, 0.0, 0.0, 0.0, 0.0, 0.0, 0.0, 0.0, 0.0, 0.0, 0.0, 0.0, 0.0, 0.0, 0.0, 0.0, 0.0, 0.0, 0.0, 0.0, 0.4410154115, 0.0589845885, 0.0, 0.0, 0.0, 0.0, 0.0, 0.0, 0.0, 0.0, 0.0, 0.0, 0.0, 0.0, 0.0, 0.0, 0.0, 0.0, 0.0], "num_sources": 2, "seg_angles": 64, "input": [0.5215889611, 0.4921296109, 0.452535275, 0.4967920121, 1.0787217529, 0.1684554083, -0.5986552966, -0.8847748072, -1.0788120908, -0.4481814516, 0.7667163441, -0.2432719386, -0.8070163905, -1.6013940093, -0.9355689274, 1.6960094367, 0.6409119682, 0.1735327513, -1.008229845, -1.4930075039, 2.2250104562, 1.1598086868, 0.9126744232, -0.3504535579, -1.3355212683]}