{"source": [{"position": [280.64511363182083, -43.523788835329384], "counts": 500000.0}, {"position": [128.30616516484363, -184.8310795853659], "counts": 500000.0}], "output": [0.0, 0.0, 0.0, 0.0, 0.0, 0.0, 0.0, 0.0, 0.0, 0.0, 0.0, 0.0, 0.0, 0.0, 0.0, 0.0, 0.0, 0.0, 0.0, 0.0, 0.0, 0.0, 0.4095435951, 0.0904564049, 0.0, 0.0, 0.0, 0.0, 0.0, 0.0, 0.2835979663, 0.2164020337, 0.0, 0.0, 0.0, 0.0, 0.0, 0.0, 0.0, 0.0, 0.0, 0.0, 0.0, 0.0, 0.0, 0.0, 0.0, 0.0, 0.0, 0.0, 0.0, 0.0, 0.0, 0.0, 0.0, 0.0, 0.0, 0.0, 0.0, 0.0, 0.0, 0.0, 0.0, 0.0], "num_sources": 2, "seg_angles": 64, "input": [0.1391413692, 0.5900737105, 0.9804625393, 1.2217113368, 1.4205351693, -0.6195739411, -0.2023891273, 0.3136698674, 0.7274753361, 1.4534740469, -1.1452351487, -0.7579254676, -0.32209869, 0.1239547971, 1.5468975374, -1.3799723588, -1.0249142528, -0.6977600818, 0.0800060852, 1.2867033503, -1.8334080326, -1.37817958, -1.0943654706, -0.3744901101, 0.9462071158]}