{"source": [{"position": [264.8634714484839, -380.97682540051983], "counts": 500000.0}, {"position": [-142.42181339399843, 68.41072335215499], "counts": 500000.0}], "output": [0.0, 0.0, 0.0, 0.0, 0.0, 0.0, 0.0, 0.0, 0.0, 0.0, 0.0, 0.0, 0.0, 0.0, 0.0, 0.0, 0.0, 0.0, 0.0, 0.0, 0.0, 0.0, 0.4059665289, 0.0940334711, 0.0, 0.0, 0.0, 0.0, 0.0, 0.0, 0.0, 0.0, 0.0, 0.0, 0.0, 0.0, 0.0, 0.0, 0.0, 0.0, 0.0, 0.0, 0.0, 0.0, 0.0, 0.0, 0.0, 0.0, 0.0, 0.0, 0.0, 0.0, 0.0, 0.0, 0.0, 0.0, 0.0, 0.0, 0.0, 0.2806027291, 0.2193972709, 0.0, 0.0, 0.0], "num_sources": 2, "seg_angles": 64, "input": [1.6831179805, 0.5731898919, -0.1391731504, -0.9956435469, -1.4529079437, 1.7950070557, 1.0309240997, -0.4026013162, -1.0739993054, -1.3398140608, 1.8200853476, 0.6092251503, -0.4745322449, -0.77573677, -1.4037768942, 1.252706104, -0.1242175796, -0.7756595851, -0.9946386656, -0.7976588482, 0.7269773654, 0.2788637557, 0.083263484, 0.3690848001, 0.5279148759]}