{"source": [{"position": [355.1737537540556, -222.28946138819418], "counts": 500000.0}, {"position": [-10.249523341343629, 19.466568040495787], "counts": 500000.0}], "output": [0.0, 0.0, 0.0, 0.0, 0.0, 0.0, 0.0, 0.0, 0.0, 0.0, 0.0, 0.0, 0.0, 0.0, 0.0, 0.0, 0.0, 0.0, 0.0, 0.0, 0.0, 0.0, 0.0, 0.0, 0.0, 0.0, 0.348075642, 0.151924358, 0.0, 0.0, 0.0, 0.0, 0.0, 0.0, 0.0, 0.0, 0.0, 0.0, 0.0, 0.0, 0.0, 0.0, 0.0, 0.0, 0.0, 0.0, 0.0, 0.0, 0.0, 0.0, 0.0, 0.0, 0.0317626867, 0.4682373133, 0.0, 0.0, 0.0, 0.0, 0.0, 0.0, 0.0, 0.0, 0.0, 0.0], "num_sources": 2, "seg_angles": 64, "input": [0.0273556638, -0.9783727755, -1.3655412336, -1.4075141773, -1.5400990134, 0.4147314195, -0.6989543061, -0.9231679977, -1.0036498614, -1.1981257784, 0.5495609065, -0.2449239182, -0.3656538168, -0.3992653373, -0.728334582, 0.8907643274, 0.5551436421, 0.5499950323, 0.4126917813, 0.0789738861, 1.4266270359, 1.7465091926, 1.5688870328, 1.5292795737, 1.1030833036]}