{"source": [{"position": [80.8013024729057, -63.876048082845585], "counts": 500000.0}, {"position": [14.491522752579638, -354.70409606926097], "counts": 500000.0}], "output": [0.0, 0.0, 0.0, 0.0, 0.0, 0.0, 0.0, 0.0, 0.0, 0.0, 0.0, 0.0, 0.0, 0.0, 0.0, 0.0, 0.292041599, 0.207958401, 0.0, 0.0, 0.0, 0.0, 0.0, 0.0, 0.0, 0.4068900615, 0.0931099385, 0.0, 0.0, 0.0, 0.0, 0.0, 0.0, 0.0, 0.0, 0.0, 0.0, 0.0, 0.0, 0.0, 0.0, 0.0, 0.0, 0.0, 0.0, 0.0, 0.0, 0.0, 0.0, 0.0, 0.0, 0.0, 0.0, 0.0, 0.0, 0.0, 0.0, 0.0, 0.0, 0.0, 0.0, 0.0, 0.0, 0.0], "num_sources": 2, "seg_angles": 64, "input": [0.9006900929, 1.2421131247, 1.4497274825, 1.2737745232, 1.483416985, -0.4216035508, -0.090613955, 0.2056297259, 0.5950137733, 1.1733588895, -1.0746793482, -0.8141508949, -0.439341024, -0.0200216191, 1.0635790121, -1.5582287225, -1.0560272122, -0.6900996589, -0.0585447844, 0.9351520307, -1.8104352354, -1.3658663184, -1.1189043535, -0.2942967989, 0.4903578366]}