{"source": [{"position": [-81.65875471365551, -98.56900008935389], "counts": 500000.0}, {"position": [-109.16179941368081, -20.117195350428823], "counts": 500000.0}], "output": [0.0, 0.0718434451, 0.4281565549, 0.0, 0.0, 0.0, 0.0, 0.0, 0.0235374812, 0.4764625188, 0.0, 0.0, 0.0, 0.0, 0.0, 0.0, 0.0, 0.0, 0.0, 0.0, 0.0, 0.0, 0.0, 0.0, 0.0, 0.0, 0.0, 0.0, 0.0, 0.0, 0.0, 0.0, 0.0, 0.0, 0.0, 0.0, 0.0, 0.0, 0.0, 0.0, 0.0, 0.0, 0.0, 0.0, 0.0, 0.0, 0.0, 0.0, 0.0, 0.0, 0.0, 0.0, 0.0, 0.0, 0.0, 0.0, 0.0, 0.0, 0.0, 0.0, 0.0, 0.0, 0.0, 0.0], "num_sources": 2, "seg_angles": 64, "input": [1.2922312652, 0.9757388066, 0.6645532771, 0.4692538891, -0.0417616194, 1.5070136924, 0.7263650138, 0.0313792385, -0.3704508816, -0.8478797784, 1.5471146895, 0.5992565119, -0.4182210377, -0.7752589474, -1.1364005234, 1.3729906845, 0.4641835784, -0.4142469741, -1.0259551612, -1.5290378909, 1.1839620075, -0.1553141623, -0.8463773875, -1.4403580658, -1.8327802249]}