{"source": [{"position": [419.99976163039327, 0.44747113074320416], "counts": 500000.0}, {"position": [-388.9971333432601, 39.52505851641316], "counts": 500000.0}], "output": [0.0, 0.0, 0.0, 0.0, 0.0, 0.0, 0.0, 0.0, 0.0, 0.0, 0.0, 0.0, 0.0, 0.0, 0.0, 0.0, 0.0, 0.0, 0.0, 0.0, 0.0, 0.0, 0.0, 0.0, 0.0, 0.0, 0.0, 0.0, 0.0, 0.0, 0.0, 0.0, 0.4945739234, 0.0054260766, 0.0, 0.0, 0.0, 0.0, 0.0, 0.0, 0.0, 0.0, 0.0, 0.0, 0.0, 0.0, 0.0, 0.0, 0.0, 0.0, 0.0, 0.0, 0.0, 0.0, 0.0, 0.0, 0.0, 0.0, 0.0, 0.0, 0.0, 0.0, 0.0157132721, 0.4842867279], "num_sources": 2, "seg_angles": 64, "input": [-0.5630387443, -1.8336642289, -1.2755253324, -1.8071949717, -0.35191475, 0.3497720372, 0.1617580124, -1.1460608011, -0.7094558617, 2.0800514055, 0.9599230342, 0.7654588411, -0.1277031646, 0.4455307376, 1.2684564073, 1.4133385897, 0.7582809913, -0.2117730475, 0.5850213751, 0.5348499929, 0.1820721989, -1.1751237228, -1.1524405455, 0.0171111078, 0.832270439]}