{"source": [{"position": [125.2242740051263, -69.04984576296347], "counts": 500000.0}, {"position": [21.05048644524199, -388.43001560180534], "counts": 500000.0}], "output": [0.0, 0.0, 0.0, 0.0, 0.0, 0.0, 0.0, 0.0, 0.0, 0.0, 0.0, 0.0, 0.0, 0.0, 0.0, 0.0, 0.2242631342, 0.2757368658, 0.0, 0.0, 0.0, 0.0, 0.0, 0.0, 0.0, 0.0, 0.0664672398, 0.4335327602, 0.0, 0.0, 0.0, 0.0, 0.0, 0.0, 0.0, 0.0, 0.0, 0.0, 0.0, 0.0, 0.0, 0.0, 0.0, 0.0, 0.0, 0.0, 0.0, 0.0, 0.0, 0.0, 0.0, 0.0, 0.0, 0.0, 0.0, 0.0, 0.0, 0.0, 0.0, 0.0, 0.0, 0.0, 0.0, 0.0], "num_sources": 2, "seg_angles": 64, "input": [0.6748715122, 1.1277006154, 1.1094149272, 1.2553105785, 1.4369389967, -0.6074570322, -0.2381058687, 0.2242357432, 0.4682973628, 1.225066731, -1.4801954797, -0.8687830145, -0.3447861899, 0.6180281886, 1.1258413523, -1.4603091698, -1.1871589532, -0.4125395007, 0.2676599556, 1.0315738816, -1.8188648002, -1.4954973904, -0.8389970081, -0.3403479698, 0.5281025321]}