{"source": [{"position": [-304.1578206973103, 54.48871542496535], "counts": 500000.0}, {"position": [170.9694154319358, 49.53240340284492], "counts": 500000.0}], "output": [0.0, 0.0, 0.0, 0.0, 0.0, 0.0, 0.0, 0.0, 0.0, 0.0, 0.0, 0.0, 0.0, 0.0, 0.0, 0.0, 0.0, 0.0, 0.0, 0.0, 0.0, 0.0, 0.0, 0.0, 0.0, 0.0, 0.0, 0.0, 0.0, 0.0, 0.0, 0.0, 0.0, 0.0, 0.0638137701, 0.4361862299, 0.0, 0.0, 0.0, 0.0, 0.0, 0.0, 0.0, 0.0, 0.0, 0.0, 0.0, 0.0, 0.0, 0.0, 0.0, 0.0, 0.0, 0.0, 0.0, 0.0, 0.0, 0.0, 0.0, 0.0, 0.0, 0.0, 0.40280732, 0.09719268], "num_sources": 2, "seg_angles": 64, "input": [-1.1117760783, -1.3669764515, -1.3017322726, -0.2401633127, 0.9837962505, -1.3003914504, -0.3975703688, -0.9063885953, 0.4108958718, 1.6025619219, -1.3977677254, -0.5729297443, -0.778859786, 0.5330388978, 1.339658111, -0.523358489, -0.1961094292, -0.6495415117, 0.2173508374, 2.054857703, 0.2229762326, 0.7614522455, 0.2650983793, 0.7692652376, 1.5826135267]}