{"source": [{"position": [-192.93041596134748, -294.41782316459955], "counts": 500000.0}, {"position": [255.29752623632328, 294.82736151452065], "counts": 500000.0}], "output": [0.0, 0.0, 0.0, 0.0, 0.0, 0.0, 0.0, 0.0, 0.0, 0.0, 0.4543653199, 0.0456346801, 0.0, 0.0, 0.0, 0.0, 0.0, 0.0, 0.0, 0.0, 0.0, 0.0, 0.0, 0.0, 0.0, 0.0, 0.0, 0.0, 0.0, 0.0, 0.0, 0.0, 0.0, 0.0, 0.0, 0.0, 0.0, 0.0, 0.0, 0.0, 0.1346677392, 0.3653322608, 0.0, 0.0, 0.0, 0.0, 0.0, 0.0, 0.0, 0.0, 0.0, 0.0, 0.0, 0.0, 0.0, 0.0, 0.0, 0.0, 0.0, 0.0, 0.0, 0.0, 0.0, 0.0], "num_sources": 2, "seg_angles": 64, "input": [-0.7248557541, 0.7867029682, 0.3725456661, 1.8940778018, 1.8931563326, -0.3587467774, -1.0248909732, -0.2309389586, -0.20801765, 1.1966424727, 0.2496765026, -0.7144843327, -1.2893696355, -0.4497796224, 0.2530044179, 1.227041568, 0.0217939121, -1.38552935, -1.1778179047, -0.3700680064, 1.7026981716, 0.9874828086, -1.1744518113, -0.8850874996, -0.5907843463]}