{"source": [{"position": [35.94884982362874, -240.3261954019124], "counts": 500000.0}, {"position": [188.7764092617664, -77.32701537130522], "counts": 500000.0}], "output": [0.0, 0.0, 0.0, 0.0, 0.0, 0.0, 0.0, 0.0, 0.0, 0.0, 0.0, 0.0, 0.0, 0.0, 0.0, 0.0, 0.0, 0.2437840507, 0.2562159493, 0.0, 0.0, 0.0, 0.0, 0.0, 0.0, 0.0, 0.0, 0.0, 0.4800086539, 0.0199913461, 0.0, 0.0, 0.0, 0.0, 0.0, 0.0, 0.0, 0.0, 0.0, 0.0, 0.0, 0.0, 0.0, 0.0, 0.0, 0.0, 0.0, 0.0, 0.0, 0.0, 0.0, 0.0, 0.0, 0.0, 0.0, 0.0, 0.0, 0.0, 0.0, 0.0, 0.0, 0.0, 0.0, 0.0], "num_sources": 2, "seg_angles": 64, "input": [0.5774779035, 1.1999870814, 1.2400339802, 1.4061378277, 1.4603952667, -0.5336226079, -0.2383702946, 0.5311969718, 0.890658014, 1.44688481, -1.0683538372, -0.5250690143, -0.2300138655, 0.2074025145, 0.9077264051, -1.4880919909, -1.1360994453, -0.590370676, -0.0631624507, 0.7970462162, -1.9093250568, -1.2950389098, -1.1577364676, -0.7063547571, 0.2766623828]}