{"source": [{"position": [446.28708770565504, -179.41247266342694], "counts": 500000.0}, {"position": [198.58710907698182, 322.8066915484357], "counts": 500000.0}], "output": [0.0, 0.0, 0.0, 0.0, 0.0, 0.0, 0.0, 0.0, 0.0, 0.0, 0.0, 0.0, 0.0, 0.0, 0.0, 0.0, 0.0, 0.0, 0.0, 0.0, 0.0, 0.0, 0.0, 0.0, 0.0, 0.0, 0.0, 0.0, 0.4467277113, 0.0532722887, 0.0, 0.0, 0.0, 0.0, 0.0, 0.0, 0.0, 0.0, 0.0, 0.0, 0.0, 0.0, 0.3088328912, 0.1911671088, 0.0, 0.0, 0.0, 0.0, 0.0, 0.0, 0.0, 0.0, 0.0, 0.0, 0.0, 0.0, 0.0, 0.0, 0.0, 0.0, 0.0, 0.0, 0.0, 0.0], "num_sources": 2, "seg_angles": 64, "input": [-1.341477491, -1.0295751272, -0.5177252616, -0.2135793996, 1.1336669852, -1.6021909206, -1.1313865247, -0.6135115177, 0.1388031997, 1.3062732441, -1.4551921322, -0.7806468017, -0.5662575873, 0.1381167474, 1.5617613855, -0.8727041928, -0.2223505109, 0.2337247736, 0.7516667907, 1.9049965273, -0.3396210892, 0.2414501798, 0.7021568498, 1.1309093379, 1.4426925354]}