{"source": [{"position": [2.8656076139001754, -40.899734632429556], "counts": 500000.0}, {"position": [31.14724290965141, 29.645391870022067], "counts": 500000.0}], "output": [0.0, 0.0, 0.0, 0.0, 0.0, 0.0, 0.0, 0.0, 0.0, 0.0, 0.0, 0.0, 0.0, 0.0, 0.0, 0.0, 0.1437480914, 0.3562519086, 0.0, 0.0, 0.0, 0.0, 0.0, 0.0, 0.0, 0.0, 0.0, 0.0, 0.0, 0.0, 0.0, 0.0, 0.0, 0.0, 0.0, 0.0, 0.0, 0.0, 0.0, 0.1257933476, 0.3742066524, 0.0, 0.0, 0.0, 0.0, 0.0, 0.0, 0.0, 0.0, 0.0, 0.0, 0.0, 0.0, 0.0, 0.0, 0.0, 0.0, 0.0, 0.0, 0.0, 0.0, 0.0, 0.0, 0.0], "num_sources": 2, "seg_angles": 64, "input": [-0.4279079994, 0.5164195853, 0.8986713832, 1.7258148138, 2.4288687284, -1.2068018628, -0.5349526964, 0.1632522788, 0.9148398674, 1.6508651068, -1.635223557, -0.9536244118, -0.6404804556, 0.1525430455, 1.0220151306, -1.5055546803, -0.8275063341, -0.650248975, -0.3692884744, 0.2267831649, -0.9190528076, -0.1528028627, 0.0257826821, 0.1836886813, -0.086099351]}