{"source": [{"position": [2.6049518400240608, 388.99127782755124], "counts": 500000.0}, {"position": [-36.864696810413776, 495.63090513917336], "counts": 500000.0}], "output": [0.0, 0.0, 0.0, 0.0, 0.0, 0.0, 0.0, 0.0, 0.0, 0.0, 0.0, 0.0, 0.0, 0.0, 0.0, 0.0, 0.0, 0.0, 0.0, 0.0, 0.0, 0.0, 0.0, 0.0, 0.0, 0.0, 0.0, 0.0, 0.0, 0.0, 0.0, 0.0, 0.0, 0.0, 0.0, 0.0, 0.0, 0.0, 0.0, 0.0, 0.0, 0.0, 0.0, 0.0, 0.0, 0.0, 0.0, 0.034105424, 0.5877799903, 0.3781145857, 0.0, 0.0, 0.0, 0.0, 0.0, 0.0, 0.0, 0.0, 0.0, 0.0, 0.0, 0.0, 0.0, 0.0], "num_sources": 2, "seg_angles": 64, "input": [-1.2298050725, -1.209770669, -1.1644634309, -1.0891786154, -1.4939434747, -0.9770790661, -0.9071268681, -0.4062716383, -0.6806928781, -0.9653804178, -0.3568226306, 0.1363830411, 0.0635242839, 0.0062951694, -0.3657048061, 0.4892595767, 0.8010144417, 0.7736061806, 0.8754436584, 0.1907111363, 1.4454957944, 1.6451013475, 1.5717378471, 1.536093906, 1.3115731846]}