{"source": [{"position": [-5.216181172310668, 34.60912385452182], "counts": 500000.0}, {"position": [313.0674468419604, 169.48384503502467], "counts": 500000.0}], "output": [0.0, 0.0, 0.0, 0.0, 0.0, 0.0, 0.0, 0.0, 0.0, 0.0, 0.0, 0.0, 0.0, 0.0, 0.0, 0.0, 0.0, 0.0, 0.0, 0.0, 0.0, 0.0, 0.0, 0.0, 0.0, 0.0, 0.0, 0.0, 0.0, 0.0, 0.0, 0.0, 0.0, 0.0, 0.0, 0.0, 0.0, 0.472926593, 0.027073407, 0.0, 0.0, 0.0, 0.0, 0.0, 0.0, 0.0, 0.0, 0.0, 0.0, 0.2381391119, 0.2618608881, 0.0, 0.0, 0.0, 0.0, 0.0, 0.0, 0.0, 0.0, 0.0, 0.0, 0.0, 0.0, 0.0], "num_sources": 2, "seg_angles": 64, "input": [-1.2242492642, -1.2521409577, -1.1835083737, -1.1343739226, -1.2842429704, -0.7886398251, -0.7659520119, -0.7279394268, -0.671601554, -0.7323890262, -0.4144558606, -0.2139545731, -0.0536429661, -0.1052703767, -0.2733795427, 0.2395151424, 0.7108881056, 0.7891714891, 0.7424803137, 0.489233365, 1.1904754805, 1.650035815, 1.8525011894, 1.6788329814, 1.4826067697]}