{"source": [{"position": [95.63326054150392, 103.61119378812712], "counts": 500000.0}, {"position": [405.7095449567829, -32.384643443461655], "counts": 500000.0}], "output": [0.0, 0.0, 0.0, 0.0, 0.0, 0.0, 0.0, 0.0, 0.0, 0.0, 0.0, 0.0, 0.0, 0.0, 0.0, 0.0, 0.0, 0.0, 0.0, 0.0, 0.0, 0.0, 0.0, 0.0, 0.0, 0.0, 0.0, 0.0, 0.0, 0.0, 0.0, 0.4056711837, 0.0943288163, 0.0, 0.0, 0.0, 0.0, 0.0, 0.0, 0.0, 0.296182097, 0.203817903, 0.0, 0.0, 0.0, 0.0, 0.0, 0.0, 0.0, 0.0, 0.0, 0.0, 0.0, 0.0, 0.0, 0.0, 0.0, 0.0, 0.0, 0.0, 0.0, 0.0, 0.0, 0.0], "num_sources": 2, "seg_angles": 64, "input": [-1.6864898875, -1.4913569818, -0.9610175798, -0.2666666999, 1.1771098758, -1.5546928278, -1.1085690206, -0.6663080742, 0.3697070892, 1.3272465404, -1.2655755468, -0.7637575364, -0.6068947034, 0.2852481367, 1.4468290358, -0.6423507108, 0.0326783124, 0.3264465228, 0.3559024515, 1.1938369004, 0.3481229843, 0.781963782, 1.1504388438, 0.7578669937, 1.4602821002]}