{"source": [{"position": [-27.34833776123247, 471.2070335019391], "counts": 500000.0}, {"position": [15.251012114628912, 281.5872984164581], "counts": 500000.0}], "output": [0.0, 0.0, 0.0, 0.0, 0.0, 0.0, 0.0, 0.0, 0.0, 0.0, 0.0, 0.0, 0.0, 0.0, 0.0, 0.0, 0.0, 0.0, 0.0, 0.0, 0.0, 0.0, 0.0, 0.0, 0.0, 0.0, 0.0, 0.0, 0.0, 0.0, 0.0, 0.0, 0.0, 0.0, 0.0, 0.0, 0.0, 0.0, 0.0, 0.0, 0.0, 0.0, 0.0, 0.0, 0.0, 0.0, 0.0, 0.2755697871, 0.4291717541, 0.2952584589, 0.0, 0.0, 0.0, 0.0, 0.0, 0.0, 0.0, 0.0, 0.0, 0.0, 0.0, 0.0, 0.0, 0.0], "num_sources": 2, "seg_angles": 64, "input": [-1.1892257914, -1.2778419059, -1.3102000849, -1.1969742274, -1.3126820558, -0.8820273532, -0.6435265866, -0.5338346855, -0.4540417047, -0.910241892, -0.5671408124, 0.0053379621, -0.0238020372, -0.0114750154, -0.288983444, 0.342166574, 0.5732302975, 0.7192402159, 0.9467510511, 0.3302245672, 1.0839290785, 1.6861176796, 1.792362937, 1.771606837, 1.3510303966]}