{"source": [{"position": [299.221843890396, 336.10457916968573], "counts": 500000.0}, {"position": [-60.870029379366486, -265.10156454339364], "counts": 500000.0}], "output": [0.0, 0.0, 0.0, 0.0, 0.0, 0.0, 0.0, 0.0, 0.0, 0.0, 0.0, 0.0, 0.0, 0.1494713044, 0.3505286956, 0.0, 0.0, 0.0, 0.0, 0.0, 0.0, 0.0, 0.0, 0.0, 0.0, 0.0, 0.0, 0.0, 0.0, 0.0, 0.0, 0.0, 0.0, 0.0, 0.0, 0.0, 0.0, 0.0, 0.0, 0.0, 0.204668928, 0.295331072, 0.0, 0.0, 0.0, 0.0, 0.0, 0.0, 0.0, 0.0, 0.0, 0.0, 0.0, 0.0, 0.0, 0.0, 0.0, 0.0, 0.0, 0.0, 0.0, 0.0, 0.0, 0.0], "num_sources": 2, "seg_angles": 64, "input": [0.0259283821, 0.7477906134, 1.6143382704, 1.9192625293, 2.4653566839, -0.7611491427, 0.0375708958, 0.0200122755, 0.8776482907, 1.6049180344, -0.6813313639, -0.6502928805, 0.0878523374, -0.3553665435, 0.5411833425, -0.3819972882, -1.2077905933, -0.9319887028, -1.1385220217, -0.7498779026, 0.0350747495, -0.7720099042, -0.6481255286, -0.9902718978, -0.7082126351]}