{"source": [{"position": [-74.74260194144925, 211.16236278044929], "counts": 500000.0}, {"position": [35.44148622857884, 33.83638653741645], "counts": 500000.0}], "output": [0.0, 0.0, 0.0, 0.0, 0.0, 0.0, 0.0, 0.0, 0.0, 0.0, 0.0, 0.0, 0.0, 0.0, 0.0, 0.0, 0.0, 0.0, 0.0, 0.0, 0.0, 0.0, 0.0, 0.0, 0.0, 0.0, 0.0, 0.0, 0.0, 0.0, 0.0, 0.0, 0.0, 0.0, 0.0, 0.0, 0.0, 0.0, 0.0, 0.1179776891, 0.3820223109, 0.0, 0.0, 0.0, 0.0, 0.0, 0.0, 0.0, 0.0, 0.0, 0.0, 0.2673934901, 0.2326065099, 0.0, 0.0, 0.0, 0.0, 0.0, 0.0, 0.0, 0.0, 0.0, 0.0, 0.0], "num_sources": 2, "seg_angles": 64, "input": [-1.6084771457, -1.5699786347, -1.2575824644, -0.5216203379, 0.3185881811, -1.3168813832, -1.2342683077, -0.7538556686, -0.0856454662, 0.7013375006, -0.9358231726, -0.7611782125, -0.5363202689, 0.0751756063, 1.0611851939, -0.2721411302, 0.1463919051, 0.2665057585, 0.434235241, 1.2036989667, 0.9925738726, 1.3896955712, 1.3376291348, 1.4803931531, 1.4463621075]}