{"source": [{"position": [21.364948615325357, -5.2477586324551195], "counts": 500000.0}, {"position": [198.63317453192866, 109.88112656579541], "counts": 500000.0}], "output": [0.0, 0.0, 0.0, 0.0, 0.0, 0.0, 0.0, 0.0, 0.0, 0.0, 0.0, 0.0, 0.0, 0.0, 0.0, 0.0, 0.0, 0.0, 0.0, 0.0, 0.0, 0.0, 0.0, 0.0, 0.0, 0.0, 0.0, 0.0, 0.0, 0.2266720459, 0.2733279541, 0.0, 0.0, 0.0, 0.0, 0.0, 0.0, 0.4265989175, 0.0734010825, 0.0, 0.0, 0.0, 0.0, 0.0, 0.0, 0.0, 0.0, 0.0, 0.0, 0.0, 0.0, 0.0, 0.0, 0.0, 0.0, 0.0, 0.0, 0.0, 0.0, 0.0, 0.0, 0.0, 0.0, 0.0], "num_sources": 2, "seg_angles": 64, "input": [-0.923654258, -0.5784042275, -0.1326799237, 0.4563704126, 1.4630139424, -1.2627637517, -0.7732829081, -0.2012956463, 0.8249251686, 1.7687239422, -1.2520281645, -0.7870191149, -0.1542442328, 0.810748437, 1.6856844927, -1.2846105291, -0.7642126671, -0.2327219269, 0.6321901773, 1.5898267402, -1.272434918, -0.9329189121, -0.3699070916, 0.3852570391, 1.3054379203]}