{"source": [{"position": [-175.18418391374328, -319.0713113184508], "counts": 500000.0}, {"position": [-7.098148615014593, 66.62294114071493], "counts": 500000.0}], "output": [0.0, 0.0, 0.0, 0.0, 0.0, 0.0, 0.0, 0.0, 0.0, 0.0, 0.0572197774, 0.4427802226, 0.0, 0.0, 0.0, 0.0, 0.0, 0.0, 0.0, 0.0, 0.0, 0.0, 0.0, 0.0, 0.0, 0.0, 0.0, 0.0, 0.0, 0.0, 0.0, 0.0, 0.0, 0.0, 0.0, 0.0, 0.0, 0.0, 0.0, 0.0, 0.0, 0.0, 0.0, 0.0, 0.0, 0.0, 0.0, 0.0, 0.0, 0.4594247393, 0.0405752607, 0.0, 0.0, 0.0, 0.0, 0.0, 0.0, 0.0, 0.0, 0.0, 0.0, 0.0, 0.0, 0.0], "num_sources": 2, "seg_angles": 64, "input": [-1.1146780069, -1.1028976421, -1.0956468928, -1.1654335722, -1.4119919905, -0.6653161862, -0.790603364, -0.5928818026, -0.8040471241, -1.1886693665, 0.0410716282, 0.0585250107, -0.0905662612, -0.1648970329, -0.6063495333, 0.5724887317, 0.8444839609, 0.831861833, 0.8694059015, 0.0794800456, 1.5523345994, 1.8429071152, 1.5823717319, 1.5086074648, 1.0104407524]}