{"source": [{"position": [23.667851277071364, -179.44590498511363], "counts": 500000.0}, {"position": [-381.9075637721964, 184.1809239133785], "counts": 500000.0}], "output": [0.0, 0.0, 0.0, 0.0, 0.0, 0.0, 0.0, 0.0, 0.0, 0.0, 0.0, 0.0, 0.0, 0.0, 0.0, 0.0, 0.0, 0.3321239994, 0.1678760006, 0.0, 0.0, 0.0, 0.0, 0.0, 0.0, 0.0, 0.0, 0.0, 0.0, 0.0, 0.0, 0.0, 0.0, 0.0, 0.0, 0.0, 0.0, 0.0, 0.0, 0.0, 0.0, 0.0, 0.0, 0.0, 0.0, 0.0, 0.0, 0.0, 0.0, 0.0, 0.0, 0.0, 0.0, 0.0, 0.0, 0.0, 0.0, 0.0, 0.0, 0.2885706275, 0.2114293725, 0.0, 0.0, 0.0], "num_sources": 2, "seg_angles": 64, "input": [1.8488340653, 1.8357777933, 1.5200198433, 1.5376109634, 0.7022982057, 1.0559433647, 1.1529345615, 0.2324114461, 0.5305060981, -0.2659952543, 0.3103187647, 0.1402121719, -0.1948027803, -0.4760534253, -0.9966968812, -0.41164537, -0.5094411596, -0.8247776846, -1.0947424389, -1.1138358108, -1.2967230968, -1.0961725622, -1.0915271911, -0.9470281512, -0.5474254717]}