{"source": [{"position": [-295.25948143728624, -149.60895234371768], "counts": 500000.0}, {"position": [-280.0350508612376, -79.12882085020662], "counts": 500000.0}], "output": [0.0, 0.0, 0.097460385, 0.402539615, 0.1114237289, 0.3885762711, 0.0, 0.0, 0.0, 0.0, 0.0, 0.0, 0.0, 0.0, 0.0, 0.0, 0.0, 0.0, 0.0, 0.0, 0.0, 0.0, 0.0, 0.0, 0.0, 0.0, 0.0, 0.0, 0.0, 0.0, 0.0, 0.0, 0.0, 0.0, 0.0, 0.0, 0.0, 0.0, 0.0, 0.0, 0.0, 0.0, 0.0, 0.0, 0.0, 0.0, 0.0, 0.0, 0.0, 0.0, 0.0, 0.0, 0.0, 0.0, 0.0, 0.0, 0.0, 0.0, 0.0, 0.0, 0.0, 0.0, 0.0, 0.0], "num_sources": 2, "seg_angles": 64, "input": [1.2423753134, 0.4425965096, 0.3943070773, 0.3159767614, 0.1057171745, 1.5543325703, 0.5433445161, -0.080173701, -0.5604712221, -1.1973552509, 1.8164399974, 0.6724094702, -0.3298438784, -0.9434916642, -1.3893278259, 1.5942470246, 0.5804712368, -0.2524720047, -0.95337015, -1.4739722942, 1.1242064883, 0.2103049363, -0.5579739817, -1.1843579873, -1.6739191159]}