{"source": [{"position": [235.78372494080475, 152.86279813296278], "counts": 500000.0}, {"position": [142.93347969727358, -331.4981453668015], "counts": 500000.0}], "output": [0.0, 0.0, 0.0, 0.0, 0.0, 0.0, 0.0, 0.0, 0.0, 0.0, 0.0, 0.0, 0.0, 0.0, 0.0, 0.0, 0.0, 0.0, 0.0, 0.0, 0.4267143411, 0.0732856589, 0.0, 0.0, 0.0, 0.0, 0.0, 0.0, 0.0, 0.0, 0.0, 0.0, 0.0, 0.0, 0.0, 0.0, 0.0, 0.070572308, 0.429427692, 0.0, 0.0, 0.0, 0.0, 0.0, 0.0, 0.0, 0.0, 0.0, 0.0, 0.0, 0.0, 0.0, 0.0, 0.0, 0.0, 0.0, 0.0, 0.0, 0.0, 0.0, 0.0, 0.0, 0.0, 0.0], "num_sources": 2, "seg_angles": 64, "input": [-0.5891092919, -0.4845071515, 0.3209671404, 0.8220521501, 2.261896938, -1.2032237668, -0.556347291, -0.0556525426, 0.4654639899, 1.5663387372, -1.5166157661, -1.1707629056, -0.3775462086, 0.3886602326, 1.5607749137, -1.2810868065, -0.9934266372, -0.702135946, -0.0441733285, 1.499807849, -0.926347511, -0.2172426035, -0.0136983203, 0.0580379595, 1.1878761668]}