{"source": [{"position": [65.56228546244807, 272.21606625058064], "counts": 500000.0}, {"position": [-40.04427312760911, 8.800919820191718], "counts": 500000.0}], "output": [0.0, 0.0, 0.0, 0.0, 0.0, 0.0, 0.0, 0.0, 0.0, 0.0, 0.0, 0.0, 0.0, 0.0, 0.0, 0.0, 0.0, 0.0, 0.0, 0.0, 0.0, 0.0, 0.0, 0.0, 0.0, 0.0, 0.0, 0.0, 0.0, 0.0, 0.0, 0.0, 0.0, 0.0, 0.0, 0.0, 0.0, 0.0, 0.0, 0.0, 0.0, 0.0, 0.0, 0.0, 0.0, 0.2036963177, 0.2963036823, 0.0, 0.0, 0.0, 0.0, 0.0, 0.0, 0.0, 0.0, 0.0, 0.0, 0.0, 0.0, 0.0, 0.0, 0.1018115958, 0.3981884042, 0.0], "num_sources": 2, "seg_angles": 64, "input": [1.0621702658, 0.0702516967, -0.752230754, -1.1689940379, -1.5591568502, 1.4096974735, 0.520106069, -0.2579840959, -0.896448949, -1.377124736, 1.8340758591, 0.7867656965, -0.2005422924, -0.763110425, -1.2853165048, 1.6862984341, 0.7841079495, -0.0167051128, -0.5372899176, -1.0993601231, 1.507755462, 0.7445032745, 0.2754467346, -0.1989110542, -0.5680040624]}