{"source": [{"position": [-21.201974859615948, 29.094265105896955], "counts": 500000.0}, {"position": [180.52194274918605, 127.48658041558569], "counts": 500000.0}], "output": [0.0, 0.0, 0.0, 0.0, 0.0, 0.0, 0.0, 0.0, 0.0, 0.0, 0.0, 0.0, 0.0, 0.0, 0.0, 0.0, 0.0, 0.0, 0.0, 0.0, 0.0, 0.0, 0.0, 0.0, 0.0, 0.0, 0.0, 0.0, 0.0, 0.0, 0.0, 0.0, 0.0, 0.0, 0.0, 0.0, 0.0, 0.0, 0.3684303434, 0.1315696566, 0.0, 0.0, 0.0, 0.0, 0.0, 0.0, 0.0, 0.0, 0.0, 0.0, 0.0, 0.0, 0.0, 0.0, 0.2927032003, 0.2072967997, 0.0, 0.0, 0.0, 0.0, 0.0, 0.0, 0.0, 0.0], "num_sources": 2, "seg_angles": 64, "input": [0.2438240535, -0.7422511867, -1.346526159, -1.5493499071, -1.4608714357, 0.6103845945, -0.4737805825, -1.0428888289, -1.0591955495, -1.1243821604, 0.8115518359, -0.2146222116, -0.5522297426, -0.5472023661, -0.7626488517, 0.926124599, 0.2873271457, 0.3099126504, 0.3249626262, -0.0039716341, 1.534651998, 1.5057427655, 1.6372998471, 1.4494857749, 1.2386527253]}