{"source": [{"position": [88.32013785601735, -352.0916830160777], "counts": 500000.0}, {"position": [221.8974603640979, 6.746635010405301], "counts": 500000.0}], "output": [0.0, 0.0, 0.0, 0.0, 0.0, 0.0, 0.0, 0.0, 0.0, 0.0, 0.0, 0.0, 0.0, 0.0, 0.0, 0.0, 0.0, 0.0, 0.2482884079, 0.2517115921, 0.0, 0.0, 0.0, 0.0, 0.0, 0.0, 0.0, 0.0, 0.0, 0.0, 0.0, 0.0, 0.3451999046, 0.1548000954, 0.0, 0.0, 0.0, 0.0, 0.0, 0.0, 0.0, 0.0, 0.0, 0.0, 0.0, 0.0, 0.0, 0.0, 0.0, 0.0, 0.0, 0.0, 0.0, 0.0, 0.0, 0.0, 0.0, 0.0, 0.0, 0.0, 0.0, 0.0, 0.0, 0.0], "num_sources": 2, "seg_angles": 64, "input": [-0.2441855618, 0.1590431551, 0.214210795, 1.0762523935, 1.4784526664, -0.9212583575, -0.0856859977, 0.257903487, 0.9604268041, 1.7543910384, -1.2367462176, -0.5575303702, 0.0067435526, 0.6991647942, 1.3672987093, -1.3131183972, -1.3010595645, -0.3881849569, 0.4553679515, 1.4015439925, -1.7013444284, -1.2963723584, -1.0801175301, -0.5154455465, 0.8102499472]}