{"source": [{"position": [110.95017184959053, 50.73518864206896], "counts": 500000.0}, {"position": [-47.91630579419196, 37.7495382625733], "counts": 500000.0}], "output": [0.0, 0.0, 0.0, 0.0, 0.0, 0.0, 0.0, 0.0, 0.0, 0.0, 0.0, 0.0, 0.0, 0.0, 0.0, 0.0, 0.0, 0.0, 0.0, 0.0, 0.0, 0.0, 0.0, 0.0, 0.0, 0.0, 0.0, 0.0, 0.0, 0.0, 0.0, 0.0, 0.0, 0.0, 0.0, 0.0, 0.3156777609, 0.1843222391, 0.0, 0.0, 0.0, 0.0, 0.0, 0.0, 0.0, 0.0, 0.0, 0.0, 0.0, 0.0, 0.0, 0.0, 0.0, 0.0, 0.0, 0.0, 0.0, 0.3983849929, 0.1016150071, 0.0, 0.0, 0.0, 0.0, 0.0], "num_sources": 2, "seg_angles": 64, "input": [0.2218686705, -0.8869809169, -1.4193218968, -1.5080201731, -1.3612201812, 0.5318461643, -0.4908348949, -0.9913707259, -0.8223384079, -0.841658441, 0.7943378538, -0.0885137428, -0.7141108772, -0.7456106333, -0.616004446, 0.7448846576, 0.11361701, -0.1491075795, 0.1584655982, 0.2171626337, 1.5290053036, 1.6383397095, 1.5451784977, 1.7189631784, 1.4214236393]}