{"source": [{"position": [-58.89439718690702, -31.944482778577544], "counts": 500000.0}, {"position": [286.4156935703707, -161.88591809235132], "counts": 500000.0}], "output": [0.0, 0.0, 0.0, 0.0, 0.0, 0.4688421525, 0.0311578475, 0.0, 0.0, 0.0, 0.0, 0.0, 0.0, 0.0, 0.0, 0.0, 0.0, 0.0, 0.0, 0.0, 0.0, 0.0, 0.0, 0.0, 0.0, 0.0, 0.1200626749, 0.3799373251, 0.0, 0.0, 0.0, 0.0, 0.0, 0.0, 0.0, 0.0, 0.0, 0.0, 0.0, 0.0, 0.0, 0.0, 0.0, 0.0, 0.0, 0.0, 0.0, 0.0, 0.0, 0.0, 0.0, 0.0, 0.0, 0.0, 0.0, 0.0, 0.0, 0.0, 0.0, 0.0, 0.0, 0.0, 0.0, 0.0], "num_sources": 2, "seg_angles": 64, "input": [1.5081973051, 1.1644046961, 0.9123279566, 0.9257697896, 0.9082735037, 1.4114304542, 0.3693629113, -0.210778085, -0.6178286616, -0.6669359312, 1.1738431679, 0.4446855609, -0.5495631083, -0.9255762672, -1.2729446248, 1.3781616966, 0.4335177705, -0.5225047954, -1.0245668508, -1.3591431825, 0.7472823196, -0.241306974, -0.892248512, -1.397178518, -1.6966816214]}