{"source": [{"position": [-93.85754443883366, -79.49692668218293], "counts": 500000.0}, {"position": [-345.15313492372263, 63.79900823936472], "counts": 500000.0}], "output": [0.0, 0.0, 0.0, 0.0, 0.0, 0.0, 0.0, 0.4209375728, 0.0790624272, 0.0, 0.0, 0.0, 0.0, 0.0, 0.0, 0.0, 0.0, 0.0, 0.0, 0.0, 0.0, 0.0, 0.0, 0.0, 0.0, 0.0, 0.0, 0.0, 0.0, 0.0, 0.0, 0.0, 0.0, 0.0, 0.0, 0.0, 0.0, 0.0, 0.0, 0.0, 0.0, 0.0, 0.0, 0.0, 0.0, 0.0, 0.0, 0.0, 0.0, 0.0, 0.0, 0.0, 0.0, 0.0, 0.0, 0.0, 0.0, 0.0, 0.0, 0.0, 0.0, 0.0, 0.4308887863, 0.0691112137], "num_sources": 2, "seg_angles": 64, "input": [1.3409311632, 0.8791856968, 0.5970410538, 0.6116990405, 0.2357228415, 1.6242522574, 0.5400122974, -0.0085951959, -0.3057253118, -0.7981391616, 1.4824292322, 0.509311153, -0.3045701394, -1.0552925863, -1.4102305011, 1.4505877071, 0.4457494473, -0.456143743, -1.1828985741, -1.6190582279, 1.0759069227, -0.0375543982, -0.7844904992, -1.31653317, -1.5135973043]}