{"source": [{"position": [43.0130828494303, -91.38312045333122], "counts": 500000.0}, {"position": [160.64570440063062, -52.47816362664777], "counts": 500000.0}], "output": [0.0, 0.0, 0.0, 0.0, 0.0, 0.0, 0.0, 0.0, 0.0, 0.0, 0.0, 0.0, 0.0, 0.0, 0.0, 0.0, 0.0, 0.0, 0.0, 0.0, 0.2594775591, 0.2405224409, 0.0, 0.0, 0.0, 0.0, 0.0, 0.0, 0.1080597377, 0.3919402623, 0.0, 0.0, 0.0, 0.0, 0.0, 0.0, 0.0, 0.0, 0.0, 0.0, 0.0, 0.0, 0.0, 0.0, 0.0, 0.0, 0.0, 0.0, 0.0, 0.0, 0.0, 0.0, 0.0, 0.0, 0.0, 0.0, 0.0, 0.0, 0.0, 0.0, 0.0, 0.0, 0.0, 0.0], "num_sources": 2, "seg_angles": 64, "input": [0.5921545698, 1.1540155442, 1.2227012191, 1.406880911, 1.4175629658, -0.5372176391, 0.1193627511, 0.4988655977, 0.8481577266, 1.1856675077, -1.1330504719, -0.5049703633, -0.2033507673, 0.0263657099, 1.0694104004, -1.5075866875, -1.0532, -0.7271156386, -0.1923107514, 0.9654511456, -1.7352880537, -1.4733180619, -1.3173386292, -0.621238946, 0.499389961]}