{"source": [{"position": [-293.817931495914, 78.0193766410781], "counts": 500000.0}, {"position": [1.5846416664833454, -359.9965123592017], "counts": 500000.0}], "output": [0.0, 0.0, 0.0, 0.0, 0.0, 0.0, 0.0, 0.0, 0.0, 0.0, 0.0, 0.0, 0.0, 0.0, 0.0, 0.0, 0.4775818339, 0.0224181661, 0.0, 0.0, 0.0, 0.0, 0.0, 0.0, 0.0, 0.0, 0.0, 0.0, 0.0, 0.0, 0.0, 0.0, 0.0, 0.0, 0.0, 0.0, 0.0, 0.0, 0.0, 0.0, 0.0, 0.0, 0.0, 0.0, 0.0, 0.0, 0.0, 0.0, 0.0, 0.0, 0.0, 0.0, 0.0, 0.0, 0.0, 0.0, 0.0, 0.0, 0.0, 0.0, 0.0, 0.3218616763, 0.1781383237, 0.0], "num_sources": 2, "seg_angles": 64, "input": [1.8268103502, 1.5400172079, 0.5765374292, 0.4135194536, -0.4848896727, 1.5998998489, 1.2867522728, 0.7187485689, -0.1257021017, -0.9152246777, 0.7959370328, 1.0030093619, -0.0608169878, -0.6861411305, -1.5026641287, 0.707750062, 0.1044398565, -0.6180801357, -1.2026013042, -1.6299507726, 0.1527330958, -0.3633872648, -0.7235646867, -1.1442599874, -1.2688716902]}