{"source": [{"position": [-20.416099841656077, -19.16201626279267], "counts": 500000.0}, {"position": [-81.12313611248358, 285.7062071206635], "counts": 500000.0}], "output": [0.0, 0.0, 0.0, 0.0, 0.0, 0.0, 0.0, 0.1613229627, 0.3386770373, 0.0, 0.0, 0.0, 0.0, 0.0, 0.0, 0.0, 0.0, 0.0, 0.0, 0.0, 0.0, 0.0, 0.0, 0.0, 0.0, 0.0, 0.0, 0.0, 0.0, 0.0, 0.0, 0.0, 0.0, 0.0, 0.0, 0.0, 0.0, 0.0, 0.0, 0.0, 0.0, 0.0, 0.0, 0.0, 0.0, 0.0, 0.0, 0.0, 0.0, 0.0, 0.090994449, 0.409005551, 0.0, 0.0, 0.0, 0.0, 0.0, 0.0, 0.0, 0.0, 0.0, 0.0, 0.0, 0.0], "num_sources": 2, "seg_angles": 64, "input": [1.5164434473, 1.2819927582, 1.1449181348, 1.0449218189, 0.5429336185, 1.4115578866, 0.2359505128, 0.0447850013, -0.1668634019, -0.5887276006, 1.2755471648, 0.1607332517, -0.5345773312, -0.8155478216, -1.1833973858, 1.2489867895, 0.1831929812, -0.6925496876, -1.2206189966, -1.5031201904, 0.7616027726, -0.2352521983, -0.8510234191, -1.3563194633, -1.7055686418]}