{"source": [{"position": [-250.20384919273945, 196.2703081190247], "counts": 500000.0}, {"position": [341.5108176882483, -55.555030392431476], "counts": 500000.0}], "output": [0.0, 0.0, 0.0, 0.0, 0.0, 0.0, 0.0, 0.0, 0.0, 0.0, 0.0, 0.0, 0.0, 0.0, 0.0, 0.0, 0.0, 0.0, 0.0, 0.0, 0.0, 0.0, 0.0, 0.0, 0.0, 0.0, 0.0, 0.0, 0.0, 0.0, 0.3212991327, 0.1787008673, 0.0, 0.0, 0.0, 0.0, 0.0, 0.0, 0.0, 0.0, 0.0, 0.0, 0.0, 0.0, 0.0, 0.0, 0.0, 0.0, 0.0, 0.0, 0.0, 0.0, 0.0, 0.0, 0.0, 0.0, 0.0, 0.3877433658, 0.1122566342, 0.0, 0.0, 0.0, 0.0, 0.0], "num_sources": 2, "seg_angles": 64, "input": [0.0712443179, -0.8662746056, -1.1940568797, -1.3887356038, -0.5216653054, -0.2042295669, -0.8442139566, -1.2883669526, -0.7443174868, 0.3855644894, 0.7378334441, -0.9371732642, -0.6399916601, -0.2639546668, 0.6330447319, 0.5753084934, -0.6527464919, -0.437228322, 0.9080944598, 1.6607623936, -0.3658106218, 0.1832267656, 0.7818958087, 1.9260347114, 2.4857557684]}