{"source": [{"position": [-75.84189469030342, 18.2210595132371], "counts": 500000.0}, {"position": [-59.14486430127856, 458.19852141488116], "counts": 500000.0}], "output": [0.0, 0.0, 0.0, 0.0, 0.0, 0.0, 0.0, 0.0, 0.0, 0.0, 0.0, 0.0, 0.0, 0.0, 0.0, 0.0, 0.0, 0.0, 0.0, 0.0, 0.0, 0.0, 0.0, 0.0, 0.0, 0.0, 0.0, 0.0, 0.0, 0.0, 0.0, 0.0, 0.0, 0.0, 0.0, 0.0, 0.0, 0.0, 0.0, 0.0, 0.0, 0.0, 0.0, 0.0, 0.0, 0.0, 0.0, 0.0, 0.0, 0.3462094531, 0.1537905469, 0.0, 0.0, 0.0, 0.0, 0.0, 0.0, 0.0, 0.0, 0.0, 0.0, 0.2008273763, 0.2991726237, 0.0], "num_sources": 2, "seg_angles": 64, "input": [1.1075803281, 0.0830208349, -0.6847050949, -1.2500514745, -1.6611337367, 1.4546822285, 0.5216826569, -0.4139077224, -0.9971503457, -1.4036112467, 1.6339418306, 0.7110405305, -0.0344584679, -0.7009683983, -1.3203815893, 1.5376565349, 0.9195716515, 0.1434515996, -0.729224305, -1.1604950691, 1.4328457373, 0.8177701394, 0.2805859107, 0.0673630588, -0.3551055914]}