{"source": [{"position": [29.4454946562937, 147.08148368998113], "counts": 500000.0}, {"position": [-4.948613839924423, 31.615047383537295], "counts": 500000.0}], "output": [0.0, 0.0, 0.0, 0.0, 0.0, 0.0, 0.0, 0.0, 0.0, 0.0, 0.0, 0.0, 0.0, 0.0, 0.0, 0.0, 0.0, 0.0, 0.0, 0.0, 0.0, 0.0, 0.0, 0.0, 0.0, 0.0, 0.0, 0.0, 0.0, 0.0, 0.0, 0.0, 0.0, 0.0, 0.0, 0.0, 0.0, 0.0, 0.0, 0.0, 0.0, 0.0, 0.0, 0.0, 0.0, 0.006299438, 0.493700562, 0.0, 0.0, 0.2092301694, 0.2907698306, 0.0, 0.0, 0.0, 0.0, 0.0, 0.0, 0.0, 0.0, 0.0, 0.0, 0.0, 0.0, 0.0], "num_sources": 2, "seg_angles": 64, "input": [-1.149949145, -1.2958748532, -1.2365695587, -1.2188521341, -1.247218312, -0.7827861671, -0.7743034112, -0.6944622516, -0.7198989378, -0.8001582442, -0.3399464875, -0.0527195407, -0.0608690756, -0.1361629354, -0.3052125299, 0.3447860426, 0.7869605194, 0.7723216582, 0.7232552308, 0.3596406523, 1.4071989138, 1.6153140865, 1.6984668548, 1.716382175, 1.3906574508]}