{"source": [{"position": [-256.5968596652891, -62.08100844792976], "counts": 500000.0}, {"position": [-16.42509034495891, -22.67634025057698], "counts": 500000.0}], "output": [0.0, 0.0, 0.2910418297, 0.2089581703, 0.0, 0.0, 0.0, 0.0, 0.0, 0.1926077228, 0.3073922772, 0.0, 0.0, 0.0, 0.0, 0.0, 0.0, 0.0, 0.0, 0.0, 0.0, 0.0, 0.0, 0.0, 0.0, 0.0, 0.0, 0.0, 0.0, 0.0, 0.0, 0.0, 0.0, 0.0, 0.0, 0.0, 0.0, 0.0, 0.0, 0.0, 0.0, 0.0, 0.0, 0.0, 0.0, 0.0, 0.0, 0.0, 0.0, 0.0, 0.0, 0.0, 0.0, 0.0, 0.0, 0.0, 0.0, 0.0, 0.0, 0.0, 0.0, 0.0, 0.0, 0.0], "num_sources": 2, "seg_angles": 64, "input": [1.4168861549, 1.5131917382, 1.3300826063, 1.1365243458, 0.8297200874, 1.1292527305, 0.5215433414, 0.3873019707, 0.2134757878, -0.1388788317, 1.053817895, -0.0599491645, -0.4314956174, -0.6632666028, -0.9380158939, 0.9599547731, -0.2308671546, -0.9197527788, -1.1787469862, -1.3596357007, 0.5217095303, -0.5888313725, -1.2266966682, -1.5429465707, -1.7343776194]}