{"source": [{"position": [212.56973579292352, 260.21165889507466], "counts": 500000.0}, {"position": [64.79991584012407, 12.528803099771244], "counts": 500000.0}], "output": [0.0, 0.0, 0.0, 0.0, 0.0, 0.0, 0.0, 0.0, 0.0, 0.0, 0.0, 0.0, 0.0, 0.0, 0.0, 0.0, 0.0, 0.0, 0.0, 0.0, 0.0, 0.0, 0.0, 0.0, 0.0, 0.0, 0.0, 0.0, 0.0, 0.0, 0.0, 0.0, 0.0, 0.0272992189, 0.4727007811, 0.0, 0.0, 0.0, 0.0, 0.0, 0.0, 0.4885120193, 0.0114879807, 0.0, 0.0, 0.0, 0.0, 0.0, 0.0, 0.0, 0.0, 0.0, 0.0, 0.0, 0.0, 0.0, 0.0, 0.0, 0.0, 0.0, 0.0, 0.0, 0.0, 0.0], "num_sources": 2, "seg_angles": 64, "input": [-1.5999009037, -1.1814560664, -0.5364122574, 0.3081771234, 1.3338616749, -1.3994943866, -0.8611331229, -0.2162616155, 0.6552016754, 1.6875159224, -1.2032928389, -0.6576766855, -0.1569147284, 0.6444518068, 1.8061125633, -1.1560813986, -0.6320914737, -0.0810774782, 0.5641737924, 1.6506244367, -0.6180711069, -0.2943553657, 0.1005535718, 0.526393165, 1.3171536965]}