{"source": [{"position": [-114.48081528498882, -96.92338691814415], "counts": 500000.0}, {"position": [113.46998626611332, 142.29744276257412], "counts": 500000.0}], "output": [0.0, 0.0, 0.0, 0.0, 0.0, 0.0, 0.0, 0.4220091324, 0.0779908676, 0.0, 0.0, 0.0, 0.0, 0.0, 0.0, 0.0, 0.0, 0.0, 0.0, 0.0, 0.0, 0.0, 0.0, 0.0, 0.0, 0.0, 0.0, 0.0, 0.0, 0.0, 0.0, 0.0, 0.0, 0.0, 0.0, 0.0, 0.0, 0.0, 0.0, 0.0, 0.0, 0.428386828, 0.071613172, 0.0, 0.0, 0.0, 0.0, 0.0, 0.0, 0.0, 0.0, 0.0, 0.0, 0.0, 0.0, 0.0, 0.0, 0.0, 0.0, 0.0, 0.0, 0.0, 0.0, 0.0], "num_sources": 2, "seg_angles": 64, "input": [-0.3018862483, -0.150990597, -0.0735410955, 0.6167376443, 2.1547546271, -0.1212810017, -0.7520816981, -0.9965034774, 0.0490189065, 0.5289631915, 0.9632796651, -0.0051911808, -1.3391554932, -1.0773615006, -0.4645782171, 1.4302559297, 0.3157700306, -0.2238724882, -1.5799860643, -1.1011208312, 2.2435396158, 1.2190610427, 0.279209461, -0.5815970878, -1.031443133]}