{"source": [{"position": [124.06286414003353, -38.838199512484984], "counts": 500000.0}, {"position": [-15.882533491314133, -289.5647511868413], "counts": 500000.0}], "output": [0.0, 0.0, 0.0, 0.0, 0.0, 0.0, 0.0, 0.0, 0.0, 0.0, 0.0, 0.0, 0.0, 0.0, 0.0, 0.2790674856, 0.2209325144, 0.0, 0.0, 0.0, 0.0, 0.0, 0.0, 0.0, 0.0, 0.0, 0.0, 0.0, 0.0451434443, 0.4548565557, 0.0, 0.0, 0.0, 0.0, 0.0, 0.0, 0.0, 0.0, 0.0, 0.0, 0.0, 0.0, 0.0, 0.0, 0.0, 0.0, 0.0, 0.0, 0.0, 0.0, 0.0, 0.0, 0.0, 0.0, 0.0, 0.0, 0.0, 0.0, 0.0, 0.0, 0.0, 0.0, 0.0, 0.0], "num_sources": 2, "seg_angles": 64, "input": [0.3806750757, 0.6724914107, 0.6509903559, 1.2743674926, 1.6335841072, -0.9654532838, -0.5323600582, 0.3071965452, 0.774172014, 1.4741599696, -1.2627872168, -0.8664783469, -0.0447749346, 0.4533594609, 1.2272528649, -1.5580047795, -1.0386323587, -0.4904977705, 0.2942338319, 1.0993887784, -1.6813473955, -1.4547382102, -1.0262364507, -0.03166032, 0.7110992185]}