{"source": [{"position": [-207.69944745002945, -23.27959469046769], "counts": 500000.0}, {"position": [97.30363211829626, -89.19643029060785], "counts": 500000.0}], "output": [0.0, 0.4315380729, 0.0684619271, 0.0, 0.0, 0.0, 0.0, 0.0, 0.0, 0.0, 0.0, 0.0, 0.0, 0.0, 0.0, 0.0, 0.0, 0.0, 0.0, 0.0, 0.0, 0.0, 0.0, 0.0, 0.2787471974, 0.2212528026, 0.0, 0.0, 0.0, 0.0, 0.0, 0.0, 0.0, 0.0, 0.0, 0.0, 0.0, 0.0, 0.0, 0.0, 0.0, 0.0, 0.0, 0.0, 0.0, 0.0, 0.0, 0.0, 0.0, 0.0, 0.0, 0.0, 0.0, 0.0, 0.0, 0.0, 0.0, 0.0, 0.0, 0.0, 0.0, 0.0, 0.0, 0.0], "num_sources": 2, "seg_angles": 64, "input": [1.8931238311, 1.9232490447, 1.2395600098, 0.8952944644, 0.6826080015, 0.7325324142, 1.0210913399, 0.1870120172, -0.2798095606, 0.5699619941, 0.0686295378, -0.3585586245, -0.5296215803, -0.0518115125, 0.4173726439, -0.7916312769, -1.0430311978, -0.8680123939, -0.4064800668, 0.6535438764, -1.3186380945, -1.7371764083, -1.7205832576, -1.2347616115, 0.0561364103]}