{"source": [{"position": [-53.80459342042439, -399.39212026135766], "counts": 500000.0}, {"position": [153.82116489291056, -414.3706664702366], "counts": 500000.0}], "output": [0.0, 0.0, 0.0, 0.0, 0.0, 0.0, 0.0, 0.0, 0.0, 0.0, 0.0, 0.0, 0.0, 0.0, 0.1819980737, 0.3180019263, 0.0, 0.0, 0.0, 0.189711197, 0.310288803, 0.0, 0.0, 0.0, 0.0, 0.0, 0.0, 0.0, 0.0, 0.0, 0.0, 0.0, 0.0, 0.0, 0.0, 0.0, 0.0, 0.0, 0.0, 0.0, 0.0, 0.0, 0.0, 0.0, 0.0, 0.0, 0.0, 0.0, 0.0, 0.0, 0.0, 0.0, 0.0, 0.0, 0.0, 0.0, 0.0, 0.0, 0.0, 0.0, 0.0, 0.0, 0.0, 0.0], "num_sources": 2, "seg_angles": 64, "input": [1.0498705332, 1.6476125046, 1.5502277069, 1.763160827, 1.4814922367, 0.2115617853, 0.4328995383, 1.0385925693, 0.5903939842, 0.7255802921, -0.5192976812, -0.0546643198, 0.2054114623, -0.2290952157, 0.1073115187, -0.7351066482, -0.9044736926, -0.781343291, -0.6090138283, -0.5786861174, -1.2860605974, -1.3821086164, -1.3528172297, -1.3097488703, -1.0616988508]}