{"source": [{"position": [-111.0163961791312, 25.910611328144768], "counts": 500000.0}, {"position": [123.65921733192211, -212.66028770989766], "counts": 500000.0}], "output": [0.0, 0.0, 0.0, 0.0, 0.0, 0.0, 0.0, 0.0, 0.0, 0.0, 0.0, 0.0, 0.0, 0.0, 0.0, 0.0, 0.0, 0.0, 0.0, 0.0, 0.0, 0.3175600488, 0.1824399512, 0.0, 0.0, 0.0, 0.0, 0.0, 0.0, 0.0, 0.0, 0.0, 0.0, 0.0, 0.0, 0.0, 0.0, 0.0, 0.0, 0.0, 0.0, 0.0, 0.0, 0.0, 0.0, 0.0, 0.0, 0.0, 0.0, 0.0, 0.0, 0.0, 0.0, 0.0, 0.0, 0.0, 0.0, 0.0, 0.0, 0.0, 0.0, 0.1677638646, 0.3322361354, 0.0], "num_sources": 2, "seg_angles": 64, "input": [1.8959774035, 1.0929108676, 0.2292277594, -0.6080998563, -1.1570550621, 2.1221490155, 0.8848606688, 0.3234937106, -0.780326042, -1.0860097192, 1.5953424372, 0.6297184146, -0.3814926114, -0.9968687412, -1.1981484042, 1.1291510417, 0.4032154116, -0.6133072262, -1.148991756, -1.0909606263, 0.4519788218, 0.0995094512, -0.5814937037, -0.8714709745, -0.3433102803]}