{"source": [{"position": [-261.8015175986644, 127.047099073675], "counts": 500000.0}, {"position": [35.2737918319404, -136.5165177178093], "counts": 500000.0}], "output": [0.0, 0.0, 0.0, 0.0, 0.0, 0.0, 0.0, 0.0, 0.0, 0.0, 0.0, 0.0, 0.0, 0.0, 0.0, 0.0, 0.0, 0.0, 0.2122224571, 0.2877775429, 0.0, 0.0, 0.0, 0.0, 0.0, 0.0, 0.0, 0.0, 0.0, 0.0, 0.0, 0.0, 0.0, 0.0, 0.0, 0.0, 0.0, 0.0, 0.0, 0.0, 0.0, 0.0, 0.0, 0.0, 0.0, 0.0, 0.0, 0.0, 0.0, 0.0, 0.0, 0.0, 0.0, 0.0, 0.0, 0.0, 0.0, 0.0, 0.0, 0.301011729, 0.198988271, 0.0, 0.0, 0.0], "num_sources": 2, "seg_angles": 64, "input": [2.1973771487, 1.6831549556, 1.5526591121, 1.1426218967, 0.7601413256, 0.9872144826, 1.0357603294, 0.8777679719, 0.2102577513, -0.3139963321, 0.226734227, 0.059353394, -0.3267873001, -0.7439200839, -0.5373389676, -0.3964786553, -0.6850670751, -1.1397225217, -1.4024738226, -0.5583349183, -1.0574313549, -1.0106455162, -1.0798666861, -1.2269839645, -0.2539953962]}