{"source": [{"position": [-103.50051254736685, 75.31031737041317], "counts": 500000.0}, {"position": [-354.93587136197976, -60.17081701715652], "counts": 500000.0}], "output": [0.0, 0.1447429899, 0.3552570101, 0.0, 0.0, 0.0, 0.0, 0.0, 0.0, 0.0, 0.0, 0.0, 0.0, 0.0, 0.0, 0.0, 0.0, 0.0, 0.0, 0.0, 0.0, 0.0, 0.0, 0.0, 0.0, 0.0, 0.0, 0.0, 0.0, 0.0, 0.0, 0.0, 0.0, 0.0, 0.0, 0.0, 0.0, 0.0, 0.0, 0.0, 0.0, 0.0, 0.0, 0.0, 0.0, 0.0, 0.0, 0.0, 0.0, 0.0, 0.0, 0.0, 0.0, 0.0, 0.0, 0.0, 0.0, 0.2036307911, 0.2963692089, 0.0, 0.0, 0.0, 0.0, 0.0], "num_sources": 2, "seg_angles": 64, "input": [1.1831020852, 0.1457622237, -0.6012659458, -1.2453007583, -1.6387927203, 1.4483141387, 0.3724838114, -0.527881266, -1.144611613, -1.6533560201, 1.5672581398, 0.5309059957, -0.4829255372, -0.8988024161, -1.3239394636, 1.6964074231, 0.4626646212, 0.0080922449, -0.369900217, -0.7887572492, 1.3576202842, 0.8657282801, 0.5682682361, 0.3179226879, 0.1510030348]}