{"source": [{"position": [-275.97003342936415, 98.43546438654951], "counts": 500000.0}, {"position": [183.6521536414969, -22.290950245334898], "counts": 500000.0}], "output": [0.0, 0.0, 0.0, 0.0, 0.0, 0.0, 0.0, 0.0, 0.0, 0.0, 0.0, 0.0, 0.0, 0.0, 0.0, 0.0, 0.0, 0.0, 0.0, 0.0, 0.0, 0.0, 0.0, 0.0, 0.0, 0.0, 0.0, 0.0, 0.0, 0.0, 0.1151534556, 0.3848465444, 0.0, 0.0, 0.0, 0.0, 0.0, 0.0, 0.0, 0.0, 0.0, 0.0, 0.0, 0.0, 0.0, 0.0, 0.0, 0.0, 0.0, 0.0, 0.0, 0.0, 0.0, 0.0, 0.0, 0.0, 0.0, 0.0, 0.0, 0.0, 0.2449561141, 0.2550438859, 0.0, 0.0], "num_sources": 2, "seg_angles": 64, "input": [-0.5425280121, -0.4509620067, -1.3996311927, -0.5490217809, 0.4238091711, -0.3953074114, -1.091396333, -0.7253280234, 0.3093018496, 1.3905920423, -0.5909685175, -0.6469861271, -0.4114621592, 0.5503569591, 1.8790010748, -0.7282518222, -0.2234488591, -0.0713239663, 0.7343719664, 1.4949967769, -1.1113238698, -1.2345075559, -0.227956691, 1.2288495976, 2.3891248905]}