{"source": [{"position": [98.80623125033767, -399.9766601516954], "counts": 500000.0}, {"position": [-186.16911262324416, -42.685612389584534], "counts": 500000.0}], "output": [0.0, 0.0, 0.3521066899, 0.1478933101, 0.0, 0.0, 0.0, 0.0, 0.0, 0.0, 0.0, 0.0, 0.0, 0.0, 0.0, 0.0, 0.0, 0.0, 0.2665801858, 0.2334198142, 0.0, 0.0, 0.0, 0.0, 0.0, 0.0, 0.0, 0.0, 0.0, 0.0, 0.0, 0.0, 0.0, 0.0, 0.0, 0.0, 0.0, 0.0, 0.0, 0.0, 0.0, 0.0, 0.0, 0.0, 0.0, 0.0, 0.0, 0.0, 0.0, 0.0, 0.0, 0.0, 0.0, 0.0, 0.0, 0.0, 0.0, 0.0, 0.0, 0.0, 0.0, 0.0, 0.0, 0.0], "num_sources": 2, "seg_angles": 64, "input": [1.6879294373, 1.4398674055, 0.6381638415, 0.3574776373, -0.0725537822, 1.5530120694, 0.9175381796, 0.3572122695, -0.3768124199, -0.7765254248, 1.1989112277, 0.8624085293, -0.3128641046, -0.7977239372, -1.3609889867, 1.1178056663, 0.1369901125, -0.2557569604, -1.0782229162, -1.4734479095, 0.514073438, -0.3751960196, -0.7253741399, -1.5591976227, -1.6167255901]}