{"source": [{"position": [-203.10611837052755, 144.04480094907015], "counts": 500000.0}, {"position": [31.269782187553634, -15.722618164381945], "counts": 500000.0}], "output": [0.0, 0.0, 0.0, 0.0, 0.0, 0.0, 0.0, 0.0, 0.0, 0.0, 0.0, 0.0, 0.0, 0.0, 0.0, 0.0, 0.0, 0.0, 0.0, 0.0, 0.0, 0.0, 0.0, 0.0, 0.0, 0.0, 0.0, 0.3727556461, 0.1272443539, 0.0, 0.0, 0.0, 0.0, 0.0, 0.0, 0.0, 0.0, 0.0, 0.0, 0.0, 0.0, 0.0, 0.0, 0.0, 0.0, 0.0, 0.0, 0.0, 0.0, 0.0, 0.0, 0.0, 0.0, 0.0, 0.0, 0.0, 0.0, 0.1417449196, 0.3582550804, 0.0, 0.0, 0.0, 0.0, 0.0], "num_sources": 2, "seg_angles": 64, "input": [0.3953381962, 0.5808419541, 0.6753855341, 0.7025858948, 1.1803924333, -0.9377764035, -0.68807484, -0.3372179104, 0.362102847, 1.554387044, -1.2853568389, -1.0223950597, -0.4676624987, 0.5483556131, 1.4951470681, -1.4140893927, -1.0317436998, -0.4865054207, 0.5316916275, 1.5650881337, -1.6730514601, -1.2716913846, -0.5762320563, 0.2367845335, 1.3636960863]}