{"source": [{"position": [-79.2731956711111, -30.671818467279255], "counts": 500000.0}, {"position": [304.7513545554387, -333.8122404835169], "counts": 500000.0}], "output": [0.0, 0.0, 0.0, 0.1198138035, 0.3801861965, 0.0, 0.0, 0.0, 0.0, 0.0, 0.0, 0.0, 0.0, 0.0, 0.0, 0.0, 0.0, 0.0, 0.0, 0.0, 0.0, 0.0, 0.0, 0.2316195667, 0.2683804333, 0.0, 0.0, 0.0, 0.0, 0.0, 0.0, 0.0, 0.0, 0.0, 0.0, 0.0, 0.0, 0.0, 0.0, 0.0, 0.0, 0.0, 0.0, 0.0, 0.0, 0.0, 0.0, 0.0, 0.0, 0.0, 0.0, 0.0, 0.0, 0.0, 0.0, 0.0, 0.0, 0.0, 0.0, 0.0, 0.0, 0.0, 0.0, 0.0], "num_sources": 2, "seg_angles": 64, "input": [1.6601161732, 1.1322091455, 0.5996106085, 0.6772282409, 0.2889747816, 1.6922217062, 0.6190839534, -0.3316157323, -0.687403629, -1.0486053613, 1.4010425094, 0.6017316977, -0.3421385136, -0.9699554311, -1.1533421426, 1.2870814208, 0.3092099462, -0.389048683, -0.8914534137, -1.3360952071, 0.8950400187, -0.209618652, -0.8901207993, -1.2965454554, -1.6176071815]}