{"source": [{"position": [311.6549419621422, 345.1031688503799], "counts": 500000.0}, {"position": [225.14048084616903, -117.59151280749724], "counts": 500000.0}], "output": [0.0, 0.0, 0.0, 0.0, 0.0, 0.0, 0.0, 0.0, 0.0, 0.0, 0.0, 0.0, 0.0, 0.0, 0.0, 0.0, 0.0, 0.0, 0.0, 0.0, 0.0, 0.0, 0.0, 0.0, 0.0, 0.0, 0.0, 0.4513949497, 0.0486050503, 0.0, 0.0, 0.0, 0.0, 0.0, 0.0, 0.0, 0.0, 0.0, 0.0, 0.0, 0.2408431474, 0.2591568526, 0.0, 0.0, 0.0, 0.0, 0.0, 0.0, 0.0, 0.0, 0.0, 0.0, 0.0, 0.0, 0.0, 0.0, 0.0, 0.0, 0.0, 0.0, 0.0, 0.0, 0.0, 0.0], "num_sources": 2, "seg_angles": 64, "input": [-0.5231102772, -0.3098131838, -0.1247290388, 0.3504399668, 1.3231499307, -1.23480979, -0.9244925041, -0.8583882273, 0.6479730692, 1.5004172709, -1.5966026932, -1.103206335, -0.5578284911, 0.7619213396, 1.6592188629, -1.4581609195, -0.7897657071, -0.1731617169, 0.6994462394, 1.7835875066, -0.6736107084, -0.4945406572, 0.1542060431, 0.4784314299, 1.4634285904]}