{"source": [{"position": [-459.4861624832867, -21.736294219178568], "counts": 500000.0}, {"position": [-45.6588845325493, -337.9293805860084], "counts": 500000.0}], "output": [0.2592537493, 0.2407462507, 0.0, 0.0, 0.0, 0.0, 0.0, 0.0, 0.0, 0.0, 0.0, 0.0, 0.0, 0.0, 0.1839862103, 0.3160137897, 0.0, 0.0, 0.0, 0.0, 0.0, 0.0, 0.0, 0.0, 0.0, 0.0, 0.0, 0.0, 0.0, 0.0, 0.0, 0.0, 0.0, 0.0, 0.0, 0.0, 0.0, 0.0, 0.0, 0.0, 0.0, 0.0, 0.0, 0.0, 0.0, 0.0, 0.0, 0.0, 0.0, 0.0, 0.0, 0.0, 0.0, 0.0, 0.0, 0.0, 0.0, 0.0, 0.0, 0.0, 0.0, 0.0, 0.0, 0.0], "num_sources": 2, "seg_angles": 64, "input": [1.3307829103, 1.3134125301, 1.3104886983, 1.0290101318, 0.6667116027, 1.2237998612, 1.1393984453, 0.7030139124, 0.3184762871, -0.5373709352, 0.4491850663, 0.4661853631, 0.0184869109, -0.6338095132, -0.8229610164, 0.9168041284, -0.2385396521, -0.5199446624, -1.0682066193, -1.5598695216, -0.0262798463, -0.7347238824, -1.1954363987, -1.55462237, -1.9939914304]}