{"source": [{"position": [107.66747999468272, -131.55878439539714], "counts": 500000.0}, {"position": [-52.71437116135817, 71.70910035039185], "counts": 500000.0}], "output": [0.0, 0.0, 0.0, 0.0, 0.0, 0.0, 0.0, 0.0, 0.0, 0.0, 0.0, 0.0, 0.0, 0.0, 0.0, 0.0, 0.0, 0.0, 0.0, 0.0, 0.0, 0.0, 0.0069480485, 0.4930519515, 0.0, 0.0, 0.0, 0.0, 0.0, 0.0, 0.0, 0.0, 0.0, 0.0, 0.0, 0.0, 0.0, 0.0, 0.0, 0.0, 0.0, 0.0, 0.0, 0.0, 0.0, 0.0, 0.0, 0.0, 0.0, 0.0, 0.0, 0.0, 0.0, 0.0, 0.2715439223, 0.2284560777, 0.0, 0.0, 0.0, 0.0, 0.0, 0.0, 0.0, 0.0], "num_sources": 2, "seg_angles": 64, "input": [1.4494165281, 0.1265287462, -0.8494573432, -1.1409684123, -1.7436392005, 1.2715736806, -0.3353139361, -1.0906561539, -1.6031317391, -0.9324749476, 0.6464790762, -0.5849089262, -1.0031254722, -0.7723654049, -0.2104855389, 0.5408629873, -0.2149942248, 0.0184540568, 0.3017175024, 0.5401733725, 0.260058883, 0.5037680065, 1.197606456, 1.7555691654, 1.8693128388]}