{"source": [{"position": [105.58750070398894, -440.5227345950322], "counts": 500000.0}, {"position": [-283.11423151464527, 102.21219063238912], "counts": 500000.0}], "output": [0.0, 0.0, 0.0, 0.0, 0.0, 0.0, 0.0, 0.0, 0.0, 0.0, 0.0, 0.0, 0.0, 0.0, 0.0, 0.0, 0.0, 0.0, 0.3018874347, 0.1981125653, 0.0, 0.0, 0.0, 0.0, 0.0, 0.0, 0.0, 0.0, 0.0, 0.0, 0.0, 0.0, 0.0, 0.0, 0.0, 0.0, 0.0, 0.0, 0.0, 0.0, 0.0, 0.0, 0.0, 0.0, 0.0, 0.0, 0.0, 0.0, 0.0, 0.0, 0.0, 0.0, 0.0, 0.0, 0.0, 0.0, 0.0, 0.0, 0.0, 0.0, 0.2645338931, 0.2354661069, 0.0, 0.0], "num_sources": 2, "seg_angles": 64, "input": [1.953980009, 1.696815742, 0.6184808514, -0.1664343549, -0.4378266754, 1.7252388897, 0.8018699278, 0.1754072355, -0.3169765046, -1.3932078247, 1.713404443, 0.4367897009, -0.1555879217, -0.9539388076, -1.0698486434, 0.8017930071, -0.2620179112, -0.7284831412, -1.5389184094, -1.3179906411, 0.4615128123, -0.3531339965, -0.5125807772, -0.8733917036, -0.3049553062]}