{"source": [{"position": [23.766348961701542, 32.17391267829618], "counts": 500000.0}, {"position": [78.998775995726, 28.551591745069196], "counts": 500000.0}], "output": [0.0, 0.0, 0.0, 0.0, 0.0, 0.0, 0.0, 0.0, 0.0, 0.0, 0.0, 0.0, 0.0, 0.0, 0.0, 0.0, 0.0, 0.0, 0.0, 0.0, 0.0, 0.0, 0.0, 0.0, 0.0, 0.0, 0.0, 0.0, 0.0, 0.0, 0.0, 0.0, 0.0, 0.0, 0.0, 0.2337088301, 0.2662911699, 0.0, 0.0, 0.0, 0.0, 0.2402384582, 0.2597615418, 0.0, 0.0, 0.0, 0.0, 0.0, 0.0, 0.0, 0.0, 0.0, 0.0, 0.0, 0.0, 0.0, 0.0, 0.0, 0.0, 0.0, 0.0, 0.0, 0.0, 0.0], "num_sources": 2, "seg_angles": 64, "input": [-1.7583007982, -1.5281735973, -1.1112348328, -0.3562233057, 0.8315216636, -1.4450881539, -1.1290912896, -0.7372931194, 0.0543527266, 1.2544566114, -1.1314188336, -0.7123175746, -0.3840547665, 0.1966924991, 1.2756426891, -0.5372692781, -0.0888663969, 0.084794758, 0.5063966608, 1.3172230675, 0.6122803844, 1.037462425, 1.2104625644, 1.2298743115, 1.3081715852]}