{"source": [{"position": [-17.796705995104578, -170.07138870404924], "counts": 500000.0}, {"position": [-207.39659698336794, -250.2232034798501], "counts": 500000.0}], "output": [0.0, 0.0, 0.0, 0.0, 0.0, 0.0, 0.0, 0.0, 0.0247568517, 0.4752431483, 0.0, 0.0, 0.0, 0.0, 0.0310076345, 0.4689923655, 0.0, 0.0, 0.0, 0.0, 0.0, 0.0, 0.0, 0.0, 0.0, 0.0, 0.0, 0.0, 0.0, 0.0, 0.0, 0.0, 0.0, 0.0, 0.0, 0.0, 0.0, 0.0, 0.0, 0.0, 0.0, 0.0, 0.0, 0.0, 0.0, 0.0, 0.0, 0.0, 0.0, 0.0, 0.0, 0.0, 0.0, 0.0, 0.0, 0.0, 0.0, 0.0, 0.0, 0.0, 0.0, 0.0, 0.0, 0.0], "num_sources": 2, "seg_angles": 64, "input": [1.3007926016, 1.4621851878, 1.6753942099, 1.8456197989, 1.3257592021, 0.7148109648, 0.510939403, 0.7285234413, 0.4766613504, 0.1746019367, 0.3554857874, -0.1035586978, -0.4023729874, -0.2177102568, -0.5671584175, -0.0541279488, -0.4639769874, -0.641829196, -1.0270207367, -1.1622798378, -0.4766114671, -1.0314347525, -1.2241432507, -1.4771613256, -1.7213880219]}