{"source": [{"position": [216.788867143225, 116.26945894239437], "counts": 500000.0}, {"position": [309.6161298154577, 368.1016872524462], "counts": 500000.0}], "output": [0.0, 0.0, 0.0, 0.0, 0.0, 0.0, 0.0, 0.0, 0.0, 0.0, 0.0, 0.0, 0.0, 0.0, 0.0, 0.0, 0.0, 0.0, 0.0, 0.0, 0.0, 0.0, 0.0, 0.0, 0.0, 0.0, 0.0, 0.0, 0.0, 0.0, 0.0, 0.0, 0.0, 0.0, 0.0, 0.0, 0.0, 0.4928171941, 0.0071828059, 0.0, 0.0615751167, 0.4384248833, 0.0, 0.0, 0.0, 0.0, 0.0, 0.0, 0.0, 0.0, 0.0, 0.0, 0.0, 0.0, 0.0, 0.0, 0.0, 0.0, 0.0, 0.0, 0.0, 0.0, 0.0, 0.0], "num_sources": 2, "seg_angles": 64, "input": [-1.7061546395, -1.505957526, -0.8410056928, 0.0989030143, 0.9342084728, -1.5607432073, -1.1393853773, -0.3954128157, 0.524930751, 1.1674816707, -1.3047331506, -0.7847067365, -0.612031446, 0.2753754197, 1.4121531249, -0.8196539543, -0.4784021198, 0.0950658454, 0.4056620004, 1.2077826769, 0.562006788, 1.0425347783, 0.8866455662, 1.3093222859, 1.2261142713]}