{"source": [{"position": [41.9456456559751, 145.05710189612705], "counts": 500000.0}, {"position": [378.89090585742565, -273.00307957702495], "counts": 500000.0}], "output": [0.0, 0.0, 0.0, 0.0, 0.0, 0.0, 0.0, 0.0, 0.0, 0.0, 0.0, 0.0, 0.0, 0.0, 0.0, 0.0, 0.0, 0.0, 0.0, 0.0, 0.0, 0.0, 0.0, 0.0, 0.0, 0.179907783, 0.320092217, 0.0, 0.0, 0.0, 0.0, 0.0, 0.0, 0.0, 0.0, 0.0, 0.0, 0.0, 0.0, 0.0, 0.0, 0.0, 0.0, 0.0, 0.0, 0.4336084157, 0.0663915843, 0.0, 0.0, 0.0, 0.0, 0.0, 0.0, 0.0, 0.0, 0.0, 0.0, 0.0, 0.0, 0.0, 0.0, 0.0, 0.0, 0.0], "num_sources": 2, "seg_angles": 64, "input": [-1.317186793, -1.2570625842, -1.1909237931, -1.0671346093, 0.0275459977, -1.4879212785, -1.0331648281, -0.6117749708, -0.7868126788, 0.3354176356, -1.0600989429, -0.5093760779, -0.3127917948, -0.0934920048, 1.0973744733, -0.348177632, 0.4969384263, 0.7797523869, 0.6047169341, 0.8649227111, 0.8848771532, 1.0928470241, 1.6520777747, 1.5877019546, 1.6517455165]}