{"source": [{"position": [-136.39118210177696, 21.010603153643913], "counts": 500000.0}, {"position": [160.85574723711284, -142.6549283438538], "counts": 500000.0}], "output": [0.0, 0.0, 0.0, 0.0, 0.0, 0.0, 0.0, 0.0, 0.0, 0.0, 0.0, 0.0, 0.0, 0.0, 0.0, 0.0, 0.0, 0.0, 0.0, 0.0, 0.0, 0.0, 0.0, 0.0, 0.1949526301, 0.3050473699, 0.0, 0.0, 0.0, 0.0, 0.0, 0.0, 0.0, 0.0, 0.0, 0.0, 0.0, 0.0, 0.0, 0.0, 0.0, 0.0, 0.0, 0.0, 0.0, 0.0, 0.0, 0.0, 0.0, 0.0, 0.0, 0.0, 0.0, 0.0, 0.0, 0.0, 0.0, 0.0, 0.0, 0.0, 0.0, 0.0, 0.2784340682, 0.2215659318], "num_sources": 2, "seg_angles": 64, "input": [2.3039311934, 1.3442371444, 0.6108304563, -0.5604713159, -0.8262549899, 2.0886182921, 1.3283307133, -0.3081536743, -0.9239110819, -0.7439057356, 1.5629078919, 0.5289932251, -0.5239588907, -0.9487160639, -0.5058198825, 0.8320370148, 0.0796833952, -0.8839727073, -0.870670329, -0.7528472891, -0.3116757525, -0.8412366704, -0.7779024434, -0.6881145547, -0.2119579453]}