{"source": [{"position": [305.4961522923441, 188.55529940729022], "counts": 500000.0}, {"position": [-161.30097933533003, -34.74182012306552], "counts": 500000.0}], "output": [0.0, 0.0, 0.4195586039, 0.0804413961, 0.0, 0.0, 0.0, 0.0, 0.0, 0.0, 0.0, 0.0, 0.0, 0.0, 0.0, 0.0, 0.0, 0.0, 0.0, 0.0, 0.0, 0.0, 0.0, 0.0, 0.0, 0.0, 0.0, 0.0, 0.0, 0.0, 0.0, 0.0, 0.0, 0.0, 0.0, 0.0, 0.0, 0.1837064729, 0.3162935271, 0.0, 0.0, 0.0, 0.0, 0.0, 0.0, 0.0, 0.0, 0.0, 0.0, 0.0, 0.0, 0.0, 0.0, 0.0, 0.0, 0.0, 0.0, 0.0, 0.0, 0.0, 0.0, 0.0, 0.0, 0.0], "num_sources": 2, "seg_angles": 64, "input": [0.7876578317, -0.3111334194, -0.5113856194, -0.0606391072, -0.5941571302, 1.151253364, 0.287167682, -0.4923712425, -0.9429989343, -1.1718334157, 1.450108762, 0.6724234133, -0.6968858251, -0.6470894158, -0.9948694895, 2.0192811965, 1.042485679, -0.5674249841, -0.8262654932, -1.1332981205, 2.1238473254, 1.2039880503, 0.1370841643, -0.8686357333, -1.0563095381]}