{"source": [{"position": [-123.47056324682674, -166.14457563071798], "counts": 500000.0}, {"position": [-231.86586022426334, -72.71329219931107], "counts": 500000.0}], "output": [0.0, 0.0, 0.0, 0.4523146307, 0.0476853693, 0.0, 0.0, 0.0, 0.0, 0.2549275773, 0.2450724227, 0.0, 0.0, 0.0, 0.0, 0.0, 0.0, 0.0, 0.0, 0.0, 0.0, 0.0, 0.0, 0.0, 0.0, 0.0, 0.0, 0.0, 0.0, 0.0, 0.0, 0.0, 0.0, 0.0, 0.0, 0.0, 0.0, 0.0, 0.0, 0.0, 0.0, 0.0, 0.0, 0.0, 0.0, 0.0, 0.0, 0.0, 0.0, 0.0, 0.0, 0.0, 0.0, 0.0, 0.0, 0.0, 0.0, 0.0, 0.0, 0.0, 0.0, 0.0, 0.0, 0.0], "num_sources": 2, "seg_angles": 64, "input": [1.4409124296, 1.3817920792, 0.9267042812, 0.6802000715, 0.4324244041, 1.4149017988, 0.511115361, 0.0244332632, -0.2904467317, -0.5819726815, 1.416397618, 0.1961057964, -0.36668586, -0.5578788627, -1.2252398038, 1.3499740096, 0.0008468, -0.6657816868, -1.1399613659, -1.5070174335, 0.8805346083, -0.1252197291, -0.9596828302, -1.4733825329, -1.7630730029]}