{"source": [{"position": [-89.6557553660151, -178.7787614056805], "counts": 500000.0}, {"position": [-27.742890171264285, -21.338510841789493], "counts": 500000.0}], "output": [0.0, 0.0, 0.0, 0.0, 0.0, 0.0, 0.1608203295, 0.3391796705, 0.0, 0.0, 0.0, 0.3674049401, 0.1325950599, 0.0, 0.0, 0.0, 0.0, 0.0, 0.0, 0.0, 0.0, 0.0, 0.0, 0.0, 0.0, 0.0, 0.0, 0.0, 0.0, 0.0, 0.0, 0.0, 0.0, 0.0, 0.0, 0.0, 0.0, 0.0, 0.0, 0.0, 0.0, 0.0, 0.0, 0.0, 0.0, 0.0, 0.0, 0.0, 0.0, 0.0, 0.0, 0.0, 0.0, 0.0, 0.0, 0.0, 0.0, 0.0, 0.0, 0.0, 0.0, 0.0, 0.0, 0.0], "num_sources": 2, "seg_angles": 64, "input": [1.3236019097, 1.2405724161, 1.0475912954, 1.035769394, 0.6965761763, 1.4717092107, 0.482620913, 0.0291142934, -0.21433876, -0.5094128623, 1.3025474686, 0.2750093892, -0.4597183451, -0.9398844926, -1.2197700282, 1.2019857599, 0.0821395473, -0.6152222375, -1.173647433, -1.5222247889, 0.7810950118, -0.2475464193, -0.9603264235, -1.4044846713, -1.7037563239]}