{"source": [{"position": [69.69034690013339, 136.20666484771976], "counts": 500000.0}, {"position": [-3.7657590637641127, -81.91348520648893], "counts": 500000.0}], "output": [0.0, 0.0, 0.0, 0.0, 0.0, 0.0, 0.0, 0.0, 0.0, 0.0, 0.0, 0.0, 0.0, 0.0, 0.0, 0.2339707464, 0.2660292536, 0.0, 0.0, 0.0, 0.0, 0.0, 0.0, 0.0, 0.0, 0.0, 0.0, 0.0, 0.0, 0.0, 0.0, 0.0, 0.0, 0.0, 0.0, 0.0, 0.0, 0.0, 0.0, 0.0, 0.0, 0.0, 0.0, 0.4085888592, 0.0914111408, 0.0, 0.0, 0.0, 0.0, 0.0, 0.0, 0.0, 0.0, 0.0, 0.0, 0.0, 0.0, 0.0, 0.0, 0.0, 0.0, 0.0, 0.0, 0.0], "num_sources": 2, "seg_angles": 64, "input": [1.1741882123, 1.3845072878, 1.4755502393, 1.8465923785, 2.3178996897, -0.4101721265, 0.2978319035, 0.4584911543, 0.7625792064, 0.8763643985, -1.1114255886, -0.429840026, -0.4604411145, -0.4120162439, -0.0983377597, -1.5181986487, -0.7418872409, -0.5851254755, -0.8312267033, -0.726612034, -1.0416685669, -0.3871471015, -0.3148613786, -0.4440303465, -1.0810141153]}