{"source": [{"position": [202.10543572993885, 125.6876797797284], "counts": 500000.0}, {"position": [-90.21904523667065, 49.69430426702411], "counts": 500000.0}], "output": [0.0, 0.0, 0.0, 0.0, 0.0, 0.0, 0.0, 0.0, 0.0, 0.0, 0.0, 0.0, 0.0, 0.0, 0.0, 0.0, 0.0, 0.0, 0.0, 0.0, 0.0, 0.0, 0.0, 0.0, 0.0, 0.0, 0.0, 0.0, 0.0, 0.0, 0.0, 0.0, 0.0, 0.0, 0.0, 0.0, 0.0, 0.1664768832, 0.3335231168, 0.0, 0.0, 0.0, 0.0, 0.0, 0.0, 0.0, 0.0, 0.0, 0.0, 0.0, 0.0, 0.0, 0.0, 0.0, 0.0, 0.0, 0.0, 0.0, 0.0641581423, 0.4358418577, 0.0, 0.0, 0.0, 0.0], "num_sources": 2, "seg_angles": 64, "input": [0.2232080231, -0.4387635883, -1.2568636974, -1.2739573989, -1.465082137, 1.0598562957, 0.1433282639, -0.7417600862, -1.2762409761, -1.1380699602, 1.1733307355, -0.0747399971, -0.605271791, -0.8154909242, -0.918313781, 1.400589267, 0.33064376, -0.3914587174, -0.4024244552, -0.2355654747, 1.4316617031, 1.4345805029, 1.2844964904, 1.4725161884, 1.0797917549]}