{"source": [{"position": [239.5076700624258, -152.61741703117696], "counts": 500000.0}, {"position": [-331.9399330263317, -245.73335317468496], "counts": 500000.0}], "output": [0.0, 0.0, 0.0, 0.0, 0.0, 0.0, 0.2544579696, 0.2455420304, 0.0, 0.0, 0.0, 0.0, 0.0, 0.0, 0.0, 0.0, 0.0, 0.0, 0.0, 0.0, 0.0, 0.0, 0.0, 0.0, 0.0, 0.0, 0.3894061951, 0.1105938049, 0.0, 0.0, 0.0, 0.0, 0.0, 0.0, 0.0, 0.0, 0.0, 0.0, 0.0, 0.0, 0.0, 0.0, 0.0, 0.0, 0.0, 0.0, 0.0, 0.0, 0.0, 0.0, 0.0, 0.0, 0.0, 0.0, 0.0, 0.0, 0.0, 0.0, 0.0, 0.0, 0.0, 0.0, 0.0, 0.0], "num_sources": 2, "seg_angles": 64, "input": [1.3408195937, 1.6308094265, 1.9184972065, 1.7042824467, 1.6765927887, 0.1646888961, -0.2460485223, -0.3495359303, 0.2290035722, 0.8617488442, -0.1338249784, -0.7463134014, -0.9900025432, -0.482750668, 0.5806489294, -0.6464386745, -0.8454621558, -0.863130995, -0.0431833188, 0.2245996214, -0.9117746523, -1.5914624401, -1.439662176, -0.7520321598, -0.2900687096]}