{"source": [{"position": [-200.29326382178235, -209.72031009803968], "counts": 500000.0}, {"position": [-8.99035105067556, -437.90772268593946], "counts": 500000.0}], "output": [0.0, 0.0, 0.0, 0.0, 0.0, 0.0, 0.0, 0.0, 0.3829231567, 0.1170768433, 0.0, 0.0, 0.0, 0.0, 0.0, 0.1045449718, 0.3954550282, 0.0, 0.0, 0.0, 0.0, 0.0, 0.0, 0.0, 0.0, 0.0, 0.0, 0.0, 0.0, 0.0, 0.0, 0.0, 0.0, 0.0, 0.0, 0.0, 0.0, 0.0, 0.0, 0.0, 0.0, 0.0, 0.0, 0.0, 0.0, 0.0, 0.0, 0.0, 0.0, 0.0, 0.0, 0.0, 0.0, 0.0, 0.0, 0.0, 0.0, 0.0, 0.0, 0.0, 0.0, 0.0, 0.0, 0.0], "num_sources": 2, "seg_angles": 64, "input": [1.6244712115, 1.4998738714, 1.5201151713, 1.5881565439, 1.140504773, 0.8774373958, 0.3780524139, 0.5033691144, 0.4799108031, 0.000318175, 0.7505403541, 0.0203482148, -0.4316225472, -0.3887713802, -0.8643065045, 0.2266820755, -0.3315416203, -0.9323883367, -0.9752568763, -1.3459120934, -0.1605389256, -0.8613563598, -1.1700014621, -1.4192243309, -1.7288596806]}