{"source": [{"position": [349.4610022867728, 49.859882478041946], "counts": 500000.0}, {"position": [300.48298289162284, -17.634539760161626], "counts": 500000.0}], "output": [0.0, 0.0, 0.0, 0.0, 0.0, 0.0, 0.0, 0.0, 0.0, 0.0, 0.0, 0.0, 0.0, 0.0, 0.0, 0.0, 0.0, 0.0, 0.0, 0.0, 0.0, 0.0, 0.0, 0.0, 0.0, 0.0, 0.0, 0.0, 0.0, 0.0, 0.0, 0.2985496051, 0.2014503949, 0.2782257246, 0.2217742754, 0.0, 0.0, 0.0, 0.0, 0.0, 0.0, 0.0, 0.0, 0.0, 0.0, 0.0, 0.0, 0.0, 0.0, 0.0, 0.0, 0.0, 0.0, 0.0, 0.0, 0.0, 0.0, 0.0, 0.0, 0.0, 0.0, 0.0, 0.0, 0.0], "num_sources": 2, "seg_angles": 64, "input": [-1.3368119001, -0.770107174, -0.5157891095, 0.4649227447, 1.4040981794, -1.2627153058, -0.7142529325, -0.0478971147, 0.795771731, 1.6997240392, -1.2034835467, -0.736356891, 0.0216624612, 0.6279015321, 1.7435182849, -1.2114956749, -0.7288385008, 0.0069246038, 0.6233272153, 1.6661101597, -1.2148854862, -0.7094793543, -0.3684742569, 0.5139963879, 1.2526299082]}