{"source": [{"position": [-33.78106812759004, -145.1200862601698], "counts": 500000.0}, {"position": [-70.08669656376313, -413.09666540021715], "counts": 500000.0}], "output": [0.0, 0.0, 0.0, 0.0, 0.0, 0.0, 0.0, 0.0, 0.0, 0.0, 0.0, 0.0, 0.0, 0.1647962079, 0.6911333419, 0.1440704503, 0.0, 0.0, 0.0, 0.0, 0.0, 0.0, 0.0, 0.0, 0.0, 0.0, 0.0, 0.0, 0.0, 0.0, 0.0, 0.0, 0.0, 0.0, 0.0, 0.0, 0.0, 0.0, 0.0, 0.0, 0.0, 0.0, 0.0, 0.0, 0.0, 0.0, 0.0, 0.0, 0.0, 0.0, 0.0, 0.0, 0.0, 0.0, 0.0, 0.0, 0.0, 0.0, 0.0, 0.0, 0.0, 0.0, 0.0, 0.0], "num_sources": 2, "seg_angles": 64, "input": [1.3359121573, 1.8122560499, 1.6204905215, 1.6500489762, 1.2661087107, 0.4922938471, 0.5745016577, 0.9044995694, 0.6187317547, 0.2557724333, -0.0082279788, -0.188394406, 0.0708290719, -0.2027457315, -0.4101145012, -0.318436629, -0.8517600275, -0.7817916504, -0.8166510664, -1.055621115, -0.5602153525, -1.2372119776, -1.3220620917, -1.3172304146, -1.5309818074]}