{"source": [{"position": [-186.40784125181105, -395.248171051859], "counts": 500000.0}, {"position": [113.74349194674146, -181.26891084728666], "counts": 500000.0}], "output": [0.0, 0.0, 0.0, 0.0, 0.0, 0.0, 0.0, 0.0, 0.0, 0.0, 0.0, 0.2444096783, 0.2555903217, 0.0, 0.0, 0.0, 0.0, 0.0, 0.0, 0.0, 0.0, 0.1459868827, 0.3540131173, 0.0, 0.0, 0.0, 0.0, 0.0, 0.0, 0.0, 0.0, 0.0, 0.0, 0.0, 0.0, 0.0, 0.0, 0.0, 0.0, 0.0, 0.0, 0.0, 0.0, 0.0, 0.0, 0.0, 0.0, 0.0, 0.0, 0.0, 0.0, 0.0, 0.0, 0.0, 0.0, 0.0, 0.0, 0.0, 0.0, 0.0, 0.0, 0.0, 0.0, 0.0], "num_sources": 2, "seg_angles": 64, "input": [1.3220617865, 1.6259700819, 1.6642711564, 1.6280416972, 1.3909271567, 0.4486686832, 0.4167227682, 0.3026369031, 0.5319230994, 0.6655383436, -0.5824360805, -0.4703776574, -0.3768667202, -0.2694462191, 0.5113048802, -0.8069464479, -1.088039851, -1.1270877456, -0.7001481884, 0.4618832021, -1.251999111, -1.4056305756, -1.5122649022, -1.1556526862, -0.2230535733]}