{"source": [{"position": [44.931925915558175, 220.4679614672363], "counts": 500000.0}, {"position": [277.22139251336387, -129.55423394452], "counts": 500000.0}], "output": [0.0, 0.0, 0.0, 0.0, 0.0, 0.0, 0.0, 0.0, 0.0, 0.0, 0.0, 0.0, 0.0, 0.0, 0.0, 0.0, 0.0, 0.0, 0.0, 0.0, 0.0, 0.0, 0.0, 0.0, 0.0, 0.0, 0.0, 0.2265027716, 0.2734972284, 0.0, 0.0, 0.0, 0.0, 0.0, 0.0, 0.0, 0.0, 0.0, 0.0, 0.0, 0.0, 0.0, 0.0, 0.0, 0.0, 0.0239348629, 0.4760651371, 0.0, 0.0, 0.0, 0.0, 0.0, 0.0, 0.0, 0.0, 0.0, 0.0, 0.0, 0.0, 0.0, 0.0, 0.0, 0.0, 0.0], "num_sources": 2, "seg_angles": 64, "input": [-1.3769027316, -0.7835771806, -0.8181689781, -0.3314495649, 0.4044994501, -1.5509246339, -1.227813434, -0.8956055012, -0.6599011008, 0.6193708809, -1.5024588609, -0.5977227987, -0.3164423692, 0.635822727, 0.8428622694, -0.8882524615, 0.1347433221, 0.4147196685, 1.0716563047, 1.6313671317, 0.1870373098, 0.426496297, 1.2472182159, 1.4844360134, 1.8489900249]}