{"source": [{"position": [127.72837863818526, 40.5149514433916], "counts": 500000.0}, {"position": [397.09524638071196, -256.99098291932665], "counts": 500000.0}], "output": [0.0, 0.0, 0.0, 0.0, 0.0, 0.0, 0.0, 0.0, 0.0, 0.0, 0.0, 0.0, 0.0, 0.0, 0.0, 0.0, 0.0, 0.0, 0.0, 0.0, 0.0, 0.0, 0.0, 0.0, 0.0, 0.0, 0.4253353593, 0.0746646407, 0.0, 0.0, 0.0, 0.0, 0.0, 0.0, 0.0, 0.4356597815, 0.0643402185, 0.0, 0.0, 0.0, 0.0, 0.0, 0.0, 0.0, 0.0, 0.0, 0.0, 0.0, 0.0, 0.0, 0.0, 0.0, 0.0, 0.0, 0.0, 0.0, 0.0, 0.0, 0.0, 0.0, 0.0, 0.0, 0.0, 0.0], "num_sources": 2, "seg_angles": 64, "input": [-1.1823595792, -0.7433927919, -0.1924540322, 0.5134283703, 1.1992214337, -1.3805631631, -0.9682555445, -0.2616786339, 0.7059010238, 1.7623310089, -1.3335916486, -0.9058338549, -0.2881953527, 0.6089690309, 1.8223546457, -1.3807142515, -0.9865740794, -0.3048983486, 0.6623885723, 1.6530981139, -0.5316677339, -0.2536612516, 0.0655795994, 0.3885686064, 1.3319998607]}