{"source": [{"position": [67.28058853011238, 476.27126976864946], "counts": 500000.0}, {"position": [167.4647245046325, -375.335271519461], "counts": 500000.0}], "output": [0.0, 0.0, 0.0, 0.0, 0.0, 0.0, 0.0, 0.0, 0.0, 0.0, 0.0, 0.0, 0.0, 0.0, 0.0, 0.0, 0.0, 0.0, 0.0, 0.0, 0.3626514075, 0.1373485925, 0.0, 0.0, 0.0, 0.0, 0.0, 0.0, 0.0, 0.0, 0.0, 0.0, 0.0, 0.0, 0.0, 0.0, 0.0, 0.0, 0.0, 0.0, 0.0, 0.0, 0.0, 0.0, 0.0, 0.0, 0.2147287948, 0.2852712052, 0.0, 0.0, 0.0, 0.0, 0.0, 0.0, 0.0, 0.0, 0.0, 0.0, 0.0, 0.0, 0.0, 0.0, 0.0, 0.0], "num_sources": 2, "seg_angles": 64, "input": [-0.236642203, 0.5640605088, 0.7379050205, -0.0228500929, 0.6224878244, -0.9792847965, 0.3369737271, -0.143906879, -0.189459873, 0.8800798038, -2.1633326819, -0.2381528728, 0.0262125476, -0.0099906135, 1.0983771377, -1.9752258664, 0.1562356015, -0.1469436374, 0.0477985952, 2.1460625583, -0.9467849946, -0.7024921598, -0.8546099109, -0.2648147129, 2.2582979699]}