{"source": [{"position": [-15.632579662916593, 177.31221743885152], "counts": 500000.0}, {"position": [-386.616300518817, 102.60524437446566], "counts": 500000.0}], "output": [0.0, 0.0, 0.0, 0.0, 0.0, 0.0, 0.0, 0.0, 0.0, 0.0, 0.0, 0.0, 0.0, 0.0, 0.0, 0.0, 0.0, 0.0, 0.0, 0.0, 0.0, 0.0, 0.0, 0.0, 0.0, 0.0, 0.0, 0.0, 0.0, 0.0, 0.0, 0.0, 0.0, 0.0, 0.0, 0.0, 0.0, 0.0, 0.0, 0.0, 0.0, 0.0, 0.0, 0.0, 0.0, 0.0, 0.0, 0.0, 0.0521417006, 0.4478582994, 0.0, 0.0, 0.0, 0.0, 0.0, 0.0, 0.0, 0.0, 0.0, 0.0, 0.0, 0.3211788973, 0.1788211027, 0.0], "num_sources": 2, "seg_angles": 64, "input": [-0.4213345873, -0.7928586403, -1.254979399, -1.4349665155, -1.8071998583, -0.1494750673, -0.2280820085, -0.5469088893, -0.9478835493, -1.4685716789, 0.2510509628, 0.6074392939, 0.3057434736, -0.4939850977, -0.996642714, 0.9592333045, 0.837488599, 0.5528080185, 0.3186927501, -0.2318850375, 1.7301767313, 1.6059926868, 1.3462062473, 1.3314687929, 0.928472182]}