{"source": [{"position": [205.86214100129703, -152.17351577183888], "counts": 500000.0}, {"position": [333.9995168077577, 0.5681304290212834], "counts": 500000.0}], "output": [0.0, 0.0, 0.0, 0.0, 0.0, 0.0, 0.0, 0.0, 0.0, 0.0, 0.0, 0.0, 0.0, 0.0, 0.0, 0.0, 0.0, 0.0, 0.0, 0.0, 0.0, 0.0, 0.0, 0.0, 0.0, 0.2419423747, 0.2580576253, 0.0, 0.0, 0.0, 0.0, 0.0, 0.4913369284, 0.0086630716, 0.0, 0.0, 0.0, 0.0, 0.0, 0.0, 0.0, 0.0, 0.0, 0.0, 0.0, 0.0, 0.0, 0.0, 0.0, 0.0, 0.0, 0.0, 0.0, 0.0, 0.0, 0.0, 0.0, 0.0, 0.0, 0.0, 0.0, 0.0, 0.0, 0.0], "num_sources": 2, "seg_angles": 64, "input": [-0.2936467037, 0.23775293, 0.3793858376, 0.7642867842, 1.6170072582, -0.7619886854, -0.7167220115, -0.1696976743, 0.6046038212, 1.5179465356, -1.145265759, -0.9922247398, -0.3604779809, 0.5000291531, 1.5427682856, -1.5308792504, -0.9535135424, -0.4039348244, 0.5340971903, 1.7496333488, -1.6326703526, -1.1220515984, -0.6651597809, 0.0630006829, 1.2377210761]}