{"source": [{"position": [-131.9233770742145, -260.4999473729977], "counts": 500000.0}, {"position": [18.450166464330092, 263.35449750752025], "counts": 500000.0}], "output": [0.0, 0.0, 0.0, 0.0, 0.0, 0.0, 0.0, 0.0, 0.0, 0.0, 0.0, 0.3874435496, 0.1125564504, 0.0, 0.0, 0.0, 0.0, 0.0, 0.0, 0.0, 0.0, 0.0, 0.0, 0.0, 0.0, 0.0, 0.0, 0.0, 0.0, 0.0, 0.0, 0.0, 0.0, 0.0, 0.0, 0.0, 0.0, 0.0, 0.0, 0.0, 0.0, 0.0, 0.0, 0.0, 0.0, 0.0, 0.0, 0.356221917, 0.143778083, 0.0, 0.0, 0.0, 0.0, 0.0, 0.0, 0.0, 0.0, 0.0, 0.0, 0.0, 0.0, 0.0, 0.0, 0.0], "num_sources": 2, "seg_angles": 64, "input": [-0.3782082088, 0.6554048572, 1.0766008205, 0.3862316251, -0.7315587716, -1.1237340723, -0.1952977681, 0.0263257873, -0.4222873737, -1.7643250921, 0.2206367469, -0.6679473036, -0.550520173, -0.9542394231, -1.7509994187, 1.4443578015, 0.8931543168, 0.1287560978, -0.1870765899, -1.1188878832, 2.5934113128, 1.2524977906, 0.5130781007, 0.6859843817, -0.0313575609]}