{"source": [{"position": [19.858299888916797, 6.829928661548899], "counts": 500000.0}, {"position": [-143.88394047289034, 137.47149404146938], "counts": 500000.0}], "output": [0.0, 0.0, 0.0, 0.0, 0.0, 0.0, 0.0, 0.0, 0.0, 0.0, 0.0, 0.0, 0.0, 0.0, 0.0, 0.0, 0.0, 0.0, 0.0, 0.0, 0.0, 0.0, 0.0, 0.0, 0.0, 0.0, 0.0, 0.0, 0.0, 0.0, 0.0, 0.0, 0.0, 0.0, 0.0, 0.312907137, 0.187092863, 0.0, 0.0, 0.0, 0.0, 0.0, 0.0, 0.0, 0.0, 0.0, 0.0, 0.0, 0.0, 0.0, 0.0, 0.0, 0.0, 0.0, 0.0, 0.0, 0.3839451293, 0.1160548707, 0.0, 0.0, 0.0, 0.0, 0.0, 0.0], "num_sources": 2, "seg_angles": 64, "input": [-1.4920413799, -1.161576432, -0.7157885217, 0.0728732579, 1.0222931022, -1.2059983303, -0.8949442211, -0.3364757924, 0.4735185874, 1.492420121, -1.2366544397, -0.8547286479, -0.2114698861, 0.7732834997, 1.7642100613, -1.1576472979, -0.7924359603, -0.1413183604, 0.6922561576, 1.709851854, -0.441004452, -0.071364113, 0.2839393763, 0.7638055006, 1.6649963167]}