{"source": [{"position": [426.97598998910365, -4.528131272930606], "counts": 500000.0}, {"position": [-86.158641658062, 352.6268402541669], "counts": 500000.0}], "output": [0.0, 0.0, 0.0, 0.0, 0.0, 0.0, 0.0, 0.0, 0.0, 0.0, 0.0, 0.0, 0.0, 0.0, 0.0, 0.0, 0.0, 0.0, 0.0, 0.0, 0.0, 0.0, 0.0, 0.0, 0.0, 0.0, 0.0, 0.0, 0.0, 0.0, 0.0, 0.0540094039, 0.4459905961, 0.0, 0.0, 0.0, 0.0, 0.0, 0.0, 0.0, 0.0, 0.0, 0.0, 0.0, 0.0, 0.0, 0.0, 0.0, 0.0, 0.0, 0.2795303147, 0.2204696853, 0.0, 0.0, 0.0, 0.0, 0.0, 0.0, 0.0, 0.0, 0.0, 0.0, 0.0, 0.0], "num_sources": 2, "seg_angles": 64, "input": [-1.0207701989, -1.842370829, -1.4597392346, -0.7757972329, -0.204298259, -0.7582369855, -1.0538282877, -0.950529686, -0.2454009189, 0.2465761204, -0.8007472067, -0.6053512249, -0.2594440948, 0.3872069343, 0.721502322, -0.3583062902, 0.176317285, 0.4776869635, 1.0858716911, 1.8659146834, 0.0837492844, 0.7272916465, 1.0791170879, 1.233244531, 2.2503418997]}