{"source": [{"position": [-311.4547675431678, 31.06328660382363], "counts": 500000.0}, {"position": [166.78926501611247, -151.01768464449785], "counts": 500000.0}], "output": [0.0, 0.0, 0.0, 0.0, 0.0, 0.0, 0.0, 0.0, 0.0, 0.0, 0.0, 0.0, 0.0, 0.0, 0.0, 0.0, 0.0, 0.0, 0.0, 0.0, 0.0, 0.0, 0.0, 0.0, 0.2474625499, 0.2525374501, 0.0, 0.0, 0.0, 0.0, 0.0, 0.0, 0.0, 0.0, 0.0, 0.0, 0.0, 0.0, 0.0, 0.0, 0.0, 0.0, 0.0, 0.0, 0.0, 0.0, 0.0, 0.0, 0.0, 0.0, 0.0, 0.0, 0.0, 0.0, 0.0, 0.0, 0.0, 0.0, 0.0, 0.0, 0.0, 0.0, 0.0062775645, 0.4937224355], "num_sources": 2, "seg_angles": 64, "input": [2.6156343161, 1.864650324, 1.0660351782, 0.8480091514, 0.0617429564, 0.9499583949, 0.7847125736, 0.2134788313, -0.1909128226, 0.717913755, -0.3325935249, -0.5885535518, -0.7212465776, -0.6178391474, 0.5387393958, -0.3731300953, -0.7188889648, -1.3178752046, -0.5195316678, 0.3220656811, -0.88872778, -1.6185817589, -1.5741139357, -0.6263616211, 0.1054160949]}