{"source": [{"position": [120.49692938194227, -260.47934660836967], "counts": 500000.0}, {"position": [120.07015740556538, -417.06013631202256], "counts": 500000.0}], "output": [0.0, 0.0, 0.0, 0.0, 0.0, 0.0, 0.0, 0.0, 0.0, 0.0, 0.0, 0.0, 0.0, 0.0, 0.0, 0.0, 0.0, 0.0, 0.072362226, 0.427637774, 0.2933232719, 0.2066767281, 0.0, 0.0, 0.0, 0.0, 0.0, 0.0, 0.0, 0.0, 0.0, 0.0, 0.0, 0.0, 0.0, 0.0, 0.0, 0.0, 0.0, 0.0, 0.0, 0.0, 0.0, 0.0, 0.0, 0.0, 0.0, 0.0, 0.0, 0.0, 0.0, 0.0, 0.0, 0.0, 0.0, 0.0, 0.0, 0.0, 0.0, 0.0, 0.0, 0.0, 0.0, 0.0], "num_sources": 2, "seg_angles": 64, "input": [0.9050039584, 1.6203133168, 1.7596326114, 1.3340733037, 1.1893662959, 0.2917327326, 0.4432326953, 0.724170127, 0.6339310293, 0.826634145, -0.6164652515, -0.2635392646, -0.2428848675, -0.1603056841, 0.5903856384, -1.123036797, -0.8821461833, -0.6641732502, -0.526299051, 0.4198401615, -1.7907159104, -1.6911455795, -1.4245684233, -1.198932572, -0.154103181]}