{"source": [{"position": [73.13102916178227, 242.20002595734496], "counts": 500000.0}, {"position": [182.3801224319267, 175.3467733997847], "counts": 500000.0}], "output": [0.0, 0.0, 0.0, 0.0, 0.0, 0.0, 0.0, 0.0, 0.0, 0.0, 0.0, 0.0, 0.0, 0.0, 0.0, 0.0, 0.0, 0.0, 0.0, 0.0, 0.0, 0.0, 0.0, 0.0, 0.0, 0.0, 0.0, 0.0, 0.0, 0.0, 0.0, 0.0, 0.0, 0.0, 0.0, 0.0, 0.0, 0.0, 0.0, 0.1001208976, 0.3998791024, 0.0, 0.0, 0.0, 0.0, 0.4934591751, 0.0065408249, 0.0, 0.0, 0.0, 0.0, 0.0, 0.0, 0.0, 0.0, 0.0, 0.0, 0.0, 0.0, 0.0, 0.0, 0.0, 0.0, 0.0], "num_sources": 2, "seg_angles": 64, "input": [-1.6939331965, -1.4940435618, -1.2230582292, -0.8510072541, 0.3871925489, -1.3471815334, -1.1786679218, -0.7410558633, -0.2745243766, 0.7091609373, -0.936848755, -0.5952323564, -0.4329182303, -0.0374068221, 0.7406221537, -0.1420578078, 0.2844734581, 0.3969209027, 0.5857024962, 0.97214589, 1.0533391998, 1.6382108118, 1.3682187432, 1.5819392917, 1.2300094747]}