{"source": [{"position": [-32.05930107914445, 7.823120497395385], "counts": 500000.0}, {"position": [-285.92185141721734, 390.5184949296905], "counts": 500000.0}], "output": [0.0, 0.0, 0.0, 0.0, 0.0, 0.0, 0.0, 0.0, 0.0, 0.0, 0.0, 0.0, 0.0, 0.0, 0.0, 0.0, 0.0, 0.0, 0.0, 0.0, 0.0, 0.0, 0.0, 0.0, 0.0, 0.0, 0.0, 0.0, 0.0, 0.0, 0.0, 0.0, 0.0, 0.0, 0.0, 0.0, 0.0, 0.0, 0.0, 0.0, 0.0, 0.0, 0.0, 0.0, 0.0, 0.0, 0.0, 0.0, 0.0, 0.0, 0.0, 0.0, 0.0, 0.0, 0.2813262188, 0.2186737812, 0.0, 0.0, 0.0, 0.0, 0.0, 0.2189631103, 0.2810368897, 0.0], "num_sources": 2, "seg_angles": 64, "input": [1.1639525087, 0.3286170608, -0.5132794434, -1.1603353212, -1.5122989048, 1.6986240165, 0.6179742248, -0.2504625038, -0.8684927359, -1.3370274915, 1.633549585, 0.796935951, -0.102103849, -0.7463893996, -1.2687719167, 1.7540424354, 0.7371339447, -0.0849406605, -0.6823608081, -1.1912288632, 1.4111441677, 0.5335773934, -0.02861916, -0.2814611292, -0.6477791011]}