{"source": [{"position": [-61.799978904456616, -261.80481776966735], "counts": 500000.0}, {"position": [-158.08173104236397, 446.86258101417457], "counts": 500000.0}], "output": [0.0, 0.0, 0.0, 0.0, 0.0, 0.0, 0.0, 0.0, 0.0, 0.0, 0.0, 0.0, 0.0, 0.1805997512, 0.3194002488, 0.0, 0.0, 0.0, 0.0, 0.0, 0.0, 0.0, 0.0, 0.0, 0.0, 0.0, 0.0, 0.0, 0.0, 0.0, 0.0, 0.0, 0.0, 0.0, 0.0, 0.0, 0.0, 0.0, 0.0, 0.0, 0.0, 0.0, 0.0, 0.0, 0.0, 0.0, 0.0, 0.0, 0.0, 0.0, 0.0, 0.268293362, 0.231706638, 0.0, 0.0, 0.0, 0.0, 0.0, 0.0, 0.0, 0.0, 0.0, 0.0, 0.0], "num_sources": 2, "seg_angles": 64, "input": [1.6684885103, 1.4571113393, 1.5908912879, 1.356885739, -0.1974874003, 1.2252789384, 0.463271948, 1.3314038115, 0.146566876, -1.1069245222, 0.3192688964, -0.2348780919, 0.2196035618, -0.4934365854, -1.4134712759, 0.5117557167, -0.9116430333, -0.7600607569, -1.0562952901, -1.4515998966, 0.1597734024, -0.2026192138, -0.2990741918, -0.5480004536, -1.7748093158]}