{"source": [{"position": [-54.75273716160777, -256.2150225363687], "counts": 500000.0}, {"position": [48.783645582661464, 420.17752905607085], "counts": 500000.0}], "output": [0.0, 0.0, 0.0, 0.0, 0.0, 0.0, 0.0, 0.0, 0.0, 0.0, 0.0, 0.0, 0.0, 0.0722292655, 0.4277707345, 0.0, 0.0, 0.0, 0.0, 0.0, 0.0, 0.0, 0.0, 0.0, 0.0, 0.0, 0.0, 0.0, 0.0, 0.0, 0.0, 0.0, 0.0, 0.0, 0.0, 0.0, 0.0, 0.0, 0.0, 0.0, 0.0, 0.0, 0.0, 0.0, 0.0, 0.0, 0.0886693797, 0.4113306203, 0.0, 0.0, 0.0, 0.0, 0.0, 0.0, 0.0, 0.0, 0.0, 0.0, 0.0, 0.0, 0.0, 0.0, 0.0, 0.0], "num_sources": 2, "seg_angles": 64, "input": [0.5242443979, 0.754923953, 2.7300730864, 1.4415705138, 1.1784470321, -0.5576853352, 0.0748690798, 0.9478429403, 1.0832281441, -0.5502312181, 0.0441794117, -0.543610126, 0.8239096302, 0.1210334369, -0.9684784521, -0.4361577559, -1.1183678689, -1.3344378452, -0.3627952949, -1.5016000985, 0.5944779735, -0.6063562838, -0.8156047297, -0.282078783, -1.2413958085]}