{"source": [{"position": [-96.6766685616174, -267.03861472795876], "counts": 500000.0}, {"position": [-402.7504333288979, 31.750408712093424], "counts": 500000.0}], "output": [0.099330629, 0.0, 0.0, 0.0, 0.0, 0.0, 0.0, 0.0, 0.0, 0.0, 0.0, 0.0, 0.2690581766, 0.2309418234, 0.0, 0.0, 0.0, 0.0, 0.0, 0.0, 0.0, 0.0, 0.0, 0.0, 0.0, 0.0, 0.0, 0.0, 0.0, 0.0, 0.0, 0.0, 0.0, 0.0, 0.0, 0.0, 0.0, 0.0, 0.0, 0.0, 0.0, 0.0, 0.0, 0.0, 0.0, 0.0, 0.0, 0.0, 0.0, 0.0, 0.0, 0.0, 0.0, 0.0, 0.0, 0.0, 0.0, 0.0, 0.0, 0.0, 0.0, 0.0, 0.0, 0.400669371], "num_sources": 2, "seg_angles": 64, "input": [1.6950885371, 1.5421991727, 0.9088743456, 0.6982585254, 0.0796691511, 1.3060098581, 0.9878462492, 0.289697488, -0.0135611586, -0.3602503416, 1.2688584068, 0.3681240618, 0.1734707542, -0.3062181993, -1.1858343912, 0.8990423047, -0.5321519223, -0.5801036611, -1.0833243226, -1.5110880177, 0.5670134056, -1.0033736307, -1.1114474457, -1.4655238667, -1.6312753025]}