{"source": [{"position": [156.1906438258776, -39.05742927098313], "counts": 500000.0}, {"position": [-287.38825781827734, 74.94657609374413], "counts": 500000.0}], "output": [0.0, 0.0, 0.0, 0.0, 0.0, 0.0, 0.0, 0.0, 0.0, 0.0, 0.0, 0.0, 0.0, 0.0, 0.0, 0.0, 0.0, 0.0, 0.0, 0.0, 0.0, 0.0, 0.0, 0.0, 0.0, 0.0, 0.0, 0.0, 0.0, 0.2479658638, 0.2520341362, 0.0, 0.0, 0.0, 0.0, 0.0, 0.0, 0.0, 0.0, 0.0, 0.0, 0.0, 0.0, 0.0, 0.0, 0.0, 0.0, 0.0, 0.0, 0.0, 0.0, 0.0, 0.0, 0.0, 0.0, 0.0, 0.0, 0.0, 0.0, 0.0, 0.0, 0.2992304758, 0.2007695242, 0.0], "num_sources": 2, "seg_angles": 64, "input": [0.0999397434, 0.3671535995, 0.1002345287, 0.1409139964, 0.7705936226, -0.74833225, -1.4329393805, -0.6851984608, 0.4466375533, 1.2346813821, -1.1456785784, -0.7003539846, -0.8098256794, 1.1941527991, 2.0194906922, -0.5302414229, -1.1127666346, -0.4900073329, 0.9737850053, 1.4758290328, -1.7096091067, -1.1143869465, -0.3438240479, 0.6169023453, 1.3828495246]}