{"source": [{"position": [-56.31835010940546, 451.50110015475536], "counts": 500000.0}, {"position": [188.07658116021744, -61.89668504115668], "counts": 500000.0}], "output": [0.0, 0.0, 0.0, 0.0, 0.0, 0.0, 0.0, 0.0, 0.0, 0.0, 0.0, 0.0, 0.0, 0.0, 0.0, 0.0, 0.0, 0.0, 0.0, 0.0, 0.0, 0.0, 0.0, 0.0, 0.0, 0.0, 0.0, 0.0, 0.1192500342, 0.3807499658, 0.0, 0.0, 0.0, 0.0, 0.0, 0.0, 0.0, 0.0, 0.0, 0.0, 0.0, 0.0, 0.0, 0.0, 0.0, 0.0, 0.0, 0.0, 0.0, 0.3679901242, 0.1320098758, 0.0, 0.0, 0.0, 0.0, 0.0, 0.0, 0.0, 0.0, 0.0, 0.0, 0.0, 0.0, 0.0], "num_sources": 2, "seg_angles": 64, "input": [-0.6836821824, -0.4728262046, -0.0749401943, 0.1476535773, 0.7059060726, -1.6538917262, -1.1288968842, -0.3741264314, 0.4625485556, 1.2073573585, -1.5519347689, -1.0382812012, -0.2974057896, 0.7032209584, 1.2686806251, -1.4552176982, -0.5188499393, 0.3591238725, 1.3187583622, 1.7490996275, -1.1137298171, -0.4830039287, 0.3781573742, 1.0385394794, 1.5077409027]}