{"source": [{"position": [-73.48822945733303, 58.6129689678519], "counts": 500000.0}, {"position": [394.89595561924585, 40.81892006854872], "counts": 500000.0}], "output": [0.0, 0.0, 0.0, 0.0, 0.0, 0.0, 0.0, 0.0, 0.0, 0.0, 0.0, 0.0, 0.0, 0.0, 0.0, 0.0, 0.0, 0.0, 0.0, 0.0, 0.0, 0.0, 0.0, 0.0, 0.0, 0.0, 0.0, 0.0, 0.0, 0.0, 0.0, 0.0, 0.0, 0.4754229367, 0.0245770633, 0.0, 0.0, 0.0, 0.0, 0.0, 0.0, 0.0, 0.0, 0.0, 0.0, 0.0, 0.0, 0.0, 0.0, 0.0, 0.0, 0.0, 0.0, 0.0, 0.0, 0.0, 0.0, 0.4289129167, 0.0710870833, 0.0, 0.0, 0.0, 0.0, 0.0], "num_sources": 2, "seg_angles": 64, "input": [0.7838555716, -0.5531822443, -1.121511467, -1.5806500852, -1.597121855, 0.9221885377, -0.1197118804, -0.7374820803, -1.0160094885, -1.3167084452, 1.2529226457, 0.0827691784, -0.7097434896, -0.7886477448, -0.8614586701, 1.3527227204, 0.3544894651, -0.2356277021, -0.1741708501, -0.2316550201, 1.208093533, 1.0785282376, 1.3963991029, 1.4997595144, 1.1119525157]}