{"source": [{"position": [73.81598134092522, 5.215448080096242], "counts": 500000.0}, {"position": [-324.67535517308454, 14.52286966241364], "counts": 500000.0}], "output": [0.2723415215, 0.0, 0.0, 0.0, 0.0, 0.0, 0.0, 0.0, 0.0, 0.0, 0.0, 0.0, 0.0, 0.0, 0.0, 0.0, 0.0, 0.0, 0.0, 0.0, 0.0, 0.0, 0.0, 0.0, 0.0, 0.0, 0.0, 0.0, 0.0, 0.0, 0.0, 0.0, 0.1407554255, 0.3592445745, 0.0, 0.0, 0.0, 0.0, 0.0, 0.0, 0.0, 0.0, 0.0, 0.0, 0.0, 0.0, 0.0, 0.0, 0.0, 0.0, 0.0, 0.0, 0.0, 0.0, 0.0, 0.0, 0.0, 0.0, 0.0, 0.0, 0.0, 0.0, 0.0, 0.2276584785], "num_sources": 2, "seg_angles": 64, "input": [-1.4462934077, -0.9331736963, -0.7513471666, 0.158255286, 1.2482938573, -0.8957386162, -0.5210710192, -0.0539994696, 0.7269690374, 1.7600734105, -0.985561214, -0.5925804847, 0.0780381717, 0.8289293482, 1.9780993187, -1.0872545365, -0.5081191554, -0.088907764, 0.9829836349, 1.6286211767, -1.2290545195, -1.0434504747, -0.5861335041, 0.2416776571, 1.0907441301]}