{"source": [{"position": [-100.01869204683176, -43.32737288644478], "counts": 500000.0}, {"position": [140.39846657320913, -237.6221172026953], "counts": 500000.0}], "output": [0.0, 0.0, 0.0, 0.0, 0.4180523259, 0.0819476741, 0.0, 0.0, 0.0, 0.0, 0.0, 0.0, 0.0, 0.0, 0.0, 0.0, 0.0, 0.0, 0.0, 0.0, 0.0, 0.2820784852, 0.2179215148, 0.0, 0.0, 0.0, 0.0, 0.0, 0.0, 0.0, 0.0, 0.0, 0.0, 0.0, 0.0, 0.0, 0.0, 0.0, 0.0, 0.0, 0.0, 0.0, 0.0, 0.0, 0.0, 0.0, 0.0, 0.0, 0.0, 0.0, 0.0, 0.0, 0.0, 0.0, 0.0, 0.0, 0.0, 0.0, 0.0, 0.0, 0.0, 0.0, 0.0, 0.0], "num_sources": 2, "seg_angles": 64, "input": [1.5581569208, 1.2441899384, 1.2281197002, 0.9856125466, 0.5814225709, 1.7385369846, 0.6099773442, -0.0106038024, -0.7088843692, -0.572063405, 1.2778607088, 0.3149064881, -0.5068489123, -0.8275643444, -1.0811668631, 0.8668297093, 0.188853957, -0.5012902573, -1.1897067296, -1.2522311638, 0.4945424301, -0.3102587824, -1.1779353873, -1.3404346981, -1.6100205838]}