{"source": [{"position": [409.9585422897755, 231.89435871457133], "counts": 500000.0}, {"position": [205.81523436796775, -342.9870103984384], "counts": 500000.0}], "output": [0.0, 0.0, 0.0, 0.0, 0.0, 0.0, 0.0, 0.0, 0.0, 0.0, 0.0, 0.0, 0.0, 0.0, 0.0, 0.0, 0.0, 0.0, 0.0, 0.0, 0.0, 0.2474146663, 0.2525853337, 0.0, 0.0, 0.0, 0.0, 0.0, 0.0, 0.0, 0.0, 0.0, 0.0, 0.0, 0.0, 0.0, 0.0, 0.3782391601, 0.1217608399, 0.0, 0.0, 0.0, 0.0, 0.0, 0.0, 0.0, 0.0, 0.0, 0.0, 0.0, 0.0, 0.0, 0.0, 0.0, 0.0, 0.0, 0.0, 0.0, 0.0, 0.0, 0.0, 0.0, 0.0, 0.0], "num_sources": 2, "seg_angles": 64, "input": [-0.0899880241, 0.5223549661, 0.426223973, 0.8527265376, 1.6994741787, -1.0331014493, -0.538483694, 0.164666657, 0.5349219164, 1.6897271605, -1.4016930647, -0.8241263496, -0.6264907845, -0.0737990795, 2.0998250376, -1.3456772266, -0.8076884246, -0.9911906277, -0.1974807537, 1.553612195, -1.1458381658, -0.7994582508, -0.5811791249, 0.0437189896, 0.8689434085]}