{"source": [{"position": [470.1808867449043, -67.49024921998318], "counts": 500000.0}, {"position": [291.17131137944443, -153.16744898827093], "counts": 500000.0}], "output": [0.0, 0.0, 0.0, 0.0, 0.0, 0.0, 0.0, 0.0, 0.0, 0.0, 0.0, 0.0, 0.0, 0.0, 0.0, 0.0, 0.0, 0.0, 0.0, 0.0, 0.0, 0.0, 0.0, 0.0, 0.0, 0.0, 0.0, 0.4663215891, 0.0336784109, 0.0, 0.2260887908, 0.2739112092, 0.0, 0.0, 0.0, 0.0, 0.0, 0.0, 0.0, 0.0, 0.0, 0.0, 0.0, 0.0, 0.0, 0.0, 0.0, 0.0, 0.0, 0.0, 0.0, 0.0, 0.0, 0.0, 0.0, 0.0, 0.0, 0.0, 0.0, 0.0, 0.0, 0.0, 0.0, 0.0], "num_sources": 2, "seg_angles": 64, "input": [-0.0455483971, 0.0577327734, 0.1768656882, 0.7643508085, 1.1030016096, -0.9206477401, -0.6454072334, -0.1326271806, 0.6473601027, 1.6158325767, -1.5046127779, -1.0176117022, -0.2917279341, 0.7805557519, 1.8252350582, -1.5422675882, -1.0135144178, -0.1290736816, 0.7418346094, 1.4479332471, -1.6205138861, -1.098402511, -0.5424119445, 0.2099216599, 1.133743109]}