{"source": [{"position": [-48.10478981615903, 43.714176153087486], "counts": 500000.0}, {"position": [-97.43001823728903, 435.2279765206754], "counts": 500000.0}], "output": [0.0, 0.0, 0.0, 0.0, 0.0, 0.0, 0.0, 0.0, 0.0, 0.0, 0.0, 0.0, 0.0, 0.0, 0.0, 0.0, 0.0, 0.0, 0.0, 0.0, 0.0, 0.0, 0.0, 0.0, 0.0, 0.0, 0.0, 0.0, 0.0, 0.0, 0.0, 0.0, 0.0, 0.0, 0.0, 0.0, 0.0, 0.0, 0.0, 0.0, 0.0, 0.0, 0.0, 0.0, 0.0, 0.0, 0.0, 0.0, 0.0, 0.0, 0.3783836553, 0.1216163447, 0.0, 0.0, 0.0, 0.0, 0.2566494968, 0.2433505032, 0.0, 0.0, 0.0, 0.0, 0.0, 0.0], "num_sources": 2, "seg_angles": 64, "input": [0.6076557895, -0.3234946545, -1.1076706257, -1.4637324047, -1.8321063019, 1.1218883403, -0.0608808714, -0.7751056484, -1.1982196371, -1.5177431685, 1.2024824344, 0.1397208639, -0.5217908799, -0.8359127968, -0.9141254655, 1.1841606945, 0.3824449672, 0.1436469636, 0.0833268589, -0.2264106093, 1.2300896754, 1.5087072326, 1.2708990782, 1.1566894384, 0.7454807266]}