{"source": [{"position": [92.800748565431, 207.1642369370149], "counts": 500000.0}, {"position": [-32.02936748542829, -456.8786705663588], "counts": 500000.0}], "output": [0.0, 0.0, 0.0, 0.0, 0.0, 0.0, 0.0, 0.0, 0.0, 0.0, 0.0, 0.0, 0.0, 0.0, 0.0, 0.3564573936, 0.1435426064, 0.0, 0.0, 0.0, 0.0, 0.0, 0.0, 0.0, 0.0, 0.0, 0.0, 0.0, 0.0, 0.0, 0.0, 0.0, 0.0, 0.0, 0.0, 0.0, 0.0, 0.0, 0.0, 0.0, 0.0, 0.0, 0.0, 0.1449196217, 0.3550803783, 0.0, 0.0, 0.0, 0.0, 0.0, 0.0, 0.0, 0.0, 0.0, 0.0, 0.0, 0.0, 0.0, 0.0, 0.0, 0.0, 0.0, 0.0, 0.0], "num_sources": 2, "seg_angles": 64, "input": [-1.8379749913, -1.1059526349, -0.503548682, -0.3638674726, 1.4446248678, -1.9148816752, -0.9128851885, -1.0993022776, -0.4558869643, 1.4967399127, -1.57727394, -0.7549449814, 0.1443187305, 2.40497e-05, 0.4888476215, -0.2341897922, 0.5425322938, 0.7022977705, 0.534254395, 0.7639478853, 0.8315551368, 1.3720115913, 0.7163453215, 1.1517704255, 0.571438598]}