{"source": [{"position": [33.94295247762699, -1.968750136903016], "counts": 500000.0}, {"position": [-1.056576142723028, 81.99319268606773], "counts": 500000.0}], "output": [0.0, 0.0, 0.0, 0.0, 0.0, 0.0, 0.0, 0.0, 0.0, 0.0, 0.0, 0.0, 0.0, 0.0, 0.0, 0.0, 0.0, 0.0, 0.0, 0.0, 0.0, 0.0, 0.0, 0.0, 0.0, 0.0, 0.0, 0.0, 0.0, 0.0, 0.0, 0.2950698159, 0.2049301841, 0.0, 0.0, 0.0, 0.0, 0.0, 0.0, 0.0, 0.0, 0.0, 0.0, 0.0, 0.0, 0.0, 0.0, 0.0, 0.4343750364, 0.0656249636, 0.0, 0.0, 0.0, 0.0, 0.0, 0.0, 0.0, 0.0, 0.0, 0.0, 0.0, 0.0, 0.0, 0.0], "num_sources": 2, "seg_angles": 64, "input": [-1.755309272, -1.3190169109, -0.8826798372, -0.0756052146, 0.7646316467, -1.370177567, -0.8469472674, -0.2721886988, 0.4650035817, 1.1824646534, -1.1605649267, -0.6439274687, -0.0172497139, 0.8425555386, 1.5387081667, -0.9753173963, -0.3733606665, 0.2530756209, 1.0061468878, 1.6282400327, -0.7696073823, -0.2632256671, 0.2848142019, 0.9806751083, 1.7788625507]}