{"source": [{"position": [-37.954537161234654, -1.858254255062532], "counts": 500000.0}, {"position": [2.218500162843883, -214.9885537814222], "counts": 500000.0}], "output": [0.2508477044, 0.2491522956, 0.0, 0.0, 0.0, 0.0, 0.0, 0.0, 0.0, 0.0, 0.0, 0.0, 0.0, 0.0, 0.0, 0.0, 0.4474468416, 0.0525531584, 0.0, 0.0, 0.0, 0.0, 0.0, 0.0, 0.0, 0.0, 0.0, 0.0, 0.0, 0.0, 0.0, 0.0, 0.0, 0.0, 0.0, 0.0, 0.0, 0.0, 0.0, 0.0, 0.0, 0.0, 0.0, 0.0, 0.0, 0.0, 0.0, 0.0, 0.0, 0.0, 0.0, 0.0, 0.0, 0.0, 0.0, 0.0, 0.0, 0.0, 0.0, 0.0, 0.0, 0.0, 0.0, 0.0], "num_sources": 2, "seg_angles": 64, "input": [1.585969712, 0.6208423676, -0.1525018088, -0.6828259854, -1.1019436995, 1.6393242843, 0.8427639264, 0.0305610464, -0.5066616508, -1.1367597556, 1.6171820792, 0.8919327905, -0.1241810816, -0.5943255652, -1.2553917253, 1.5380903028, 0.6663897135, -0.0725550325, -0.7655323335, -1.2309420792, 1.1375801242, 0.2535357658, -0.6023570145, -1.0995159127, -1.4986784679]}