{"source": [{"position": [-230.93246875997218, -180.3307929124266], "counts": 500000.0}, {"position": [75.6038528924796, -105.75470404578846], "counts": 500000.0}], "output": [0.0, 0.0, 0.0, 0.0, 0.0, 0.0, 0.1235019, 0.3764981, 0.0, 0.0, 0.0, 0.0, 0.0, 0.0, 0.0, 0.0, 0.0, 0.0, 0.0, 0.0, 0.0, 0.0, 0.339030211, 0.160969789, 0.0, 0.0, 0.0, 0.0, 0.0, 0.0, 0.0, 0.0, 0.0, 0.0, 0.0, 0.0, 0.0, 0.0, 0.0, 0.0, 0.0, 0.0, 0.0, 0.0, 0.0, 0.0, 0.0, 0.0, 0.0, 0.0, 0.0, 0.0, 0.0, 0.0, 0.0, 0.0, 0.0, 0.0, 0.0, 0.0, 0.0, 0.0, 0.0, 0.0], "num_sources": 2, "seg_angles": 64, "input": [1.4573404271, 1.5866908345, 1.7856518342, 1.6406466994, 1.4065752655, 0.3481774526, 0.4940959632, 0.3081021681, 0.4493224594, 0.6441273483, -0.2656446649, -0.3707121081, -0.6673990426, -0.5176133184, 0.4647824369, -0.8405668011, -1.0120936252, -1.1542894457, -0.773434611, 0.2149852922, -1.1868691365, -1.4228798423, -1.4617383709, -0.9951583819, -0.1320988329]}