{"source": [{"position": [179.85859019131902, -287.3532452129106], "counts": 500000.0}, {"position": [-430.56559087020133, -19.346109650118922], "counts": 500000.0}], "output": [0.2713177645, 0.2286822355, 0.0, 0.0, 0.0, 0.0, 0.0, 0.0, 0.0, 0.0, 0.0, 0.0, 0.0, 0.0, 0.0, 0.0, 0.0, 0.0, 0.0, 0.0, 0.0, 0.151728855, 0.348271145, 0.0, 0.0, 0.0, 0.0, 0.0, 0.0, 0.0, 0.0, 0.0, 0.0, 0.0, 0.0, 0.0, 0.0, 0.0, 0.0, 0.0, 0.0, 0.0, 0.0, 0.0, 0.0, 0.0, 0.0, 0.0, 0.0, 0.0, 0.0, 0.0, 0.0, 0.0, 0.0, 0.0, 0.0, 0.0, 0.0, 0.0, 0.0, 0.0, 0.0, 0.0], "num_sources": 2, "seg_angles": 64, "input": [2.5963736019, 1.6948416183, 0.8418492066, 0.4948555707, 0.5557569302, 1.0839566888, 0.6748499948, 0.3663339707, -0.1799422309, 0.4289888337, 0.8208256032, 0.6717814572, -0.3738743737, -0.6801603554, 0.3022634392, -0.4490341695, -0.8418399181, -0.7696484719, -0.8856768386, -0.4136739965, -0.9708806258, -1.4351984064, -1.4473705893, -1.5877461038, -0.4976308352]}