{"source": [{"position": [8.68754261655145, 55.32202638448453], "counts": 500000.0}, {"position": [97.84352972582113, 215.86024110704673], "counts": 500000.0}], "output": [0.0, 0.0, 0.0, 0.0, 0.0, 0.0, 0.0, 0.0, 0.0, 0.0, 0.0, 0.0, 0.0, 0.0, 0.0, 0.0, 0.0, 0.0, 0.0, 0.0, 0.0, 0.0, 0.0, 0.0, 0.0, 0.0, 0.0, 0.0, 0.0, 0.0, 0.0, 0.0, 0.0, 0.0, 0.0, 0.0, 0.0, 0.0, 0.0, 0.0, 0.0, 0.0, 0.0, 0.1674207848, 0.3325792152, 0.0, 0.2932984789, 0.2067015211, 0.0, 0.0, 0.0, 0.0, 0.0, 0.0, 0.0, 0.0, 0.0, 0.0, 0.0, 0.0, 0.0, 0.0, 0.0, 0.0], "num_sources": 2, "seg_angles": 64, "input": [-1.4752877363, -1.3118643804, -1.3583497984, -1.1735817687, -0.7152373262, -1.0746253186, -0.8693916047, -0.7544774646, -0.7369239908, -0.3351567897, -0.4693079221, -0.1474778715, -0.0472136547, -0.1553247637, -0.0227495781, 0.2782987261, 0.7043453406, 0.8191464343, 0.7592800317, 0.385441406, 1.2967521841, 1.669863327, 1.7273028217, 1.6070930264, 1.3994466708]}