{"source": [{"position": [146.1421166674925, 406.5298042406547], "counts": 500000.0}, {"position": [-15.280350590391112, 51.79296174032467], "counts": 500000.0}], "output": [0.0, 0.0, 0.0, 0.0, 0.0, 0.0, 0.0, 0.0, 0.0, 0.0, 0.0, 0.0, 0.0, 0.0, 0.0, 0.0, 0.0, 0.0, 0.0, 0.0, 0.0, 0.0, 0.0, 0.0, 0.0, 0.0, 0.0, 0.0, 0.0, 0.0, 0.0, 0.0, 0.0, 0.0, 0.0, 0.0, 0.0, 0.0, 0.0, 0.0, 0.0, 0.0, 0.0, 0.0, 0.257586111, 0.242413889, 0.0, 0.0, 0.0, 0.0, 0.0388878825, 0.4611121175, 0.0, 0.0, 0.0, 0.0, 0.0, 0.0, 0.0, 0.0, 0.0, 0.0, 0.0, 0.0], "num_sources": 2, "seg_angles": 64, "input": [-0.5333048713, -1.2908329838, -1.3449222797, -1.421765039, -1.3553676078, -0.0574300426, -0.7654513042, -0.8754195999, -0.8937804593, -0.9531226101, 0.1855755388, -0.2798936173, -0.2377593152, -0.2369563929, -0.4473195838, 0.5839386268, 0.8037517616, 0.7139401971, 0.5835115711, 0.1194468089, 1.392975503, 1.7225714991, 1.7243709688, 1.6077429876, 1.2555002441]}