{"source": [{"position": [88.61526898660485, -325.1404836411973], "counts": 500000.0}, {"position": [29.436675157636, 37.91414189539064], "counts": 500000.0}], "output": [0.0, 0.0, 0.0, 0.0, 0.0, 0.0, 0.0, 0.0, 0.0, 0.0, 0.0, 0.0, 0.0, 0.0, 0.0, 0.0, 0.0, 0.0, 0.14485563, 0.35514437, 0.0, 0.0, 0.0, 0.0, 0.0, 0.0, 0.0, 0.0, 0.0, 0.0, 0.0, 0.0, 0.0, 0.0, 0.0, 0.0, 0.0, 0.0, 0.0, 0.0, 0.0, 0.3623015315, 0.1376984685, 0.0, 0.0, 0.0, 0.0, 0.0, 0.0, 0.0, 0.0, 0.0, 0.0, 0.0, 0.0, 0.0, 0.0, 0.0, 0.0, 0.0, 0.0, 0.0, 0.0, 0.0], "num_sources": 2, "seg_angles": 64, "input": [-1.6593638206, -1.4428560097, -1.0762124386, -0.3906788446, 0.7010456304, -1.3629934901, -1.1717000892, -0.8314020942, -0.2925332206, 1.1516486765, -1.1043965405, -0.6119645032, -0.4332020609, -0.2087204388, 1.1445849535, -0.5071541018, 0.1267123633, 0.2392433986, 0.2763229017, 1.2583864184, 0.8486211212, 1.2174686295, 1.2763485498, 1.3943015665, 1.4584934434]}