{"source": [{"position": [132.47539254980822, 196.5178627218763], "counts": 500000.0}, {"position": [353.7287869998831, -40.1490379410429], "counts": 500000.0}], "output": [0.0, 0.0, 0.0, 0.0, 0.0, 0.0, 0.0, 0.0, 0.0, 0.0, 0.0, 0.0, 0.0, 0.0, 0.0, 0.0, 0.0, 0.0, 0.0, 0.0, 0.0, 0.0, 0.0, 0.0, 0.0, 0.0, 0.0, 0.0, 0.0, 0.0, 0.0755992311, 0.4244007689, 0.0, 0.0, 0.0, 0.0, 0.0, 0.0, 0.0, 0.0, 0.0, 0.0208401099, 0.4791598901, 0.0, 0.0, 0.0, 0.0, 0.0, 0.0, 0.0, 0.0, 0.0, 0.0, 0.0, 0.0, 0.0, 0.0, 0.0, 0.0, 0.0, 0.0, 0.0, 0.0, 0.0], "num_sources": 2, "seg_angles": 64, "input": [-1.8387893547, -1.3236331362, -0.9987387005, -0.4240843962, 1.3453328323, -1.4324556617, -1.1065142664, -0.7518997312, -0.0251809139, 1.5067528657, -1.2365495621, -0.7206199066, -0.2006439949, 0.3078182106, 1.4271796872, -0.6561302636, -0.0557750208, 0.4911404134, 0.500857201, 1.4069419485, 0.1715821993, 0.4635029589, 0.8131288485, 1.2227412872, 1.1140364565]}