{"source": [{"position": [225.8814378239072, -7.319566012022918], "counts": 500000.0}, {"position": [-5.6876302934009235, 220.92679978138824], "counts": 500000.0}], "output": [0.0, 0.0, 0.0, 0.0, 0.0, 0.0, 0.0, 0.0, 0.0, 0.0, 0.0, 0.0, 0.0, 0.0, 0.0, 0.0, 0.0, 0.0, 0.0, 0.0, 0.0, 0.0, 0.0, 0.0, 0.0, 0.0, 0.0, 0.0, 0.0, 0.0, 0.0, 0.1649768311, 0.3350231689, 0.0, 0.0, 0.0, 0.0, 0.0, 0.0, 0.0, 0.0, 0.0, 0.0, 0.0, 0.0, 0.0, 0.0, 0.0, 0.3689137475, 0.1310862525, 0.0, 0.0, 0.0, 0.0, 0.0, 0.0, 0.0, 0.0, 0.0, 0.0, 0.0, 0.0, 0.0, 0.0], "num_sources": 2, "seg_angles": 64, "input": [-1.7998371098, -1.4662278838, -1.1507128488, -0.5074782698, -0.1647398492, -1.5433638374, -0.8099401027, -0.6377092791, 0.1289594026, 0.4668604375, -1.1211689242, -0.6222610364, 0.3194382941, 0.834147115, 0.8101957473, -0.7554966307, 0.1781017174, 0.6106648541, 1.1361720043, 1.3713733777, -0.1822624823, 0.5927637245, 0.9144146567, 1.4953908862, 1.9027160366]}