{"source": [{"position": [-210.38427753268232, 336.6711388982597], "counts": 500000.0}, {"position": [328.8765239538312, -171.70099589706817], "counts": 500000.0}], "output": [0.0, 0.0, 0.0, 0.0, 0.0, 0.0, 0.0, 0.0, 0.0, 0.0, 0.0, 0.0, 0.0, 0.0, 0.0, 0.0, 0.0, 0.0, 0.0, 0.0, 0.0, 0.0, 0.0, 0.0, 0.0, 0.0, 0.0, 0.4505170719, 0.0494829281, 0.0, 0.0, 0.0, 0.0, 0.0, 0.0, 0.0, 0.0, 0.0, 0.0, 0.0, 0.0, 0.0, 0.0, 0.0, 0.0, 0.0, 0.0, 0.0, 0.0, 0.0, 0.0, 0.0, 0.0, 0.1554598053, 0.3445401947, 0.0, 0.0, 0.0, 0.0, 0.0, 0.0, 0.0, 0.0, 0.0], "num_sources": 2, "seg_angles": 64, "input": [0.4619934938, -0.2758400271, -0.4589442399, -1.1170528487, -0.3546593196, -0.0480419438, -0.9453201716, -2.0415199489, -0.3108121742, 0.5075527882, -0.3201888047, -1.3205054186, -0.9642287251, 0.3685067694, 0.5704142134, -0.6383678552, -0.5752652455, -0.0781106615, 1.2269370111, 1.6282824924, -0.6821406164, 0.6328317248, 0.7265433648, 1.7351932938, 2.272742849]}