{"source": [{"position": [126.76293761013993, -221.26038427257546], "counts": 500000.0}, {"position": [-43.105600595069205, 83.53386856442343], "counts": 500000.0}], "output": [0.0, 0.0, 0.0, 0.0, 0.0, 0.0, 0.0, 0.0, 0.0, 0.0, 0.0, 0.0, 0.0, 0.0, 0.0, 0.0, 0.0, 0.0, 0.0, 0.0, 0.0, 0.3503152428, 0.1496847572, 0.0, 0.0, 0.0, 0.0, 0.0, 0.0, 0.0, 0.0, 0.0, 0.0, 0.0, 0.0, 0.0, 0.0, 0.0, 0.0, 0.0, 0.0, 0.0, 0.0, 0.0, 0.0, 0.0, 0.0, 0.0, 0.0, 0.0, 0.0, 0.0, 0.0737880201, 0.4262119799, 0.0, 0.0, 0.0, 0.0, 0.0, 0.0, 0.0, 0.0, 0.0, 0.0], "num_sources": 2, "seg_angles": 64, "input": [0.9781541382, -0.4479244026, -1.1539134667, -1.2750456304, -1.6399516141, 0.8179772826, -0.5617090764, -0.8341112451, -1.13644258, -1.1658719161, 0.7404902389, -0.9501354665, -0.685905276, -0.7930986789, -0.6753290104, 0.5691100975, 0.3742758673, 0.4227075927, 0.2436412841, 0.4071263949, 0.7377031725, 1.0476711257, 1.4388892177, 1.8272967917, 1.7143951594]}