{"source": [{"position": [414.61891989539225, -88.69696310910714], "counts": 500000.0}, {"position": [-112.05296824257496, -131.80717851478536], "counts": 500000.0}], "output": [0.0, 0.0, 0.0, 0.0, 0.0, 0.0, 0.0, 0.0, 0.0883371354, 0.4116628646, 0.0, 0.0, 0.0, 0.0, 0.0, 0.0, 0.0, 0.0, 0.0, 0.0, 0.0, 0.0, 0.0, 0.0, 0.0, 0.0, 0.0, 0.0, 0.0, 0.0733283657, 0.4266716343, 0.0, 0.0, 0.0, 0.0, 0.0, 0.0, 0.0, 0.0, 0.0, 0.0, 0.0, 0.0, 0.0, 0.0, 0.0, 0.0, 0.0, 0.0, 0.0, 0.0, 0.0, 0.0, 0.0, 0.0, 0.0, 0.0, 0.0, 0.0, 0.0, 0.0, 0.0, 0.0, 0.0], "num_sources": 2, "seg_angles": 64, "input": [0.8288238422, 1.0411271181, 1.6525526407, 1.7466288752, 1.7168305993, 0.6221676379, -0.2948253693, 0.3989902496, 0.7846602758, 0.669482788, 0.8539299512, -0.5805898858, -0.8989075333, -0.0618717207, -0.055420561, 0.3248172738, -0.3755959441, -1.0405398124, -1.1059708881, -0.742922001, 0.0131255181, -0.9296476161, -1.5046034875, -1.5185612625, -1.5436806882]}