{"source": [{"position": [-106.80195261886017, -110.94747819035253], "counts": 500000.0}, {"position": [-48.562900865987544, -38.54406127382357], "counts": 500000.0}], "output": [0.0, 0.0, 0.0, 0.0, 0.0, 0.0, 0.0832173732, 0.4167826268, 0.4030516954, 0.0969483046, 0.0, 0.0, 0.0, 0.0, 0.0, 0.0, 0.0, 0.0, 0.0, 0.0, 0.0, 0.0, 0.0, 0.0, 0.0, 0.0, 0.0, 0.0, 0.0, 0.0, 0.0, 0.0, 0.0, 0.0, 0.0, 0.0, 0.0, 0.0, 0.0, 0.0, 0.0, 0.0, 0.0, 0.0, 0.0, 0.0, 0.0, 0.0, 0.0, 0.0, 0.0, 0.0, 0.0, 0.0, 0.0, 0.0, 0.0, 0.0, 0.0, 0.0, 0.0, 0.0, 0.0, 0.0], "num_sources": 2, "seg_angles": 64, "input": [1.3268043057, 1.0788239509, 1.0921729747, 1.0647081512, 0.6977600675, 1.4532286106, 0.3756419326, -0.0115694791, -0.0888188227, -0.4525810675, 1.2578233265, 0.2518724095, -0.4997383972, -0.8179842034, -1.2013818809, 1.2496305381, 0.0711442481, -0.7461932799, -1.2688780539, -1.5404224716, 0.9130446623, -0.1437092181, -0.9124607958, -1.43708259, -1.7118349179]}