{"source": [{"position": [-258.20124769710884, 245.08797540405007], "counts": 500000.0}, {"position": [-410.2449400818028, 221.0318735777218], "counts": 500000.0}], "output": [0.0, 0.0, 0.0, 0.0, 0.0, 0.0, 0.0, 0.0, 0.0, 0.0, 0.0, 0.0, 0.0, 0.0, 0.0, 0.0, 0.0, 0.0, 0.0, 0.0, 0.0, 0.0, 0.0, 0.0, 0.0, 0.0, 0.0, 0.0, 0.0, 0.0, 0.0, 0.0, 0.0, 0.0, 0.0, 0.0, 0.0, 0.0, 0.0, 0.0, 0.0, 0.0, 0.0, 0.0, 0.0, 0.0, 0.0, 0.0, 0.0, 0.0, 0.0, 0.0, 0.0, 0.0, 0.0, 0.0, 0.3673322662, 0.1326677338, 0.0168809288, 0.4831190712, 0.0, 0.0, 0.0, 0.0], "num_sources": 2, "seg_angles": 64, "input": [1.1699358102, 0.073372911, -0.9233722641, -1.3721784852, -1.8262181205, 0.9769714175, 0.1104936027, -0.7500375698, -1.1491903549, -1.4868938402, 1.192366329, 0.0970372442, -0.3406676926, -0.9044805458, -1.2109332743, 1.4487471432, 0.2915426696, -0.050621497, -0.176688597, -0.5676258764, 1.3525549932, 0.7835577407, 1.2773268326, 1.1900206884, 0.7949807356]}