{"source": [{"position": [-154.9268575142337, -202.54053624093214], "counts": 500000.0}, {"position": [-184.57515971346191, 284.34663777992876], "counts": 500000.0}], "output": [0.0, 0.0, 0.0, 0.0, 0.0, 0.0, 0.0, 0.0, 0.0, 0.3256014936, 0.1743985064, 0.0, 0.0, 0.0, 0.0, 0.0, 0.0, 0.0, 0.0, 0.0, 0.0, 0.0, 0.0, 0.0, 0.0, 0.0, 0.0, 0.0, 0.0, 0.0, 0.0, 0.0, 0.0, 0.0, 0.0, 0.0, 0.0, 0.0, 0.0, 0.0, 0.0, 0.0, 0.0, 0.0, 0.0, 0.0, 0.0, 0.0, 0.0, 0.0, 0.0, 0.0, 0.0, 0.0676961411, 0.4323038589, 0.0, 0.0, 0.0, 0.0, 0.0, 0.0, 0.0, 0.0, 0.0], "num_sources": 2, "seg_angles": 64, "input": [1.7430713137, 0.8495734283, 0.3010433753, -0.2345254181, -0.3192306814, 1.7029151308, 0.1835168031, -0.2121834516, -0.9074074136, -1.1505425873, 1.4367407906, -0.122554047, -0.6687115594, -0.8966778141, -1.3785268176, 2.0041889951, 0.1539742684, -0.6169315971, -0.7795053698, -1.3516767568, 1.5450737892, 0.4928335672, -0.3398784605, -0.7694331403, -0.6651463471]}