{"source": [{"position": [125.4103077662515, -177.0910915488808], "counts": 500000.0}, {"position": [106.3840653914994, -200.52787993388145], "counts": 500000.0}], "output": [0.0, 0.0, 0.0, 0.0, 0.0, 0.0, 0.0, 0.0, 0.0, 0.0, 0.0, 0.0, 0.0, 0.0, 0.0, 0.0, 0.0, 0.0, 0.0, 0.0, 0.0158357328, 0.4841642672, 0.3617850049, 0.1382149951, 0.0, 0.0, 0.0, 0.0, 0.0, 0.0, 0.0, 0.0, 0.0, 0.0, 0.0, 0.0, 0.0, 0.0, 0.0, 0.0, 0.0, 0.0, 0.0, 0.0, 0.0, 0.0, 0.0, 0.0, 0.0, 0.0, 0.0, 0.0, 0.0, 0.0, 0.0, 0.0, 0.0, 0.0, 0.0, 0.0, 0.0, 0.0, 0.0, 0.0], "num_sources": 2, "seg_angles": 64, "input": [1.0812385397, 1.4547264427, 1.382944331, 1.3563999037, 1.2631322291, 0.134625147, 0.3418609723, 0.4364619615, 0.4978109081, 0.9297307293, -0.8500726903, -0.4962544079, -0.5328473135, -0.1499400933, 0.9451126691, -1.1737811529, -1.0428411314, -0.9436545625, -0.3579757968, 0.9543239848, -1.684045916, -1.6829199152, -1.2959580976, -0.938581185, 0.3705044441]}