{"source": [{"position": [-203.0615426777415, 422.7611735783405], "counts": 500000.0}, {"position": [-102.26937123829917, 112.44988086486774], "counts": 500000.0}], "output": [0.0, 0.0, 0.0, 0.0, 0.0, 0.0, 0.0, 0.0, 0.0, 0.0, 0.0, 0.0, 0.0, 0.0, 0.0, 0.0, 0.0, 0.0, 0.0, 0.0, 0.0, 0.0, 0.0, 0.0, 0.0, 0.0, 0.0, 0.0, 0.0, 0.0, 0.0, 0.0, 0.0, 0.0, 0.0, 0.0, 0.0, 0.0, 0.0, 0.0, 0.0, 0.0, 0.0, 0.0, 0.0, 0.0, 0.0, 0.0, 0.0, 0.0, 0.0, 0.0, 0.2194663127, 0.2805336873, 0.0, 0.2412923359, 0.2587076641, 0.0, 0.0, 0.0, 0.0, 0.0, 0.0, 0.0], "num_sources": 2, "seg_angles": 64, "input": [0.707412401, -0.4690802964, -1.2876982918, -1.5304180746, -1.8207798972, 1.0016049737, -0.083251455, -1.0152173414, -1.1727419737, -1.4336514027, 1.0981864019, -0.0828855591, -0.5767179632, -0.5534798223, -0.8763041763, 1.06902033, 0.4293891217, 0.3562359732, 0.2815477051, -0.020359605, 1.2483477705, 1.3403820356, 1.232659031, 1.3401065787, 0.8176935361]}