{"source": [{"position": [165.6694249535631, 248.90689350750358], "counts": 500000.0}, {"position": [96.04970009995995, -112.59864613177085], "counts": 500000.0}], "output": [0.0, 0.0, 0.0, 0.0, 0.0, 0.0, 0.0, 0.0, 0.0, 0.0, 0.0, 0.0, 0.0, 0.0, 0.0, 0.0, 0.0, 0.0, 0.0, 0.0, 0.0, 0.0, 0.0, 0.4031041591, 0.0968958409, 0.0, 0.0, 0.0, 0.0, 0.0, 0.0, 0.0, 0.0, 0.0, 0.0, 0.0, 0.0, 0.0, 0.0, 0.0, 0.0, 0.0, 0.4908672771, 0.0091327229, 0.0, 0.0, 0.0, 0.0, 0.0, 0.0, 0.0, 0.0, 0.0, 0.0, 0.0, 0.0, 0.0, 0.0, 0.0, 0.0, 0.0, 0.0, 0.0, 0.0], "num_sources": 2, "seg_angles": 64, "input": [0.1291613235, 0.5304225704, 0.592581992, 0.9881017896, 1.1694832106, -0.7867658789, -0.2151631451, -0.2789629545, 0.0347660589, 1.5538555585, -1.4362074567, -0.7591857796, -0.6230109567, -0.1710618416, 1.676701678, -1.7930125238, -1.1091401632, -0.6543959236, 0.0935457166, 1.6682813951, -1.3756587746, -0.61961856, -0.4916167372, 0.2188875883, 1.658011814]}