{"source": [{"position": [-83.23084698854915, -342.0184587263804], "counts": 500000.0}, {"position": [37.37007495738273, 61.54248530632799], "counts": 500000.0}], "output": [0.0, 0.0, 0.0, 0.0, 0.0, 0.0, 0.0, 0.0, 0.0, 0.0, 0.0, 0.0, 0.0, 0.2157498321, 0.2842501679, 0.0, 0.0, 0.0, 0.0, 0.0, 0.0, 0.0, 0.0, 0.0, 0.0, 0.0, 0.0, 0.0, 0.0, 0.0, 0.0, 0.0, 0.0, 0.0, 0.0, 0.0, 0.0, 0.0, 0.0, 0.0, 0.0, 0.0, 0.2793003651, 0.2206996349, 0.0, 0.0, 0.0, 0.0, 0.0, 0.0, 0.0, 0.0, 0.0, 0.0, 0.0, 0.0, 0.0, 0.0, 0.0, 0.0, 0.0, 0.0, 0.0, 0.0], "num_sources": 2, "seg_angles": 64, "input": [-1.6024633531, -1.495912067, -1.298600959, -0.5299047696, 0.9447352572, -1.3639643, -1.1516736554, -0.9082912776, -0.3391403027, 0.9825174157, -0.8869040692, -0.5329692522, -0.651443899, -0.3688949564, 0.7587423991, 0.0766119919, 0.1739655986, 0.4770393315, 0.2991880525, 0.7402483207, 0.9237397163, 1.4452099482, 1.4087488439, 1.498565716, 1.4008502695]}