{"source": [{"position": [5.317927754753459, 35.605050827027654], "counts": 500000.0}, {"position": [442.7957313899459, 128.2690152096092], "counts": 500000.0}], "output": [0.0, 0.0, 0.0, 0.0, 0.0, 0.0, 0.0, 0.0, 0.0, 0.0, 0.0, 0.0, 0.0, 0.0, 0.0, 0.0, 0.0, 0.0, 0.0, 0.0, 0.0, 0.0, 0.0, 0.0, 0.0, 0.0, 0.0, 0.0, 0.0, 0.0, 0.0, 0.0, 0.0, 0.0, 0.063978755, 0.436021245, 0.0, 0.0, 0.0, 0.0, 0.0, 0.0, 0.0, 0.0, 0.0, 0.0, 0.2550962434, 0.2449037566, 0.0, 0.0, 0.0, 0.0, 0.0, 0.0, 0.0, 0.0, 0.0, 0.0, 0.0, 0.0, 0.0, 0.0, 0.0, 0.0], "num_sources": 2, "seg_angles": 64, "input": [-1.4417367448, -1.3113394642, -1.2378548686, -1.1600251225, -0.8713852275, -1.0362749637, -0.721346302, -0.7000999563, -0.6617692948, -0.5494379608, -0.5841034112, -0.0670894853, -0.0735267383, -0.0944339419, -0.1757310993, 0.1542294406, 0.6959829887, 0.7504552318, 0.7541960015, 0.5733810491, 1.1004331968, 1.7828589914, 1.6667277195, 1.7879823279, 1.4199076338]}