{"source": [{"position": [-74.34662859095523, -486.35026351093774], "counts": 500000.0}, {"position": [301.59432666974, 357.8615124885969], "counts": 500000.0}], "output": [0.0, 0.0, 0.0, 0.0, 0.0, 0.0, 0.0, 0.0, 0.0, 0.0, 0.0, 0.0, 0.0, 0.0, 0.2725616061, 0.2274383939, 0.0, 0.0, 0.0, 0.0, 0.0, 0.0, 0.0, 0.0, 0.0, 0.0, 0.0, 0.0, 0.0, 0.0, 0.0, 0.0, 0.0, 0.0, 0.0, 0.0, 0.0, 0.0, 0.0, 0.0, 0.0665001114, 0.4334998886, 0.0, 0.0, 0.0, 0.0, 0.0, 0.0, 0.0, 0.0, 0.0, 0.0, 0.0, 0.0, 0.0, 0.0, 0.0, 0.0, 0.0, 0.0, 0.0, 0.0, 0.0, 0.0], "num_sources": 2, "seg_angles": 64, "input": [-0.7746741765, -0.111626369, 0.6455643155, 1.4838989495, 3.0590807582, -1.4606129601, -0.3650070551, -0.4526829801, 0.6060798494, 1.6275478938, -1.2787024737, -0.5801265488, -1.064490899, -0.2614380718, 1.1527731646, -1.0063523983, -0.3099123238, -0.5631898969, -0.256893192, -0.4071336094, 0.6103974397, 0.2891574537, 0.0494229342, -0.0859226188, -0.5451571853]}