{"source": [{"position": [38.038065299253226, 231.90106853632597], "counts": 500000.0}, {"position": [119.8909297251279, 209.0625862502529], "counts": 500000.0}], "output": [0.0, 0.0, 0.0, 0.0, 0.0, 0.0, 0.0, 0.0, 0.0, 0.0, 0.0, 0.0, 0.0, 0.0, 0.0, 0.0, 0.0, 0.0, 0.0, 0.0, 0.0, 0.0, 0.0, 0.0, 0.0, 0.0, 0.0, 0.0, 0.0, 0.0, 0.0, 0.0, 0.0, 0.0, 0.0, 0.0, 0.0, 0.0, 0.0, 0.0, 0.0, 0.0, 0.1518167144, 0.3481832856, 0.0, 0.0, 0.3280099807, 0.1719900193, 0.0, 0.0, 0.0, 0.0, 0.0, 0.0, 0.0, 0.0, 0.0, 0.0, 0.0, 0.0, 0.0, 0.0, 0.0, 0.0], "num_sources": 2, "seg_angles": 64, "input": [-1.6052932239, -1.4555624419, -1.2635972594, -1.1892315322, -0.128003992, -1.3580656191, -0.8899472681, -0.7530833618, -0.619382457, 0.3028591735, -0.7210440321, -0.2168768734, -0.3652536216, -0.2668809301, 0.3237757861, 0.2840991629, 0.4970925547, 0.6544875867, 0.7129327492, 0.7319984048, 1.2144351071, 1.5967973982, 1.6817534741, 1.5870668079, 1.2449244076]}