{"source": [{"position": [-269.5919966600774, 398.34803292702827], "counts": 500000.0}, {"position": [184.9064491020251, 250.06120266942693], "counts": 500000.0}], "output": [0.0, 0.0, 0.0, 0.0, 0.0, 0.0, 0.0, 0.0, 0.0, 0.0, 0.0, 0.0, 0.0, 0.0, 0.0, 0.0, 0.0, 0.0, 0.0, 0.0, 0.0, 0.0, 0.0, 0.0, 0.0, 0.0, 0.0, 0.0, 0.0, 0.0, 0.0, 0.0, 0.0, 0.0, 0.0, 0.0, 0.0, 0.0, 0.0, 0.0, 0.0, 0.2427448744, 0.2572551256, 0.0, 0.0, 0.0, 0.0, 0.0, 0.0, 0.0, 0.0, 0.0, 0.0, 0.0, 0.4698524395, 0.0301475605, 0.0, 0.0, 0.0, 0.0, 0.0, 0.0, 0.0, 0.0], "num_sources": 2, "seg_angles": 64, "input": [-0.9169584934, -1.4938968825, -1.4821944276, -1.1511193263, -0.4237264287, -0.6486121233, -1.1652228489, -1.2185179446, -0.8622094035, 0.3200895592, -0.2898235937, -0.6211645178, -0.4450378387, -0.1322035419, 0.1842854211, 0.5786519905, 0.3620997864, 0.4572296613, 0.6789996353, 0.633861857, 1.3756233561, 1.7498602783, 1.7921046056, 1.3700026667, 1.3478785534]}