{"source": [{"position": [-149.1228188032777, 107.78861216364557], "counts": 500000.0}, {"position": [-190.77913625682828, 132.0125795865627], "counts": 500000.0}], "output": [0.0, 0.0, 0.0, 0.0, 0.0, 0.0, 0.0, 0.0, 0.0, 0.0, 0.0, 0.0, 0.0, 0.0, 0.0, 0.0, 0.0, 0.0, 0.0, 0.0, 0.0, 0.0, 0.0, 0.0, 0.0, 0.0, 0.0, 0.0, 0.0, 0.0, 0.0, 0.0, 0.0, 0.0, 0.0, 0.0, 0.0, 0.0, 0.0, 0.0, 0.0, 0.0, 0.0, 0.0, 0.0, 0.0, 0.0, 0.0, 0.0, 0.0, 0.0, 0.0, 0.0, 0.0, 0.0, 0.0, 0.0, 0.2703970234, 0.7296029766, 0.0, 0.0, 0.0, 0.0, 0.0], "num_sources": 2, "seg_angles": 64, "input": [0.9213062224, -0.0153056463, -0.990428854, -1.313689214, -1.6867317038, 1.4961145703, 0.262967879, -0.5354205464, -1.1116893374, -1.5744107546, 1.2728691567, 0.3957205772, -0.4413740668, -0.991932088, -1.3573332614, 1.5333603858, 0.48011971, -0.1635178197, -0.3110607878, -0.4900350896, 1.052304154, 1.2587121731, 0.8040598037, 0.9473968208, 0.5579977167]}