{"source": [{"position": [81.82298411575705, -29.563478658516658], "counts": 500000.0}, {"position": [123.82278864372564, -269.95725034251484], "counts": 500000.0}], "output": [0.0, 0.0, 0.0, 0.0, 0.0, 0.0, 0.0, 0.0, 0.0, 0.0, 0.0, 0.0, 0.0, 0.0, 0.0, 0.0, 0.0, 0.0, 0.0, 0.0, 0.3097985713, 0.1902014287, 0.0, 0.0, 0.0, 0.0, 0.0, 0.0, 0.2658048652, 0.2341951348, 0.0, 0.0, 0.0, 0.0, 0.0, 0.0, 0.0, 0.0, 0.0, 0.0, 0.0, 0.0, 0.0, 0.0, 0.0, 0.0, 0.0, 0.0, 0.0, 0.0, 0.0, 0.0, 0.0, 0.0, 0.0, 0.0, 0.0, 0.0, 0.0, 0.0, 0.0, 0.0, 0.0, 0.0], "num_sources": 2, "seg_angles": 64, "input": [0.1561884555, 0.6473663842, 0.7153715146, 0.9487124777, 1.4178905991, -1.0099497799, -0.5624929257, -0.037068432, 0.7651165138, 1.5268323063, -1.3167949914, -0.7037513942, -0.2833351733, 0.4050951283, 1.5432084804, -1.4279210676, -1.0024375854, -0.4783117257, 0.3087439294, 1.4539025833, -1.7026221677, -1.3521181487, -0.9511865422, -0.0148583035, 0.9544198647]}