{"source": [{"position": [15.643535540383496, -137.11046566836814], "counts": 500000.0}, {"position": [356.37582458879893, -116.71020370410474], "counts": 500000.0}], "output": [0.0, 0.0, 0.0, 0.0, 0.0, 0.0, 0.0, 0.0, 0.0, 0.0, 0.0, 0.0, 0.0, 0.0, 0.0, 0.0, 0.0, 0.4214239091, 0.0785760909, 0.0, 0.0, 0.0, 0.0, 0.0, 0.0, 0.0, 0.0, 0.0, 0.1118403041, 0.3881596959, 0.0, 0.0, 0.0, 0.0, 0.0, 0.0, 0.0, 0.0, 0.0, 0.0, 0.0, 0.0, 0.0, 0.0, 0.0, 0.0, 0.0, 0.0, 0.0, 0.0, 0.0, 0.0, 0.0, 0.0, 0.0, 0.0, 0.0, 0.0, 0.0, 0.0, 0.0, 0.0, 0.0, 0.0], "num_sources": 2, "seg_angles": 64, "input": [0.9498524616, 1.6548845498, 1.5043144699, 1.7634703623, 1.2936577507, 0.0236458381, 0.5887936319, 0.5884148894, 1.0729883522, 0.7704954986, -0.8637835498, -0.3428156195, -0.1044410123, 0.0816870203, 0.2476563201, -1.3648535675, -0.8544472955, -0.6327535618, -0.3901927533, -0.1471243046, -1.7549635164, -1.5042948952, -1.1073788754, -0.9719348007, -0.5008773928]}