{"source": [{"position": [8.305750239103748, -42.190218214245206], "counts": 500000.0}, {"position": [206.02596428095657, 219.44088507409467], "counts": 500000.0}], "output": [0.0, 0.0, 0.0, 0.0, 0.0, 0.0, 0.0, 0.0, 0.0, 0.0, 0.0, 0.0, 0.0, 0.0, 0.0, 0.0, 0.0, 0.0100373601, 0.4899626399, 0.0, 0.0, 0.0, 0.0, 0.0, 0.0, 0.0, 0.0, 0.0, 0.0, 0.0, 0.0, 0.0, 0.0, 0.0, 0.0, 0.0, 0.0, 0.0, 0.0, 0.0, 0.3394727958, 0.1605272042, 0.0, 0.0, 0.0, 0.0, 0.0, 0.0, 0.0, 0.0, 0.0, 0.0, 0.0, 0.0, 0.0, 0.0, 0.0, 0.0, 0.0, 0.0, 0.0, 0.0, 0.0, 0.0], "num_sources": 2, "seg_angles": 64, "input": [1.0874205175, 1.635982112, 1.67054248, 1.6654490203, 1.5900550347, -0.0067717405, 0.6719868309, 0.6466045173, 0.9170196697, 0.805483723, -0.5939883965, -0.2135367853, -0.0679100451, -0.1708249505, 0.0415311514, -1.1831953634, -0.7670558747, -0.7205281737, -0.8231488751, -0.4541738449, -1.4368753198, -1.2272561754, -1.2253023365, -1.1397873337, -0.7017198416]}