{"source": [{"position": [-75.79144703278006, 162.1624387972668], "counts": 500000.0}, {"position": [-61.60425822464821, 227.8177240001113], "counts": 500000.0}], "output": [0.0, 0.0, 0.0, 0.0, 0.0, 0.0, 0.0, 0.0, 0.0, 0.0, 0.0, 0.0, 0.0, 0.0, 0.0, 0.0, 0.0, 0.0, 0.0, 0.0, 0.0, 0.0, 0.0, 0.0, 0.0, 0.0, 0.0, 0.0, 0.0, 0.0, 0.0, 0.0, 0.0, 0.0, 0.0, 0.0, 0.0, 0.0, 0.0, 0.0, 0.0, 0.0, 0.0, 0.0, 0.0, 0.0, 0.0, 0.0, 0.0, 0.0, 0.1549792185, 0.3450207815, 0.2732945334, 0.2267054666, 0.0, 0.0, 0.0, 0.0, 0.0, 0.0, 0.0, 0.0, 0.0, 0.0], "num_sources": 2, "seg_angles": 64, "input": [-0.1127669346, -1.1604384319, -1.5366697691, -1.4349037311, -1.5654353719, 0.291236504, -0.7321325164, -0.9596687075, -0.8713149361, -1.1014382223, 0.4822113692, -0.1912706425, -0.0990182019, -0.364572699, -0.5988404629, 0.7267227366, 0.7279322524, 0.7345133222, 0.3799596485, 0.1691327549, 1.2519959923, 1.6714412117, 1.4379387057, 1.75110479, 1.1042813398]}