{"source": [{"position": [-43.684660270773584, -271.5081038514819], "counts": 500000.0}, {"position": [-144.67588300713498, -173.62283512287718], "counts": 500000.0}], "output": [0.0, 0.0, 0.0, 0.0, 0.0, 0.0, 0.0, 0.0, 0.0381031043, 0.4618968957, 0.0, 0.0, 0.0, 0.0, 0.3124750678, 0.1875249322, 0.0, 0.0, 0.0, 0.0, 0.0, 0.0, 0.0, 0.0, 0.0, 0.0, 0.0, 0.0, 0.0, 0.0, 0.0, 0.0, 0.0, 0.0, 0.0, 0.0, 0.0, 0.0, 0.0, 0.0, 0.0, 0.0, 0.0, 0.0, 0.0, 0.0, 0.0, 0.0, 0.0, 0.0, 0.0, 0.0, 0.0, 0.0, 0.0, 0.0, 0.0, 0.0, 0.0, 0.0, 0.0, 0.0, 0.0, 0.0], "num_sources": 2, "seg_angles": 64, "input": [1.115519967, 1.6086577877, 1.6933500492, 1.5302247531, 0.9860718252, 0.8026487252, 0.553342133, 0.6172752984, 0.5443029734, 0.0484674066, 0.5893012869, -0.0780402283, -0.3095113065, -0.4326333124, -0.6686030645, 0.630276146, -0.380888025, -0.937914572, -1.1995576831, -1.3444524921, -0.0014166401, -0.864238636, -1.2655834964, -1.5230696915, -1.7135292038]}