{"source": [{"position": [365.3709304531032, 75.05386852010787], "counts": 500000.0}, {"position": [315.64752310259473, -340.0921068757653], "counts": 500000.0}], "output": [0.0, 0.0, 0.0, 0.0, 0.0, 0.0, 0.0, 0.0, 0.0, 0.0, 0.0, 0.0, 0.0, 0.0, 0.0, 0.0, 0.0, 0.0, 0.0, 0.0, 0.0, 0.0, 0.0, 0.189766818, 0.310233182, 0.0, 0.0, 0.0, 0.0, 0.0, 0.0, 0.0, 0.0, 0.0, 0.4681667969, 0.0318332031, 0.0, 0.0, 0.0, 0.0, 0.0, 0.0, 0.0, 0.0, 0.0, 0.0, 0.0, 0.0, 0.0, 0.0, 0.0, 0.0, 0.0, 0.0, 0.0, 0.0, 0.0, 0.0, 0.0, 0.0, 0.0, 0.0, 0.0, 0.0], "num_sources": 2, "seg_angles": 64, "input": [-0.4180580308, 0.020380781, 0.3955136817, 0.8683356749, 1.0860167063, -0.9220131381, -0.4553223029, -0.0699497929, 0.71601022, 1.9039742665, -1.4120594485, -0.9220508455, -0.4680146704, 0.5608580279, 1.8406395227, -1.4799727779, -1.1414520499, -0.8039217999, 0.5274917474, 1.5572830568, -1.2944582427, -0.8297833434, -0.3916109772, -0.053543469, 1.1857072041]}