{"source": [{"position": [113.14903316754739, -114.53513126219949], "counts": 500000.0}, {"position": [-66.41074775434588, 252.40961269870184], "counts": 500000.0}], "output": [0.0, 0.0, 0.0, 0.0, 0.0, 0.0, 0.0, 0.0, 0.0, 0.0, 0.0, 0.0, 0.0, 0.0, 0.0, 0.0, 0.0, 0.0, 0.0, 0.0, 0.0, 0.0, 0.0, 0.0310045823, 0.4689954177, 0.0, 0.0, 0.0, 0.0, 0.0, 0.0, 0.0, 0.0, 0.0, 0.0, 0.0, 0.0, 0.0, 0.0, 0.0, 0.0, 0.0, 0.0, 0.0, 0.0, 0.0, 0.0, 0.0, 0.0, 0.0, 0.1897032787, 0.3102967213, 0.0, 0.0, 0.0, 0.0, 0.0, 0.0, 0.0, 0.0, 0.0, 0.0, 0.0, 0.0], "num_sources": 2, "seg_angles": 64, "input": [0.7758732133, 1.1149472858, 0.6776234176, 0.5727160779, 0.2145050264, -0.2309763831, -0.4480933698, -0.2649767504, -0.5847004654, 0.9459667066, -1.3463564427, -1.5009446334, -0.88523212, 0.3966783379, 1.0714996765, -1.5173691251, -1.3110684139, -0.6165922706, 0.5543803139, 1.5268363556, -1.3525199547, -0.7498604941, -0.0880949608, 1.0089309709, 2.0368280016]}