{"source": [{"position": [-300.53324720971693, -158.99612360552422], "counts": 500000.0}, {"position": [195.5235277469136, -58.19407269990579], "counts": 500000.0}], "output": [0.0, 0.0, 0.0, 0.0, 0.0216950142, 0.4783049858, 0.0, 0.0, 0.0, 0.0, 0.0, 0.0, 0.0, 0.0, 0.0, 0.0, 0.0, 0.0, 0.0, 0.0, 0.0, 0.0, 0.0, 0.0, 0.0, 0.0, 0.0, 0.0, 0.0, 0.4733060692, 0.0266939308, 0.0, 0.0, 0.0, 0.0, 0.0, 0.0, 0.0, 0.0, 0.0, 0.0, 0.0, 0.0, 0.0, 0.0, 0.0, 0.0, 0.0, 0.0, 0.0, 0.0, 0.0, 0.0, 0.0, 0.0, 0.0, 0.0, 0.0, 0.0, 0.0, 0.0, 0.0, 0.0, 0.0], "num_sources": 2, "seg_angles": 64, "input": [1.1025802137, 0.6846977018, 1.3047151156, 1.1426806399, 2.470764891, -0.2295846268, -0.5627213024, -0.6334233992, 0.1789749141, 1.649062381, -0.7785311052, -0.7101242801, -0.6430554093, -0.046804148, 0.8606142614, -1.0030970402, -0.756340639, -0.7668564853, 0.1773816965, 0.8088860635, -1.4947331091, -1.2035829272, -1.3099368442, -0.3796342141, 0.1380676516]}