{"source": [{"position": [58.408986285765884, -342.0488127754125], "counts": 500000.0}, {"position": [-136.1824060549539, -46.801199568853555], "counts": 500000.0}], "output": [0.0, 0.0, 0.0, 0.3141262506, 0.1858737494, 0.0, 0.0, 0.0, 0.0, 0.0, 0.0, 0.0, 0.0, 0.0, 0.0, 0.0, 0.0, 0.1386239403, 0.3613760597, 0.0, 0.0, 0.0, 0.0, 0.0, 0.0, 0.0, 0.0, 0.0, 0.0, 0.0, 0.0, 0.0, 0.0, 0.0, 0.0, 0.0, 0.0, 0.0, 0.0, 0.0, 0.0, 0.0, 0.0, 0.0, 0.0, 0.0, 0.0, 0.0, 0.0, 0.0, 0.0, 0.0, 0.0, 0.0, 0.0, 0.0, 0.0, 0.0, 0.0, 0.0, 0.0, 0.0, 0.0, 0.0], "num_sources": 2, "seg_angles": 64, "input": [1.5204671053, 1.2417057052, 0.9234272628, 0.771892439, 0.4355710222, 1.408187841, 0.7941590584, 0.0957928897, -0.3275309517, -0.8194033124, 1.2417627009, 0.7546697577, -0.2808365865, -0.9141037468, -1.2752001766, 1.0987075323, 0.4200871405, -0.5204536826, -1.116660633, -1.4636137561, 0.430508029, -0.2430561108, -0.9514911606, -1.4360733493, -1.7885150178]}