{"source": [{"position": [193.31017310079056, -290.572154508553], "counts": 500000.0}, {"position": [79.53270840099785, 29.992470628506833], "counts": 500000.0}], "output": [0.0, 0.0, 0.0, 0.0, 0.0, 0.0, 0.0, 0.0, 0.0, 0.0, 0.0, 0.0, 0.0, 0.0, 0.0, 0.0, 0.0, 0.0, 0.0, 0.0, 0.0, 0.010239989, 0.489760011, 0.0, 0.0, 0.0, 0.0, 0.0, 0.0, 0.0, 0.0, 0.0, 0.0, 0.0, 0.0, 0.1633873602, 0.3366126398, 0.0, 0.0, 0.0, 0.0, 0.0, 0.0, 0.0, 0.0, 0.0, 0.0, 0.0, 0.0, 0.0, 0.0, 0.0, 0.0, 0.0, 0.0, 0.0, 0.0, 0.0, 0.0, 0.0, 0.0, 0.0, 0.0, 0.0], "num_sources": 2, "seg_angles": 64, "input": [-1.2842785177, -0.9181069392, -0.1611951036, 0.5623970018, 1.1404332706, -1.3384423679, -0.6636103727, -0.0956178545, 0.6564963765, 1.6646452591, -1.5729107089, -0.828927416, -0.238270372, 0.552177492, 1.8469954268, -1.470182043, -0.9735846044, -0.4054599045, 0.4713428805, 1.8201909239, -0.3204990854, -0.1933733963, 0.1149412442, 0.5100115639, 1.124827247]}