{"source": [{"position": [181.4597743284106, 302.7892836622232], "counts": 500000.0}, {"position": [151.4498375401407, -12.920785930623037], "counts": 500000.0}], "output": [0.0, 0.0, 0.0, 0.0, 0.0, 0.0, 0.0, 0.0, 0.0, 0.0, 0.0, 0.0, 0.0, 0.0, 0.0, 0.0, 0.0, 0.0, 0.0, 0.0, 0.0, 0.0, 0.0, 0.0, 0.0, 0.0, 0.0, 0.0, 0.0, 0.0, 0.0, 0.4334508621, 0.0665491379, 0.0, 0.0, 0.0, 0.0, 0.0, 0.0, 0.0, 0.0, 0.0, 0.2496889164, 0.2503110836, 0.0, 0.0, 0.0, 0.0, 0.0, 0.0, 0.0, 0.0, 0.0, 0.0, 0.0, 0.0, 0.0, 0.0, 0.0, 0.0, 0.0, 0.0, 0.0, 0.0], "num_sources": 2, "seg_angles": 64, "input": [-1.5370742384, -1.1533582796, -0.7059912794, 0.0856931491, 1.2896951146, -1.5050587813, -0.8060707555, -0.3014776049, 0.3688707748, 1.8674334039, -1.2701942879, -0.5858734235, -0.0020415023, 0.3261415196, 1.424201441, -1.0967704448, -0.4335838481, 0.078975551, 0.7541996705, 1.6450517227, -0.6942798101, -0.2884613769, 0.1860227602, 0.7439744402, 1.6099760849]}