{"source": [{"position": [356.60172797411747, -319.80651589027], "counts": 500000.0}, {"position": [214.10098489073502, 164.5015752776163], "counts": 500000.0}], "output": [0.0, 0.0, 0.0, 0.0, 0.0, 0.0, 0.0, 0.0, 0.0, 0.0, 0.0, 0.0, 0.0, 0.0, 0.0, 0.0, 0.0, 0.0, 0.0, 0.0, 0.0, 0.0, 0.0, 0.0, 0.2232263775, 0.2767736225, 0.0, 0.0, 0.0, 0.0, 0.0, 0.0, 0.0, 0.0, 0.0, 0.0, 0.0, 0.0, 0.1634325868, 0.3365674132, 0.0, 0.0, 0.0, 0.0, 0.0, 0.0, 0.0, 0.0, 0.0, 0.0, 0.0, 0.0, 0.0, 0.0, 0.0, 0.0, 0.0, 0.0, 0.0, 0.0, 0.0, 0.0, 0.0, 0.0], "num_sources": 2, "seg_angles": 64, "input": [-1.1091475464, -0.7707884877, -0.3248554855, 0.5141411182, 1.0984764998, -1.5532194855, -1.0867712933, -0.2859505664, 0.4111262465, 1.7259827343, -1.4227886334, -1.1355901626, -0.6068226474, 0.6306433105, 1.6791244171, -1.0666483127, -0.7882072829, -0.3568203368, 0.2559465842, 1.5575313135, -0.4947083752, 0.2671267112, 0.5371265465, 0.8534212669, 1.471671867]}