{"source": [{"position": [-318.8105214306491, 267.23744390544834], "counts": 500000.0}, {"position": [68.36966839450614, 267.39780934709484], "counts": 500000.0}], "output": [0.0, 0.0, 0.0, 0.0, 0.0, 0.0, 0.0, 0.0, 0.0, 0.0, 0.0, 0.0, 0.0, 0.0, 0.0, 0.0, 0.0, 0.0, 0.0, 0.0, 0.0, 0.0, 0.0, 0.0, 0.0, 0.0, 0.0, 0.0, 0.0, 0.0, 0.0, 0.0, 0.0, 0.0, 0.0, 0.0, 0.0, 0.0, 0.0, 0.0, 0.0, 0.0, 0.0, 0.0, 0.0, 0.2748808105, 0.2251191895, 0.0, 0.0, 0.0, 0.0, 0.0, 0.0, 0.0, 0.0, 0.0, 0.0529638504, 0.4470361496, 0.0, 0.0, 0.0, 0.0, 0.0, 0.0], "num_sources": 2, "seg_angles": 64, "input": [-0.7204065556, -0.9867619175, -1.4577060087, -1.5991897357, -1.1450302689, -0.2440367828, -0.4724721488, -0.894180451, -1.1087367703, -0.8800181659, 0.1909179875, 0.1397965858, -0.2488214541, -0.4286754926, -0.4581721625, 0.8349851208, 0.4781379924, 0.6541433046, 0.4006749979, 0.2203410474, 1.4570006141, 1.9334031486, 1.597181043, 1.680462743, 1.0571633294]}