{"source": [{"position": [63.464302712062434, -270.65897783238546], "counts": 500000.0}, {"position": [-319.99018631840454, -226.42941650746877], "counts": 500000.0}], "output": [0.0, 0.0, 0.0, 0.0, 0.0, 0.0, 0.3636670968, 0.1363329032, 0.0, 0.0, 0.0, 0.0, 0.0, 0.0, 0.0, 0.0, 0.0, 0.0, 0.3269910567, 0.1730089433, 0.0, 0.0, 0.0, 0.0, 0.0, 0.0, 0.0, 0.0, 0.0, 0.0, 0.0, 0.0, 0.0, 0.0, 0.0, 0.0, 0.0, 0.0, 0.0, 0.0, 0.0, 0.0, 0.0, 0.0, 0.0, 0.0, 0.0, 0.0, 0.0, 0.0, 0.0, 0.0, 0.0, 0.0, 0.0, 0.0, 0.0, 0.0, 0.0, 0.0, 0.0, 0.0, 0.0, 0.0], "num_sources": 2, "seg_angles": 64, "input": [1.5895900931, 1.4907622529, 1.7016357365, 1.783258992, 1.1092641007, 0.8309974878, 0.6427916701, 0.5581594219, 0.2669165374, 0.2955975718, 0.1622773972, 0.1234554186, -0.0951708089, -0.4880977623, -0.4251824822, -0.130005654, -0.6548894697, -0.8831281023, -1.0199478833, -0.9014506567, -0.607953349, -0.9043016669, -1.489582181, -1.6362476324, -1.3187490313]}