{"source": [{"position": [404.3666598278472, 178.47017795606666], "counts": 500000.0}, {"position": [33.16473768802038, -76.08613654329413], "counts": 500000.0}], "output": [0.0, 0.0, 0.0, 0.0, 0.0, 0.0, 0.0, 0.0, 0.0, 0.0, 0.0, 0.0, 0.0, 0.0, 0.0, 0.0, 0.0, 0.0, 0.0, 0.0, 0.4065224959, 0.0934775041, 0.0, 0.0, 0.0, 0.0, 0.0, 0.0, 0.0, 0.0, 0.0, 0.0, 0.0, 0.0, 0.0, 0.0, 0.3831452657, 0.1168547343, 0.0, 0.0, 0.0, 0.0, 0.0, 0.0, 0.0, 0.0, 0.0, 0.0, 0.0, 0.0, 0.0, 0.0, 0.0, 0.0, 0.0, 0.0, 0.0, 0.0, 0.0, 0.0, 0.0, 0.0, 0.0, 0.0], "num_sources": 2, "seg_angles": 64, "input": [1.003677077, 1.2931528307, 1.4773469687, 1.4584188037, 1.5469142481, -0.1146293876, 0.3509556194, 0.5147854965, 0.7976606898, 0.9464693614, -0.8965432393, -0.5827995681, -0.3103043998, -0.0669786654, 0.7339240895, -1.401941414, -1.0517868992, -0.915523759, -0.6257806758, 0.7528269658, -1.534365139, -1.3946459913, -1.3210868254, -0.9508456358, 0.291099449]}