{"source": [{"position": [14.458421840590681, 129.1934752140352], "counts": 500000.0}, {"position": [370.8507861823032, 10.52114005075891], "counts": 500000.0}], "output": [0.0, 0.0, 0.0, 0.0, 0.0, 0.0, 0.0, 0.0, 0.0, 0.0, 0.0, 0.0, 0.0, 0.0, 0.0, 0.0, 0.0, 0.0, 0.0, 0.0, 0.0, 0.0, 0.0, 0.0, 0.0, 0.0, 0.0, 0.0, 0.0, 0.0, 0.0, 0.0, 0.3555501048, 0.1444498952, 0.0, 0.0, 0.0, 0.0, 0.0, 0.0, 0.0, 0.0, 0.0, 0.0, 0.0, 0.0, 0.0676061316, 0.4323938684, 0.0, 0.0, 0.0, 0.0, 0.0, 0.0, 0.0, 0.0, 0.0, 0.0, 0.0, 0.0, 0.0, 0.0, 0.0, 0.0], "num_sources": 2, "seg_angles": 64, "input": [-1.7663194614, -1.4144905783, -1.3309308963, -0.983334536, -0.5700841015, -1.1970300423, -0.892403506, -0.5786494089, -0.2497237203, -0.0097718648, -0.7509537123, -0.5174850691, -0.1047433963, 0.2743794263, 0.1466137494, -0.2357039169, 0.4365803045, 0.7452463496, 1.0548999813, 0.8975626244, 0.7314948841, 1.6540339146, 1.4836688817, 1.6616799858, 1.5154641087]}