{"source": [{"position": [166.81216233493396, -268.3834989285735], "counts": 500000.0}, {"position": [-94.49048605281996, 482.8411209140145], "counts": 500000.0}], "output": [0.0, 0.0, 0.0, 0.0, 0.0, 0.0, 0.0, 0.0, 0.0, 0.0, 0.0, 0.0, 0.0, 0.0, 0.0, 0.0, 0.0, 0.0, 0.0, 0.0, 0.0, 0.1677536791, 0.3322463209, 0.0, 0.0, 0.0, 0.0, 0.0, 0.0, 0.0, 0.0, 0.0, 0.0, 0.0, 0.0, 0.0, 0.0, 0.0, 0.0, 0.0, 0.0, 0.0, 0.0, 0.0, 0.0, 0.0, 0.0, 0.0, 0.0, 0.0157628539, 0.4842371461, 0.0, 0.0, 0.0, 0.0, 0.0, 0.0, 0.0, 0.0, 0.0, 0.0, 0.0, 0.0, 0.0], "num_sources": 2, "seg_angles": 64, "input": [1.0765243934, 0.9815698921, 0.7658583774, 1.1291848531, 0.1781012997, -0.0034534058, -0.084524192, 0.4082442353, -0.2134932318, 0.5713999374, -0.8946005137, -0.2875408512, -0.868122758, -0.8459307752, 1.13118323, -1.9851430131, -1.057729868, -0.632353917, -0.1472980118, 1.2247711679, -1.4094384837, -1.2719208565, -0.7493352743, 0.7150718937, 2.268975872]}