{"source": [{"position": [191.1299263023372, 133.26046402314213], "counts": 500000.0}, {"position": [-166.34129743492053, -178.51210818223873], "counts": 500000.0}], "output": [0.0, 0.0, 0.0, 0.0, 0.0, 0.0, 0.0, 0.0, 0.3203302838, 0.1796697162, 0.0, 0.0, 0.0, 0.0, 0.0, 0.0, 0.0, 0.0, 0.0, 0.0, 0.0, 0.0, 0.0, 0.0, 0.0, 0.0, 0.0, 0.0, 0.0, 0.0, 0.0, 0.0, 0.0, 0.0, 0.0, 0.0, 0.0, 0.0, 0.3990975551, 0.1009024449, 0.0, 0.0, 0.0, 0.0, 0.0, 0.0, 0.0, 0.0, 0.0, 0.0, 0.0, 0.0, 0.0, 0.0, 0.0, 0.0, 0.0, 0.0, 0.0, 0.0, 0.0, 0.0, 0.0, 0.0], "num_sources": 2, "seg_angles": 64, "input": [-0.3467459894, 0.2823379839, 0.7806267589, 1.546828007, 2.0329416919, -0.6420810628, -0.9684194215, -0.2725522124, 0.0895699475, 1.4237543252, -0.3032198294, -1.690754482, -1.3313612015, -0.5900697737, 0.7761436061, 0.2581969047, -0.2918196756, -1.0602926867, -1.2285215647, 0.4630971043, 2.0396484726, 0.6768111776, -0.6401853553, -0.5113050863, -0.4926276383]}