{"source": [{"position": [413.99981260888404, 0.3939032989473098], "counts": 500000.0}, {"position": [56.755626376690884, 114.7292415846521], "counts": 500000.0}], "output": [0.0, 0.0, 0.0, 0.0, 0.0, 0.0, 0.0, 0.0, 0.0, 0.0, 0.0, 0.0, 0.0, 0.0, 0.0, 0.0, 0.0, 0.0, 0.0, 0.0, 0.0, 0.0, 0.0, 0.0, 0.0, 0.0, 0.0, 0.0, 0.0, 0.0, 0.0, 0.0, 0.4951542673, 0.0048457327, 0.0, 0.0, 0.0, 0.0, 0.0, 0.0, 0.0, 0.0, 0.0, 0.3396648463, 0.1603351537, 0.0, 0.0, 0.0, 0.0, 0.0, 0.0, 0.0, 0.0, 0.0, 0.0, 0.0, 0.0, 0.0, 0.0, 0.0, 0.0, 0.0, 0.0, 0.0], "num_sources": 2, "seg_angles": 64, "input": [-1.8406009068, -1.5780682614, -1.2372376534, -0.7188929029, 0.6062756254, -1.4145933372, -0.8869183697, -0.8822087971, -0.4934369424, 1.2567480459, -1.0025701693, -0.4342597697, -0.1656254023, -0.0270424018, 1.048901995, -0.3147460535, 0.2408733561, 0.2930914766, 0.7828248256, 1.0195593563, 0.6792968394, 0.9415062755, 1.1645635672, 1.5445700227, 1.4179895819]}