{"source": [{"position": [249.20369281718172, 263.94415978816386], "counts": 500000.0}, {"position": [23.4631647926187, 25.970750815377258], "counts": 500000.0}], "output": [0.0, 0.0, 0.0, 0.0, 0.0, 0.0, 0.0, 0.0, 0.0, 0.0, 0.0, 0.0, 0.0, 0.0, 0.0, 0.0, 0.0, 0.0, 0.0, 0.0, 0.0, 0.0, 0.0, 0.0, 0.0, 0.0, 0.0, 0.0, 0.0, 0.0, 0.0, 0.0, 0.0, 0.0, 0.0, 0.0, 0.0, 0.0, 0.0, 0.0, 0.595617791, 0.404382209, 0.0, 0.0, 0.0, 0.0, 0.0, 0.0, 0.0, 0.0, 0.0, 0.0, 0.0, 0.0, 0.0, 0.0, 0.0, 0.0, 0.0, 0.0, 0.0, 0.0, 0.0, 0.0], "num_sources": 2, "seg_angles": 64, "input": [-1.7342502765, -1.5350552658, -1.1055623247, -0.4432816917, 0.7096584143, -1.480501619, -1.1244771195, -0.8716158366, -0.1178983891, 1.1686225873, -0.989439786, -0.6541361767, -0.5143308787, 0.0184253727, 1.1042224555, -0.2752586912, 0.0944391577, 0.1906847555, 0.3302455074, 1.2111408737, 0.7371707318, 1.243168123, 1.3580585114, 1.2870751638, 1.3928964014]}