{"source": [{"position": [126.30963579895554, -125.41880203675687], "counts": 500000.0}, {"position": [280.0973780817154, 196.2382704564749], "counts": 500000.0}], "output": [0.0, 0.0, 0.0, 0.0, 0.0, 0.0, 0.0, 0.0, 0.0, 0.0, 0.0, 0.0, 0.0, 0.0, 0.0, 0.0, 0.0, 0.0, 0.0, 0.0, 0.0, 0.0, 0.0, 0.0, 0.4819767675, 0.0180232325, 0.0, 0.0, 0.0, 0.0, 0.0, 0.0, 0.0, 0.0, 0.0, 0.0, 0.0, 0.0, 0.3875229566, 0.1124770434, 0.0, 0.0, 0.0, 0.0, 0.0, 0.0, 0.0, 0.0, 0.0, 0.0, 0.0, 0.0, 0.0, 0.0, 0.0, 0.0, 0.0, 0.0, 0.0, 0.0, 0.0, 0.0, 0.0, 0.0], "num_sources": 2, "seg_angles": 64, "input": [-0.1210052871, 0.3450161637, 0.4674127675, 1.013653144, 1.4138933675, -0.9010167254, -0.5593547833, 0.0357684516, 0.2859001779, 1.5143424763, -1.4770685953, -1.1711730549, -0.6673700227, 0.5568415933, 1.8937448787, -1.4536918666, -1.1374797529, -0.7006576598, 0.1267987448, 1.5700541078, -1.2472214949, -0.8206163004, -0.4099579744, 0.2701440271, 1.1730436178]}