{"source": [{"position": [144.49068946688482, -50.31342422638581], "counts": 500000.0}, {"position": [-472.799024029206, 13.787054690192262], "counts": 500000.0}], "output": [0.3515288803, 0.0, 0.0, 0.0, 0.0, 0.0, 0.0, 0.0, 0.0, 0.0, 0.0, 0.0, 0.0, 0.0, 0.0, 0.0, 0.0, 0.0, 0.0, 0.0, 0.0, 0.0, 0.0, 0.0, 0.0, 0.0, 0.0, 0.0, 0.2065548351, 0.2934451649, 0.0, 0.0, 0.0, 0.0, 0.0, 0.0, 0.0, 0.0, 0.0, 0.0, 0.0, 0.0, 0.0, 0.0, 0.0, 0.0, 0.0, 0.0, 0.0, 0.0, 0.0, 0.0, 0.0, 0.0, 0.0, 0.0, 0.0, 0.0, 0.0, 0.0, 0.0, 0.0, 0.0, 0.1484711197], "num_sources": 2, "seg_angles": 64, "input": [0.402926552, 0.6087276953, 0.5708359627, 0.7781533239, 0.8718027949, -0.7779838238, -0.7895084705, -0.2423476907, 0.2328550664, 1.8012240843, -1.0848871954, -0.7851238947, -0.348496073, 0.4857382773, 2.0471429211, -1.1490801149, -0.9271152168, -0.748638214, 0.7510325042, 1.5929708708, -1.6114136565, -1.4252571887, -0.7999311271, -0.2694915338, 0.815864147]}