{"source": [{"position": [21.335057472320763, 155.54361228495617], "counts": 500000.0}, {"position": [176.48251800765368, 291.7788903222407], "counts": 500000.0}], "output": [0.0, 0.0, 0.0, 0.0, 0.0, 0.0, 0.0, 0.0, 0.0, 0.0, 0.0, 0.0, 0.0, 0.0, 0.0, 0.0, 0.0, 0.0, 0.0, 0.0, 0.0, 0.0, 0.0, 0.0, 0.0, 0.0, 0.0, 0.0, 0.0, 0.0, 0.0, 0.0, 0.0, 0.0, 0.0, 0.0, 0.0, 0.0, 0.0, 0.0, 0.0, 0.0, 0.2704581641, 0.2295418359, 0.0, 0.0, 0.1942407148, 0.3057592852, 0.0, 0.0, 0.0, 0.0, 0.0, 0.0, 0.0, 0.0, 0.0, 0.0, 0.0, 0.0, 0.0, 0.0, 0.0, 0.0], "num_sources": 2, "seg_angles": 64, "input": [-1.4936403851, -1.4044682539, -1.5071887626, -1.1315902139, -0.5407188053, -1.1011074899, -0.862875709, -0.7624994692, -0.8001152211, -0.1208377729, -0.4944967789, -0.2097790632, -0.0997797175, -0.1331437669, 0.3196488195, 0.090583778, 0.769037571, 0.9217743658, 0.6266422605, 0.50690551, 1.082945718, 1.6124781358, 1.5882396836, 1.6157444655, 1.5282411015]}