{"source": [{"position": [-187.19562122468886, 37.93150925421795], "counts": 500000.0}, {"position": [30.541147736587238, 136.62810214202625], "counts": 500000.0}], "output": [0.0, 0.0, 0.0, 0.0, 0.0, 0.0, 0.0, 0.0, 0.0, 0.0, 0.0, 0.0, 0.0, 0.0, 0.0, 0.0, 0.0, 0.0, 0.0, 0.0, 0.0, 0.0, 0.0, 0.0, 0.0, 0.0, 0.0, 0.0, 0.0, 0.0, 0.0, 0.0, 0.0, 0.0, 0.0, 0.0, 0.0, 0.0, 0.0, 0.0, 0.0, 0.0, 0.0, 0.0, 0.0, 0.1200407778, 0.3799592222, 0.0, 0.0, 0.0, 0.0, 0.0, 0.0, 0.0, 0.0, 0.0, 0.0, 0.0, 0.0, 0.0, 0.0, 0.0182016824, 0.4817983176, 0.0], "num_sources": 2, "seg_angles": 64, "input": [-0.5265499313, -0.787735606, -1.1760889284, -1.7505527912, -1.3349845144, 0.2006504062, 0.0128435138, -0.7558072359, -1.2280960322, -0.9752846536, 0.4728927243, 0.5474506034, -0.2344965039, -0.6488665695, -0.8798815773, 1.3116139337, 0.9162796111, 0.476668383, 0.2076015652, -0.5302596206, 1.780321554, 1.5252036631, 1.4119167337, 1.4806724185, 0.4844888542]}