{"source": [{"position": [-457.5104394519666, 123.93626504162731], "counts": 500000.0}, {"position": [351.3560525932513, 335.77510971793083], "counts": 500000.0}], "output": [0.0, 0.0, 0.0, 0.0, 0.0, 0.0, 0.0, 0.0, 0.0, 0.0, 0.0, 0.0, 0.0, 0.0, 0.0, 0.0, 0.0, 0.0, 0.0, 0.0, 0.0, 0.0, 0.0, 0.0, 0.0, 0.0, 0.0, 0.0, 0.0, 0.0, 0.0, 0.0, 0.0, 0.0, 0.0, 0.0, 0.0, 0.0, 0.0, 0.1154648466, 0.3845351534, 0.0, 0.0, 0.0, 0.0, 0.0, 0.0, 0.0, 0.0, 0.0, 0.0, 0.0, 0.0, 0.0, 0.0, 0.0, 0.0, 0.0, 0.0, 0.0, 0.0, 0.3473102349, 0.1526897651, 0.0], "num_sources": 2, "seg_angles": 64, "input": [-0.2700063264, -1.4963924968, -1.1875001249, -1.1917474265, -0.9647805182, 0.0002359952, -0.2929536235, -0.8349479593, -1.2282739913, -0.5059853445, 0.6344299248, 0.2589233877, -0.7331788034, -0.9240227377, -0.0480043128, 1.7933950883, 0.2021985518, -0.3750553002, -0.1223534183, 0.1512363822, 1.9841935544, 1.8552940698, 0.8904691577, 1.2932484994, 1.1115777726]}