{"source": [{"position": [-297.48892304748495, -17.44536225039692], "counts": 500000.0}, {"position": [123.11108664110843, -190.716177462861], "counts": 500000.0}], "output": [0.2016801086, 0.2983198914, 0.0, 0.0, 0.0, 0.0, 0.0, 0.0, 0.0, 0.0, 0.0, 0.0, 0.0, 0.0, 0.0, 0.0, 0.0, 0.0, 0.0, 0.0, 0.0, 0.0806180219, 0.4193819781, 0.0, 0.0, 0.0, 0.0, 0.0, 0.0, 0.0, 0.0, 0.0, 0.0, 0.0, 0.0, 0.0, 0.0, 0.0, 0.0, 0.0, 0.0, 0.0, 0.0, 0.0, 0.0, 0.0, 0.0, 0.0, 0.0, 0.0, 0.0, 0.0, 0.0, 0.0, 0.0, 0.0, 0.0, 0.0, 0.0, 0.0, 0.0, 0.0, 0.0, 0.0], "num_sources": 2, "seg_angles": 64, "input": [2.2692081307, 1.786105969, 1.1934041138, 0.8277632424, 0.0757090499, 1.1721857666, 1.0559728973, 0.4935385334, -0.1995746211, 0.1101257972, 0.7497588772, 0.2518422548, -0.4238719598, -0.8100800508, -0.2162085005, -0.2176120391, -0.4851673275, -1.1747591326, -0.8117032751, 0.288223826, -0.8796494971, -1.0545891425, -1.6842531724, -1.6284875179, -0.6878822219]}