{"source": [{"position": [24.479168835926785, -73.00527578950847], "counts": 500000.0}, {"position": [-114.16093604906904, -266.58447194163494], "counts": 500000.0}], "output": [0.0, 0.0, 0.0, 0.0, 0.0, 0.0, 0.0, 0.0, 0.0, 0.0, 0.0, 0.0606513913, 0.4393486087, 0.0, 0.0, 0.0, 0.0, 0.0, 0.0, 0.3522973243, 0.1477026757, 0.0, 0.0, 0.0, 0.0, 0.0, 0.0, 0.0, 0.0, 0.0, 0.0, 0.0, 0.0, 0.0, 0.0, 0.0, 0.0, 0.0, 0.0, 0.0, 0.0, 0.0, 0.0, 0.0, 0.0, 0.0, 0.0, 0.0, 0.0, 0.0, 0.0, 0.0, 0.0, 0.0, 0.0, 0.0, 0.0, 0.0, 0.0, 0.0, 0.0, 0.0, 0.0, 0.0], "num_sources": 2, "seg_angles": 64, "input": [1.3478383881, 1.6166094416, 1.7961658964, 1.6718071492, 1.2515599788, 0.4260824847, 0.6888129686, 0.745956553, 0.5415609304, 0.6194145523, -0.3811184855, -0.4027321224, -0.1517077557, -0.2700057206, 0.2754562102, -0.9440313611, -0.885327626, -0.8329667375, -0.9215338452, -0.3476944181, -1.189409584, -1.3364727885, -1.3530233857, -1.377669398, -0.5875713249]}