{"source": [{"position": [-185.83820442691373, 86.53994323652292], "counts": 500000.0}, {"position": [-88.42591526763421, -31.888203290263583], "counts": 500000.0}], "output": [0.0, 0.0, 0.0, 0.2373025417, 0.2626974583, 0.0, 0.0, 0.0, 0.0, 0.0, 0.0, 0.0, 0.0, 0.0, 0.0, 0.0, 0.0, 0.0, 0.0, 0.0, 0.0, 0.0, 0.0, 0.0, 0.0, 0.0, 0.0, 0.0, 0.0, 0.0, 0.0, 0.0, 0.0, 0.0, 0.0, 0.0, 0.0, 0.0, 0.0, 0.0, 0.0, 0.0, 0.0, 0.0, 0.0, 0.0, 0.0, 0.0, 0.0, 0.0, 0.0, 0.0, 0.0, 0.0, 0.0, 0.0, 0.0, 0.0, 0.0, 0.2195690524, 0.2804309476, 0.0, 0.0, 0.0], "num_sources": 2, "seg_angles": 64, "input": [1.262210119, 0.5662673973, 0.179668224, -0.0997788934, -0.7155591796, 1.806939263, 0.7237420572, -0.3177101634, -0.9157174208, -1.4141788558, 1.7346042192, 0.7147668104, -0.2443162341, -0.8818859398, -1.4990549387, 1.5119104585, 0.7499336036, -0.3234982568, -0.8971296322, -1.4370569364, 1.2798492305, 0.263174736, -0.3414061636, -0.6317450931, -1.074028411]}