{"source": [{"position": [-92.82843974256687, 5.646306311265121], "counts": 500000.0}, {"position": [-154.89075805037203, 128.10094874973063], "counts": 500000.0}], "output": [0.190601101, 0.0, 0.0, 0.0, 0.0, 0.0, 0.0, 0.0, 0.0, 0.0, 0.0, 0.0, 0.0, 0.0, 0.0, 0.0, 0.0, 0.0, 0.0, 0.0, 0.0, 0.0, 0.0, 0.0, 0.0, 0.0, 0.0, 0.0, 0.0, 0.0, 0.0, 0.0, 0.0, 0.0, 0.0, 0.0, 0.0, 0.0, 0.0, 0.0, 0.0, 0.0, 0.0, 0.0, 0.0, 0.0, 0.0, 0.0, 0.0, 0.0, 0.0, 0.0, 0.0, 0.0, 0.0, 0.0, 0.0193004772, 0.4806995228, 0.0, 0.0, 0.0, 0.0, 0.0, 0.309398899], "num_sources": 2, "seg_angles": 64, "input": [1.3859294216, 0.268015769, -0.7181949841, -1.1188201908, -1.5652756892, 1.7037483139, 0.5792581907, -0.2804167326, -0.9328051856, -1.4706964187, 1.6613597525, 0.7614525257, -0.1699748921, -0.7204650789, -1.2521424508, 1.5987967182, 0.6505468285, -0.0672117129, -0.555776168, -0.9683168782, 1.3988890261, 0.5607256926, 0.1517818827, -0.2861154523, -0.6142922875]}