{"source": [{"position": [-225.22965705800485, 127.87729110961615], "counts": 500000.0}, {"position": [333.724309426744, 13.567803714781567], "counts": 500000.0}], "output": [0.0, 0.0, 0.0, 0.0, 0.0, 0.0, 0.0, 0.0, 0.0, 0.0, 0.0, 0.0, 0.0, 0.0, 0.0, 0.0, 0.0, 0.0, 0.0, 0.0, 0.0, 0.0, 0.0, 0.0, 0.0, 0.0, 0.0, 0.0, 0.0, 0.0, 0.0, 0.0, 0.2930560615, 0.2069439385, 0.0, 0.0, 0.0, 0.0, 0.0, 0.0, 0.0, 0.0, 0.0, 0.0, 0.0, 0.0, 0.0, 0.0, 0.0, 0.0, 0.0, 0.0, 0.0, 0.0, 0.0, 0.0, 0.0, 0.0, 0.1298978269, 0.3701021731, 0.0, 0.0, 0.0, 0.0], "num_sources": 2, "seg_angles": 64, "input": [-0.1257819861, -1.0441564981, -1.6976434768, -1.7459507059, -1.4765867359, 0.4676668016, -0.2297286258, -0.6453925854, -0.5501087094, 0.0566654608, 0.9972673444, 0.5936752808, -0.5999920798, -0.5603527827, -0.5081025006, 1.2352280626, -0.3690460684, -0.9860019281, 0.4427056493, 0.7170932756, 0.738459042, 0.4951080098, 1.0603465746, 1.4949141972, 2.2397149843]}