{"source": [{"position": [-215.64847595791133, -60.5948415051162], "counts": 500000.0}, {"position": [391.9831457246435, -302.2816790144795], "counts": 500000.0}], "output": [0.0, 0.0, 0.1049087216, 0.3950912784, 0.0, 0.0, 0.0, 0.0, 0.0, 0.0, 0.0, 0.0, 0.0, 0.0, 0.0, 0.0, 0.0, 0.0, 0.0, 0.0, 0.0, 0.0, 0.0, 0.0, 0.0, 0.3455971866, 0.1544028134, 0.0, 0.0, 0.0, 0.0, 0.0, 0.0, 0.0, 0.0, 0.0, 0.0, 0.0, 0.0, 0.0, 0.0, 0.0, 0.0, 0.0, 0.0, 0.0, 0.0, 0.0, 0.0, 0.0, 0.0, 0.0, 0.0, 0.0, 0.0, 0.0, 0.0, 0.0, 0.0, 0.0, 0.0, 0.0, 0.0, 0.0], "num_sources": 2, "seg_angles": 64, "input": [2.2149505605, 1.4332740689, 0.4820941787, 0.0820674839, 0.4939947089, 1.5988282576, 0.9900881955, -0.2642132961, -0.6466714911, -0.6509091866, 1.0403922348, 0.5504519177, -0.4533398906, -0.5655669416, -0.6724530952, 1.1298711628, 0.4401363531, -0.5476019911, -0.968902732, -1.0508225888, 0.2910216572, -0.4778568339, -1.3944563823, -1.5978748478, -1.4565015026]}