{"source": [{"position": [258.58983269229634, 74.11004269442992], "counts": 500000.0}, {"position": [-155.31447636918364, 429.79810775545104], "counts": 500000.0}], "output": [0.0, 0.0, 0.0, 0.0, 0.0, 0.0, 0.0, 0.0, 0.0, 0.0, 0.0, 0.0, 0.0, 0.0, 0.0, 0.0, 0.0, 0.0, 0.0, 0.0, 0.0, 0.0, 0.0, 0.0, 0.0, 0.0, 0.0, 0.0, 0.0, 0.0, 0.0, 0.0, 0.0, 0.0, 0.0784948132, 0.4215051868, 0.0, 0.0, 0.0, 0.0, 0.0, 0.0, 0.0, 0.0, 0.0, 0.0, 0.0, 0.0, 0.0, 0.0, 0.0, 0.233943203, 0.266056797, 0.0, 0.0, 0.0, 0.0, 0.0, 0.0, 0.0, 0.0, 0.0, 0.0, 0.0], "num_sources": 2, "seg_angles": 64, "input": [-1.4848171676, -1.7864701194, -1.2716028365, -0.7178653622, -0.0140738458, -0.7912003157, -1.1982890447, -0.6687149744, 0.1516542692, 1.6215281166, -0.68417549, -0.8127676204, -0.0639642464, 0.1700933732, 1.0509153586, -0.7409078791, -0.451407516, 0.32124481, 0.7482095322, 1.4551971716, 0.4485361842, 0.4438516693, 1.3798625933, 1.3546927471, 1.5404705929]}