{"source": [{"position": [308.37183436051976, -111.76230032138818], "counts": 500000.0}, {"position": [5.139716861507007, -168.92182603377088], "counts": 500000.0}], "output": [0.0, 0.0, 0.0, 0.0, 0.0, 0.0, 0.0, 0.0, 0.0, 0.0, 0.0, 0.0, 0.0, 0.0, 0.0, 0.0, 0.3450863912, 0.1549136088, 0.0, 0.0, 0.0, 0.0, 0.0, 0.0, 0.0, 0.0, 0.0, 0.0, 0.2708344263, 0.2291655737, 0.0, 0.0, 0.0, 0.0, 0.0, 0.0, 0.0, 0.0, 0.0, 0.0, 0.0, 0.0, 0.0, 0.0, 0.0, 0.0, 0.0, 0.0, 0.0, 0.0, 0.0, 0.0, 0.0, 0.0, 0.0, 0.0, 0.0, 0.0, 0.0, 0.0, 0.0, 0.0, 0.0, 0.0], "num_sources": 2, "seg_angles": 64, "input": [1.077382078, 1.4881739973, 1.5232728159, 1.6865263747, 1.6528980783, -0.2325445461, 0.4292052571, 0.4959022366, 0.906009108, 0.8018098503, -0.8033926135, -0.2956450826, -0.0680379078, 0.1762922573, 0.4105400371, -1.3564011958, -0.984133133, -0.6683289597, -0.3384311947, -0.1073463412, -1.7473806712, -1.3935112592, -1.0812146592, -0.9624363395, -0.609208187]}