{"source": [{"position": [-276.4476563506672, -100.06344636391158], "counts": 500000.0}, {"position": [-32.60300909616892, -17.494107518679726], "counts": 500000.0}], "output": [0.0, 0.0, 0.0, 0.2312610998, 0.2687389002, 0.4918136412, 0.0081863588, 0.0, 0.0, 0.0, 0.0, 0.0, 0.0, 0.0, 0.0, 0.0, 0.0, 0.0, 0.0, 0.0, 0.0, 0.0, 0.0, 0.0, 0.0, 0.0, 0.0, 0.0, 0.0, 0.0, 0.0, 0.0, 0.0, 0.0, 0.0, 0.0, 0.0, 0.0, 0.0, 0.0, 0.0, 0.0, 0.0, 0.0, 0.0, 0.0, 0.0, 0.0, 0.0, 0.0, 0.0, 0.0, 0.0, 0.0, 0.0, 0.0, 0.0, 0.0, 0.0, 0.0, 0.0, 0.0, 0.0, 0.0], "num_sources": 2, "seg_angles": 64, "input": [1.2554259733, 0.806739836, 0.6828988185, 0.5325709006, 0.1943364236, 1.5214991499, 0.6061873562, -0.280131616, -0.6003430631, -0.9553421533, 1.7244863, 0.5270528915, -0.2835630996, -0.9052275282, -1.4330107583, 1.5664878805, 0.4781229164, -0.5026036002, -1.004908491, -1.4977481978, 0.9932068966, 0.0668547644, -0.6541795595, -1.185051984, -1.6537600563]}