{"source": [{"position": [-67.9235128398819, 300.4170374720622], "counts": 500000.0}, {"position": [101.65442548852707, 33.39727202328805], "counts": 500000.0}], "output": [0.0, 0.0, 0.0, 0.0, 0.0, 0.0, 0.0, 0.0, 0.0, 0.0, 0.0, 0.0, 0.0, 0.0, 0.0, 0.0, 0.0, 0.0, 0.0, 0.0, 0.0, 0.0, 0.0, 0.0, 0.0, 0.0, 0.0, 0.0, 0.0, 0.0, 0.0, 0.0, 0.0, 0.0, 0.0, 0.3833527486, 0.1166472514, 0.0, 0.0, 0.0, 0.0, 0.0, 0.0, 0.0, 0.0, 0.0, 0.0, 0.0, 0.0, 0.0, 0.367536322, 0.132463678, 0.0, 0.0, 0.0, 0.0, 0.0, 0.0, 0.0, 0.0, 0.0, 0.0, 0.0, 0.0], "num_sources": 2, "seg_angles": 64, "input": [-1.6789040859, -1.4127565878, -1.0304433813, -0.3127996404, 0.5480339781, -1.4770927629, -1.0075876044, -0.5600911171, 0.3235968722, 1.0289530811, -1.2586451861, -0.8605140694, -0.0711673881, 0.729948502, 1.330234825, -1.0393405326, -0.4764680477, 0.1245510724, 0.7758389832, 1.5907894529, 0.5387489825, 0.8832694915, 0.8646940675, 0.9484105974, 1.4987404979]}