{"source": [{"position": [98.57957549260512, -343.11961077108054], "counts": 500000.0}, {"position": [287.99820645606246, 1.0164044919290327], "counts": 500000.0}], "output": [0.0, 0.0, 0.0, 0.0, 0.0, 0.0, 0.0, 0.0, 0.0, 0.0, 0.0, 0.0, 0.0, 0.0, 0.0, 0.0, 0.0, 0.0, 0.0751501582, 0.4248498418, 0.0, 0.0, 0.0, 0.0, 0.0, 0.0, 0.0, 0.0, 0.0, 0.0, 0.0, 0.0, 0.482025985, 0.017974015, 0.0, 0.0, 0.0, 0.0, 0.0, 0.0, 0.0, 0.0, 0.0, 0.0, 0.0, 0.0, 0.0, 0.0, 0.0, 0.0, 0.0, 0.0, 0.0, 0.0, 0.0, 0.0, 0.0, 0.0, 0.0, 0.0, 0.0, 0.0, 0.0, 0.0], "num_sources": 2, "seg_angles": 64, "input": [-0.2770792634, 0.389476741, 0.8510308038, 1.1089734263, 1.6490519477, -0.6974825688, -0.1407168593, 0.3169693928, 0.5805515843, 1.3571426353, -1.201517762, -0.6579958833, -0.2567539134, 0.3200597706, 1.5116866106, -1.5625027018, -0.925793595, -0.4097792719, 0.3739208463, 1.2209510106, -1.8629087784, -1.5399054444, -0.9702811845, -0.2064338542, 1.029336311]}