{"source": [{"position": [270.4629472630253, -317.39375255004313], "counts": 500000.0}, {"position": [100.59162642413811, 128.25881916401164], "counts": 500000.0}], "output": [0.0, 0.0, 0.0, 0.0, 0.0, 0.0, 0.0, 0.0, 0.0, 0.0, 0.0, 0.0, 0.0, 0.0, 0.0, 0.0, 0.0, 0.0, 0.0, 0.0, 0.0, 0.0, 0.0, 0.4057294518, 0.0942705482, 0.0, 0.0, 0.0, 0.0, 0.0, 0.0, 0.0, 0.0, 0.0, 0.0, 0.0, 0.0, 0.0, 0.0, 0.0, 0.0, 0.3872534824, 0.1127465176, 0.0, 0.0, 0.0, 0.0, 0.0, 0.0, 0.0, 0.0, 0.0, 0.0, 0.0, 0.0, 0.0, 0.0, 0.0, 0.0, 0.0, 0.0, 0.0, 0.0, 0.0], "num_sources": 2, "seg_angles": 64, "input": [-1.4654683983, -1.1000290251, -0.6915079199, 0.1204940012, 1.5032460359, -1.3947017112, -1.1949340383, -0.7884442125, -0.0358632693, 1.4240129432, -1.3211626021, -0.8964716037, -0.4858504217, -0.0382617688, 1.5810552394, -0.6756036413, -0.409771774, 0.0302032767, 0.1642055342, 1.2180146629, 0.1106227468, 0.7485339016, 0.7001511225, 1.1460124266, 1.7515184953]}