{"source": [{"position": [-123.36883488868936, -283.3039543991705], "counts": 500000.0}, {"position": [-35.51014001726104, -32.29597429950855], "counts": 500000.0}], "output": [0.0, 0.0, 0.0, 0.0, 0.0, 0.0, 0.0, 0.2412373505, 0.2587626495, 0.0, 0.0, 0.0916816903, 0.4083183097, 0.0, 0.0, 0.0, 0.0, 0.0, 0.0, 0.0, 0.0, 0.0, 0.0, 0.0, 0.0, 0.0, 0.0, 0.0, 0.0, 0.0, 0.0, 0.0, 0.0, 0.0, 0.0, 0.0, 0.0, 0.0, 0.0, 0.0, 0.0, 0.0, 0.0, 0.0, 0.0, 0.0, 0.0, 0.0, 0.0, 0.0, 0.0, 0.0, 0.0, 0.0, 0.0, 0.0, 0.0, 0.0, 0.0, 0.0, 0.0, 0.0, 0.0, 0.0], "num_sources": 2, "seg_angles": 64, "input": [1.2532811261, 1.3178924918, 1.2954458858, 1.0595175241, 0.839466024, 1.2705184401, 0.4120356579, 0.1677478394, 0.0098184763, -0.4034942003, 1.0577000636, 0.1659399081, -0.4741547475, -0.8175432651, -1.0046343094, 1.1318397758, 0.0359813223, -0.6490654307, -1.199956522, -1.5298797302, 0.8789841474, -0.384205118, -1.1310587454, -1.5339969262, -1.768179688]}