{"source": [{"position": [57.34179116086768, -370.58996072001656], "counts": 500000.0}, {"position": [-474.80677862787536, -153.49111690589734], "counts": 500000.0}], "output": [0.0, 0.0, 0.0, 0.4076000101, 0.0923999899, 0.0, 0.0, 0.0, 0.0, 0.0, 0.0, 0.0, 0.0, 0.0, 0.0, 0.0, 0.0, 0.2181611701, 0.2818388299, 0.0, 0.0, 0.0, 0.0, 0.0, 0.0, 0.0, 0.0, 0.0, 0.0, 0.0, 0.0, 0.0, 0.0, 0.0, 0.0, 0.0, 0.0, 0.0, 0.0, 0.0, 0.0, 0.0, 0.0, 0.0, 0.0, 0.0, 0.0, 0.0, 0.0, 0.0, 0.0, 0.0, 0.0, 0.0, 0.0, 0.0, 0.0, 0.0, 0.0, 0.0, 0.0, 0.0, 0.0, 0.0], "num_sources": 2, "seg_angles": 64, "input": [1.5245258686, 1.4325214844, 1.6980095764, 1.2747861302, 0.4762320663, 1.3779777145, 1.1072481217, 0.5107729854, 0.0388194501, -0.3528979497, 0.4680421539, 0.2522367457, 0.1868984602, -0.3807215498, -0.5055719772, 0.0975586548, 0.0398074976, -0.8774066425, -1.1360256324, -1.1899604975, -0.532343718, -1.023646316, -1.4083453901, -1.782001954, -1.2965152826]}