{"source": [{"position": [35.63056301751698, -331.08830087916834], "counts": 500000.0}, {"position": [482.66780324166103, -71.94297543102559], "counts": 500000.0}], "output": [0.0, 0.0, 0.0, 0.0, 0.0, 0.0, 0.0, 0.0, 0.0, 0.0, 0.0, 0.0, 0.0, 0.0, 0.0, 0.0, 0.0, 0.4540149538, 0.0459850462, 0.0, 0.0, 0.0, 0.0, 0.0, 0.0, 0.0, 0.0, 0.0, 0.0, 0.0, 0.2535715998, 0.2464284002, 0.0, 0.0, 0.0, 0.0, 0.0, 0.0, 0.0, 0.0, 0.0, 0.0, 0.0, 0.0, 0.0, 0.0, 0.0, 0.0, 0.0, 0.0, 0.0, 0.0, 0.0, 0.0, 0.0, 0.0, 0.0, 0.0, 0.0, 0.0, 0.0, 0.0, 0.0, 0.0], "num_sources": 2, "seg_angles": 64, "input": [0.2544845307, 1.1722086202, 1.6036308232, 1.3588574123, 1.7162091096, -0.4849549247, 0.1860383205, 0.6550232636, 1.0434124831, 1.1065642616, -0.8257112294, -0.3591751822, 0.1191645579, 0.4436091214, 0.5552881384, -1.3632928124, -0.77284802, -0.4603094498, -0.0771812787, 0.2512851268, -1.8136125395, -1.654363199, -1.4196906232, -1.0140826816, -0.220553829]}