{"source": [{"position": [-61.65316003334615, -488.1217961307429], "counts": 500000.0}, {"position": [-81.10481415854308, -233.30454157668726], "counts": 500000.0}], "output": [0.0, 0.0, 0.0, 0.0, 0.0, 0.0, 0.0, 0.0, 0.0, 0.0, 0.0, 0.0, 0.2039322995, 0.2960677005, 0.1398874101, 0.3601125899, 0.0, 0.0, 0.0, 0.0, 0.0, 0.0, 0.0, 0.0, 0.0, 0.0, 0.0, 0.0, 0.0, 0.0, 0.0, 0.0, 0.0, 0.0, 0.0, 0.0, 0.0, 0.0, 0.0, 0.0, 0.0, 0.0, 0.0, 0.0, 0.0, 0.0, 0.0, 0.0, 0.0, 0.0, 0.0, 0.0, 0.0, 0.0, 0.0, 0.0, 0.0, 0.0, 0.0, 0.0, 0.0, 0.0, 0.0, 0.0], "num_sources": 2, "seg_angles": 64, "input": [1.2909714756, 1.706552856, 1.7241722069, 1.5744665837, 1.0438862676, 0.6386182324, 0.5454490785, 0.8500887464, 0.5476860374, 0.1467714886, 0.336432549, 0.0118513339, -0.0837091235, -0.0828198278, -0.4586356871, -0.024939723, -0.7255062965, -0.8296397913, -0.7505256227, -1.0337654185, -0.5809022857, -1.2759982945, -1.4499719614, -1.4951817104, -1.6253511137]}