{"source": [{"position": [-155.1660954901524, 23.926613014400854], "counts": 500000.0}, {"position": [-110.90642780608752, -294.8300599859063], "counts": 500000.0}], "output": [0.0, 0.0, 0.0, 0.0, 0.0, 0.0, 0.0, 0.0, 0.0, 0.0, 0.0, 0.0, 0.3324292175, 0.1675707825, 0.0, 0.0, 0.0, 0.0, 0.0, 0.0, 0.0, 0.0, 0.0, 0.0, 0.0, 0.0, 0.0, 0.0, 0.0, 0.0, 0.0, 0.0, 0.0, 0.0, 0.0, 0.0, 0.0, 0.0, 0.0, 0.0, 0.0, 0.0, 0.0, 0.0, 0.0, 0.0, 0.0, 0.0, 0.0, 0.0, 0.0, 0.0, 0.0, 0.0, 0.0, 0.0, 0.0, 0.0, 0.0, 0.0, 0.0, 0.0, 0.2791970429, 0.2208029571], "num_sources": 2, "seg_angles": 64, "input": [1.7477312944, 0.902391846, 0.2119701979, -0.1625686622, -0.5532633495, 1.5993276062, 0.9415632721, 0.0418175924, -0.3258008414, -1.0004627558, 1.7996260203, 0.5968648108, -0.0468983353, -0.7689571868, -1.3188056204, 1.4298973354, 0.3069650903, -0.5153206441, -1.2284665996, -1.4139630934, 1.060074279, -0.3019330307, -0.7366982382, -0.9964685784, -1.268622409]}