{"source": [{"position": [301.14728953403863, -153.47413464913842], "counts": 500000.0}, {"position": [487.9823230014715, 31.531768711690226], "counts": 500000.0}], "output": [0.0, 0.0, 0.0, 0.0, 0.0, 0.0, 0.0, 0.0, 0.0, 0.0, 0.0, 0.0, 0.0, 0.0, 0.0, 0.0, 0.0, 0.0, 0.0, 0.0, 0.0, 0.0, 0.0, 0.0, 0.0, 0.0, 0.0, 0.4004286341, 0.0995713659, 0.0, 0.0, 0.0, 0.1713671257, 0.3286328743, 0.0, 0.0, 0.0, 0.0, 0.0, 0.0, 0.0, 0.0, 0.0, 0.0, 0.0, 0.0, 0.0, 0.0, 0.0, 0.0, 0.0, 0.0, 0.0, 0.0, 0.0, 0.0, 0.0, 0.0, 0.0, 0.0, 0.0, 0.0, 0.0, 0.0], "num_sources": 2, "seg_angles": 64, "input": [-0.4738063531, 0.0901936462, 0.3348919924, 0.7083734872, 1.0621196526, -1.0493013623, -0.7183767912, -0.2931067501, 0.7224024708, 1.6538858581, -1.3232091035, -0.9135882865, -0.3865274827, 0.819990709, 1.770612266, -1.4649915377, -0.8694886442, -0.1613721707, 0.8946046109, 1.6581401473, -1.4446276189, -1.1694920698, -0.6756381151, 0.1787173549, 1.0495940901]}