{"source": [{"position": [-94.84671046997033, 267.69404459760705], "counts": 500000.0}, {"position": [-277.989080907581, 2.4639188619783257], "counts": 500000.0}], "output": [0.4548604316, 0.0, 0.0, 0.0, 0.0, 0.0, 0.0, 0.0, 0.0, 0.0, 0.0, 0.0, 0.0, 0.0, 0.0, 0.0, 0.0, 0.0, 0.0, 0.0, 0.0, 0.0, 0.0, 0.0, 0.0, 0.0, 0.0, 0.0, 0.0, 0.0, 0.0, 0.0, 0.0, 0.0, 0.0, 0.0, 0.0, 0.0, 0.0, 0.0, 0.0, 0.0, 0.0, 0.0, 0.0, 0.0, 0.0, 0.0, 0.0, 0.0, 0.0, 0.2657998538, 0.2342001462, 0.0, 0.0, 0.0, 0.0, 0.0, 0.0, 0.0, 0.0, 0.0, 0.0, 0.0451395684], "num_sources": 2, "seg_angles": 64, "input": [0.9138842073, -0.7020380859, -1.0698058721, -1.6300962535, -1.8685407432, 1.1330519935, 0.3896029219, -0.3350789004, -0.8605756594, -1.4614277164, 1.307861541, 0.4632670046, -0.2145110502, -0.7994559544, -1.2677643352, 1.5042332199, 0.8928990742, 0.29455857, -0.1306507771, -0.5717870895, 1.3851666024, 1.1696183201, 0.8168686228, 0.5290453535, 0.1116750061]}