{"source": [{"position": [-158.94041765789203, -36.151675407024385], "counts": 500000.0}, {"position": [309.3273260813199, 235.87625005366866], "counts": 500000.0}], "output": [0.0, 0.0, 0.360963912, 0.139036088, 0.0, 0.0, 0.0, 0.0, 0.0, 0.0, 0.0, 0.0, 0.0, 0.0, 0.0, 0.0, 0.0, 0.0, 0.0, 0.0, 0.0, 0.0, 0.0, 0.0, 0.0, 0.0, 0.0, 0.0, 0.0, 0.0, 0.0, 0.0, 0.0, 0.0, 0.0, 0.0, 0.0, 0.0, 0.1820284944, 0.3179715056, 0.0, 0.0, 0.0, 0.0, 0.0, 0.0, 0.0, 0.0, 0.0, 0.0, 0.0, 0.0, 0.0, 0.0, 0.0, 0.0, 0.0, 0.0, 0.0, 0.0, 0.0, 0.0, 0.0, 0.0], "num_sources": 2, "seg_angles": 64, "input": [0.7555839751, 0.0236469352, -0.9986176104, -0.0963070493, 0.0914280273, 1.6208400916, 0.1847981052, -0.3263395832, -0.9738646329, -0.9729451069, 1.7636572324, 0.4444831696, -0.4082057464, -0.7815215967, -1.2647073991, 2.0522322621, 0.6635014052, -0.1009169418, -1.0888227689, -1.0707539872, 1.7836845298, 0.8396325758, -0.193945218, -0.6174969106, -1.3290437577]}