{"source": [{"position": [-256.46325684825666, 244.01351988524144], "counts": 500000.0}, {"position": [-139.68285161236645, 67.18408267914067], "counts": 500000.0}], "output": [0.0, 0.0, 0.0, 0.0, 0.0, 0.0, 0.0, 0.0, 0.0, 0.0, 0.0, 0.0, 0.0, 0.0, 0.0, 0.0, 0.0, 0.0, 0.0, 0.0, 0.0, 0.0, 0.0, 0.0, 0.0, 0.0, 0.0, 0.0, 0.0, 0.0, 0.0, 0.0, 0.0, 0.0, 0.0, 0.0, 0.0, 0.0, 0.0, 0.0, 0.0, 0.0, 0.0, 0.0, 0.0, 0.0, 0.0, 0.0, 0.0, 0.0, 0.0, 0.0, 0.0, 0.0, 0.0, 0.0, 0.37333495, 0.12666505, 0.0, 0.2832384168, 0.2167615832, 0.0, 0.0, 0.0], "num_sources": 2, "seg_angles": 64, "input": [1.0600914067, -0.0687725388, -0.7466891509, -1.2687215779, -1.795845965, 1.4802366393, 0.4529202122, -0.5838082113, -1.0038370326, -1.521857733, 1.6449833594, 0.4166078914, -0.3062752236, -0.9122459894, -1.2719932417, 1.4903196222, 0.5937741077, -0.3096034892, -0.5652910072, -0.6969411615, 1.2994497898, 0.8468882873, 0.7394884176, 0.6550368861, 0.3720857025]}