{"source": [{"position": [-17.474340563701748, 70.87769340112423], "counts": 500000.0}, {"position": [236.64594175296853, -136.11648780309685], "counts": 500000.0}], "output": [0.0, 0.0, 0.0, 0.0, 0.0, 0.0, 0.0, 0.0, 0.0, 0.0, 0.0, 0.0, 0.0, 0.0, 0.0, 0.0, 0.0, 0.0, 0.0, 0.0, 0.0, 0.0, 0.0, 0.0, 0.0, 0.0, 0.1584090831, 0.3415909169, 0.0, 0.0, 0.0, 0.0, 0.0, 0.0, 0.0, 0.0, 0.0, 0.0, 0.0, 0.0, 0.0, 0.0, 0.0, 0.0, 0.0, 0.0, 0.0, 0.0, 0.0, 0.0, 0.268922003, 0.231077997, 0.0, 0.0, 0.0, 0.0, 0.0, 0.0, 0.0, 0.0, 0.0, 0.0, 0.0, 0.0], "num_sources": 2, "seg_angles": 64, "input": [-0.4843303023, -1.2145237074, -1.2685528266, -1.2732205203, -1.2921509779, -0.4877180264, -1.0085064501, -0.8616477218, -0.6130106424, -0.9187646747, -0.3726031458, -0.5370669967, -0.1997092131, -0.1004564695, -0.049781039, 0.1680703273, 0.4570586003, 0.6215710196, 0.7257281941, 0.8677300375, 0.9692973091, 1.6264468232, 1.6095241962, 1.8521862204, 1.7844299867]}