{"source": [{"position": [8.921563186009443, 190.7915242098507], "counts": 500000.0}, {"position": [-247.8509478902723, -386.3300501253993], "counts": 500000.0}], "output": [0.0, 0.0, 0.0, 0.0, 0.0, 0.0, 0.0, 0.0, 0.0, 0.0, 0.4050930078, 0.0949069922, 0.0, 0.0, 0.0, 0.0, 0.0, 0.0, 0.0, 0.0, 0.0, 0.0, 0.0, 0.0, 0.0, 0.0, 0.0, 0.0, 0.0, 0.0, 0.0, 0.0, 0.0, 0.0, 0.0, 0.0, 0.0, 0.0, 0.0, 0.0, 0.0, 0.0, 0.0, 0.0, 0.0, 0.0, 0.0, 0.2379774184, 0.2620225816, 0.0, 0.0, 0.0, 0.0, 0.0, 0.0, 0.0, 0.0, 0.0, 0.0, 0.0, 0.0, 0.0, 0.0, 0.0], "num_sources": 2, "seg_angles": 64, "input": [-0.912697042, -0.8608047254, -0.8115098019, -0.5890603274, -1.2429579075, -1.0060538475, -0.7823530953, -0.2651310787, -0.7076597947, -1.1640032175, -0.0484177974, -0.141056159, -0.2191499497, -0.5314067407, -0.7272698093, 0.5843928151, 0.8750390388, 0.8352421437, 0.3448407637, -0.465254917, 2.2013185354, 1.8797322014, 2.0927307689, 1.1175579839, 0.5439319601]}