{"source": [{"position": [62.29380637220115, -31.92932331983736], "counts": 500000.0}, {"position": [145.32633789737292, -116.0872754152607], "counts": 500000.0}], "output": [0.0, 0.0, 0.0, 0.0, 0.0, 0.0, 0.0, 0.0, 0.0, 0.0, 0.0, 0.0, 0.0, 0.0, 0.0, 0.0, 0.0, 0.0, 0.0, 0.0, 0.0, 0.0, 0.0, 0.0, 0.0, 0.4327114294, 0.0672885706, 0.4122550592, 0.0877449408, 0.0, 0.0, 0.0, 0.0, 0.0, 0.0, 0.0, 0.0, 0.0, 0.0, 0.0, 0.0, 0.0, 0.0, 0.0, 0.0, 0.0, 0.0, 0.0, 0.0, 0.0, 0.0, 0.0, 0.0, 0.0, 0.0, 0.0, 0.0, 0.0, 0.0, 0.0, 0.0, 0.0, 0.0, 0.0], "num_sources": 2, "seg_angles": 64, "input": [0.3110063342, 0.676804994, 0.8178558033, 0.9838662253, 1.3073796216, -0.9059165041, -0.4543605377, -0.193463203, 0.4242607976, 1.4671072664, -1.3882060174, -0.9206580509, -0.4334388642, 0.2754701737, 1.5291127172, -1.4651744169, -1.0213195515, -0.5041970994, 0.3911909442, 1.5867707725, -1.7096901874, -1.2173906753, -0.7429673029, 0.0684687975, 1.117487963]}