{"source": [{"position": [41.35136380556979, 331.43033161045986], "counts": 500000.0}, {"position": [-374.0234600950836, 269.49480755387737], "counts": 500000.0}], "output": [0.0, 0.0, 0.0, 0.0, 0.0, 0.0, 0.0, 0.0, 0.0, 0.0, 0.0, 0.0, 0.0, 0.0, 0.0, 0.0, 0.0, 0.0, 0.0, 0.0, 0.0, 0.0, 0.0, 0.0, 0.0, 0.0, 0.0, 0.0, 0.0, 0.0, 0.0, 0.0, 0.0, 0.0, 0.0, 0.0, 0.0, 0.0, 0.0, 0.0, 0.0, 0.0, 0.0, 0.0, 0.0, 0.0, 0.1321632577, 0.3678367423, 0.0, 0.0, 0.0, 0.0, 0.0, 0.0, 0.0, 0.0, 0.0, 0.1798977364, 0.3201022636, 0.0, 0.0, 0.0, 0.0, 0.0], "num_sources": 2, "seg_angles": 64, "input": [-0.3828925886, -0.7355261407, -1.1044762147, -1.4533801931, -1.6157519652, -0.0809471353, -0.3691216804, -0.8445241008, -0.882445894, -1.1900420414, 0.4451459371, 0.0486454818, -0.3414681563, -0.4870453985, -1.1644312651, 0.9465483827, 0.6492247235, 0.289614967, 0.3669331103, 0.2334638819, 1.3721398077, 1.5409115582, 1.6659605223, 1.5634354518, 1.5300289499]}