{"source": [{"position": [-52.01016169849265, 23.322587337099783], "counts": 500000.0}, {"position": [-74.15470234968767, -335.91231016357415], "counts": 500000.0}], "output": [0.0, 0.0, 0.0, 0.0, 0.0, 0.0, 0.0, 0.0, 0.0, 0.0, 0.0, 0.0, 0.0, 0.1065542318, 0.3934457682, 0.0, 0.0, 0.0, 0.0, 0.0, 0.0, 0.0, 0.0, 0.0, 0.0, 0.0, 0.0, 0.0, 0.0, 0.0, 0.0, 0.0, 0.0, 0.0, 0.0, 0.0, 0.0, 0.0, 0.0, 0.0, 0.0, 0.0, 0.0, 0.0, 0.0, 0.0, 0.0, 0.0, 0.0, 0.0, 0.0, 0.0, 0.0, 0.0, 0.0, 0.0, 0.0, 0.0, 0.0, 0.1468971611, 0.3531028389, 0.0, 0.0, 0.0], "num_sources": 2, "seg_angles": 64, "input": [1.3230612979, 0.3052374397, -0.4157732122, -0.9421177899, -1.4329222348, 1.746626542, 0.7646833004, -0.3099349623, -0.9383624837, -1.3516603407, 1.7413314284, 0.7247075639, -0.3540358973, -0.8546107878, -1.5101362403, 1.4979704477, 0.6956134227, -0.4673780027, -0.8254787377, -1.2808503168, 1.169905316, 0.4658078352, 0.1517453509, 0.1674137646, -0.0708427034]}