{"source": [{"position": [85.43667065649062, -213.54291209762584], "counts": 500000.0}, {"position": [90.68742134065513, 84.56826597833546], "counts": 500000.0}], "output": [0.0, 0.0, 0.0, 0.0, 0.0, 0.0, 0.0, 0.0, 0.0, 0.0, 0.0, 0.0, 0.0, 0.0, 0.0, 0.0, 0.0, 0.0, 0.0, 0.061695904, 0.438304096, 0.0, 0.0, 0.0, 0.0, 0.0, 0.0, 0.0, 0.0, 0.0, 0.0, 0.0, 0.0, 0.0, 0.0, 0.0, 0.0, 0.0, 0.0, 0.1777514205, 0.3222485795, 0.0, 0.0, 0.0, 0.0, 0.0, 0.0, 0.0, 0.0, 0.0, 0.0, 0.0, 0.0, 0.0, 0.0, 0.0, 0.0, 0.0, 0.0, 0.0, 0.0, 0.0, 0.0, 0.0], "num_sources": 2, "seg_angles": 64, "input": [-1.3044331477, -0.9624737018, -0.1637073175, 0.5272690769, 1.3539305927, -1.437737221, -1.0320462028, -0.348325537, 0.4904877742, 1.9821266391, -1.5578543481, -0.9870313259, -0.705753412, -0.0093683953, 1.7126976478, -0.8042584437, -0.4878067519, -0.4659093988, 0.0764089938, 1.4154482468, -0.2781891127, 0.368774611, 0.6122492179, 0.6366064395, 1.3688950765]}