{"source": [{"position": [490.56214162756464, -96.68911625295397], "counts": 500000.0}], "output": [0.0, 0.0, 0.0, 0.0, 0.0, 0.0, 0.0, 0.0, 0.0, 0.0, 0.0, 0.0, 0.0, 0.0, 0.0, 0.0, 0.0, 0.0, 0.0, 0.0, 0.0, 0.0, 0.0, 0.0, 0.0, 0.0, 0.0, 0.0, 0.0, 0.0, 0.9822222222, 0.0177777778, 0.0, 0.0, 0.0, 0.0, 0.0, 0.0, 0.0, 0.0, 0.0, 0.0, 0.0, 0.0, 0.0, 0.0, 0.0, 0.0, 0.0, 0.0, 0.0, 0.0, 0.0, 0.0, 0.0, 0.0, 0.0, 0.0, 0.0, 0.0, 0.0, 0.0, 0.0, 0.0], "num_sources": 1, "seg_angles": 64, "input": [-0.0503573788, 0.2114995014, 0.2720576879, 0.3753955894, 0.1653977954, 0.235012366, 0.4949294737, 0.6095955284, 0.9612587159, 1.6987302679, -0.8825084208, -0.8214770028, -0.781779559, -0.5928024247, -0.5204562636, -0.1815893161, 0.0948835, 0.570253181, 1.4532094277, 2.0432314871, -1.0361912968, -0.9230336865, -0.8046569451, -0.7601684171, -0.6026905939, -0.1612459257, 0.1027201616, 0.5660484731, 1.5004539136, 2.1991100397, -1.1296892202, -0.9907552179, -0.8445582969, -0.7377745101, -0.5031177079, -0.2780234521, 0.2021852076, 0.6676050514, 1.5762881518, 2.0964276989, -1.1063385133, -0.99528334, -0.9312731347, -0.7630655234, -0.6402740762, -0.2263118947, 0.0806000864, 0.409737973, 1.2754688979, 2.0595292355, -1.0604311071, -0.9379007433, -0.8731408816, -0.7714785162, -0.5433150752, -0.2533370017, 0.2927665554, 0.6819426267, 1.2674750651, 2.0588384928, -1.0979780282, -1.0292938711, -0.9108813729, -0.7295268024, -0.5539875666, -0.2927751785, 0.0577136226, 0.7083868502, 1.25886078, 2.1359763176, -1.0832771086, -1.0934365499, -0.886511963, -0.7893152349, -0.6553550613, -0.3424813947, 0.0785816674, 0.6750451274, 1.6082291266, 2.019201014, -1.119807791, -1.0587523528, -0.8882197395, -0.8311147245, -0.7685809855, -0.4451747752, 0.1637051825, 0.4609744718, 1.4165393139, 2.1756721826, -1.1722864178, -1.1144109769, -1.0610831079, -0.8816931516, -0.6814572358, -0.4702034878, -0.2869819229, 0.1358995706, 0.9855793819, 1.8465954837]}