{"source": [{"position": [-497.6771415074624, 48.14003345409337], "counts": 500000.0}], "output": [0.0177777778, 0.0, 0.0, 0.0, 0.0, 0.0, 0.0, 0.0, 0.0, 0.0, 0.0, 0.0, 0.0, 0.0, 0.0, 0.0, 0.0, 0.0, 0.0, 0.0, 0.0, 0.0, 0.0, 0.0, 0.0, 0.0, 0.0, 0.0, 0.0, 0.0, 0.0, 0.0, 0.0, 0.0, 0.0, 0.0, 0.0, 0.0, 0.0, 0.0, 0.0, 0.0, 0.0, 0.0, 0.0, 0.0, 0.0, 0.0, 0.0, 0.0, 0.0, 0.0, 0.0, 0.0, 0.0, 0.0, 0.0, 0.0, 0.0, 0.0, 0.0, 0.0, 0.0, 0.9822222222], "num_sources": 1, "seg_angles": 64, "input": [1.8427895447, 1.0583604338, 0.2022278649, -0.1092858251, -0.5248261641, -0.7541966269, -0.8902616715, -0.9088649788, -1.0371157092, -1.080458077, 2.0001595782, 1.3870536961, 0.5438978799, 0.0113807237, -0.2779514237, -0.5773989898, -0.7983541627, -0.9922484575, -0.9952381507, -1.0481541484, 1.9069963728, 1.3076314103, 0.655243654, 0.1865299027, -0.2679682235, -0.5599342093, -0.7227388786, -0.83313231, -0.9408013842, -1.0120742043, 2.2230260614, 1.5168207746, 0.6797249, 0.2974473007, -0.2854517938, -0.4800627761, -0.7531642848, -0.8504333673, -1.0122174957, -1.0601330913, 2.3453157847, 1.4765597003, 0.8990758529, 0.1529018374, -0.2168495664, -0.4905598506, -0.6943856287, -0.802446568, -0.9141837711, -1.0073740708, 2.389742435, 1.5498553951, 0.6769072568, 0.179349488, -0.1882289424, -0.5082966695, -0.6023884529, -0.8138960863, -0.9066549953, -1.0159796642, 2.0869543182, 1.5735115637, 0.618642954, 0.140279206, -0.2184985034, -0.5059858386, -0.6032573396, -0.8280426002, -1.0118623746, -1.0571876753, 2.1569017255, 1.2470552184, 0.7226812951, -0.0026361934, -0.2625344363, -0.5433253909, -0.7122484483, -0.8260113834, -0.9482105783, -1.0132726425, 2.0916168364, 1.2154909091, 0.7768074768, 0.0562022561, -0.299099408, -0.4988669555, -0.7085262384, -0.8583384756, -0.982867614, -1.0232424916, 1.6859163071, 1.0673637859, 0.5233336696, 0.085654909, 0.0119769396, -0.1054466662, -0.3081863603, -0.3420448169, -0.3473799014, -0.608604215]}