{"source": [{"position": [-317.8707374995269, 385.9510257034004], "counts": 500000.0}], "output": [0.0, 0.0, 0.0, 0.0, 0.0, 0.0, 0.0, 0.0, 0.0, 0.0, 0.0, 0.0, 0.0, 0.0, 0.0, 0.0, 0.0, 0.0, 0.0, 0.0, 0.0, 0.0, 0.0, 0.0, 0.0, 0.0, 0.0, 0.0, 0.0, 0.0, 0.0, 0.0, 0.0, 0.0, 0.0, 0.0, 0.0, 0.0, 0.0, 0.0, 0.0, 0.0, 0.0, 0.0, 0.0, 0.0, 0.0, 0.0, 0.0, 0.0, 0.0, 0.0, 0.0, 0.0, 0.0, 0.9822222222, 0.0177777778, 0.0, 0.0, 0.0, 0.0, 0.0, 0.0, 0.0], "num_sources": 1, "seg_angles": 64, "input": [1.4367265743, 0.2236870794, -0.3638269476, -0.7539450098, -0.9379715544, -1.043441439, -1.1977113389, -1.1804073572, -1.2018033796, -1.2598182244, 1.599503184, 0.3999908304, -0.315211283, -0.6630825494, -0.9928746775, -1.0414793217, -1.112577923, -1.1621028229, -1.1975622552, -1.2070377779, 1.6614702623, 0.5245238893, -0.0912551176, -0.5551571377, -0.9292269423, -1.0170423351, -1.0482214262, -1.1653307404, -1.1512708676, -1.202349142, 1.5233130842, 0.4651922098, -0.2288522463, -0.5406814987, -0.8045448257, -0.8574462787, -1.0698608944, -1.0553113589, -1.1007600166, -1.0924122308, 1.5849015042, 0.5047839778, -0.1943663531, -0.5897057612, -0.7085116182, -0.7655182749, -0.9148888286, -0.8442431223, -0.9012054889, -1.0124602481, 1.5721749482, 0.5634733835, -0.1123104153, -0.4880368575, -0.6603872081, -0.7190276052, -0.6376367828, -0.7693992626, -0.7196207506, -0.8680480771, 1.5588734662, 0.6031805181, -0.2071248842, -0.3080936468, -0.1825411571, -0.208046064, -0.4278953956, -0.4503676804, -0.4592324448, -0.5902195926, 1.4522644236, 0.8155541407, 0.0688984532, 0.007000481, 0.2294531316, 0.2881460309, 0.1216609333, 0.1083989661, 0.0110873129, -0.1965709803, 1.6732700379, 1.1492647266, 0.6416087761, 0.7785543154, 0.8361402598, 0.919685671, 1.1634081352, 0.9739347321, 0.7914912553, 0.4312622699, 1.3770145957, 1.5614638641, 1.7733150608, 1.727092365, 1.6850637192, 1.8556670962, 1.8104710666, 1.830957598, 1.8275392127, 1.3445718781]}