{"source": [{"position": [-462.27301680615665, 190.53518817513697], "counts": 500000.0}], "output": [0.0, 0.0, 0.0, 0.0, 0.0, 0.0, 0.0, 0.0, 0.0, 0.0, 0.0, 0.0, 0.0, 0.0, 0.0, 0.0, 0.0, 0.0, 0.0, 0.0, 0.0, 0.0, 0.0, 0.0, 0.0, 0.0, 0.0, 0.0, 0.0, 0.0, 0.0, 0.0, 0.0, 0.0, 0.0, 0.0, 0.0, 0.0, 0.0, 0.0, 0.0, 0.0, 0.0, 0.0, 0.0, 0.0, 0.0, 0.0, 0.0, 0.0, 0.0, 0.0, 0.0, 0.0, 0.0, 0.0, 0.0, 0.0, 0.0, 0.0, 0.9822222222, 0.0177777778, 0.0, 0.0], "num_sources": 1, "seg_angles": 64, "input": [1.6140051178, 0.8991955461, 0.1408752739, -0.1747648102, -0.6962912474, -0.8425639987, -0.9782404791, -1.0530265283, -1.1475105729, -1.2147185321, 1.9767217145, 1.1701904115, 0.3952635121, -0.1036859328, -0.5378446551, -0.7904216109, -0.9732479378, -1.0409807186, -1.1013749163, -1.183235815, 2.2141099729, 1.1505695431, 0.5427082192, 0.0111354519, -0.5396220302, -0.8485976864, -0.8117317207, -0.8947353487, -1.1415924139, -1.1881281991, 1.9258710377, 1.2603292821, 0.6087259673, -0.072120652, -0.4264301317, -0.7563389005, -0.8827673616, -1.0367289396, -1.0893903794, -1.2100901448, 1.9998638279, 1.343912928, 0.5332543415, -0.0246476708, -0.4017107245, -0.7128129769, -0.8981612602, -0.950619444, -1.0897788767, -1.1639301645, 1.9471425249, 1.3267886982, 0.4755483486, -0.0987567973, -0.3524669249, -0.6249201953, -0.8031976896, -0.9084946215, -1.1022861003, -1.1027624293, 1.9062316313, 1.4656407709, 0.5004828073, -0.0277620064, -0.5173725763, -0.5844317029, -0.7372783484, -0.8839887599, -0.9971126051, -0.9958691221, 1.8831917287, 1.0287763083, 0.3722045946, -0.0817365847, -0.3289800568, -0.6072565808, -0.7135724959, -0.7147913309, -0.8581533613, -0.8160395137, 1.6313461104, 1.0927038293, 0.4550165215, 0.0998899735, -0.0857806789, -0.2308297992, -0.1227141111, -0.2718789971, -0.2986567762, -0.4434552994, 1.7402085181, 1.3958403365, 1.285345033, 1.075811781, 1.0068188698, 0.8844583297, 1.1317652975, 0.9349782256, 1.0820862843, 0.7793795762]}