{"source": [{"position": [-277.0590996691143, -416.2189991945824], "counts": 500000.0}], "output": [0.0, 0.0, 0.0, 0.0, 0.0, 0.0, 0.0, 0.0, 0.0, 0.0, 0.9822222222, 0.0177777778, 0.0, 0.0, 0.0, 0.0, 0.0, 0.0, 0.0, 0.0, 0.0, 0.0, 0.0, 0.0, 0.0, 0.0, 0.0, 0.0, 0.0, 0.0, 0.0, 0.0, 0.0, 0.0, 0.0, 0.0, 0.0, 0.0, 0.0, 0.0, 0.0, 0.0, 0.0, 0.0, 0.0, 0.0, 0.0, 0.0, 0.0, 0.0, 0.0, 0.0, 0.0, 0.0, 0.0, 0.0, 0.0, 0.0, 0.0, 0.0, 0.0, 0.0, 0.0, 0.0], "num_sources": 1, "seg_angles": 64, "input": [1.2920411143, 1.776537404, 1.7306032094, 1.8633750595, 1.7323787241, 2.0061308667, 2.1379798329, 1.9184465004, 1.8583390766, 1.4943022348, 1.3499535443, 1.0220646903, 0.9644891436, 1.0742818701, 0.9288182149, 1.0157195426, 1.020202041, 1.1361841264, 0.9988539939, 0.4884625404, 1.384662507, 0.5410227709, 0.3534090426, 0.3274432917, 0.2804451801, 0.1751481029, 0.1446151902, 0.3537667677, 0.2823952501, 0.147988871, 1.404647245, 0.4224643199, -0.1642729175, -0.1530222782, -0.2271610438, -0.3353521894, -0.297912017, -0.2987078157, -0.1787543135, -0.3983039518, 1.5180059914, 0.5100171763, -0.0657816435, -0.4849227626, -0.6331513896, -0.6916381847, -0.5328625484, -0.4599363405, -0.6586279702, -0.79335507, 1.4139849243, 0.3957547359, -0.2904037114, -0.7528342232, -0.7398923441, -0.8395057322, -0.9074818845, -0.8893186296, -0.8844580463, -0.9561770053, 1.3724285113, 0.2232499815, -0.3398295683, -0.6451035895, -0.9435658777, -0.9421538413, -0.9398511707, -1.008230962, -1.0288373239, -1.0512700354, 1.3835986501, 0.3808217122, -0.3831227291, -0.7911467513, -0.9644763185, -1.1117524732, -1.0400920162, -1.0635443299, -1.0593794851, -1.1432190884, 1.4106121431, 0.2626465662, -0.5123134447, -0.7570489482, -0.984156458, -1.1239357378, -1.1486464245, -1.1137811226, -1.0811318215, -1.1989122258, 1.1420211887, -0.0348781756, -0.5507354544, -0.9063832058, -1.0833786976, -1.1709069078, -1.1652796407, -1.2333352857, -1.2228559968, -1.2632247298]}