{"source": [{"position": [190.5351881751371, 462.27301680615653], "counts": 500000.0}], "output": [0.0, 0.0, 0.0, 0.0, 0.0, 0.0, 0.0, 0.0, 0.0, 0.0, 0.0, 0.0, 0.0, 0.0, 0.0, 0.0, 0.0, 0.0, 0.0, 0.0, 0.0, 0.0, 0.0, 0.0, 0.0, 0.0, 0.0, 0.0, 0.0, 0.0, 0.0, 0.0, 0.0, 0.0, 0.0, 0.0, 0.0, 0.0, 0.0, 0.0, 0.0, 0.0, 0.0, 0.0, 0.9822222222, 0.0177777778, 0.0, 0.0, 0.0, 0.0, 0.0, 0.0, 0.0, 0.0, 0.0, 0.0, 0.0, 0.0, 0.0, 0.0, 0.0, 0.0, 0.0, 0.0], "num_sources": 1, "seg_angles": 64, "input": [-1.1989113622, -1.2004979826, -1.1289090986, -1.1525635433, -1.1363328971, -1.1620314212, -1.0922171814, -0.8730349887, -0.4519915618, 0.5516873516, -1.1213906296, -1.1243044587, -1.0449323728, -1.1146322, -1.0308909921, -1.0518915509, -0.9882448482, -0.7015081099, -0.3368125567, 1.2284614124, -1.0226557498, -1.0077478198, -0.9868474701, -0.9637666741, -1.0109541048, -0.9138641822, -0.9161158779, -0.8331276183, -0.2059392961, 1.0508342587, -1.0168589571, -0.9518679319, -0.8553221335, -0.8268088074, -0.8098233669, -0.7876079147, -0.859860271, -0.7085062722, -0.1715666107, 0.7648342067, -0.8930806707, -0.8177311531, -0.7978236293, -0.7549814444, -0.6288776739, -0.7717926819, -0.5565916035, -0.5114804562, -0.0783162039, 1.141669943, -0.6067919617, -0.5644900107, -0.3548717932, -0.3990130927, -0.4957412792, -0.4057136012, -0.3498047634, -0.3471246456, -0.1985295816, 1.0597237942, -0.2933262924, -0.1309155123, -0.022356846, 0.1402440282, -0.0559734491, -0.1540232178, -0.1103537354, -0.1671861605, 0.111786027, 1.16903175, 0.3246728798, 0.3887099221, 0.4933067836, 0.5216736397, 0.4837926356, 0.5898769865, 0.443637008, 0.5510832746, 0.4101248735, 0.7761806144, 0.8222049038, 1.1075877787, 1.1776720012, 1.1875705565, 1.2071722693, 1.0143148507, 1.2376740618, 1.306154131, 1.149910127, 1.2458430769, 1.9141724114, 2.0313295859, 1.9119428075, 1.8542426567, 1.992353809, 2.2372837557, 2.0528893643, 1.956612865, 1.9372835346, 1.6816843376]}