{"source": [{"position": [9.66891162529538, 49.05621416275647], "counts": 500000.0}], "output": [0.0, 0.0, 0.0, 0.0, 0.0, 0.0, 0.0, 0.0, 0.0, 0.0, 0.0, 0.0, 0.0, 0.0, 0.0, 0.0, 0.0, 0.0, 0.0, 0.0, 0.0, 0.0, 0.0, 0.0, 0.0, 0.0, 0.0, 0.0, 0.0, 0.0, 0.0, 0.0, 0.0, 0.0, 0.0, 0.0, 0.0, 0.0, 0.0, 0.0, 0.0, 0.0, 0.0, 0.0, 0.0, 0.0, 0.9822222222, 0.0177777778, 0.0, 0.0, 0.0, 0.0, 0.0, 0.0, 0.0, 0.0, 0.0, 0.0, 0.0, 0.0, 0.0, 0.0, 0.0, 0.0], "num_sources": 1, "seg_angles": 64, "input": [-1.0541423469, -1.0299881748, -1.0430859045, -1.0281606366, -1.010172459, -1.0194683322, -0.9963743708, -0.9982004825, -0.9816710156, -0.5424915484, -1.0055264532, -0.9534890617, -0.9668826511, -0.9436577014, -0.9495724925, -0.9522940978, -0.9271490437, -0.9317658192, -0.8868664605, -0.4711915074, -0.9316599712, -0.8879261657, -0.8555268123, -0.8610214864, -0.8421852012, -0.8214969405, -0.8366692138, -0.8143865378, -0.8211130027, -0.3609362208, -0.8253791662, -0.7694239013, -0.7399942187, -0.7134537922, -0.6936026908, -0.7294724997, -0.7215148342, -0.7036286739, -0.6877688405, -0.3318505817, -0.6934542316, -0.6058823698, -0.5287007361, -0.516573986, -0.5003446344, -0.5233576131, -0.4803014479, -0.5208369111, -0.5454888239, -0.2373744153, -0.4856729083, -0.3334573973, -0.2964810366, -0.2662312459, -0.2319032089, -0.2123517124, -0.2456855569, -0.2253324745, -0.3005213951, -0.0923306501, -0.2162214715, 0.0526439705, 0.0979667303, 0.1357225653, 0.1612412143, 0.2500418426, 0.1270830388, 0.0836687049, 0.0778059911, 0.1558505496, 0.2709982988, 0.5785260124, 0.6868607354, 0.7062203446, 0.6713386686, 0.7006207519, 0.7162093574, 0.7194436859, 0.6178663133, 0.4809930443, 0.9183677603, 1.336631629, 1.3746488764, 1.4132563012, 1.4672370545, 1.426741644, 1.4652306438, 1.4617509796, 1.4343288234, 1.0975001582, 1.7186528388, 2.1135575987, 2.1715760315, 2.1887372449, 2.1738823342, 2.1821515851, 2.1463921144, 2.2602865926, 2.2233997704, 1.8342337374]}