{"source": [{"position": [27.70590996691143, 41.621899919458244], "counts": 500000.0}], "output": [0.0, 0.0, 0.0, 0.0, 0.0, 0.0, 0.0, 0.0, 0.0, 0.0, 0.0, 0.0, 0.0, 0.0, 0.0, 0.0, 0.0, 0.0, 0.0, 0.0, 0.0, 0.0, 0.0, 0.0, 0.0, 0.0, 0.0, 0.0, 0.0, 0.0, 0.0, 0.0, 0.0, 0.0, 0.0, 0.0, 0.0, 0.0, 0.0, 0.0, 0.0, 0.0, 0.9822222222, 0.0177777778, 0.0, 0.0, 0.0, 0.0, 0.0, 0.0, 0.0, 0.0, 0.0, 0.0, 0.0, 0.0, 0.0, 0.0, 0.0, 0.0, 0.0, 0.0, 0.0, 0.0], "num_sources": 1, "seg_angles": 64, "input": [-1.1765115026, -1.1719427566, -1.1580293665, -1.1336103925, -1.1227682839, -1.0405646772, -0.8875944962, -0.6742223601, -0.1778552989, 0.8184801693, -1.143666872, -1.1334061718, -1.1084137591, -1.0819638555, -1.071585124, -0.9747602877, -0.8340193307, -0.5858803986, 0.0596337194, 1.1129211055, -1.0937487763, -1.0661454484, -1.047989653, -1.0342164097, -0.9919697174, -0.9319916548, -0.7955058345, -0.4795340202, 0.10649105, 1.1434220837, -1.013150489, -0.9843514797, -0.9680087476, -0.9385775145, -0.9194068188, -0.8415480567, -0.7271795588, -0.4125040564, 0.198578673, 1.2094585058, -0.9347033077, -0.8746647346, -0.8171991476, -0.8131773249, -0.7648857031, -0.7120948383, -0.6427613112, -0.3541044764, 0.1971445448, 1.2974088565, -0.7660417499, -0.6403146738, -0.62411226, -0.5699310161, -0.5479336582, -0.5154826645, -0.4435251711, -0.2811702842, 0.2985586467, 1.3734583027, -0.5268060382, -0.3475078249, -0.2539336313, -0.2464410167, -0.2446639954, -0.2280933291, -0.130904149, -0.074260028, 0.422734147, 1.4635433471, -0.1098009565, 0.1625936512, 0.1891494762, 0.1944790826, 0.2787479353, 0.3163016963, 0.3993801477, 0.4737284896, 0.5697496054, 1.5684791958, 0.5485748141, 0.837249896, 0.9641274881, 1.0338870255, 1.0212418012, 1.0310596385, 1.1235331466, 1.1513993481, 1.1540288225, 1.6227468604, 1.3637051913, 1.7943645701, 1.8239947483, 1.8767648033, 1.9016220144, 2.0253940318, 2.025630324, 2.0763584883, 2.0745462023, 1.8824648138]}