{"source": [{"position": [-41.62189991945825, 27.705909966911417], "counts": 500000.0}], "output": [0.0, 0.0, 0.0, 0.0, 0.0, 0.0, 0.0, 0.0, 0.0, 0.0, 0.0, 0.0, 0.0, 0.0, 0.0, 0.0, 0.0, 0.0, 0.0, 0.0, 0.0, 0.0, 0.0, 0.0, 0.0, 0.0, 0.0, 0.0, 0.0, 0.0, 0.0, 0.0, 0.0, 0.0, 0.0, 0.0, 0.0, 0.0, 0.0, 0.0, 0.0, 0.0, 0.0, 0.0, 0.0, 0.0, 0.0, 0.0, 0.0, 0.0, 0.0, 0.0, 0.0, 0.0, 0.0, 0.0, 0.0, 0.0, 0.9822222222, 0.0177777778, 0.0, 0.0, 0.0, 0.0], "num_sources": 1, "seg_angles": 64, "input": [1.4040035867, 0.4718882808, -0.1329088437, -0.4978363362, -0.7619293283, -0.9398994757, -1.034393021, -1.0924970708, -1.1445697943, -1.181756624, 1.7278573904, 0.8034576534, 0.0954703658, -0.3905587147, -0.6577056237, -0.8551291928, -0.9949765785, -1.0812449747, -1.1318914935, -1.1614544653, 1.7960517589, 0.965999517, 0.1224073959, -0.2957152583, -0.6207105819, -0.8226605485, -0.9662742753, -1.0476480717, -1.1032368288, -1.1507280687, 1.9306924335, 1.010072427, 0.2559169891, -0.269828974, -0.5837314604, -0.796497345, -0.9326503342, -1.0098636246, -1.0887297036, -1.1234086941, 1.882748965, 1.0580563995, 0.3809091105, -0.1922364762, -0.5780706419, -0.7711504913, -0.911974764, -0.9977516147, -1.0499792898, -1.1086016821, 1.9921939166, 1.0870442412, 0.3137996067, -0.1289967686, -0.501384108, -0.7184474401, -0.8664191276, -0.9333456833, -0.9956848499, -1.0380527497, 2.0534642825, 1.1108208907, 0.3641797734, -0.1204455874, -0.4703906235, -0.6092318646, -0.7186930984, -0.7796967796, -0.828499797, -0.9106580818, 2.0305363869, 1.1079234096, 0.3816066126, -0.0540497797, -0.29995769, -0.335921622, -0.4234095041, -0.4525849609, -0.5446844979, -0.6825762412, 2.0774194179, 1.1799599754, 0.5726872021, 0.3859731058, 0.3370419322, 0.2509279423, 0.1594060419, 0.1065799591, 0.0202696832, -0.1831300357, 1.881853034, 1.7321319889, 1.492399829, 1.4889599767, 1.4112165631, 1.3157825952, 1.2377199245, 1.1982712398, 1.1023023689, 0.7784569834]}