{"source": [{"position": [23.646763052352373, -44.05485895047108], "counts": 500000.0}], "output": [0.0, 0.0, 0.0, 0.0, 0.0, 0.0, 0.0, 0.0, 0.0, 0.0, 0.0, 0.0, 0.0, 0.0, 0.0, 0.0, 0.0, 0.0, 0.0, 0.0, 0.0, 0.9822222222, 0.0177777778, 0.0, 0.0, 0.0, 0.0, 0.0, 0.0, 0.0, 0.0, 0.0, 0.0, 0.0, 0.0, 0.0, 0.0, 0.0, 0.0, 0.0, 0.0, 0.0, 0.0, 0.0, 0.0, 0.0, 0.0, 0.0, 0.0, 0.0, 0.0, 0.0, 0.0, 0.0, 0.0, 0.0, 0.0, 0.0, 0.0, 0.0, 0.0, 0.0, 0.0, 0.0], "num_sources": 1, "seg_angles": 64, "input": [1.4225693448, 1.8370686627, 1.9185673704, 2.0359302981, 2.0409785077, 2.0806521581, 2.1295107819, 2.1978111625, 2.0983647332, 1.8496227195, 0.62531503, 1.0127077134, 1.0817344364, 1.110650239, 1.1889207724, 1.2266770624, 1.2519531321, 1.2569668303, 1.2181117554, 1.5050323461, 0.0624349279, 0.2522428993, 0.3292416242, 0.3452810163, 0.4516710401, 0.4615928401, 0.5443380359, 0.4868692897, 0.5466528948, 1.3556728975, -0.4256301092, -0.2586703557, -0.2184705431, -0.1502572315, -0.0809089059, -0.0640024255, -0.0629042827, 0.014036377, 0.2118988476, 1.2476108749, -0.6968883598, -0.5899825582, -0.5285353037, -0.4776993276, -0.4431303098, -0.468454779, -0.4600972209, -0.3063389289, 0.0592591795, 1.1012135338, -0.8772689385, -0.774186096, -0.7569939106, -0.7247670141, -0.6655047927, -0.6680907875, -0.6427198047, -0.4993108253, -0.0331996262, 1.0644637333, -0.9904030025, -0.9296636471, -0.9203360221, -0.8561334731, -0.8676958951, -0.8605736352, -0.7959583105, -0.5882958212, -0.1111260495, 0.9234474126, -1.0915748046, -1.0261678197, -1.0171315285, -0.9901983073, -0.988925918, -0.9403485722, -0.8552049826, -0.671235861, -0.1746491243, 0.9273295468, -1.1306954959, -1.0965575223, -1.0588785853, -1.0668323401, -1.0478051519, -1.0306081693, -0.9207894618, -0.7250194896, -0.2405396427, 0.7935969911, -1.1672852963, -1.153102859, -1.1301579744, -1.1205073419, -1.1011550892, -1.0847597746, -0.997156965, -0.8326926137, -0.3914071444, 0.5775871102]}