{"source": [{"position": [38.70582502973866, -31.652158042813706], "counts": 500000.0}], "output": [0.0, 0.0, 0.0, 0.0, 0.0, 0.0, 0.0, 0.0, 0.0, 0.0, 0.0, 0.0, 0.0, 0.0, 0.0, 0.0, 0.0, 0.0, 0.0, 0.0, 0.0, 0.0, 0.0, 0.0, 0.0, 0.9822222222, 0.0177777778, 0.0, 0.0, 0.0, 0.0, 0.0, 0.0, 0.0, 0.0, 0.0, 0.0, 0.0, 0.0, 0.0, 0.0, 0.0, 0.0, 0.0, 0.0, 0.0, 0.0, 0.0, 0.0, 0.0, 0.0, 0.0, 0.0, 0.0, 0.0, 0.0, 0.0, 0.0, 0.0, 0.0, 0.0, 0.0, 0.0, 0.0], "num_sources": 1, "seg_angles": 64, "input": [0.9636131783, 1.2419363278, 1.3478490424, 1.4660708176, 1.4668929649, 1.564456257, 1.6942531836, 1.7655391716, 1.7504950486, 1.8817760804, 0.0351587688, 0.2537558271, 0.3539936979, 0.4150197408, 0.4775134639, 0.535036926, 0.6034752389, 0.7427962189, 1.0944187169, 1.9812196346, -0.5077937183, -0.3398075402, -0.3357562532, -0.2213475895, -0.1949583562, -0.1176542449, 0.005765905, 0.2973899329, 1.0255196673, 1.9512201535, -0.8084526217, -0.7173538844, -0.6832368925, -0.6133000342, -0.5577216085, -0.4583785511, -0.2383095065, 0.271958255, 0.9421261648, 1.9179512988, -0.9802497113, -0.9224792557, -0.8832578905, -0.80158079, -0.7313005319, -0.5724447922, -0.2928513459, 0.1647403944, 0.9614976645, 1.9081144962, -1.0741754025, -1.0374350699, -0.9943023269, -0.9452421835, -0.7931507311, -0.623820496, -0.3218626772, 0.1322354277, 0.9075515525, 1.8650649006, -1.1347216322, -1.1005928892, -1.0428555016, -0.9670644991, -0.8617124939, -0.6707696128, -0.3476531197, 0.0687186184, 0.8087121526, 1.7937007743, -1.1700469718, -1.1330346299, -1.0766896828, -1.0080952032, -0.8721492841, -0.7303186879, -0.4359008902, 0.0241578183, 0.7638277513, 1.6845787971, -1.1711721544, -1.1413246208, -1.0912763298, -1.0072298215, -0.9164300241, -0.7902432754, -0.4645779892, -0.0232034571, 0.6347923073, 1.6225950892, -1.2058069572, -1.1687432322, -1.1509702893, -1.0788090781, -0.9745781475, -0.8117024393, -0.5917861454, -0.2250158063, 0.382908824, 1.3623006193]}