{"source": [{"position": [48.14003345409323, 497.6771415074624], "counts": 500000.0}], "output": [0.0, 0.0, 0.0, 0.0, 0.0, 0.0, 0.0, 0.0, 0.0, 0.0, 0.0, 0.0, 0.0, 0.0, 0.0, 0.0, 0.0, 0.0, 0.0, 0.0, 0.0, 0.0, 0.0, 0.0, 0.0, 0.0, 0.0, 0.0, 0.0, 0.0, 0.0, 0.0, 0.0, 0.0, 0.0, 0.0, 0.0, 0.0, 0.0, 0.0, 0.0, 0.0, 0.0, 0.0, 0.0, 0.0, 0.0, 0.9822222222, 0.0177777778, 0.0, 0.0, 0.0, 0.0, 0.0, 0.0, 0.0, 0.0, 0.0, 0.0, 0.0, 0.0, 0.0, 0.0, 0.0], "num_sources": 1, "seg_angles": 64, "input": [-1.0795788107, -1.07015524, -1.0451418282, -1.0739880453, -1.0249866861, -1.0777814548, -1.0364192376, -0.9681986165, -0.9583931469, -0.5768963382, -1.0588055206, -0.9976301135, -0.9097526532, -0.9711588953, -0.9944373851, -1.005668936, -0.9754038383, -0.9915900689, -0.8817334244, -0.5125299838, -0.9427611383, -0.8558703148, -0.8601996799, -0.8589919801, -0.8588292859, -0.8682701567, -0.8168848402, -0.8542528173, -0.8985244831, -0.3066120252, -0.7829785868, -0.7849411808, -0.7210315464, -0.7503940516, -0.7209046495, -0.7984802376, -0.6739643434, -0.7625073138, -0.6702150134, -0.4817539992, -0.7484307442, -0.5959514885, -0.5897172143, -0.5145112938, -0.5852867919, -0.5127968729, -0.4842601392, -0.4925164023, -0.5557024138, -0.2679721976, -0.4846052456, -0.3714234439, -0.1385400844, -0.2026907843, -0.2202065508, -0.1133194769, -0.139691909, -0.1663509707, -0.2096186528, -0.0094243369, -0.3146808924, 0.1188374551, 0.1997411597, 0.1601438671, 0.3051879666, 0.0954372362, 0.1065947369, 0.2480986676, 0.1554569213, 0.1835935249, 0.3140857476, 0.7145161386, 0.7767502265, 0.8427645985, 0.5027669092, 0.7971829094, 0.7792094813, 0.7836715878, 0.6489076952, 0.5521499313, 1.0163813478, 1.2670312248, 1.4020879745, 1.429440521, 1.7446108453, 1.4864435788, 1.4651590228, 1.5750905125, 1.3407399663, 0.9369865803, 1.9487658661, 2.084213162, 2.1657628455, 2.1381846181, 2.0333270492, 2.0860979656, 1.8705798219, 2.0440982868, 1.9302780207, 1.9459398024]}