{"source": [{"position": [415.2493467076447, 278.5102871688482], "counts": 500000.0}], "output": [0.0, 0.0, 0.0, 0.0, 0.0, 0.0, 0.0, 0.0, 0.0, 0.0, 0.0, 0.0, 0.0, 0.0, 0.0, 0.0, 0.0, 0.0, 0.0, 0.0, 0.0, 0.0, 0.0, 0.0, 0.0, 0.0, 0.0, 0.0, 0.0, 0.0, 0.0, 0.0, 0.0, 0.0, 0.0, 0.0, 0.0, 0.0, 0.9822222222, 0.0177777778, 0.0, 0.0, 0.0, 0.0, 0.0, 0.0, 0.0, 0.0, 0.0, 0.0, 0.0, 0.0, 0.0, 0.0, 0.0, 0.0, 0.0, 0.0, 0.0, 0.0, 0.0, 0.0, 0.0, 0.0], "num_sources": 1, "seg_angles": 64, "input": [-1.2401594188, -1.180643362, -1.1398108114, -1.1005624732, -0.8865571057, -0.7204943514, -0.4787770842, 0.0551565014, 0.5702826248, 1.7750333756, -1.2320271572, -1.1549461943, -1.0728975295, -0.9792405656, -0.911153569, -0.6576832716, -0.4748269279, 0.2908537417, 1.0118907226, 1.8006040325, -1.1976158217, -1.1767836463, -1.1177631671, -0.9849742502, -0.9515325065, -0.6343306834, -0.2372088418, 0.1009873362, 0.87571059, 1.8322548816, -1.1806425121, -1.1308071917, -1.1729107649, -1.0078923106, -0.7994536922, -0.6605780294, -0.3142942593, 0.1924191338, 0.7560872127, 1.592647363, -1.0981380177, -1.0859185941, -1.0129489089, -0.8977560697, -0.7487174895, -0.49053056, -0.1124239598, 0.5286056708, 1.1687994397, 1.863900198, -1.0471182775, -1.0377830219, -0.9223761184, -0.8757799851, -0.6927172115, -0.5396293184, -0.0129743556, 0.1981522392, 0.9485883262, 2.0455858622, -0.8610146415, -0.8443887134, -0.7909180815, -0.7275367679, -0.6801246231, -0.4511728499, -0.2554589467, 0.398004046, 0.8608683678, 1.7319923446, -0.5226984808, -0.4375782184, -0.5374637195, -0.2708237589, -0.2083678199, -0.070738473, -0.2228699709, 0.2718848812, 1.1063218093, 1.980390449, -0.0202385468, 0.3371389533, 0.0767754848, 0.3167675428, 0.4488062206, 0.436521956, 0.3594611626, 0.4204838178, 0.9254716965, 1.7668335792, 1.0115829691, 1.5422672043, 1.2046425613, 1.47350013, 1.4366720586, 1.5923015655, 1.4202459701, 1.2027351422, 1.5530712923, 1.7904725425]}