{"source": [{"position": [-440.5485895047108, -236.46763052352384], "counts": 500000.0}], "output": [0.0, 0.0, 0.0, 0.0, 0.0, 0.9822222222, 0.0177777778, 0.0, 0.0, 0.0, 0.0, 0.0, 0.0, 0.0, 0.0, 0.0, 0.0, 0.0, 0.0, 0.0, 0.0, 0.0, 0.0, 0.0, 0.0, 0.0, 0.0, 0.0, 0.0, 0.0, 0.0, 0.0, 0.0, 0.0, 0.0, 0.0, 0.0, 0.0, 0.0, 0.0, 0.0, 0.0, 0.0, 0.0, 0.0, 0.0, 0.0, 0.0, 0.0, 0.0, 0.0, 0.0, 0.0, 0.0, 0.0, 0.0, 0.0, 0.0, 0.0, 0.0, 0.0, 0.0, 0.0, 0.0], "num_sources": 1, "seg_angles": 64, "input": [1.6978577681, 1.4087736021, 1.3321458781, 1.1959359908, 1.0336198627, 1.1117436312, 1.1220642673, 1.3628164272, 1.4675125526, 0.9290408064, 2.0085595039, 1.2144053109, 0.3502035847, 0.1501023376, 0.2499999887, -0.0110702618, 0.1032233592, 0.1096767264, 0.0055213148, -0.1213201975, 1.8958787253, 1.0143732544, 0.5222632487, 0.0044496122, -0.4895302343, -0.5722895409, -0.5261008872, -0.4725467407, -0.6329670475, -0.7270059344, 1.8385201509, 1.2634482439, 0.4993971365, -0.1059971988, -0.4965017781, -0.778370369, -0.8093660091, -0.9369625259, -0.8460510787, -0.9909203987, 1.813419045, 1.2371072066, 0.4222689373, -0.0107560492, -0.5158837935, -0.7296940233, -0.9400116674, -1.0096579955, -1.0464303319, -1.1278890331, 1.9425817228, 1.0592977395, 0.3957106836, -0.2172478768, -0.4362186263, -0.7880225599, -0.9816067837, -1.0452360629, -1.0665052835, -1.1633989642, 1.8998852598, 1.1531751321, 0.3819569856, -0.1877347944, -0.592121929, -0.6932639623, -0.9686827575, -1.0279191902, -1.1272468795, -1.2089628043, 1.7887442158, 1.0532839992, 0.4578141442, -0.0490876828, -0.5936736278, -0.7527240034, -0.9237443683, -1.083758394, -1.0742176483, -1.1898385025, 1.8859775373, 1.0418918092, 0.4469639479, -0.157098744, -0.4467321011, -0.835224795, -0.9326401184, -1.1040211548, -1.1472824968, -1.2250019358, 1.5087088129, 0.891238716, 0.0307702536, -0.2849204042, -0.6221165218, -0.9196818015, -0.9897709638, -1.1574690058, -1.2043281662, -1.2075054256]}