{"source": [{"position": [478.7227601552485, -144.30703000665108], "counts": 500000.0}], "output": [0.0, 0.0, 0.0, 0.0, 0.0, 0.0, 0.0, 0.0, 0.0, 0.0, 0.0, 0.0, 0.0, 0.0, 0.0, 0.0, 0.0, 0.0, 0.0, 0.0, 0.0, 0.0, 0.0, 0.0, 0.0, 0.0, 0.0, 0.0, 0.0, 0.9822222222, 0.0177777778, 0.0, 0.0, 0.0, 0.0, 0.0, 0.0, 0.0, 0.0, 0.0, 0.0, 0.0, 0.0, 0.0, 0.0, 0.0, 0.0, 0.0, 0.0, 0.0, 0.0, 0.0, 0.0, 0.0, 0.0, 0.0, 0.0, 0.0, 0.0, 0.0, 0.0, 0.0, 0.0, 0.0], "num_sources": 1, "seg_angles": 64, "input": [0.3747413215, 0.5701257228, 0.6087594587, 0.5796999364, 0.7642715818, 0.7937127919, 0.8257869501, 0.8047280227, 1.2113884403, 1.6952128988, -0.6489146949, -0.519755153, -0.5839439981, -0.4294452077, -0.3342492822, -0.2461446733, 0.0349914502, 0.3152827909, 1.2470374988, 2.1184202054, -1.035486579, -0.9321371955, -0.8138456853, -0.6869129265, -0.5202273276, -0.2943525014, 0.0175987271, 0.727337882, 1.3658565079, 1.9780098533, -1.0712266226, -1.0361293784, -0.878608569, -0.8107225182, -0.5974231772, -0.3192948103, -0.0061197924, 0.4790550249, 1.2846254554, 2.2404038338, -1.0557608355, -1.0331155199, -0.8329796096, -0.7994298377, -0.6393292214, -0.4359911458, 0.0728784832, 0.7389629922, 1.4593740136, 2.109309778, -1.1504049941, -1.0525576715, -0.9320088, -0.784525117, -0.5564080455, -0.4047181495, 0.1075237729, 0.5173933341, 1.3656639283, 1.935601366, -1.147666947, -1.098186265, -0.9497441369, -0.8072133292, -0.6754297699, -0.3588548334, 0.1235384584, 0.5569556669, 1.3300475011, 2.2005889963, -1.1297706809, -1.0707901691, -0.9725953943, -0.7453289665, -0.6735392601, -0.3877478053, -0.0233664618, 0.3760130964, 1.238875295, 2.172857624, -1.1400376617, -1.0190438381, -1.0071204625, -0.8461583535, -0.6222719723, -0.4598320043, -0.0682704403, 0.5232850904, 1.1008010437, 1.8755494743, -1.158135715, -1.1031429556, -1.0525368712, -0.9926117478, -0.8220883173, -0.6355169115, -0.3402834515, 0.1596509155, 0.9920281983, 1.755508379]}