{"source": [{"position": [-236.46763052352398, 440.5485895047107], "counts": 500000.0}], "output": [0.0, 0.0, 0.0, 0.0, 0.0, 0.0, 0.0, 0.0, 0.0, 0.0, 0.0, 0.0, 0.0, 0.0, 0.0, 0.0, 0.0, 0.0, 0.0, 0.0, 0.0, 0.0, 0.0, 0.0, 0.0, 0.0, 0.0, 0.0, 0.0, 0.0, 0.0, 0.0, 0.0, 0.0, 0.0, 0.0, 0.0, 0.0, 0.0, 0.0, 0.0, 0.0, 0.0, 0.0, 0.0, 0.0, 0.0, 0.0, 0.0, 0.0, 0.0, 0.0, 0.0, 0.9822222222, 0.0177777778, 0.0, 0.0, 0.0, 0.0, 0.0, 0.0, 0.0, 0.0, 0.0], "num_sources": 1, "seg_angles": 64, "input": [0.8811507471, -0.1185209791, -0.5989052086, -0.9146738008, -1.1177285489, -1.1306190437, -1.194952917, -1.1916579452, -1.157094974, -1.2106148665, 1.233546981, -0.0563982173, -0.5855703155, -0.8894408305, -1.01567923, -1.117225707, -1.1504305429, -1.1148279954, -1.1595933764, -1.1344775667, 1.1634291731, 0.1361978602, -0.5152240268, -0.8602289329, -0.9824239612, -1.0979310769, -1.115055885, -1.0574124617, -1.1150746083, -1.1321385079, 1.1042741325, 0.088964862, -0.5767846283, -0.8586117676, -0.8668433114, -0.8769127733, -0.9269012002, -0.9879075476, -0.9624700329, -0.9896500267, 1.3269114083, 0.1560915515, -0.3807231406, -0.7636614088, -0.7715080174, -0.8236206295, -0.751472232, -0.7366965212, -0.7888302803, -0.9138943941, 1.3543767334, 0.1989785849, -0.3910703476, -0.4117668516, -0.5253090666, -0.4878044173, -0.5470688321, -0.439363966, -0.5413977004, -0.6271392144, 1.2291997935, 0.3494893382, -0.0232851593, -0.20515909, -0.1098100176, -0.0226397625, -0.1401836665, -0.3493836017, -0.1017907426, -0.3991355755, 1.3376963079, 0.3987000409, 0.3311077536, 0.3082865192, 0.4086179302, 0.3746058355, 0.366893322, 0.4085159529, 0.2300485608, 0.029181635, 1.3487560419, 0.7845251343, 1.1494310368, 1.0119677501, 1.2860019304, 1.2280916803, 1.423801402, 1.1220592829, 1.1110646302, 0.5744530685, 1.8484870684, 1.5035270515, 1.7051764895, 2.0474069017, 1.9307877022, 2.112651973, 2.0495401928, 1.9490003952, 1.6566381942, 1.7730645002]}