{"source": [{"position": [462.27301680615653, -190.53518817513708], "counts": 500000.0}], "output": [0.0, 0.0, 0.0, 0.0, 0.0, 0.0, 0.0, 0.0, 0.0, 0.0, 0.0, 0.0, 0.0, 0.0, 0.0, 0.0, 0.0, 0.0, 0.0, 0.0, 0.0, 0.0, 0.0, 0.0, 0.0, 0.0, 0.0, 0.0, 0.9822222222, 0.0177777778, 0.0, 0.0, 0.0, 0.0, 0.0, 0.0, 0.0, 0.0, 0.0, 0.0, 0.0, 0.0, 0.0, 0.0, 0.0, 0.0, 0.0, 0.0, 0.0, 0.0, 0.0, 0.0, 0.0, 0.0, 0.0, 0.0, 0.0, 0.0, 0.0, 0.0, 0.0, 0.0, 0.0, 0.0], "num_sources": 1, "seg_angles": 64, "input": [0.8803910415, 1.0404781861, 1.0377250332, 0.8165054814, 0.9383128087, 1.1903384349, 1.0406343221, 0.9894211303, 1.2538991909, 1.6122320709, -0.4301984773, -0.2213352807, -0.1350187771, -0.2179061968, -0.172798221, -0.1969232206, 0.0954416648, 0.5662467526, 1.096687262, 2.0162197836, -0.8805481086, -0.9173743181, -0.6871562752, -0.6816035363, -0.6493830256, -0.3499638518, -0.0821458835, 0.4721396107, 1.2486703432, 2.2619621205, -1.0512592102, -1.0491538582, -0.997907079, -0.7931893465, -0.6079145041, -0.4279061675, -0.1005840159, 0.3786343835, 1.2862394015, 1.9090793706, -1.1079189665, -1.0837106997, -0.8725609254, -0.842657747, -0.6168770528, -0.3891857051, 0.0700071354, 0.42443421, 1.1220095008, 1.9693183966, -1.1479839966, -1.07116296, -0.9963311794, -0.9444994277, -0.6490944128, -0.4169048511, 0.0455079507, 0.5004432398, 1.1568891741, 2.0680299867, -1.1933471389, -1.093543545, -0.9625889481, -0.8625637517, -0.7170880727, -0.4493704729, -0.0643843812, 0.5243664508, 1.2983635851, 1.8903912782, -1.1497869678, -1.1245809656, -1.0131479122, -0.8747865261, -0.7352321847, -0.3632335433, -0.1517610546, 0.5409087931, 1.3200063122, 2.0160886846, -1.1771116815, -1.1145876639, -0.9744616647, -0.9309794039, -0.8318746285, -0.5618430462, 0.0120505657, 0.3998565108, 0.9829855672, 2.0563560911, -1.2184977354, -1.1179650213, -1.0017698828, -0.9525578643, -0.7582871236, -0.6766527524, -0.2711562477, 0.1405022608, 0.9203162639, 1.5422271081]}