{"source": [{"position": [-46.160510855649036, -19.21476613299019], "counts": 500000.0}], "output": [0.0, 0.0, 0.0, 0.0, 0.9822222222, 0.0177777778, 0.0, 0.0, 0.0, 0.0, 0.0, 0.0, 0.0, 0.0, 0.0, 0.0, 0.0, 0.0, 0.0, 0.0, 0.0, 0.0, 0.0, 0.0, 0.0, 0.0, 0.0, 0.0, 0.0, 0.0, 0.0, 0.0, 0.0, 0.0, 0.0, 0.0, 0.0, 0.0, 0.0, 0.0, 0.0, 0.0, 0.0, 0.0, 0.0, 0.0, 0.0, 0.0, 0.0, 0.0, 0.0, 0.0, 0.0, 0.0, 0.0, 0.0, 0.0, 0.0, 0.0, 0.0, 0.0, 0.0, 0.0, 0.0], "num_sources": 1, "seg_angles": 64, "input": [1.9184577477, 1.4088540172, 1.0680848368, 0.9584797814, 0.768810316, 0.6817164811, 0.6744313994, 0.5733653756, 0.4464736829, 0.3389314751, 2.2113957465, 1.3976697175, 0.5747966735, 0.1037980138, -0.169663545, -0.2999470635, -0.3742234672, -0.4067329974, -0.4910556715, -0.5944698228, 2.1283544749, 1.357427338, 0.5522937715, 0.0420731382, -0.3436917862, -0.5699983541, -0.7282676544, -0.8057900562, -0.8685452476, -0.9329171246, 2.1567167213, 1.3081457904, 0.5698026868, 0.0451995693, -0.3800827409, -0.5762530837, -0.7728282721, -0.9060810056, -0.9742577027, -1.0381890448, 2.1071855267, 1.3480094004, 0.5573569448, -0.0084813321, -0.3639794254, -0.6333695264, -0.7982591198, -0.9161271753, -1.0137804671, -1.0750219796, 2.1247028654, 1.2851609337, 0.5840842158, -0.0451780337, -0.3849007181, -0.6618982243, -0.8278560855, -0.9300841998, -1.0191534633, -1.0756911039, 2.0964966389, 1.1903681497, 0.4433372125, -0.0638771784, -0.3948972245, -0.6593836078, -0.8386676519, -0.9777802502, -1.0434006432, -1.0881923256, 2.0096915755, 1.2382370777, 0.4463199556, -0.0747185247, -0.4402799532, -0.6976686418, -0.8261999563, -0.9478962809, -1.0496330515, -1.1081047256, 1.926352742, 1.1559749186, 0.3785044502, -0.1590429396, -0.4871415377, -0.7428559508, -0.862536322, -0.9710239606, -1.0578368606, -1.1242680469, 1.6031798342, 0.7506861312, 0.0978470781, -0.3775838947, -0.6222871003, -0.8012873747, -0.9523622343, -1.0420982766, -1.0912690182, -1.1397053785]}