{"source": [{"position": [9.840090862369717, -49.02216449546376], "counts": 500000.0}], "output": [0.0, 0.0, 0.0, 0.0, 0.0, 0.0, 0.0, 0.0, 0.0, 0.0, 0.0, 0.0, 0.0, 0.0, 0.0, 0.0, 0.0, 0.0, 0.9822222222, 0.0177777778, 0.0, 0.0, 0.0, 0.0, 0.0, 0.0, 0.0, 0.0, 0.0, 0.0, 0.0, 0.0, 0.0, 0.0, 0.0, 0.0, 0.0, 0.0, 0.0, 0.0, 0.0, 0.0, 0.0, 0.0, 0.0, 0.0, 0.0, 0.0, 0.0, 0.0, 0.0, 0.0, 0.0, 0.0, 0.0, 0.0, 0.0, 0.0, 0.0, 0.0, 0.0, 0.0, 0.0, 0.0], "num_sources": 1, "seg_angles": 64, "input": [1.691562488, 2.0924258465, 2.1492304573, 2.2465156828, 2.2067205216, 2.1565385012, 2.2096685079, 2.1447411793, 2.1476053035, 1.9221984192, 0.9206933243, 1.3316117522, 1.3977784364, 1.4743915094, 1.4319570516, 1.4169194093, 1.4927745244, 1.4246883967, 1.3787694985, 1.0909844956, 0.2504758955, 0.5900074019, 0.648581014, 0.6921239124, 0.6516137249, 0.7427754914, 0.6950362295, 0.7773232949, 0.651489948, 0.5116032566, -0.1681394227, 0.0479727788, 0.0944791476, 0.1540352069, 0.1793268767, 0.1472487408, 0.1579172586, 0.1727875994, 0.0887582002, 0.1488255142, -0.5146645925, -0.3646871269, -0.2726411767, -0.2489148605, -0.2279013019, -0.2326402694, -0.2284849555, -0.2292040835, -0.2750933781, -0.0620730357, -0.7074784066, -0.6029213585, -0.5571952663, -0.5412973777, -0.5135768404, -0.5106634493, -0.5210492446, -0.5329625768, -0.5028943235, -0.2239551401, -0.8585074763, -0.7454682082, -0.724020372, -0.740613365, -0.7332953683, -0.7237308433, -0.6916629766, -0.7419758941, -0.7324328469, -0.2842241872, -0.9494116528, -0.8897099776, -0.8791563545, -0.850748639, -0.8538114528, -0.8522816944, -0.8530199327, -0.8558780854, -0.8197328151, -0.3886530702, -1.0118611279, -0.9706019484, -0.955537508, -0.9569052721, -0.927430328, -0.9401092743, -0.9266851603, -0.9306930736, -0.8905880985, -0.4077404179, -1.0551800687, -1.0402034782, -1.0231151419, -1.0164478419, -1.0065772658, -1.0059325191, -0.9985227737, -0.9857456129, -0.9733928665, -0.5001136211]}