{"source": [{"position": [4.814003345409323, 49.76771415074624], "counts": 500000.0}], "output": [0.0, 0.0, 0.0, 0.0, 0.0, 0.0, 0.0, 0.0, 0.0, 0.0, 0.0, 0.0, 0.0, 0.0, 0.0, 0.0, 0.0, 0.0, 0.0, 0.0, 0.0, 0.0, 0.0, 0.0, 0.0, 0.0, 0.0, 0.0, 0.0, 0.0, 0.0, 0.0, 0.0, 0.0, 0.0, 0.0, 0.0, 0.0, 0.0, 0.0, 0.0, 0.0, 0.0, 0.0, 0.0, 0.0, 0.0, 0.9822222222, 0.0177777778, 0.0, 0.0, 0.0, 0.0, 0.0, 0.0, 0.0, 0.0, 0.0, 0.0, 0.0, 0.0, 0.0, 0.0, 0.0], "num_sources": 1, "seg_angles": 64, "input": [-1.0133606907, -0.9871538519, -0.9725262462, -0.9846406694, -0.961604695, -0.9573312524, -0.9625813612, -0.967405539, -0.9729166307, -0.9952544938, -0.9674181256, -0.909204288, -0.8984638757, -0.905447033, -0.9004158391, -0.8963174826, -0.8878072927, -0.8955576889, -0.8839035969, -0.9318395527, -0.8821644937, -0.83375895, -0.8124168347, -0.8047773997, -0.7934258697, -0.7826507326, -0.8005224181, -0.8030221853, -0.7838916244, -0.8868590047, -0.8151803716, -0.732956743, -0.6869656686, -0.6593718384, -0.6467872584, -0.6508039607, -0.6463042661, -0.6437468338, -0.6729367829, -0.8023960198, -0.6606368711, -0.4971095041, -0.4927213945, -0.4675297241, -0.4600033984, -0.4397638451, -0.4541091203, -0.4545976061, -0.5321069731, -0.6289449527, -0.4071233619, -0.2943117079, -0.1857111973, -0.2345655263, -0.1628574761, -0.1743058252, -0.2075948797, -0.1983973321, -0.2853041525, -0.4428185401, -0.0795852874, 0.0771809131, 0.1281587236, 0.2050011073, 0.2287589487, 0.2345237733, 0.1969043292, 0.1584642814, 0.0509959457, -0.1484312015, 0.2785084269, 0.6174231062, 0.7449765536, 0.7445561099, 0.7576647192, 0.7366552231, 0.7368932158, 0.7333965813, 0.549477652, 0.2738524964, 0.9648870415, 1.3713583095, 1.4087781792, 1.5418425589, 1.550787421, 1.5106756768, 1.4829406116, 1.4103046891, 1.328535449, 0.9709883659, 1.7218267882, 2.0636379849, 2.2250662664, 2.2701671609, 2.1417655507, 2.1743188777, 2.1459146584, 2.2163830366, 2.1908762763, 1.7561723298]}