{"source": [{"position": [41.524934670764466, 27.851028716884823], "counts": 500000.0}], "output": [0.0, 0.0, 0.0, 0.0, 0.0, 0.0, 0.0, 0.0, 0.0, 0.0, 0.0, 0.0, 0.0, 0.0, 0.0, 0.0, 0.0, 0.0, 0.0, 0.0, 0.0, 0.0, 0.0, 0.0, 0.0, 0.0, 0.0, 0.0, 0.0, 0.0, 0.0, 0.0, 0.0, 0.0, 0.0, 0.0, 0.0, 0.0, 0.9822222222, 0.0177777778, 0.0, 0.0, 0.0, 0.0, 0.0, 0.0, 0.0, 0.0, 0.0, 0.0, 0.0, 0.0, 0.0, 0.0, 0.0, 0.0, 0.0, 0.0, 0.0, 0.0, 0.0, 0.0, 0.0, 0.0], "num_sources": 1, "seg_angles": 64, "input": [-1.1866855208, -1.1491519188, -1.1195584247, -1.0277154138, -0.9438582024, -0.7479261075, -0.48164954, -0.099413539, 0.5091739503, 1.4134139446, -1.1589095432, -1.138804532, -1.0654045645, -0.9916281147, -0.8734808494, -0.6502371222, -0.3438907605, 0.1284592023, 0.852468113, 1.6856430395, -1.1548138373, -1.1079700577, -1.0658142897, -0.9692102559, -0.8437296393, -0.6218862691, -0.287835315, 0.1890310176, 0.9093848816, 1.8268688337, -1.1501966073, -1.0970964746, -1.0164708771, -0.9504251557, -0.79955442, -0.5738932014, -0.2473370678, 0.250164263, 0.9857811929, 1.9406829377, -1.1000444168, -1.0619914667, -1.0066401194, -0.9068587016, -0.7750951087, -0.5744672705, -0.2187117503, 0.2637327442, 1.0130621001, 1.8837305861, -1.0393874353, -0.9931633375, -0.9166370356, -0.8534401867, -0.7269512904, -0.5133677445, -0.1697032078, 0.2829541516, 1.1182113109, 2.014114125, -0.9056929132, -0.8149085195, -0.7910971216, -0.7119099307, -0.6269302763, -0.4758511051, -0.1343800053, 0.3938800693, 1.1470940771, 2.0842241623, -0.67486758, -0.5505173488, -0.4629838395, -0.4181064271, -0.3074085587, -0.2723905006, -0.0194421558, 0.3940612882, 1.1318678713, 2.0353104079, -0.1849787862, 0.0536640258, 0.1214554656, 0.2427291773, 0.2128952392, 0.2924539336, 0.3862237334, 0.5911061045, 1.1503089797, 2.066309869, 0.7695860804, 1.0933832528, 1.1252621515, 1.24412834, 1.3848088471, 1.331229788, 1.4560945808, 1.6033942554, 1.6273501508, 1.8667735164]}