{"source": [{"position": [-14.597720511907678, 47.82161180738507], "counts": 500000.0}], "output": [0.0, 0.0, 0.0, 0.0, 0.0, 0.0, 0.0, 0.0, 0.0, 0.0, 0.0, 0.0, 0.0, 0.0, 0.0, 0.0, 0.0, 0.0, 0.0, 0.0, 0.0, 0.0, 0.0, 0.0, 0.0, 0.0, 0.0, 0.0, 0.0, 0.0, 0.0, 0.0, 0.0, 0.0, 0.0, 0.0, 0.0, 0.0, 0.0, 0.0, 0.0, 0.0, 0.0, 0.0, 0.0, 0.0, 0.0, 0.0, 0.0, 0.0, 0.0, 0.9822222222, 0.0177777778, 0.0, 0.0, 0.0, 0.0, 0.0, 0.0, 0.0, 0.0, 0.0, 0.0, 0.0], "num_sources": 1, "seg_angles": 64, "input": [-0.0604399694, -0.8413658549, -1.0006367948, -1.0473068178, -1.0678287598, -1.0523143442, -1.0753121928, -1.0808612847, -1.0971525662, -1.1103754438, 0.1179500402, -0.7543522387, -0.9439952844, -0.9727424288, -0.9864412886, -0.9944426978, -1.0040975336, -1.0063398313, -1.0358384056, -1.0602110756, 0.1715747869, -0.7057290551, -0.8462128427, -0.8822965247, -0.9082362192, -0.9075693026, -0.8975736906, -0.9054749285, -0.939502891, -0.979628371, 0.2216063465, -0.6148237567, -0.7412943879, -0.7447454525, -0.7277081443, -0.7611103065, -0.775487573, -0.7722336845, -0.8085113457, -0.9196073522, 0.34284334, -0.5415304772, -0.5489835786, -0.594055726, -0.5619725849, -0.5670666187, -0.6015651841, -0.6442601859, -0.6877262552, -0.7619573417, 0.4120222998, -0.2722102446, -0.2605662369, -0.2980127778, -0.304435046, -0.3247762522, -0.3214952514, -0.3445067527, -0.4349561482, -0.5612949261, 0.601934751, 0.0978475742, 0.1535544474, 0.1177005269, 0.063514035, 0.05121521, 0.064153423, 0.0090277107, -0.0712960876, -0.2526722759, 0.7875496963, 0.645220516, 0.6875798005, 0.6522617922, 0.6477211326, 0.6238273727, 0.6027261391, 0.5983084725, 0.4558039659, 0.218070983, 1.1958591188, 1.3657374282, 1.4614090616, 1.4596717801, 1.4572991699, 1.3102307042, 1.3346131371, 1.3347841837, 1.2078286043, 0.8519360166, 1.8997172132, 2.1195179709, 2.1511152201, 2.1925894602, 2.1724979369, 2.1324289158, 2.1626187586, 2.0885904946, 2.0177575395, 1.7249235167]}