{"source": [{"position": [-499.99923845664387, -0.8726641829491614], "counts": 500000.0}], "output": [0.9822222222, 0.0177777778, 0.0, 0.0, 0.0, 0.0, 0.0, 0.0, 0.0, 0.0, 0.0, 0.0, 0.0, 0.0, 0.0, 0.0, 0.0, 0.0, 0.0, 0.0, 0.0, 0.0, 0.0, 0.0, 0.0, 0.0, 0.0, 0.0, 0.0, 0.0, 0.0, 0.0, 0.0, 0.0, 0.0, 0.0, 0.0, 0.0, 0.0, 0.0, 0.0, 0.0, 0.0, 0.0, 0.0, 0.0, 0.0, 0.0, 0.0, 0.0, 0.0, 0.0, 0.0, 0.0, 0.0, 0.0, 0.0, 0.0, 0.0, 0.0, 0.0, 0.0, 0.0, 0.0], "num_sources": 1, "seg_angles": 64, "input": [1.2235761059, 0.3190795345, -0.4486182724, -0.9745613355, -1.3137940604, 1.5254854422, 1.0891433138, -0.0946807641, -0.5528925045, -1.0758501238, 1.9873299232, 0.8188135747, -0.0605604475, -0.6163142879, -1.0440462095, 1.5118568274, 0.5145790136, -0.3352581387, -0.7022616247, -1.08126336, 1.4254678222, 0.5901068409, -0.5237354809, -0.883845153, -1.2977566354]}