{"source": [{"position": [98.40090862369718, -490.22164495463767], "counts": 500000.0}], "output": [0.0, 0.0, 0.0, 0.0, 0.0, 0.0, 0.0, 0.0, 0.0, 0.0, 0.0, 0.0, 0.0, 0.0, 0.0, 0.0, 0.0, 0.0, 0.9822222222, 0.0177777778, 0.0, 0.0, 0.0, 0.0, 0.0, 0.0, 0.0, 0.0, 0.0, 0.0, 0.0, 0.0, 0.0, 0.0, 0.0, 0.0, 0.0, 0.0, 0.0, 0.0, 0.0, 0.0, 0.0, 0.0, 0.0, 0.0, 0.0, 0.0, 0.0, 0.0, 0.0, 0.0, 0.0, 0.0, 0.0, 0.0, 0.0, 0.0, 0.0, 0.0, 0.0, 0.0, 0.0, 0.0], "num_sources": 1, "seg_angles": 64, "input": [1.4718756796, 1.8073319696, 1.5562803087, 1.4688218641, 1.1668029964, 0.3851163832, 0.8009539903, 0.6748541133, 0.6779076251, 0.530191453, -0.5237677431, -0.2494679721, -0.0849273357, 0.0067341622, 0.1255483197, -1.2016802263, -0.8820888864, -0.7436811696, -0.7632184488, -0.1731665071, -1.4882521637, -1.3826650528, -1.2751297437, -1.3566243639, -0.5477492519]}