{"source": [{"position": [-49.876957586863355, 497.50606941210094], "counts": 500000.0}], "output": [0.0, 0.0, 0.0, 0.0, 0.0, 0.0, 0.0, 0.0, 0.0, 0.0, 0.0, 0.0, 0.0, 0.0, 0.0, 0.0, 0.0, 0.0, 0.0, 0.0, 0.0, 0.0, 0.0, 0.0, 0.0, 0.0, 0.0, 0.0, 0.0, 0.0, 0.0, 0.0, 0.0, 0.0, 0.0, 0.0, 0.0, 0.0, 0.0, 0.0, 0.0, 0.0, 0.0, 0.0, 0.0, 0.0, 0.0, 0.0, 0.0, 0.9822222222, 0.0177777778, 0.0, 0.0, 0.0, 0.0, 0.0, 0.0, 0.0, 0.0, 0.0, 0.0, 0.0, 0.0, 0.0], "num_sources": 1, "seg_angles": 64, "input": [-0.9511369695, -1.283008649, -1.077392657, -1.2407295982, -1.4404212109, -0.7875116925, -0.6490897947, -0.6614098624, -0.7587574111, -1.0532085893, -0.124751607, -0.1864395348, 0.0679315125, -0.0933539359, -0.521490391, 0.5609008041, 0.818638864, 0.7445406429, 0.7096953237, 0.2264753371, 1.3538470716, 1.4560293654, 1.5075178608, 1.9487865084, 1.4343386127]}