{"source": [{"position": [-145.97720511907679, 478.2161180738507], "counts": 500000.0}], "output": [0.0, 0.0, 0.0, 0.0, 0.0, 0.0, 0.0, 0.0, 0.0, 0.0, 0.0, 0.0, 0.0, 0.0, 0.0, 0.0, 0.0, 0.0, 0.0, 0.0, 0.0, 0.0, 0.0, 0.0, 0.0, 0.0, 0.0, 0.0, 0.0, 0.0, 0.0, 0.0, 0.0, 0.0, 0.0, 0.0, 0.0, 0.0, 0.0, 0.0, 0.0, 0.0, 0.0, 0.0, 0.0, 0.0, 0.0, 0.0, 0.0, 0.0, 0.0, 0.9822222222, 0.0177777778, 0.0, 0.0, 0.0, 0.0, 0.0, 0.0, 0.0, 0.0, 0.0, 0.0, 0.0], "num_sources": 1, "seg_angles": 64, "input": [-0.0897436223, -1.3820862928, -1.2765183787, -1.5874597143, -1.6153978683, 0.1748743128, -0.8250582031, -0.9599046005, -1.0418141194, -0.9383958968, 0.3596232511, -0.1626093227, -0.0397720024, -0.1578748132, -0.4423117218, 0.6004300951, 0.6790011971, 0.5399670218, 0.699324374, 0.2042079848, 1.3166677761, 1.5379762451, 1.6121502904, 1.6198628946, 1.1748611134]}