{"source": [{"position": [277.0590996691143, 416.21899919458247], "counts": 500000.0}], "output": [0.0, 0.0, 0.0, 0.0, 0.0, 0.0, 0.0, 0.0, 0.0, 0.0, 0.0, 0.0, 0.0, 0.0, 0.0, 0.0, 0.0, 0.0, 0.0, 0.0, 0.0, 0.0, 0.0, 0.0, 0.0, 0.0, 0.0, 0.0, 0.0, 0.0, 0.0, 0.0, 0.0, 0.0, 0.0, 0.0, 0.0, 0.0, 0.0, 0.0, 0.0, 0.0, 0.9822222222, 0.0177777778, 0.0, 0.0, 0.0, 0.0, 0.0, 0.0, 0.0, 0.0, 0.0, 0.0, 0.0, 0.0, 0.0, 0.0, 0.0, 0.0, 0.0, 0.0, 0.0, 0.0], "num_sources": 1, "seg_angles": 64, "input": [-1.663241212, -1.5811861079, -1.3570921506, -0.7698650029, 0.4886167748, -1.4281213797, -1.1448060152, -0.8191425316, -0.2801356459, 0.7604345786, -0.8500758874, -0.2669924267, -0.5133618919, -0.2254981045, 1.0305146696, 0.0576395739, 0.131835309, 0.4023577417, 0.490890424, 0.8978358475, 0.9817073569, 1.5190333434, 1.3518547001, 1.412279524, 1.3745185128]}