{"source": [{"position": [190.5351881751371, 462.27301680615653], "counts": 500000.0}], "output": [0.0, 0.0, 0.0, 0.0, 0.0, 0.0, 0.0, 0.0, 0.0, 0.0, 0.0, 0.0, 0.0, 0.0, 0.0, 0.0, 0.0, 0.0, 0.0, 0.0, 0.0, 0.0, 0.0, 0.0, 0.0, 0.0, 0.0, 0.0, 0.0, 0.0, 0.0, 0.0, 0.0, 0.0, 0.0, 0.0, 0.0, 0.0, 0.0, 0.0, 0.0, 0.0, 0.0, 0.0, 0.9822222222, 0.0177777778, 0.0, 0.0, 0.0, 0.0, 0.0, 0.0, 0.0, 0.0, 0.0, 0.0, 0.0, 0.0, 0.0, 0.0, 0.0, 0.0, 0.0, 0.0], "num_sources": 1, "seg_angles": 64, "input": [-1.6654334969, -1.338143336, -1.467888965, -1.1375812402, 0.0518750409, -1.0381885671, -0.9456419965, -1.0354510056, -0.8115732564, 0.3942091434, -0.7325376723, -0.1247075691, -0.3164437791, -0.1605174039, 0.5591691891, 0.0746326039, 0.6254743472, 0.5921744598, 0.4745064599, 0.8608726163, 1.1524080844, 1.5694236384, 1.746648778, 1.3990817787, 1.2736321485]}