{"source": [{"position": [19.214766132990185, -46.16051085564904], "counts": 500000.0}], "output": [0.0, 0.0, 0.0, 0.0, 0.0, 0.0, 0.0, 0.0, 0.0, 0.0, 0.0, 0.0, 0.0, 0.0, 0.0, 0.0, 0.0, 0.0, 0.0, 0.0, 0.9822222222, 0.0177777778, 0.0, 0.0, 0.0, 0.0, 0.0, 0.0, 0.0, 0.0, 0.0, 0.0, 0.0, 0.0, 0.0, 0.0, 0.0, 0.0, 0.0, 0.0, 0.0, 0.0, 0.0, 0.0, 0.0, 0.0, 0.0, 0.0, 0.0, 0.0, 0.0, 0.0, 0.0, 0.0, 0.0, 0.0, 0.0, 0.0, 0.0, 0.0, 0.0, 0.0, 0.0, 0.0], "num_sources": 1, "seg_angles": 64, "input": [1.1084816942, 1.5235850471, 1.6372453761, 1.6159362282, 1.3805852368, 0.1656509212, 0.5330633722, 0.6834687236, 0.588621081, 0.7914462139, -0.6645034203, -0.3455236364, -0.26420328, -0.2374365134, 0.4833629033, -1.1591658016, -0.9611328324, -0.8313378372, -0.7664062387, 0.3640785374, -1.5785654291, -1.4598123853, -1.382557186, -1.167738725, -0.0571420497]}