{"source": [{"position": [-27.851028716884844, 41.52493467076445], "counts": 500000.0}], "output": [0.0, 0.0, 0.0, 0.0, 0.0, 0.0, 0.0, 0.0, 0.0, 0.0, 0.0, 0.0, 0.0, 0.0, 0.0, 0.0, 0.0, 0.0, 0.0, 0.0, 0.0, 0.0, 0.0, 0.0, 0.0, 0.0, 0.0, 0.0, 0.0, 0.0, 0.0, 0.0, 0.0, 0.0, 0.0, 0.0, 0.0, 0.0, 0.0, 0.0, 0.0, 0.0, 0.0, 0.0, 0.0, 0.0, 0.0, 0.0, 0.0, 0.0, 0.0, 0.0, 0.0, 0.0, 0.9822222222, 0.0177777778, 0.0, 0.0, 0.0, 0.0, 0.0, 0.0, 0.0, 0.0], "num_sources": 1, "seg_angles": 64, "input": [0.5001944248, -0.6646663569, -1.3325869046, -1.5437635929, -1.7293297991, 0.8517105472, -0.3244091051, -1.0560640178, -1.1507317032, -1.3294628142, 0.9134580201, -0.0750825979, -0.4269753989, -0.4948862827, -0.832191569, 0.9866127394, 0.4547494258, 0.4152829506, 0.3063419158, -0.0335839389, 1.2579051833, 1.416696291, 1.3554609659, 1.458544747, 1.0767768703]}