{"source": [{"position": [-49.02216449546377, -9.84009086236971], "counts": 500000.0}], "output": [0.0, 0.0, 0.9822222222, 0.0177777778, 0.0, 0.0, 0.0, 0.0, 0.0, 0.0, 0.0, 0.0, 0.0, 0.0, 0.0, 0.0, 0.0, 0.0, 0.0, 0.0, 0.0, 0.0, 0.0, 0.0, 0.0, 0.0, 0.0, 0.0, 0.0, 0.0, 0.0, 0.0, 0.0, 0.0, 0.0, 0.0, 0.0, 0.0, 0.0, 0.0, 0.0, 0.0, 0.0, 0.0, 0.0, 0.0, 0.0, 0.0, 0.0, 0.0, 0.0, 0.0, 0.0, 0.0, 0.0, 0.0, 0.0, 0.0, 0.0, 0.0, 0.0, 0.0, 0.0, 0.0], "num_sources": 1, "seg_angles": 64, "input": [1.3063381312, 0.4590104335, -0.0652888631, -0.4481770039, -0.763719838, 1.7294861226, 0.7607755678, -0.1175924012, -0.7576779166, -1.2616369303, 1.7110262647, 0.7507780239, -0.0740438478, -0.7564330479, -1.3038865068, 1.7103192032, 0.6982352979, -0.1034931784, -0.7469987426, -1.2959369085, 1.2289364626, 0.3409072041, -0.5005466662, -1.0136580501, -1.4867228102]}