{"source": [{"position": [-41.62189991945825, 27.705909966911417], "counts": 500000.0}], "output": [0.0, 0.0, 0.0, 0.0, 0.0, 0.0, 0.0, 0.0, 0.0, 0.0, 0.0, 0.0, 0.0, 0.0, 0.0, 0.0, 0.0, 0.0, 0.0, 0.0, 0.0, 0.0, 0.0, 0.0, 0.0, 0.0, 0.0, 0.0, 0.0, 0.0, 0.0, 0.0, 0.0, 0.0, 0.0, 0.0, 0.0, 0.0, 0.0, 0.0, 0.0, 0.0, 0.0, 0.0, 0.0, 0.0, 0.0, 0.0, 0.0, 0.0, 0.0, 0.0, 0.0, 0.0, 0.0, 0.0, 0.0, 0.0, 0.9822222222, 0.0177777778, 0.0, 0.0, 0.0, 0.0], "num_sources": 1, "seg_angles": 64, "input": [1.0365819695, -0.0018504728, -0.8136660055, -1.3423302175, -1.7126941454, 1.4136491103, 0.3513228981, -0.4987395898, -1.0898253846, -1.5427915256, 1.49450515, 0.3232130732, -0.4725741243, -0.9376205122, -1.3553910549, 1.3949846821, 0.4239883504, -0.1640987033, -0.374779616, -0.7008811675, 1.2887416739, 0.9739710109, 0.9863671512, 0.8527799039, 0.4671375459]}