{"source": [{"position": [421.6766163085861, -60.53784980110686], "counts": 500000.0}, {"position": [25.54161044426235, 237.63128189679392], "counts": 500000.0}], "output": [0.0, 0.0, 0.0, 0.0, 0.0, 0.0, 0.0, 0.0, 0.0, 0.0, 0.0, 0.0, 0.0, 0.0, 0.0, 0.0, 0.0, 0.0, 0.0, 0.0, 0.0, 0.0, 0.0, 0.0, 0.0, 0.0, 0.0, 0.0, 0.0, 0.0, 0.2262065813, 0.2737934187, 0.0, 0.0, 0.0, 0.0, 0.0, 0.0, 0.0, 0.0, 0.0, 0.0, 0.0, 0.0, 0.0, 0.0, 0.0453190165, 0.4546809835, 0.0, 0.0, 0.0, 0.0, 0.0, 0.0, 0.0, 0.0, 0.0, 0.0, 0.0, 0.0, 0.0, 0.0, 0.0, 0.0], "num_sources": 2, "seg_angles": 64, "input": [-1.9015847089, -1.1654931652, -1.292075999, -0.8621767939, -0.4535327968, -1.3696386811, -0.9514273648, -0.624078125, -0.2268637609, -0.0070579552, -1.0559438592, -0.3710397272, 0.1457884884, 0.3237567366, 0.8582901642, -0.4896390291, 0.2375039774, 1.0263561127, 1.2826347561, 1.0562826045, 0.3403179326, 0.9500277813, 1.3534719681, 1.6232099552, 1.5729114894]}