{"source": [{"position": [179.1701127834311, -405.1506765206897], "counts": 500000.0}, {"position": [300.38927323577974, -349.6959887171714], "counts": 500000.0}], "output": [0.0, 0.0, 0.0, 0.0, 0.0, 0.0, 0.0, 0.0, 0.0, 0.0, 0.0, 0.0, 0.0, 0.0, 0.0, 0.0, 0.0, 0.0, 0.0, 0.0, 0.3794230276, 0.1205769724, 0.0, 0.3855450606, 0.1144549394, 0.0, 0.0, 0.0, 0.0, 0.0, 0.0, 0.0, 0.0, 0.0, 0.0, 0.0, 0.0, 0.0, 0.0, 0.0, 0.0, 0.0, 0.0, 0.0, 0.0, 0.0, 0.0, 0.0, 0.0, 0.0, 0.0, 0.0, 0.0, 0.0, 0.0, 0.0, 0.0, 0.0, 0.0, 0.0, 0.0, 0.0, 0.0, 0.0], "num_sources": 2, "seg_angles": 64, "input": [1.2095810096, 1.5233970303, 1.2411066063, 1.0435724442, 1.2559099587, 0.1283279952, 0.3078611622, 0.4086212991, 0.4278214169, 0.9035477986, -0.9776435637, -0.5752414689, -0.4509307439, 0.2278073595, 0.9914386926, -1.3149757883, -0.9943925587, -1.0260931337, -0.3674442064, 1.0086782827, -1.7221731106, -1.6397213506, -1.3819647013, -0.7023930927, 0.4753026628]}