{"source": [{"position": [-19.289764933103193, -127.54961767416482], "counts": 500000.0}, {"position": [-73.6280645754627, 357.4967246099907], "counts": 500000.0}], "output": [0.0, 0.0, 0.0, 0.0, 0.0, 0.0, 0.0, 0.0, 0.0, 0.0, 0.0, 0.0, 0.0, 0.0, 0.2644326904, 0.2355673096, 0.0, 0.0, 0.0, 0.0, 0.0, 0.0, 0.0, 0.0, 0.0, 0.0, 0.0, 0.0, 0.0, 0.0, 0.0, 0.0, 0.0, 0.0, 0.0, 0.0, 0.0, 0.0, 0.0, 0.0, 0.0, 0.0, 0.0, 0.0, 0.0, 0.0, 0.0, 0.0, 0.0, 0.0, 0.4655466309, 0.0344533691, 0.0, 0.0, 0.0, 0.0, 0.0, 0.0, 0.0, 0.0, 0.0, 0.0, 0.0, 0.0], "num_sources": 2, "seg_angles": 64, "input": [1.6858379803, 1.7285689726, 1.4488760787, 2.0016207767, 1.0655140392, 0.6103158978, 0.2809891182, 0.788856905, 0.9973019445, -0.0888718097, -0.0554086165, -0.1508366849, -0.1390318297, -0.294523815, -0.8859549182, -0.5108704167, -0.7787669957, -0.4812299426, -0.6827113207, -1.2732829998, -0.7155957159, -1.1488234883, -1.0197612947, -1.0492448153, -1.3329670495]}