{"source": [{"position": [-21.628487322163508, -28.778612477932505], "counts": 500000.0}, {"position": [439.1896050736724, 39.918552018223444], "counts": 500000.0}], "output": [0.0, 0.0, 0.0, 0.0, 0.0, 0.0, 0.0, 0.0, 0.0, 0.2823637706, 0.2176362294, 0.0, 0.0, 0.0, 0.0, 0.0, 0.0, 0.0, 0.0, 0.0, 0.0, 0.0, 0.0, 0.0, 0.0, 0.0, 0.0, 0.0, 0.0, 0.0, 0.0, 0.0, 0.0383624163, 0.4616375837, 0.0, 0.0, 0.0, 0.0, 0.0, 0.0, 0.0, 0.0, 0.0, 0.0, 0.0, 0.0, 0.0, 0.0, 0.0, 0.0, 0.0, 0.0, 0.0, 0.0, 0.0, 0.0, 0.0, 0.0, 0.0, 0.0, 0.0, 0.0, 0.0, 0.0], "num_sources": 2, "seg_angles": 64, "input": [1.4028848602, 1.2674622823, 1.5386261188, 1.4447864402, 0.9285017913, 1.0039780323, 0.3685772631, 0.2891026567, 0.2887672794, -0.0205819394, 1.0606987396, -0.0823198535, -0.5523632368, -0.5702021353, -0.8325619071, 0.9499370253, -0.3564930967, -0.9715633239, -1.0959730092, -1.2302604926, 0.4152019646, -0.6701123094, -1.3462141259, -1.5691183779, -1.6607606462]}