{"source": [{"position": [-182.8596398906777, -61.73614904617621], "counts": 500000.0}, {"position": [17.811236324524387, 113.61232266172514], "counts": 500000.0}], "output": [0.0, 0.0, 0.0, 0.3417376486, 0.1582623514, 0.0, 0.0, 0.0, 0.0, 0.0, 0.0, 0.0, 0.0, 0.0, 0.0, 0.0, 0.0, 0.0, 0.0, 0.0, 0.0, 0.0, 0.0, 0.0, 0.0, 0.0, 0.0, 0.0, 0.0, 0.0, 0.0, 0.0, 0.0, 0.0, 0.0, 0.0, 0.0, 0.0, 0.0, 0.0, 0.0, 0.0, 0.0, 0.0, 0.0, 0.0, 0.2919871141, 0.2080128859, 0.0, 0.0, 0.0, 0.0, 0.0, 0.0, 0.0, 0.0, 0.0, 0.0, 0.0, 0.0, 0.0, 0.0, 0.0, 0.0], "num_sources": 2, "seg_angles": 64, "input": [-0.7647321703, -0.9045743087, -1.2634153762, -1.0406044448, -0.8863454596, -0.1771070045, -0.2813247384, -0.8054488571, -1.2661464307, -1.3902361522, 0.6239752793, 0.2012088058, -0.2587516687, -0.6793624105, -0.9939962621, 1.1417653807, 1.0906920266, 0.5608070199, 0.3384245657, -0.3064582214, 1.7907591278, 1.8155894555, 1.5009452712, 1.3003046657, 0.6540319069]}