{"source": [{"position": [22.117342655275205, -20.26877287526662], "counts": 500000.0}, {"position": [-302.77284226621117, -106.62835451248426], "counts": 500000.0}], "output": [0.0, 0.0, 0.0, 0.2754776545, 0.2245223455, 0.0, 0.0, 0.0, 0.0, 0.0, 0.0, 0.0, 0.0, 0.0, 0.0, 0.0, 0.0, 0.0, 0.0, 0.0, 0.0, 0.0, 0.0, 0.0, 0.278023389, 0.221976611, 0.0, 0.0, 0.0, 0.0, 0.0, 0.0, 0.0, 0.0, 0.0, 0.0, 0.0, 0.0, 0.0, 0.0, 0.0, 0.0, 0.0, 0.0, 0.0, 0.0, 0.0, 0.0, 0.0, 0.0, 0.0, 0.0, 0.0, 0.0, 0.0, 0.0, 0.0, 0.0, 0.0, 0.0, 0.0, 0.0, 0.0, 0.0], "num_sources": 2, "seg_angles": 64, "input": [0.8100797973, 1.1415810061, 1.2662757278, 1.415289236, 1.4447272964, -0.3944088937, 0.0428261215, 0.0663826806, 0.3728835091, 1.2818964208, -1.0031139341, -0.8561670191, -0.5783075416, 0.1175809199, 1.1763735737, -1.3580152239, -1.1815313512, -0.8029988423, -0.0125521505, 1.0947861504, -1.6696199238, -1.4701321857, -1.1112967155, -0.4629204334, 0.6703817751]}