{"source": [{"position": [48.526854400364414, -98.7174979525202], "counts": 500000.0}, {"position": [32.56068064401121, -5.36675656227426], "counts": 500000.0}], "output": [0.0, 0.0, 0.0, 0.0, 0.0, 0.0, 0.0, 0.0, 0.0, 0.0, 0.0, 0.0, 0.0, 0.0, 0.0, 0.0, 0.0, 0.0, 0.0, 0.0, 0.1731124981, 0.3268875019, 0.0, 0.0, 0.0, 0.0, 0.0, 0.0, 0.0, 0.0, 0.3319577854, 0.1680422146, 0.0, 0.0, 0.0, 0.0, 0.0, 0.0, 0.0, 0.0, 0.0, 0.0, 0.0, 0.0, 0.0, 0.0, 0.0, 0.0, 0.0, 0.0, 0.0, 0.0, 0.0, 0.0, 0.0, 0.0, 0.0, 0.0, 0.0, 0.0, 0.0, 0.0, 0.0, 0.0], "num_sources": 2, "seg_angles": 64, "input": [-0.6277395077, -0.1712044296, 0.2157547763, 0.6574364409, 1.5051640222, -1.0594498754, -0.4707349636, 0.0187402725, 0.8120344056, 1.5910938209, -1.2726299168, -0.7054909702, -0.14631932, 0.6800110166, 1.7149302602, -1.3854393024, -0.9175739596, -0.2471095379, 0.5334567573, 1.6515330098, -1.6525516634, -1.2216470826, -0.672378231, 0.0557834163, 1.1143305616]}