{"source": [{"position": [22.20874478786483, 9.097892885030392], "counts": 500000.0}, {"position": [-32.18396986289455, 48.251342819286336], "counts": 500000.0}], "output": [0.0, 0.0, 0.0, 0.0, 0.0, 0.0, 0.0, 0.0, 0.0, 0.0, 0.0, 0.0, 0.0, 0.0, 0.0, 0.0, 0.0, 0.0, 0.0, 0.0, 0.0, 0.0, 0.0, 0.0, 0.0, 0.0, 0.0, 0.0, 0.0, 0.0, 0.0, 0.0, 0.0, 0.0, 0.0, 0.0198544509, 0.4801455491, 0.0, 0.0, 0.0, 0.0, 0.0, 0.0, 0.0, 0.0, 0.0, 0.0, 0.0, 0.0, 0.0, 0.0, 0.0, 0.0, 0.0041285305, 0.4958714695, 0.0, 0.0, 0.0, 0.0, 0.0, 0.0, 0.0, 0.0, 0.0], "num_sources": 2, "seg_angles": 64, "input": [-1.376962409, -1.4674350485, -1.1085843002, -0.5192211299, 0.5695009045, -1.1338324976, -1.1740315442, -0.7181151948, 0.1771790296, 1.0167470489, -0.9587275429, -0.8754603659, -0.3723875597, 0.4750215888, 1.320846372, -0.7917965181, -0.6172058751, -0.0147919547, 0.8284527876, 1.6440837576, 0.2255143497, 0.657883517, 1.0285403557, 1.3949422398, 1.7898399894]}