{"source": [{"position": [146.5580743516018, 297.9005385063114], "counts": 500000.0}, {"position": [-442.69847015427825, -182.91819079321115], "counts": 500000.0}], "output": [0.0, 0.0, 0.0, 0.0044549829, 0.4955450171, 0.0, 0.0, 0.0, 0.0, 0.0, 0.0, 0.0, 0.0, 0.0, 0.0, 0.0, 0.0, 0.0, 0.0, 0.0, 0.0, 0.0, 0.0, 0.0, 0.0, 0.0, 0.0, 0.0, 0.0, 0.0, 0.0, 0.0, 0.0, 0.0, 0.0, 0.0, 0.0, 0.0, 0.0, 0.0, 0.0, 0.0, 0.0, 0.3285150098, 0.1714849902, 0.0, 0.0, 0.0, 0.0, 0.0, 0.0, 0.0, 0.0, 0.0, 0.0, 0.0, 0.0, 0.0, 0.0, 0.0, 0.0, 0.0, 0.0, 0.0], "num_sources": 2, "seg_angles": 64, "input": [-0.8227466725, -0.9570344904, -1.2298834404, -0.6410363091, 0.6303416687, -0.3170639979, -0.5661661334, -1.3696425137, -1.4235838619, -0.1229632031, -0.0871412067, -0.141930229, -0.774284676, -0.7562732708, -0.5212851347, 1.0317849358, 1.048160975, 0.4583275619, -0.0269422417, -0.2555686686, 2.7318389761, 1.5484170036, 1.4762832469, 0.8644124771, 0.2239792047]}