{"source": [{"position": [-144.99578630659303, -84.85412160486257], "counts": 500000.0}, {"position": [-167.74608324842518, 105.19149944179142], "counts": 500000.0}], "output": [0.0, 0.0, 0.0, 0.0, 0.0, 0.3033837845, 0.1966162155, 0.0, 0.0, 0.0, 0.0, 0.0, 0.0, 0.0, 0.0, 0.0, 0.0, 0.0, 0.0, 0.0, 0.0, 0.0, 0.0, 0.0, 0.0, 0.0, 0.0, 0.0, 0.0, 0.0, 0.0, 0.0, 0.0, 0.0, 0.0, 0.0, 0.0, 0.0, 0.0, 0.0, 0.0, 0.0, 0.0, 0.0, 0.0, 0.0, 0.0, 0.0, 0.0, 0.0, 0.0, 0.0, 0.0, 0.0, 0.0, 0.0, 0.0, 0.0, 0.3525615383, 0.1474384617, 0.0, 0.0, 0.0, 0.0], "num_sources": 2, "seg_angles": 64, "input": [1.2611766034, 0.4240734115, 0.1719356512, -0.004675469, -0.633087226, 1.8639297662, 0.5493222276, -0.5386470312, -1.0667053672, -1.4245527295, 1.826959232, 0.5635950694, -0.5251316697, -1.1724032613, -1.5879896673, 1.5839700799, 0.4730737357, -0.252727983, -0.7420842931, -1.3676702286, 1.2308687541, 0.5366218934, 0.011224368, -0.4905155995, -0.690560267]}