{"source": [{"position": [-364.73027599900524, -55.97165148259811], "counts": 500000.0}, {"position": [10.109499433792365, 247.79386195222466], "counts": 500000.0}], "output": [0.0, 0.2244827039, 0.2755172961, 0.0, 0.0, 0.0, 0.0, 0.0, 0.0, 0.0, 0.0, 0.0, 0.0, 0.0, 0.0, 0.0, 0.0, 0.0, 0.0, 0.0, 0.0, 0.0, 0.0, 0.0, 0.0, 0.0, 0.0, 0.0, 0.0, 0.0, 0.0, 0.0, 0.0, 0.0, 0.0, 0.0, 0.0, 0.0, 0.0, 0.0, 0.0, 0.0, 0.0, 0.0, 0.0, 0.0, 0.0, 0.2076674516, 0.2923325484, 0.0, 0.0, 0.0, 0.0, 0.0, 0.0, 0.0, 0.0, 0.0, 0.0, 0.0, 0.0, 0.0, 0.0, 0.0], "num_sources": 2, "seg_angles": 64, "input": [-0.3387029488, -0.8631140948, -0.9602235034, -1.2778810106, -1.5593561563, 0.1114115769, -0.3422232746, -0.6436689633, -1.0310803623, -1.6534125281, 0.6715456708, 0.5570814939, -0.0855770012, -0.6024977781, -1.2270436349, 1.0477222171, 1.3665438844, 0.573539912, 0.32136002, -0.1462515545, 1.7201636304, 1.7605830232, 1.3055774282, 0.9257910806, 0.3697128732]}