{"source": [{"position": [411.6129854973628, 33.81937565875197], "counts": 500000.0}, {"position": [45.88375878692233, 135.43884479566242], "counts": 500000.0}], "output": [0.0, 0.0, 0.0, 0.0, 0.0, 0.0, 0.0, 0.0, 0.0, 0.0, 0.0, 0.0, 0.0, 0.0, 0.0, 0.0, 0.0, 0.0, 0.0, 0.0, 0.0, 0.0, 0.0, 0.0, 0.0, 0.0, 0.0, 0.0, 0.0, 0.0, 0.0, 0.0, 0.0824848855, 0.4175151145, 0.0, 0.0, 0.0, 0.0, 0.0, 0.0, 0.0, 0.0, 0.0, 0.0, 0.1635796855, 0.3364203145, 0.0, 0.0, 0.0, 0.0, 0.0, 0.0, 0.0, 0.0, 0.0, 0.0, 0.0, 0.0, 0.0, 0.0, 0.0, 0.0, 0.0, 0.0], "num_sources": 2, "seg_angles": 64, "input": [-1.7191461611, -1.499538248, -1.3340876881, -1.0366218721, 0.2937198432, -1.539990699, -0.9970895911, -0.7765101312, -0.3272166217, 0.7513486504, -0.9661668063, -0.4967247025, -0.0448332378, 0.1652148385, 0.7926075175, -0.2794484075, 0.3401425581, 0.6452143896, 0.7269289249, 1.3393903101, 0.7687693619, 1.0596275252, 1.237026064, 1.4890438921, 1.4083402908]}