{"source": [{"position": [156.9397610168714, 262.68976267065926], "counts": 500000.0}, {"position": [58.18279246198228, 9.785839837535502], "counts": 500000.0}], "output": [0.0, 0.0, 0.0, 0.0, 0.0, 0.0, 0.0, 0.0, 0.0, 0.0, 0.0, 0.0, 0.0, 0.0, 0.0, 0.0, 0.0, 0.0, 0.0, 0.0, 0.0, 0.0, 0.0, 0.0, 0.0, 0.0, 0.0, 0.0, 0.0, 0.0, 0.0, 0.0, 0.0, 0.1513515052, 0.3486484948, 0.0, 0.0, 0.0, 0.0, 0.0, 0.0, 0.0, 0.242713326, 0.257286674, 0.0, 0.0, 0.0, 0.0, 0.0, 0.0, 0.0, 0.0, 0.0, 0.0, 0.0, 0.0, 0.0, 0.0, 0.0, 0.0, 0.0, 0.0, 0.0, 0.0], "num_sources": 2, "seg_angles": 64, "input": [-1.5217355853, -1.1781865723, -0.6791934885, 0.1009081178, 1.3369110049, -1.4452352521, -0.8988545035, -0.279735011, 0.473837731, 1.7169741739, -1.2407407646, -0.6251887047, -0.1187698199, 0.7476349938, 1.8217408556, -1.064303888, -0.5913989393, -0.0542276884, 0.6754049367, 1.5506797743, -0.6288587439, -0.2333806199, 0.1209004301, 0.6702505294, 1.3445670338]}