{"source": [{"position": [-111.2090011271623, 240.53598081846053], "counts": 500000.0}, {"position": [-113.16678670949588, 275.67603883153765], "counts": 500000.0}], "output": [0.0, 0.0, 0.0, 0.0, 0.0, 0.0, 0.0, 0.0, 0.0, 0.0, 0.0, 0.0, 0.0, 0.0, 0.0, 0.0, 0.0, 0.0, 0.0, 0.0, 0.0, 0.0, 0.0, 0.0, 0.0, 0.0, 0.0, 0.0, 0.0, 0.0, 0.0, 0.0, 0.0, 0.0, 0.0, 0.0, 0.0, 0.0, 0.0, 0.0, 0.0, 0.0, 0.0, 0.0, 0.0, 0.0, 0.0, 0.0, 0.0, 0.0, 0.0, 0.0161364114, 0.7782716223, 0.2055919663, 0.0, 0.0, 0.0, 0.0, 0.0, 0.0, 0.0, 0.0, 0.0, 0.0], "num_sources": 2, "seg_angles": 64, "input": [0.0481256871, -1.0994429287, -1.4087480681, -1.5107944527, -1.5520029059, 0.4144784388, -0.7506044584, -0.9673652128, -1.0256745742, -1.12574375, 0.5369917145, -0.3259558255, -0.2449379936, -0.443320676, -0.6041973835, 0.9517956099, 0.7075861266, 0.8190216325, 0.8174932129, 0.0462876345, 1.1813138702, 1.27041148, 1.6122503418, 1.6661605769, 0.9868719037]}