{"source": [{"position": [171.1915299047082, 355.9753644409755], "counts": 500000.0}, {"position": [-23.364912794437032, -5.484601180428059], "counts": 500000.0}], "output": [0.0, 0.0, 0.3257554869, 0.1742445131, 0.0, 0.0, 0.0, 0.0, 0.0, 0.0, 0.0, 0.0, 0.0, 0.0, 0.0, 0.0, 0.0, 0.0, 0.0, 0.0, 0.0, 0.0, 0.0, 0.0, 0.0, 0.0, 0.0, 0.0, 0.0, 0.0, 0.0, 0.0, 0.0, 0.0, 0.0, 0.0, 0.0, 0.0, 0.0, 0.0, 0.0, 0.0, 0.0, 0.2829591465, 0.2170408535, 0.0, 0.0, 0.0, 0.0, 0.0, 0.0, 0.0, 0.0, 0.0, 0.0, 0.0, 0.0, 0.0, 0.0, 0.0, 0.0, 0.0, 0.0, 0.0], "num_sources": 2, "seg_angles": 64, "input": [1.2902559655, 0.4007168193, -0.2539790089, -0.6208979691, -0.8041173251, 1.6700180396, 0.7515336237, -0.0660643908, -0.8163435253, -1.220488295, 1.8539861358, 0.7090998108, -0.1044778302, -0.7504900002, -1.2427441198, 1.6839317956, 0.6877144575, -0.1054390389, -0.7456756096, -1.2832638634, 1.349883217, 0.3357105507, -0.3569068697, -0.9249941052, -1.4369684643]}