{"source": [{"position": [353.7888675953296, 154.3678631244674], "counts": 500000.0}, {"position": [138.1637729017254, -440.8568609623315], "counts": 500000.0}], "output": [0.0, 0.0, 0.0, 0.0, 0.0, 0.0, 0.0, 0.0, 0.0, 0.0, 0.0, 0.0, 0.0, 0.0, 0.0, 0.0, 0.0, 0.0, 0.0, 0.4532533114, 0.0467466886, 0.0, 0.0, 0.0, 0.0, 0.0, 0.0, 0.0, 0.0, 0.0, 0.0, 0.0, 0.0, 0.0, 0.0, 0.0, 0.4046245477, 0.0953754523, 0.0, 0.0, 0.0, 0.0, 0.0, 0.0, 0.0, 0.0, 0.0, 0.0, 0.0, 0.0, 0.0, 0.0, 0.0, 0.0, 0.0, 0.0, 0.0, 0.0, 0.0, 0.0, 0.0, 0.0, 0.0, 0.0], "num_sources": 2, "seg_angles": 64, "input": [-0.1126791554, 0.5350961777, 0.7002946946, 1.6741504412, 1.9850498053, -1.2818524664, -0.287458284, -0.0595303451, 1.0706480178, 1.0672814942, -1.7357331603, -0.9650382286, -0.6309736712, 0.3980913905, 1.1168688804, -1.5776714792, -1.2554085085, -0.5818105106, 0.0299302594, 1.1945329055, -0.8946123091, -0.5264493968, -0.4171937664, -0.2064702488, 0.7609374641]}