{"source": [{"position": [-299.00453483402816, -229.6198775121319], "counts": 500000.0}, {"position": [-420.56470085217404, 154.3675237772549], "counts": 500000.0}], "output": [0.0, 0.0, 0.0, 0.0, 0.0, 0.0, 0.1646771854, 0.3353228146, 0.0, 0.0, 0.0, 0.0, 0.0, 0.0, 0.0, 0.0, 0.0, 0.0, 0.0, 0.0, 0.0, 0.0, 0.0, 0.0, 0.0, 0.0, 0.0, 0.0, 0.0, 0.0, 0.0, 0.0, 0.0, 0.0, 0.0, 0.0, 0.0, 0.0, 0.0, 0.0, 0.0, 0.0, 0.0, 0.0, 0.0, 0.0, 0.0, 0.0, 0.0, 0.0, 0.0, 0.0, 0.0, 0.0, 0.0, 0.0, 0.0, 0.0, 0.0, 0.0, 0.2916063553, 0.2083936447, 0.0, 0.0], "num_sources": 2, "seg_angles": 64, "input": [1.2295873915, 0.9227799362, 0.3088382258, 0.0886090652, -0.4259227715, 1.8007963963, 0.4785184077, 0.014680781, -0.7346394935, -1.1691062755, 1.7379345038, 0.5422147837, -0.669217932, -1.2141013323, -1.3947514819, 1.5998493429, 0.5869687491, -0.3617249685, -1.0522834538, -1.5651662447, 1.0462358039, 0.4327571924, -0.4438409903, -0.5846774436, -1.1743381919]}