{"source": [{"position": [6.919292080229177, 56.578471145025446], "counts": 500000.0}, {"position": [172.62795621743558, 378.49120033653503], "counts": 500000.0}], "output": [0.0, 0.0, 0.0, 0.0, 0.0, 0.0, 0.0, 0.0, 0.0, 0.0, 0.0, 0.0, 0.0, 0.0, 0.0, 0.0, 0.0, 0.0, 0.0, 0.0, 0.0, 0.0, 0.0, 0.0, 0.0, 0.0, 0.0, 0.0, 0.0, 0.0, 0.0, 0.0, 0.0, 0.0, 0.0, 0.0, 0.0, 0.0, 0.0, 0.0, 0.0, 0.0, 0.0, 0.1793327368, 0.3206672632, 0.0, 0.1197682738, 0.3802317262, 0.0, 0.0, 0.0, 0.0, 0.0, 0.0, 0.0, 0.0, 0.0, 0.0, 0.0, 0.0, 0.0, 0.0, 0.0, 0.0], "num_sources": 2, "seg_angles": 64, "input": [-1.4728662127, -1.2967630473, -1.2292375928, -1.1527544374, -0.9113157188, -1.0367008229, -0.779307534, -0.7510585294, -0.6893825517, -0.5316672966, -0.4244310622, -0.0848450323, -0.070980751, -0.0394677438, -0.1773406817, 0.3272990975, 0.7113241323, 0.6218104004, 0.8058824595, 0.3855394915, 1.2530477321, 1.5910635005, 1.7702549084, 1.8682146091, 1.3136826834]}