{"source": [{"position": [238.36492148176953, -87.73918284888367], "counts": 500000.0}, {"position": [31.18405661056875, -213.7371156662053], "counts": 500000.0}], "output": [0.0, 0.0, 0.0, 0.0, 0.0, 0.0, 0.0, 0.0, 0.0, 0.0, 0.0, 0.0, 0.0, 0.0, 0.0, 0.0, 0.0, 0.2621479454, 0.2378520546, 0.0, 0.0, 0.0, 0.0, 0.0, 0.0, 0.0, 0.0, 0.0, 0.2962700301, 0.2037299699, 0.0, 0.0, 0.0, 0.0, 0.0, 0.0, 0.0, 0.0, 0.0, 0.0, 0.0, 0.0, 0.0, 0.0, 0.0, 0.0, 0.0, 0.0, 0.0, 0.0, 0.0, 0.0, 0.0, 0.0, 0.0, 0.0, 0.0, 0.0, 0.0, 0.0, 0.0, 0.0, 0.0, 0.0], "num_sources": 2, "seg_angles": 64, "input": [0.8664024194, 1.3636047615, 1.4415335425, 1.3862708062, 1.4497732133, -0.6644588447, 0.3070571247, 0.3345093119, 0.9217360462, 0.866457547, -1.2319816265, -0.4807074903, -0.1648467321, 0.2706726945, 0.9487873308, -1.4499617794, -1.0667906173, -0.4795340776, -0.2678046676, 0.7074639542, -1.7997922475, -1.5004183877, -1.1515545071, -0.6551529959, 0.0487352214]}