{"source": [{"position": [-56.87053939723465, 19.124375771971806], "counts": 500000.0}, {"position": [-55.5659295586808, 42.5726141114182], "counts": 500000.0}], "output": [0.0, 0.0, 0.0, 0.0, 0.0, 0.0, 0.0, 0.0, 0.0, 0.0, 0.0, 0.0, 0.0, 0.0, 0.0, 0.0, 0.0, 0.0, 0.0, 0.0, 0.0, 0.0, 0.0, 0.0, 0.0, 0.0, 0.0, 0.0, 0.0, 0.0, 0.0, 0.0, 0.0, 0.0, 0.0, 0.0, 0.0, 0.0, 0.0, 0.0, 0.0, 0.0, 0.0, 0.0, 0.0, 0.0, 0.0, 0.0, 0.0, 0.0, 0.0, 0.0, 0.0, 0.0, 0.0, 0.0, 0.0, 0.3296031724, 0.1703968276, 0.0, 0.1521527221, 0.3478472779, 0.0, 0.0], "num_sources": 2, "seg_angles": 64, "input": [1.0367813128, 0.1126258672, -0.699067819, -1.2697287615, -1.6724793044, 1.5493805026, 0.4570614341, -0.3934139841, -1.0552906095, -1.5670402065, 1.574236459, 0.5447292719, -0.3527748405, -0.9531554072, -1.3444244513, 1.5210938191, 0.6234281607, -0.1483759177, -0.492667865, -0.9892490173, 1.2478504711, 0.8507149526, 0.7818463688, 0.4286623195, 0.2092572445]}