{"source": [{"position": [-290.2690628601595, -86.90725600480532], "counts": 500000.0}, {"position": [-161.62907368363352, 72.14598076241364], "counts": 500000.0}], "output": [0.0, 0.0, 0.018415412, 0.481584588, 0.0, 0.0, 0.0, 0.0, 0.0, 0.0, 0.0, 0.0, 0.0, 0.0, 0.0, 0.0, 0.0, 0.0, 0.0, 0.0, 0.0, 0.0, 0.0, 0.0, 0.0, 0.0, 0.0, 0.0, 0.0, 0.0, 0.0, 0.0, 0.0, 0.0, 0.0, 0.0, 0.0, 0.0, 0.0, 0.0, 0.0, 0.0, 0.0, 0.0, 0.0, 0.0, 0.0, 0.0, 0.0, 0.0, 0.0, 0.0, 0.0, 0.0, 0.0, 0.0, 0.0, 0.0, 0.0, 0.1381721093, 0.3618278907, 0.0, 0.0, 0.0], "num_sources": 2, "seg_angles": 64, "input": [1.0521962705, 0.3372055018, -0.4098972744, -0.6674505535, -1.3068287175, 1.7757662295, 0.878945492, -0.2974486864, -0.9194253513, -1.5453631292, 1.478573923, 0.6462223747, -0.1840316509, -0.9825077351, -1.5991508048, 1.6360217662, 0.5505595471, -0.2154512291, -0.8604791689, -1.271851163, 1.3601613156, 0.7232032462, 0.2685149852, 0.0215523171, -0.469037505]}