{"source": [{"position": [114.71430554384298, 404.03047917650207], "counts": 500000.0}, {"position": [-330.3907673664046, -20.07338633709762], "counts": 500000.0}], "output": [0.190949589, 0.309050411, 0.0, 0.0, 0.0, 0.0, 0.0, 0.0, 0.0, 0.0, 0.0, 0.0, 0.0, 0.0, 0.0, 0.0, 0.0, 0.0, 0.0, 0.0, 0.0, 0.0, 0.0, 0.0, 0.0, 0.0, 0.0, 0.0, 0.0, 0.0, 0.0, 0.0, 0.0, 0.0, 0.0, 0.0, 0.0, 0.0, 0.0, 0.0, 0.0, 0.0, 0.0, 0.0, 0.0, 0.4089389834, 0.0910610166, 0.0, 0.0, 0.0, 0.0, 0.0, 0.0, 0.0, 0.0, 0.0, 0.0, 0.0, 0.0, 0.0, 0.0, 0.0, 0.0, 0.0], "num_sources": 2, "seg_angles": 64, "input": [0.0012469244, -0.5495105512, -1.4630173901, -1.421930057, -1.2638197609, 0.5710454938, -0.0113925868, -0.6196086313, -1.0347663811, -1.2017900311, 1.5304468657, 0.4902975965, 0.1891136339, -0.7168251155, -1.2165434278, 1.8960084637, 1.2605125965, 0.7131149318, -0.0308441274, -0.3842934693, 1.685879863, 1.3840680111, 0.4614487219, 0.2214300258, -0.4902715988]}