{"source": [{"position": [110.00099040375146, 116.18856273400488], "counts": 500000.0}, {"position": [39.231646746160536, -80.99924625318725], "counts": 500000.0}], "output": [0.0, 0.0, 0.0, 0.0, 0.0, 0.0, 0.0, 0.0, 0.0, 0.0, 0.0, 0.0, 0.0, 0.0, 0.0, 0.0, 0.0, 0.0, 0.0, 0.0, 0.2028414584, 0.2971585416, 0.0, 0.0, 0.0, 0.0, 0.0, 0.0, 0.0, 0.0, 0.0, 0.0, 0.0, 0.0, 0.0, 0.0, 0.0, 0.0, 0.0, 0.0, 0.360713329, 0.139286671, 0.0, 0.0, 0.0, 0.0, 0.0, 0.0, 0.0, 0.0, 0.0, 0.0, 0.0, 0.0, 0.0, 0.0, 0.0, 0.0, 0.0, 0.0, 0.0, 0.0, 0.0, 0.0], "num_sources": 2, "seg_angles": 64, "input": [0.1178808499, 0.6071151225, 0.8241868762, 1.4311902668, 1.9728111465, -0.7541273325, -0.3272719265, 0.1771763992, 0.4781800964, 1.4735179093, -1.4110835854, -0.8481295249, -0.5741325314, -0.028107277, 1.497174058, -1.399820711, -1.0992925004, -0.8900307838, -0.4159855933, 1.2450984535, -1.1606842054, -0.7272443645, -0.8621936944, -0.3974667835, 1.0712396356]}