{"source": [{"position": [-41.90254746637583, -100.62393609786946], "counts": 500000.0}, {"position": [105.8126782043618, 328.3727716044986], "counts": 500000.0}], "output": [0.0, 0.0, 0.0, 0.0, 0.0, 0.0, 0.0, 0.0, 0.0, 0.0, 0.0, 0.0096155444, 0.4903844556, 0.0, 0.0, 0.0, 0.0, 0.0, 0.0, 0.0, 0.0, 0.0, 0.0, 0.0, 0.0, 0.0, 0.0, 0.0, 0.0, 0.0, 0.0, 0.0, 0.0, 0.0, 0.0, 0.0, 0.0, 0.0, 0.0, 0.0, 0.0, 0.0, 0.0, 0.0, 0.0876155403, 0.4123844597, 0.0, 0.0, 0.0, 0.0, 0.0, 0.0, 0.0, 0.0, 0.0, 0.0, 0.0, 0.0, 0.0, 0.0, 0.0, 0.0, 0.0, 0.0], "num_sources": 2, "seg_angles": 64, "input": [0.9273354103, 1.7301950337, 1.5066265162, 1.616750925, 1.2900484367, 0.4643125288, 0.3541511472, 0.6498737473, 0.5935379192, 0.163965033, 0.5168804888, -0.1886287084, -0.6751060219, -0.708925846, -0.6394352686, 0.6224072484, -0.5938281483, -0.7472876777, -1.1731471972, -1.3819313664, 0.699810477, -0.85918269, -1.167730382, -1.2680866788, -1.7326049262]}