{"source": [{"position": [37.65391325988134, -363.05258960131016], "counts": 500000.0}, {"position": [124.1287841813251, 55.57018029182571], "counts": 500000.0}], "output": [0.0, 0.0, 0.0, 0.0, 0.0, 0.0, 0.0, 0.0, 0.0, 0.0, 0.0, 0.0, 0.0, 0.0, 0.0, 0.0, 0.0, 0.4736668784, 0.0263331216, 0.0, 0.0, 0.0, 0.0, 0.0, 0.0, 0.0, 0.0, 0.0, 0.0, 0.0, 0.0, 0.0, 0.0, 0.0, 0.0, 0.0, 0.3562500321, 0.1437499679, 0.0, 0.0, 0.0, 0.0, 0.0, 0.0, 0.0, 0.0, 0.0, 0.0, 0.0, 0.0, 0.0, 0.0, 0.0, 0.0, 0.0, 0.0, 0.0, 0.0, 0.0, 0.0, 0.0, 0.0, 0.0, 0.0], "num_sources": 2, "seg_angles": 64, "input": [-0.9286681821, -0.5349101298, -0.0320650825, 0.7813678586, 1.6738361417, -1.5250824816, -0.4623726303, -0.0706723171, 0.7311021201, 1.8617406333, -1.7970255405, -1.0983494166, -0.1908622129, 0.5883399685, 1.4415415883, -1.6124398017, -1.0188399028, -0.3199642652, 0.129642816, 1.2936121463, -0.682161396, -0.0130068489, 0.6254194512, 0.4443438628, 0.7154736211]}