{"source": [{"position": [135.83189561619042, -6.759891516315107], "counts": 500000.0}, {"position": [-65.69429506845083, -96.81559582763161], "counts": 500000.0}], "output": [0.0, 0.0, 0.0, 0.0, 0.0, 0.0, 0.0, 0.0, 0.0, 0.036345178, 0.463654822, 0.0, 0.0, 0.0, 0.0, 0.0, 0.0, 0.0, 0.0, 0.0, 0.0, 0.0, 0.0, 0.0, 0.0, 0.0, 0.0, 0.0, 0.0, 0.0, 0.0, 0.2532502705, 0.2467497295, 0.0, 0.0, 0.0, 0.0, 0.0, 0.0, 0.0, 0.0, 0.0, 0.0, 0.0, 0.0, 0.0, 0.0, 0.0, 0.0, 0.0, 0.0, 0.0, 0.0, 0.0, 0.0, 0.0, 0.0, 0.0, 0.0, 0.0, 0.0, 0.0, 0.0, 0.0], "num_sources": 2, "seg_angles": 64, "input": [0.1911750413, 0.7936870221, 0.9672980044, 1.7048612402, 2.08304531, -0.0052714624, -0.2406392278, 0.3964607393, 0.9770071803, 1.4174457426, -0.0700187788, -0.5764768477, -0.5568795745, 0.7589760057, 0.6904405246, -0.3561516058, -1.0999409953, -1.2196418781, -0.3072863098, 0.3620042495, -0.4710478138, -1.6413269068, -1.7494360041, -1.2975452342, -0.7507384209]}