{"source": [{"position": [-66.27799894622667, 296.68708575818397], "counts": 500000.0}, {"position": [-297.0841250906562, 171.43518489248152], "counts": 500000.0}], "output": [0.0, 0.0, 0.0, 0.0, 0.0, 0.0, 0.0, 0.0, 0.0, 0.0, 0.0, 0.0, 0.0, 0.0, 0.0, 0.0, 0.0, 0.0, 0.0, 0.0, 0.0, 0.0, 0.0, 0.0, 0.0, 0.0, 0.0, 0.0, 0.0, 0.0, 0.0, 0.0, 0.0, 0.0, 0.0, 0.0, 0.0, 0.0, 0.0, 0.0, 0.0, 0.0, 0.0, 0.0, 0.0, 0.0, 0.0, 0.0, 0.0, 0.0, 0.3806445348, 0.1193554652, 0.0, 0.0, 0.0, 0.0, 0.0, 0.0, 0.1655554615, 0.3344445385, 0.0, 0.0, 0.0, 0.0], "num_sources": 2, "seg_angles": 64, "input": [0.2076356216, -0.7543426117, -1.1249862008, -1.3330287658, -1.6785003982, 0.8696640575, -0.120982726, -0.5329352718, -1.2109532241, -1.542728305, 0.7590038408, 0.2063204155, -0.2707657957, -0.8696774009, -1.0551334801, 0.9518317204, 0.7373834091, 0.2862395821, -0.0631003508, -0.2192956483, 1.4604329818, 1.7871958393, 1.1962852662, 1.3069864024, 1.0074510427]}