{"source": [{"position": [18.428208699128596, -21.080823611551832], "counts": 500000.0}, {"position": [-133.8281912471622, 314.72847857719034], "counts": 500000.0}], "output": [0.0, 0.0, 0.0, 0.0, 0.0, 0.0, 0.0, 0.0, 0.0, 0.0, 0.0, 0.0, 0.0, 0.0, 0.0, 0.0, 0.0, 0.0, 0.0, 0.0, 0.0, 0.0, 0.0, 0.3414260376, 0.1585739624, 0.0, 0.0, 0.0, 0.0, 0.0, 0.0, 0.0, 0.0, 0.0, 0.0, 0.0, 0.0, 0.0, 0.0, 0.0, 0.0, 0.0, 0.0, 0.0, 0.0, 0.0, 0.0, 0.0, 0.0, 0.0, 0.0, 0.0, 0.4523495833, 0.0476504167, 0.0, 0.0, 0.0, 0.0, 0.0, 0.0, 0.0, 0.0, 0.0, 0.0], "num_sources": 2, "seg_angles": 64, "input": [0.7957036257, 1.1469226658, 1.2486562288, 1.3772423316, 1.3906104975, -0.1855204795, 0.0116417257, 0.1978185251, 0.2579025018, 1.3183294766, -1.0401932229, -0.7737941161, -0.5764855629, 0.0594632055, 1.2292070646, -1.4220694221, -1.2109287192, -0.8286614234, -0.0876772868, 1.0371393671, -1.7168295258, -1.4550410856, -1.0810436109, -0.4447970987, 0.7524043382]}