{"source": [{"position": [71.72622348634607, 303.64345681141685], "counts": 500000.0}, {"position": [43.94759551174983, 463.923063501628], "counts": 500000.0}], "output": [0.0, 0.0, 0.0, 0.0, 0.0, 0.0, 0.0, 0.0, 0.0, 0.0, 0.0, 0.0, 0.0, 0.0, 0.0, 0.0, 0.0, 0.0, 0.0, 0.0, 0.0, 0.0, 0.0, 0.0, 0.0, 0.0, 0.0, 0.0, 0.0, 0.0, 0.0, 0.0, 0.0, 0.0, 0.0, 0.0, 0.0, 0.0, 0.0, 0.0, 0.0, 0.0, 0.0, 0.0, 0.0, 0.1813953981, 0.3186046019, 0.4810222803, 0.0189777197, 0.0, 0.0, 0.0, 0.0, 0.0, 0.0, 0.0, 0.0, 0.0, 0.0, 0.0, 0.0, 0.0, 0.0, 0.0], "num_sources": 2, "seg_angles": 64, "input": [-1.5654841466, -1.3493109509, -1.3594432761, -1.3048112604, -0.7296119231, -1.0670063488, -0.5601405381, -0.7260664247, -0.8292738897, -0.399219307, -0.3526705852, 0.0132422467, -0.0807667721, 0.1883762951, -0.2546381219, 0.296294911, 0.6052970591, 0.8588805255, 0.7487309082, 0.2451816679, 1.5449182033, 1.517657135, 1.7509521086, 1.597220253, 1.2116922311]}