{"source": [{"position": [144.2657462481838, 107.64476048305669], "counts": 500000.0}, {"position": [140.40735061261185, 36.20463912190115], "counts": 500000.0}], "output": [0.0, 0.0, 0.0, 0.0, 0.0, 0.0, 0.0, 0.0, 0.0, 0.0, 0.0, 0.0, 0.0, 0.0, 0.0, 0.0, 0.0, 0.0, 0.0, 0.0, 0.0, 0.0, 0.0, 0.0, 0.0, 0.0, 0.0, 0.0, 0.0, 0.0, 0.0, 0.0, 0.0, 0.0, 0.2147554595, 0.2852445405, 0.0, 0.0, 0.2352282037, 0.2647717963, 0.0, 0.0, 0.0, 0.0, 0.0, 0.0, 0.0, 0.0, 0.0, 0.0, 0.0, 0.0, 0.0, 0.0, 0.0, 0.0, 0.0, 0.0, 0.0, 0.0, 0.0, 0.0, 0.0, 0.0], "num_sources": 2, "seg_angles": 64, "input": [-1.6925952774, -1.2493104281, -0.7356864473, 0.0731011995, 1.231711695, -1.6122560111, -0.9810312303, -0.0952826785, 0.4473793319, 1.384768505, -1.3247423696, -0.8561626398, -0.1750479793, 0.3905751883, 1.7463249235, -0.9765125267, -0.7095729952, -0.0762979813, 0.4736960339, 1.5616236024, 0.0524736204, 0.3916084418, 0.6120210518, 0.7441022325, 1.3751127386]}