{"source": [{"position": [-54.24741943760968, 61.49160499092578], "counts": 500000.0}, {"position": [-192.87057913399596, -231.0885970889023], "counts": 500000.0}], "output": [0.0, 0.0, 0.0, 0.0, 0.0, 0.0, 0.0, 0.0, 0.0421302389, 0.4578697611, 0.0, 0.0, 0.0, 0.0, 0.0, 0.0, 0.0, 0.0, 0.0, 0.0, 0.0, 0.0, 0.0, 0.0, 0.0, 0.0, 0.0, 0.0, 0.0, 0.0, 0.0, 0.0, 0.0, 0.0, 0.0, 0.0, 0.0, 0.0, 0.0, 0.0, 0.0, 0.0, 0.0, 0.0, 0.0, 0.0, 0.0, 0.0, 0.0, 0.0, 0.0, 0.0, 0.0, 0.0, 0.0, 0.3183564762, 0.1816435238, 0.0, 0.0, 0.0, 0.0, 0.0, 0.0, 0.0], "num_sources": 2, "seg_angles": 64, "input": [1.0397482488, -0.1006836657, -0.9156698706, -1.2534838474, -1.6665845329, 1.2748520742, 0.0554720107, -0.8242970753, -1.1578088888, -1.4792425896, 1.3872817547, 0.0564744578, -0.6976141438, -0.8984885573, -1.1188094946, 1.2917871849, 0.2207116815, 0.1836966741, -0.1436050059, -0.5135337204, 1.4716843323, 1.5062953691, 1.1125759465, 0.6847118403, 0.4845298176]}