{"source": [{"position": [188.84084581964586, 375.15214906770916], "counts": 500000.0}, {"position": [-242.03774964919762, 21.603882631423367], "counts": 500000.0}], "output": [0.0466126205, 0.0, 0.0, 0.0, 0.0, 0.0, 0.0, 0.0, 0.0, 0.0, 0.0, 0.0, 0.0, 0.0, 0.0, 0.0, 0.0, 0.0, 0.0, 0.0, 0.0, 0.0, 0.0, 0.0, 0.0, 0.0, 0.0, 0.0, 0.0, 0.0, 0.0, 0.0, 0.0, 0.0, 0.0, 0.0, 0.0, 0.0, 0.0, 0.0, 0.0, 0.0, 0.0, 0.3750554887, 0.1249445113, 0.0, 0.0, 0.0, 0.0, 0.0, 0.0, 0.0, 0.0, 0.0, 0.0, 0.0, 0.0, 0.0, 0.0, 0.0, 0.0, 0.0, 0.0, 0.4533873795], "num_sources": 2, "seg_angles": 64, "input": [0.2384902269, -0.2830243507, -1.3333614181, -1.5734666157, -1.3086576509, 1.2529920277, 0.1226600792, -0.1875893819, -0.9607752198, -1.008229225, 1.4567509985, 0.7307166759, -0.2649880985, -0.8917813865, -0.8617411483, 1.8280619617, 0.4713766911, -0.115150225, -0.4141536388, -0.784717064, 2.1432073668, 1.2735081569, 0.5946679232, 0.1941523064, -0.3189489911]}