{"source": [{"position": [73.07662059893754, -410.5469614086054], "counts": 500000.0}, {"position": [-101.72675273561545, -241.44495807091715], "counts": 500000.0}], "output": [0.0, 0.0, 0.0, 0.0, 0.0, 0.0, 0.0, 0.0, 0.0, 0.0, 0.0, 0.030835513, 0.469164487, 0.0, 0.0, 0.0, 0.0, 0.1028586731, 0.3971413269, 0.0, 0.0, 0.0, 0.0, 0.0, 0.0, 0.0, 0.0, 0.0, 0.0, 0.0, 0.0, 0.0, 0.0, 0.0, 0.0, 0.0, 0.0, 0.0, 0.0, 0.0, 0.0, 0.0, 0.0, 0.0, 0.0, 0.0, 0.0, 0.0, 0.0, 0.0, 0.0, 0.0, 0.0, 0.0, 0.0, 0.0, 0.0, 0.0, 0.0, 0.0, 0.0, 0.0, 0.0, 0.0], "num_sources": 2, "seg_angles": 64, "input": [1.3307283063, 1.6677199406, 1.5608787701, 1.7195538177, 1.2944238205, 0.4995313075, 0.781486432, 0.6326358992, 0.9133307743, 0.2588685889, 0.1504614418, -0.2386386417, 0.0104006002, -0.2492358676, -0.6518271378, -0.1083244494, -0.8388766595, -0.8707968987, -0.9788195148, -0.9428165882, -0.7510253021, -1.1705141913, -1.4132215876, -1.3435285336, -1.2623943266]}