{"source": [{"position": [39.99897712363148, 0.28605779696835776], "counts": 500000.0}, {"position": [-60.77036981804228, -5.287925129800393], "counts": 500000.0}], "output": [0.0579503932, 0.4420496068, 0.0, 0.0, 0.0, 0.0, 0.0, 0.0, 0.0, 0.0, 0.0, 0.0, 0.0, 0.0, 0.0, 0.0, 0.0, 0.0, 0.0, 0.0, 0.0, 0.0, 0.0, 0.0, 0.0, 0.0, 0.0, 0.0, 0.0, 0.0, 0.0, 0.0, 0.4635776796, 0.0364223204, 0.0, 0.0, 0.0, 0.0, 0.0, 0.0, 0.0, 0.0, 0.0, 0.0, 0.0, 0.0, 0.0, 0.0, 0.0, 0.0, 0.0, 0.0, 0.0, 0.0, 0.0, 0.0, 0.0, 0.0, 0.0, 0.0, 0.0, 0.0, 0.0, 0.0], "num_sources": 2, "seg_angles": 64, "input": [-0.9063961503, -1.3906883864, -1.3879530372, -0.2605832099, 1.159864464, -0.287775049, -0.456571441, -0.2591211287, 0.459917685, 1.8125967502, -0.1849386817, -0.1644790847, -0.0546385397, 0.8026070849, 2.2288137819, -0.2391358081, -0.3250061006, -0.1855468167, 0.7600822914, 1.9478355063, -1.008564632, -1.0870771598, -1.1552424462, -0.7009073607, 0.8829074691]}