{"source": [{"position": [-79.84640067337985, 98.76007442031465], "counts": 500000.0}, {"position": [119.81603670449708, 109.03264349921365], "counts": 500000.0}], "output": [0.0, 0.0, 0.0, 0.0, 0.0, 0.0, 0.0, 0.0, 0.0, 0.0, 0.0, 0.0, 0.0, 0.0, 0.0, 0.0, 0.0, 0.0, 0.0, 0.0, 0.0, 0.0, 0.0, 0.0, 0.0, 0.0, 0.0, 0.0, 0.0, 0.0, 0.0, 0.0, 0.0, 0.0, 0.0, 0.0, 0.0, 0.0, 0.0, 0.2398037803, 0.2601962197, 0.0, 0.0, 0.0, 0.0, 0.0, 0.0, 0.0, 0.0, 0.0, 0.0, 0.0, 0.0, 0.0, 0.0373203113, 0.4626796887, 0.0, 0.0, 0.0, 0.0, 0.0, 0.0, 0.0, 0.0], "num_sources": 2, "seg_angles": 64, "input": [-0.7056227214, -1.2253764258, -1.3964213713, -1.3304241965, -0.9419985058, -0.0349910655, -0.8411101473, -1.2611545497, -0.8969570234, -0.2417948554, 0.1351359281, -0.5241012726, -0.8167833595, -0.4252064163, 0.1162453208, 0.5195596202, 0.2323972055, 0.2755984573, 0.6644709429, 0.795643837, 1.471217325, 1.7367491137, 1.5421883483, 1.7675563572, 1.3851794546]}