{"source": [{"position": [-211.6683058877438, 161.0978841655362], "counts": 500000.0}, {"position": [27.90133388145659, 383.98765028010405], "counts": 500000.0}], "output": [0.0, 0.0, 0.0, 0.0, 0.0, 0.0, 0.0, 0.0, 0.0, 0.0, 0.0, 0.0, 0.0, 0.0, 0.0, 0.0, 0.0, 0.0, 0.0, 0.0, 0.0, 0.0, 0.0, 0.0, 0.0, 0.0, 0.0, 0.0, 0.0, 0.0, 0.0, 0.0, 0.0, 0.0, 0.0, 0.0, 0.0, 0.0, 0.0, 0.0, 0.0, 0.0, 0.0, 0.0, 0.0, 0.0, 0.0, 0.3694156045, 0.1305843955, 0.0, 0.0, 0.0, 0.0, 0.0, 0.0, 0.0, 0.0, 0.3132686373, 0.1867313627, 0.0, 0.0, 0.0, 0.0, 0.0], "num_sources": 2, "seg_angles": 64, "input": [0.0259878403, -0.6053012359, -1.1335970535, -1.68829607, -1.750283181, 0.4883116923, -0.0516524637, -0.6752673052, -1.0235881182, -1.5749785402, 0.5940002677, -0.0581480366, -0.1371185742, -0.6443811103, -0.798058643, 1.0150347499, 0.6459397574, 0.3441760968, 0.2138112952, -0.1958952152, 1.6530591103, 1.4164141607, 1.6524192218, 1.2953513315, 0.9920600229]}