{"source": [{"position": [211.2408312344054, -122.12006886420205], "counts": 500000.0}, {"position": [92.97697454094224, 93.69782390863186], "counts": 500000.0}], "output": [0.0, 0.0, 0.0, 0.0, 0.0, 0.0, 0.0, 0.0, 0.0, 0.0, 0.0, 0.0, 0.0, 0.0, 0.0, 0.0, 0.0, 0.0, 0.0, 0.0, 0.0, 0.0, 0.0, 0.0, 0.0, 0.0, 0.1695610186, 0.3304389814, 0.0, 0.0, 0.0, 0.0, 0.0, 0.0, 0.0, 0.0, 0.0, 0.0, 0.0, 0.0, 0.4803335133, 0.0196664867, 0.0, 0.0, 0.0, 0.0, 0.0, 0.0, 0.0, 0.0, 0.0, 0.0, 0.0, 0.0, 0.0, 0.0, 0.0, 0.0, 0.0, 0.0, 0.0, 0.0, 0.0, 0.0], "num_sources": 2, "seg_angles": 64, "input": [-1.2168889374, -0.7804893923, -0.3124261989, 0.2688369638, 1.26371701, -1.6134855092, -1.3803297808, -0.737038127, 0.081326404, 1.5417720636, -1.4394859614, -1.1624047913, -0.4868636631, 0.4597365299, 1.4991345687, -1.0445868884, -0.4629828201, -0.0746285817, 0.5338437242, 1.5451342418, -0.0126652075, 0.4251132164, 0.6737211098, 1.1352136865, 1.2967263403]}