{"source": [{"position": [-105.82039466090757, -439.43832795263756], "counts": 500000.0}, {"position": [-338.5505136634383, -334.60357095856307], "counts": 500000.0}], "output": [0.0, 0.0, 0.0, 0.0, 0.0, 0.0, 0.0, 0.0298614897, 0.4701385103, 0.0, 0.0, 0.0, 0.0, 0.2035124329, 0.2964875671, 0.0, 0.0, 0.0, 0.0, 0.0, 0.0, 0.0, 0.0, 0.0, 0.0, 0.0, 0.0, 0.0, 0.0, 0.0, 0.0, 0.0, 0.0, 0.0, 0.0, 0.0, 0.0, 0.0, 0.0, 0.0, 0.0, 0.0, 0.0, 0.0, 0.0, 0.0, 0.0, 0.0, 0.0, 0.0, 0.0, 0.0, 0.0, 0.0, 0.0, 0.0, 0.0, 0.0, 0.0, 0.0, 0.0, 0.0, 0.0, 0.0], "num_sources": 2, "seg_angles": 64, "input": [1.1149680284, 1.4566030004, 1.4719432759, 1.5224222101, 1.0318749671, 1.1177217081, 0.3902846128, 0.5378559529, 0.530764641, -0.1678963245, 0.707082639, 0.3198818383, -0.1214451559, -0.758327788, -0.780125654, 0.6048242035, -0.406601162, -0.6372599922, -1.0883963719, -1.213872798, 0.190514688, -1.1511842173, -1.4683635653, -1.4583105246, -1.7449582118]}