{"source": [{"position": [423.5843312923908, -61.32140151348575], "counts": 500000.0}, {"position": [60.94777227631612, -384.1957431499656], "counts": 500000.0}], "output": [0.0, 0.0, 0.0, 0.0, 0.0, 0.0, 0.0, 0.0, 0.0, 0.0, 0.0, 0.0, 0.0, 0.0, 0.0, 0.0, 0.0, 0.1987438001, 0.3012561999, 0.0, 0.0, 0.0, 0.0, 0.0, 0.0, 0.0, 0.0, 0.0, 0.0, 0.0, 0.2322098329, 0.2677901671, 0.0, 0.0, 0.0, 0.0, 0.0, 0.0, 0.0, 0.0, 0.0, 0.0, 0.0, 0.0, 0.0, 0.0, 0.0, 0.0, 0.0, 0.0, 0.0, 0.0, 0.0, 0.0, 0.0, 0.0, 0.0, 0.0, 0.0, 0.0, 0.0, 0.0, 0.0, 0.0], "num_sources": 2, "seg_angles": 64, "input": [0.0450793769, 0.7068398735, 0.9495926277, 1.4642715948, 1.4213256234, -0.7385379516, -0.1106884651, 0.7012446292, 1.2204425288, 1.1901884127, -1.0773913399, -0.2175956715, 0.1324145637, 0.5677305678, 1.1457473951, -1.7712266194, -1.0771488433, -0.1643913803, 0.3092045962, 0.4204459761, -1.9081980193, -1.6646128835, -1.0929980199, -0.6198587567, 0.1681201848]}