{"source": [{"position": [72.31135380109586, 332.2214142879004], "counts": 500000.0}, {"position": [12.659931529137134, -137.41807062274435], "counts": 500000.0}], "output": [0.0, 0.0, 0.0, 0.0, 0.0, 0.0, 0.0, 0.0, 0.0, 0.0, 0.0, 0.0, 0.0, 0.0, 0.0, 0.0, 0.0321211242, 0.4678788758, 0.0, 0.0, 0.0, 0.0, 0.0, 0.0, 0.0, 0.0, 0.0, 0.0, 0.0, 0.0, 0.0, 0.0, 0.0, 0.0, 0.0, 0.0, 0.0, 0.0, 0.0, 0.0, 0.0, 0.0, 0.0, 0.0, 0.0, 0.0915093352, 0.4084906648, 0.0, 0.0, 0.0, 0.0, 0.0, 0.0, 0.0, 0.0, 0.0, 0.0, 0.0, 0.0, 0.0, 0.0, 0.0, 0.0, 0.0], "num_sources": 2, "seg_angles": 64, "input": [1.0658585412, 1.6318886824, 2.0030919058, 1.6152300876, 1.5584960736, -0.1899739156, 1.1063632341, 0.8037406617, 0.483998499, 0.5567537647, -1.0891750497, -0.4235041555, -0.05173772, -0.3745379134, -0.4410300602, -1.0350725716, -0.7346283783, -0.1834948138, -0.4767619625, -0.8793633705, -1.5504667535, -0.992780558, -0.7667757067, -0.6840876394, -0.9520308815]}