{"source": [{"position": [308.0778120228697, 100.31979734429974], "counts": 500000.0}, {"position": [22.76029683664238, 65.13807556190102], "counts": 500000.0}], "output": [0.0, 0.0, 0.0, 0.0, 0.0, 0.0, 0.0, 0.0, 0.0, 0.0, 0.0, 0.0, 0.0, 0.0, 0.0, 0.0, 0.0, 0.0, 0.0, 0.0, 0.0, 0.0, 0.0, 0.0, 0.0, 0.0, 0.0, 0.0, 0.0, 0.0, 0.0, 0.0, 0.0, 0.0, 0.0, 0.3967223122, 0.1032776878, 0.0, 0.0, 0.0, 0.0, 0.0, 0.0, 0.0, 0.2120213616, 0.2879786384, 0.0, 0.0, 0.0, 0.0, 0.0, 0.0, 0.0, 0.0, 0.0, 0.0, 0.0, 0.0, 0.0, 0.0, 0.0, 0.0, 0.0, 0.0], "num_sources": 2, "seg_angles": 64, "input": [-1.7628445601, -1.5263675163, -1.3123750874, -1.1252727189, 0.1689161911, -1.3123045057, -0.9847877656, -0.7594244578, -0.586433862, 0.3891936384, -0.7234383631, -0.4020872126, -0.2078796658, -0.107192911, 0.5475667702, 0.0375471119, 0.3614106479, 0.750574665, 0.7629187969, 0.8547882394, 1.1246096286, 1.5254536862, 1.4355757121, 1.5113471069, 1.3405064319]}