{"source": [{"position": [-20.93913189708786, -1.597734457398236], "counts": 500000.0}, {"position": [-9.80360241180374, -183.73864421985726], "counts": 500000.0}], "output": [0.112139727, 0.387860273, 0.0, 0.0, 0.0, 0.0, 0.0, 0.0, 0.0, 0.0, 0.0, 0.0, 0.0, 0.0, 0.0, 0.2714836446, 0.2285163554, 0.0, 0.0, 0.0, 0.0, 0.0, 0.0, 0.0, 0.0, 0.0, 0.0, 0.0, 0.0, 0.0, 0.0, 0.0, 0.0, 0.0, 0.0, 0.0, 0.0, 0.0, 0.0, 0.0, 0.0, 0.0, 0.0, 0.0, 0.0, 0.0, 0.0, 0.0, 0.0, 0.0, 0.0, 0.0, 0.0, 0.0, 0.0, 0.0, 0.0, 0.0, 0.0, 0.0, 0.0, 0.0, 0.0, 0.0], "num_sources": 2, "seg_angles": 64, "input": [1.4691559199, 0.579449275, -0.3282142274, -0.7491238789, -1.2116891653, 1.7201449125, 0.7645827812, -0.067490952, -0.6327618606, -1.1206940815, 1.719196974, 0.8488894846, 0.006786686, -0.6228071738, -1.1479558332, 1.6761771129, 0.6596421491, -0.1468901123, -0.698828079, -1.2125069118, 1.1172389466, 0.301326154, -0.5202054079, -1.0289641434, -1.3744585687]}