{"source": [{"position": [-354.82664617680933, -298.9883796452922], "counts": 500000.0}, {"position": [55.94906941746959, 194.09714483041523], "counts": 500000.0}], "output": [0.0, 0.0, 0.0, 0.0, 0.0, 0.0, 0.0, 0.4339049218, 0.0660950782, 0.0, 0.0, 0.0, 0.0, 0.0, 0.0, 0.0, 0.0, 0.0, 0.0, 0.0, 0.0, 0.0, 0.0, 0.0, 0.0, 0.0, 0.0, 0.0, 0.0, 0.0, 0.0, 0.0, 0.0, 0.0, 0.0, 0.0, 0.0, 0.0, 0.0, 0.0, 0.0, 0.0, 0.0, 0.0, 0.0, 0.4293138809, 0.0706861191, 0.0, 0.0, 0.0, 0.0, 0.0, 0.0, 0.0, 0.0, 0.0, 0.0, 0.0, 0.0, 0.0, 0.0, 0.0, 0.0, 0.0], "num_sources": 2, "seg_angles": 64, "input": [-1.3297397902, -1.2751426548, -1.081459617, -1.0089741654, 0.1109802909, -0.4703909794, -0.7586921047, -1.3683486154, -1.1294586162, 0.0896166537, 0.0873746168, 0.0576305877, -0.5642737412, -0.5758249156, -0.6137292426, 0.8171235466, 0.9916073644, 0.6554160581, 0.3607469873, -0.2095958013, 2.0639319582, 1.5952765959, 1.7409786861, 1.4897005496, 0.3252463485]}