{"source": [{"position": [-20.276321986328938, -317.3529120186338], "counts": 500000.0}, {"position": [-368.0114748510532, -26.99174647837055], "counts": 500000.0}], "output": [0.1271254112, 0.3728745888, 0.0, 0.0, 0.0, 0.0, 0.0, 0.0, 0.0, 0.0, 0.0, 0.0, 0.0, 0.0, 0.0, 0.3249577406, 0.1750422594, 0.0, 0.0, 0.0, 0.0, 0.0, 0.0, 0.0, 0.0, 0.0, 0.0, 0.0, 0.0, 0.0, 0.0, 0.0, 0.0, 0.0, 0.0, 0.0, 0.0, 0.0, 0.0, 0.0, 0.0, 0.0, 0.0, 0.0, 0.0, 0.0, 0.0, 0.0, 0.0, 0.0, 0.0, 0.0, 0.0, 0.0, 0.0, 0.0, 0.0, 0.0, 0.0, 0.0, 0.0, 0.0, 0.0, 0.0], "num_sources": 2, "seg_angles": 64, "input": [1.904505718, 1.5362700706, 1.1608655051, 1.0461122924, 0.3803933461, 1.1685703151, 1.2206035293, 0.4161727755, 0.1959098494, -0.3187892561, 0.8349346861, 0.4096604457, -0.2119992634, -0.5559013112, -1.0670127312, 0.2786993494, -0.1549324283, -0.5732656539, -0.9727299954, -1.4271721104, -0.2911311442, -0.4667568605, -1.0442787418, -1.5375105897, -1.9312177967]}