{"source": [{"position": [198.43471112387832, -362.20528077484306], "counts": 500000.0}, {"position": [-480.7227473612634, 16.329120289806998], "counts": 500000.0}], "output": [0.3270696275, 0.0, 0.0, 0.0, 0.0, 0.0, 0.0, 0.0, 0.0, 0.0, 0.0, 0.0, 0.0, 0.0, 0.0, 0.0, 0.0, 0.0, 0.0, 0.0, 0.0, 0.447449063, 0.052550937, 0.0, 0.0, 0.0, 0.0, 0.0, 0.0, 0.0, 0.0, 0.0, 0.0, 0.0, 0.0, 0.0, 0.0, 0.0, 0.0, 0.0, 0.0, 0.0, 0.0, 0.0, 0.0, 0.0, 0.0, 0.0, 0.0, 0.0, 0.0, 0.0, 0.0, 0.0, 0.0, 0.0, 0.0, 0.0, 0.0, 0.0, 0.0, 0.0, 0.0, 0.1729303725], "num_sources": 2, "seg_angles": 64, "input": [2.3349762415, 1.5106181333, 0.9251667722, 0.4230672236, 0.2357859164, 1.2171947954, 0.913169771, 0.3212494347, 0.3125553543, 0.1485317287, 1.0459509501, 0.790244007, -0.20524127, -0.9451079522, -0.2825872271, 0.1288829952, -0.5691738061, -1.2931214315, -0.9573123362, -0.2079951426, -0.5869281489, -1.4191158591, -1.479632094, -1.7262962873, -0.6348817683]}