{"source": [{"position": [-51.25068590593799, 24.94728831297878], "counts": 500000.0}, {"position": [409.1945285230812, 62.89545155870389], "counts": 500000.0}], "output": [0.0, 0.0, 0.0, 0.0, 0.0, 0.0, 0.0, 0.0, 0.0, 0.0, 0.0, 0.0, 0.0, 0.0, 0.0, 0.0, 0.0, 0.0, 0.0, 0.0, 0.0, 0.0, 0.0, 0.0, 0.0, 0.0, 0.0, 0.0, 0.0, 0.0, 0.0, 0.0, 0.0, 0.2232631267, 0.2767368733, 0.0, 0.0, 0.0, 0.0, 0.0, 0.0, 0.0, 0.0, 0.0, 0.0, 0.0, 0.0, 0.0, 0.0, 0.0, 0.0, 0.0, 0.0, 0.0, 0.0, 0.0, 0.0, 0.0, 0.0, 0.3071486331, 0.1928513669, 0.0, 0.0, 0.0], "num_sources": 2, "seg_angles": 64, "input": [1.0363983028, -0.0424525714, -0.7683670404, -1.3250733684, -1.5897630352, 1.5286883271, 0.4806801424, -0.6024289596, -1.0862399804, -1.3160561357, 1.6066827785, 0.4827998565, -0.293286063, -0.8916142358, -1.3557808997, 1.6401468417, 0.661376013, -0.2659235206, -0.5842871212, -0.913062256, 1.4017142768, 0.8069762175, 0.6031144545, 0.4713707727, 0.3143872037]}