{"source": [{"position": [109.13495026379219, 125.0822234808752], "counts": 500000.0}, {"position": [-202.34031821879694, -261.9530408739628], "counts": 500000.0}], "output": [0.0, 0.0, 0.0, 0.0, 0.0, 0.0, 0.0, 0.0, 0.0, 0.349650212, 0.150349788, 0.0, 0.0, 0.0, 0.0, 0.0, 0.0, 0.0, 0.0, 0.0, 0.0, 0.0, 0.0, 0.0, 0.0, 0.0, 0.0, 0.0, 0.0, 0.0, 0.0, 0.0, 0.0, 0.0, 0.0, 0.0, 0.0, 0.0, 0.0, 0.0, 0.1537673373, 0.3462326627, 0.0, 0.0, 0.0, 0.0, 0.0, 0.0, 0.0, 0.0, 0.0, 0.0, 0.0, 0.0, 0.0, 0.0, 0.0, 0.0, 0.0, 0.0, 0.0, 0.0, 0.0, 0.0], "num_sources": 2, "seg_angles": 64, "input": [-1.6789912826, -1.0969986711, -0.6194728127, 0.2649789402, 1.6947598883, -1.5043938581, -1.4419501153, -0.8770705887, 0.0741862938, 1.5445888754, -0.3401801476, -1.0460666399, -1.1068943337, -0.5366999687, 1.0721628003, 0.6202400291, -0.0851601263, -0.246172296, -0.1667704299, 0.5944974705, 1.3962161369, 1.2922584548, 0.909349332, 0.9349253064, 0.3486577431]}