{"source": [{"position": [140.26595975122714, 174.646673415405], "counts": 500000.0}, {"position": [-77.02322247560319, 152.67096383881818], "counts": 500000.0}], "output": [0.0, 0.0, 0.0, 0.0, 0.0, 0.0, 0.0, 0.0, 0.0, 0.0, 0.0, 0.0, 0.0, 0.0, 0.0, 0.0, 0.0, 0.0, 0.0, 0.0, 0.0, 0.0, 0.0, 0.0, 0.0, 0.0, 0.0, 0.0, 0.0, 0.0, 0.0, 0.0, 0.0, 0.0, 0.0, 0.0, 0.0, 0.0, 0.0, 0.0, 0.0, 0.4461677125, 0.0538322875, 0.0, 0.0, 0.0, 0.0, 0.0, 0.0, 0.0, 0.0, 0.0, 0.120341312, 0.379658688, 0.0, 0.0, 0.0, 0.0, 0.0, 0.0, 0.0, 0.0, 0.0, 0.0], "num_sources": 2, "seg_angles": 64, "input": [-0.6922566661, -1.3750128977, -1.5797240645, -1.296254283, -0.6724717858, -0.352179136, -1.0509878319, -1.1427153674, -0.719675269, -0.2945678773, 0.079971832, -0.5737065186, -0.5836292842, -0.4296753557, 0.095577548, 0.6000023056, 0.5724341066, 0.5481858607, 0.4904739372, 0.4941683173, 1.4701286326, 1.6267632663, 1.6801244946, 1.7383506632, 1.3666753733]}