{"source": [{"position": [-3.9534374991732495, -77.89974539072725], "counts": 500000.0}, {"position": [-276.2275231268606, -114.4524157333504], "counts": 500000.0}], "output": [0.0, 0.0, 0.0, 0.0, 0.4994456055, 0.0005543945, 0.0, 0.0, 0.0, 0.0, 0.0, 0.0, 0.0, 0.0, 0.0, 0.2582477277, 0.2417522723, 0.0, 0.0, 0.0, 0.0, 0.0, 0.0, 0.0, 0.0, 0.0, 0.0, 0.0, 0.0, 0.0, 0.0, 0.0, 0.0, 0.0, 0.0, 0.0, 0.0, 0.0, 0.0, 0.0, 0.0, 0.0, 0.0, 0.0, 0.0, 0.0, 0.0, 0.0, 0.0, 0.0, 0.0, 0.0, 0.0, 0.0, 0.0, 0.0, 0.0, 0.0, 0.0, 0.0, 0.0, 0.0, 0.0, 0.0], "num_sources": 2, "seg_angles": 64, "input": [1.4416078534, 1.6814935212, 1.7034430657, 1.8013002456, 1.1009403534, 0.5565101161, 0.9889195912, 0.7194495057, 0.4151582123, 0.0303679515, -0.1121820037, 0.0598639629, -0.1013541966, -0.225052056, -0.6588697652, -0.3295263987, -0.4481293677, -0.5887984036, -0.8476269841, -1.2356828646, -0.9145928174, -0.9666782733, -1.1918314909, -1.3697274477, -1.5090023097]}