{"source": [{"position": [-90.47009065707479, -268.1495155626813], "counts": 500000.0}, {"position": [300.8336332495449, 10.006253338705], "counts": 500000.0}], "output": [0.0, 0.0, 0.0, 0.0, 0.0, 0.0, 0.0, 0.0, 0.0, 0.0, 0.0, 0.0, 0.1572189135, 0.3427810865, 0.0, 0.0, 0.0, 0.0, 0.0, 0.0, 0.0, 0.0, 0.0, 0.0, 0.0, 0.0, 0.0, 0.0, 0.0, 0.0, 0.0, 0.0, 0.3306617246, 0.1693382754, 0.0, 0.0, 0.0, 0.0, 0.0, 0.0, 0.0, 0.0, 0.0, 0.0, 0.0, 0.0, 0.0, 0.0, 0.0, 0.0, 0.0, 0.0, 0.0, 0.0, 0.0, 0.0, 0.0, 0.0, 0.0, 0.0, 0.0, 0.0, 0.0, 0.0], "num_sources": 2, "seg_angles": 64, "input": [0.0141003195, 0.6955814121, 1.0577607759, 1.7519886808, 1.7543451345, -0.7406243079, -0.3124446996, 0.3808005159, 1.0636915314, 1.6913767629, -0.4853594285, -0.6363320418, -0.0484494251, 0.573393985, 1.0153548184, -0.6362503231, -1.3064201, -0.691086085, 0.0442931871, 0.3954144207, -1.2191990859, -1.9223800031, -1.3335876587, -0.8217871993, -0.2841811861]}