{"source": [{"position": [155.83695855720606, -139.2689568699344], "counts": 500000.0}, {"position": [-324.4861548581122, 247.33122590040514], "counts": 500000.0}], "output": [0.0, 0.0, 0.0, 0.0, 0.0, 0.0, 0.0, 0.0, 0.0, 0.0, 0.0, 0.0, 0.0, 0.0, 0.0, 0.0, 0.0, 0.0, 0.0, 0.0, 0.0, 0.0, 0.0, 0.0, 0.2143681385, 0.2856318615, 0.0, 0.0, 0.0, 0.0, 0.0, 0.0, 0.0, 0.0, 0.0, 0.0, 0.0, 0.0, 0.0, 0.0, 0.0, 0.0, 0.0, 0.0, 0.0, 0.0, 0.0, 0.0, 0.0, 0.0, 0.0, 0.0, 0.0, 0.0, 0.0, 0.0, 0.0, 0.3169359632, 0.1830640368, 0.0, 0.0, 0.0, 0.0, 0.0], "num_sources": 2, "seg_angles": 64, "input": [1.8526115362, 1.1484189295, 0.8085285052, 0.6165498815, 0.2140162513, 0.3549999145, 0.1421434373, -0.3346964267, -0.4401726739, 0.4676067836, -0.4520052275, -0.8740924293, -1.3679455443, -0.3329245855, 0.599916277, -1.5609386971, -1.6686048313, -0.7730321865, 0.0725052424, 1.7109141799, -1.1500459386, -1.0170646914, -0.5408479582, 0.7133451086, 1.8108151432]}