{"source": [{"position": [289.2994855930425, 383.0219414545347], "counts": 500000.0}, {"position": [457.6990553718857, -45.95187386476668], "counts": 500000.0}], "output": [0.0, 0.0, 0.0, 0.0, 0.0, 0.0, 0.0, 0.0, 0.0, 0.0, 0.0, 0.0, 0.0, 0.0, 0.0, 0.0, 0.0, 0.0, 0.0, 0.0, 0.0, 0.0, 0.0, 0.0, 0.0, 0.0, 0.0, 0.0, 0.0, 0.0, 0.0096129697, 0.4903870303, 0.0, 0.0, 0.0, 0.0, 0.0, 0.0, 0.0, 0.0, 0.0, 0.2945811586, 0.2054188414, 0.0, 0.0, 0.0, 0.0, 0.0, 0.0, 0.0, 0.0, 0.0, 0.0, 0.0, 0.0, 0.0, 0.0, 0.0, 0.0, 0.0, 0.0, 0.0, 0.0, 0.0], "num_sources": 2, "seg_angles": 64, "input": [-1.7341087047, -1.3407843565, -0.8605620563, 0.0404731619, 1.2805410456, -1.4737690502, -1.0079237777, -0.6258473519, 0.2822893121, 1.8417641103, -1.2466658934, -0.4878293379, -0.1544040865, 0.5352807018, 1.4990623257, -0.7249729544, -0.5017831583, 0.230595856, 0.5710896182, 1.689045812, -0.3335436466, 0.1136071486, 0.4773039912, 0.6606954548, 1.2704458361]}