{"source": [{"position": [-15.747681570842705, 32.37299067345093], "counts": 500000.0}, {"position": [-72.98454127232986, -1.5022434115614793], "counts": 500000.0}], "output": [0.3951862606, 0.1048137394, 0.0, 0.0, 0.0, 0.0, 0.0, 0.0, 0.0, 0.0, 0.0, 0.0, 0.0, 0.0, 0.0, 0.0, 0.0, 0.0, 0.0, 0.0, 0.0, 0.0, 0.0, 0.0, 0.0, 0.0, 0.0, 0.0, 0.0, 0.0, 0.0, 0.0, 0.0, 0.0, 0.0, 0.0, 0.0, 0.0, 0.0, 0.0, 0.0, 0.0, 0.0, 0.0, 0.0, 0.0, 0.0, 0.0, 0.0, 0.0, 0.0, 0.0, 0.1941887647, 0.3058112353, 0.0, 0.0, 0.0, 0.0, 0.0, 0.0, 0.0, 0.0, 0.0, 0.0], "num_sources": 2, "seg_angles": 64, "input": [0.5377348084, -0.6323992669, -1.3378210032, -1.5696730674, -1.831986721, 1.0760769423, -0.2201765846, -0.7298173388, -1.1104099389, -1.429087951, 1.1074361674, 0.0292350232, -0.1682467347, -0.5541555856, -1.0149175455, 1.1810202168, 0.7968097347, 0.5671605769, 0.2816087647, -0.3698512637, 1.5143929063, 1.3803137483, 1.1805443294, 0.8424967231, 0.4737130602]}