{"source": [{"position": [18.874101830734975, 13.144134816831677], "counts": 500000.0}, {"position": [-213.6263393160894, 87.89076828886539], "counts": 500000.0}], "output": [0.0, 0.0, 0.0, 0.0, 0.0, 0.0, 0.0, 0.0, 0.0, 0.0, 0.0, 0.0, 0.0, 0.0, 0.0, 0.0, 0.0, 0.0, 0.0, 0.0, 0.0, 0.0, 0.0, 0.0, 0.0, 0.0, 0.0, 0.0, 0.0, 0.0, 0.0, 0.0, 0.0, 0.0, 0.0, 0.0, 0.0, 0.0, 0.4018859467, 0.0981140533, 0.0, 0.0, 0.0, 0.0, 0.0, 0.0, 0.0, 0.0, 0.0, 0.0, 0.0, 0.0, 0.0, 0.0, 0.0, 0.0, 0.0, 0.0, 0.0, 0.0, 0.4878567259, 0.0121432741, 0.0, 0.0], "num_sources": 2, "seg_angles": 64, "input": [-1.5910396476, -1.370838041, -0.9012117635, -0.2718773933, 0.8112476737, -1.4170836018, -1.0696932618, -0.6775887484, 0.2357643138, 1.3996163829, -1.2307247376, -0.9150612864, -0.3969990388, 0.2809673573, 1.579705585, -0.6881997866, -0.3872235121, -0.1842365462, 0.457226946, 1.5647341862, 0.4969731981, 0.8316666142, 0.9421183668, 1.0712408782, 1.4305158628]}