{"source": [{"position": [-59.22415070110871, -31.328899976417357], "counts": 500000.0}, {"position": [-53.50091676471402, -325.6342302420542], "counts": 500000.0}], "output": [0.0, 0.0, 0.0, 0.0, 0.021926264, 0.478073736, 0.0, 0.0, 0.0, 0.0, 0.0, 0.0, 0.0, 0.0, 0.3293512677, 0.1706487323, 0.0, 0.0, 0.0, 0.0, 0.0, 0.0, 0.0, 0.0, 0.0, 0.0, 0.0, 0.0, 0.0, 0.0, 0.0, 0.0, 0.0, 0.0, 0.0, 0.0, 0.0, 0.0, 0.0, 0.0, 0.0, 0.0, 0.0, 0.0, 0.0, 0.0, 0.0, 0.0, 0.0, 0.0, 0.0, 0.0, 0.0, 0.0, 0.0, 0.0, 0.0, 0.0, 0.0, 0.0, 0.0, 0.0, 0.0, 0.0], "num_sources": 2, "seg_angles": 64, "input": [1.2862133455, 1.1222463874, 0.985508562, 0.8465150808, 0.5060721039, 1.5334979528, 0.6993523149, 0.089764361, -0.3689576861, -0.6766544398, 1.2827573925, 0.4570161645, -0.3611209311, -0.8830639714, -1.3728528175, 1.2087830585, 0.2658259815, -0.6314604189, -1.1447803439, -1.5782836699, 0.8636265867, -0.2144155951, -0.8283931486, -1.3502635334, -1.7369327362]}