{"source": [{"position": [23.337567581233298, 125.8545110013597], "counts": 500000.0}, {"position": [-14.56096127501016, 364.7094438134934], "counts": 500000.0}], "output": [0.0, 0.0, 0.0, 0.0, 0.0, 0.0, 0.0, 0.0, 0.0, 0.0, 0.0, 0.0, 0.0, 0.0, 0.0, 0.0, 0.0, 0.0, 0.0, 0.0, 0.0, 0.0, 0.0, 0.0, 0.0, 0.0, 0.0, 0.0, 0.0, 0.0, 0.0, 0.0, 0.0, 0.0, 0.0, 0.0, 0.0, 0.0, 0.0, 0.0, 0.0, 0.0, 0.0, 0.0, 0.0, 0.0, 0.4337954758, 0.0662045242, 0.2967724634, 0.2032275366, 0.0, 0.0, 0.0, 0.0, 0.0, 0.0, 0.0, 0.0, 0.0, 0.0, 0.0, 0.0, 0.0, 0.0], "num_sources": 2, "seg_angles": 64, "input": [-1.3723970035, -1.3909026979, -1.3421379564, -1.2837379883, -0.8773934152, -0.8969730598, -0.7174184684, -0.7149704681, -0.7286670356, -0.5732994039, -0.3876562823, -0.1940826419, -0.0536683936, -0.0666930552, -0.2107724714, 0.2770873743, 0.6976915053, 0.7811575755, 0.8455580031, 0.6156505005, 1.2380912332, 1.8739797208, 1.584753205, 1.5303364074, 1.3664648165]}