{"source": [{"position": [79.17935868135656, 385.96195299382697], "counts": 500000.0}, {"position": [379.0377653294145, -264.14839097386846], "counts": 500000.0}], "output": [0.0, 0.0, 0.0, 0.0, 0.0, 0.0, 0.0, 0.0, 0.0, 0.0, 0.0, 0.0, 0.0, 0.0, 0.0, 0.0, 0.0, 0.0, 0.0, 0.0, 0.0, 0.0, 0.0, 0.0, 0.0, 0.0997628861, 0.4002371139, 0.0, 0.0, 0.0, 0.0, 0.0, 0.0, 0.0, 0.0, 0.0, 0.0, 0.0, 0.0, 0.0, 0.0, 0.0, 0.0, 0.0, 0.0, 0.0305127906, 0.4694872094, 0.0, 0.0, 0.0, 0.0, 0.0, 0.0, 0.0, 0.0, 0.0, 0.0, 0.0, 0.0, 0.0, 0.0, 0.0, 0.0, 0.0], "num_sources": 2, "seg_angles": 64, "input": [-0.7302056024, -0.6803177703, -0.5627028867, -0.432138356, 0.4134444745, -1.3022361682, -0.9487391299, -0.9126900547, -0.6523841913, 0.6904385962, -1.1021303141, -1.0879029139, -0.1612414706, -0.063351917, 1.3903456368, -0.976489226, -0.1865552921, 0.1271503039, 0.7998539939, 2.5712044819, -0.5294526736, 0.4394706405, 0.6656480109, 1.2650673779, 1.9659144505]}