{"source": [{"position": [315.35834093922966, -296.71217838177216], "counts": 500000.0}, {"position": [-129.45131870649857, 460.13732307339365], "counts": 500000.0}], "output": [0.0, 0.0, 0.0, 0.0, 0.0, 0.0, 0.0, 0.0, 0.0, 0.0, 0.0, 0.0, 0.0, 0.0, 0.0, 0.0, 0.0, 0.0, 0.0, 0.0, 0.0, 0.0, 0.0, 0.0, 0.3448957073, 0.1551042927, 0.0, 0.0, 0.0, 0.0, 0.0, 0.0, 0.0, 0.0, 0.0, 0.0, 0.0, 0.0, 0.0, 0.0, 0.0, 0.0, 0.0, 0.0, 0.0, 0.0, 0.0, 0.0, 0.0, 0.0, 0.1032899918, 0.3967100082, 0.0, 0.0, 0.0, 0.0, 0.0, 0.0, 0.0, 0.0, 0.0, 0.0, 0.0, 0.0], "num_sources": 2, "seg_angles": 64, "input": [0.9085623261, 0.3157386329, -0.2168136212, -0.6743360937, -0.2123676002, -0.0367138018, -0.2055132626, -0.9452608401, -0.6066759839, 0.3583124152, -1.3907216682, -1.2663186723, -0.7824687688, -0.6268160804, 0.6258535034, -0.9811251588, -1.1373244415, 0.6642965207, 0.9235572771, 1.7014412456, -0.893117283, -0.6500943996, 1.0210928265, 1.9564752593, 2.1503376694]}