{"source": [{"position": [37.15931256957365, 345.0046166203529], "counts": 500000.0}, {"position": [-116.37590423837868, -231.38204103322212], "counts": 500000.0}], "output": [0.0, 0.0, 0.0, 0.0, 0.0, 0.0, 0.0, 0.0, 0.0, 0.0, 0.0, 0.3733835975, 0.1266164025, 0.0, 0.0, 0.0, 0.0, 0.0, 0.0, 0.0, 0.0, 0.0, 0.0, 0.0, 0.0, 0.0, 0.0, 0.0, 0.0, 0.0, 0.0, 0.0, 0.0, 0.0, 0.0, 0.0, 0.0, 0.0, 0.0, 0.0, 0.0, 0.0, 0.0, 0.0, 0.0, 0.0, 0.0464392401, 0.4535607599, 0.0, 0.0, 0.0, 0.0, 0.0, 0.0, 0.0, 0.0, 0.0, 0.0, 0.0, 0.0, 0.0, 0.0, 0.0, 0.0], "num_sources": 2, "seg_angles": 64, "input": [-0.0656680373, 0.5188326073, 0.6640277184, 1.569608916, 0.560117201, 0.5620017336, 0.2363623088, 0.6932226581, -0.1566706062, -0.9947478184, 0.6887421266, -0.3901440791, -0.4046729762, -0.2354919797, -1.6790475823, 2.0602488285, -0.1365550921, -0.6355256349, -1.2677770677, -1.3906101159, 2.1291397611, 0.5127343947, -0.7492517675, -0.705766008, -1.3831094889]}