{"source": [{"position": [-254.57570723998222, -156.8190335490653], "counts": 500000.0}, {"position": [224.75164070055493, -382.91343669608756], "counts": 500000.0}], "output": [0.0, 0.0, 0.0, 0.0, 0.0, 0.188165847, 0.311834153, 0.0, 0.0, 0.0, 0.0, 0.0, 0.0, 0.0, 0.0, 0.0, 0.0, 0.0, 0.0, 0.0, 0.0, 0.2968115544, 0.2031884456, 0.0, 0.0, 0.0, 0.0, 0.0, 0.0, 0.0, 0.0, 0.0, 0.0, 0.0, 0.0, 0.0, 0.0, 0.0, 0.0, 0.0, 0.0, 0.0, 0.0, 0.0, 0.0, 0.0, 0.0, 0.0, 0.0, 0.0, 0.0, 0.0, 0.0, 0.0, 0.0, 0.0, 0.0, 0.0, 0.0, 0.0, 0.0, 0.0, 0.0, 0.0], "num_sources": 2, "seg_angles": 64, "input": [1.6158191266, 1.5896584854, 1.5201301338, 1.5421905408, 1.2428955938, 1.3224134134, 0.5340846735, 0.0797108447, -0.0625232361, -0.0481956767, 0.6951378666, -0.0238441301, -0.5287361536, -0.9261944397, -0.7187597941, 0.1464747064, -0.0999773194, -0.8113045975, -1.2112576333, -0.7104073922, -0.1146584301, -0.6957883771, -1.4533663913, -1.3538676878, -1.5296341261]}