{"source": [{"position": [1.5028019969245971, -29.96233612651122], "counts": 500000.0}, {"position": [115.7112621550223, 150.70137295489945], "counts": 500000.0}], "output": [0.0, 0.0, 0.0, 0.0, 0.0, 0.0, 0.0, 0.0, 0.0, 0.0, 0.0, 0.0, 0.0, 0.0, 0.0, 0.0, 0.2447695896, 0.2552304104, 0.0, 0.0, 0.0, 0.0, 0.0, 0.0, 0.0, 0.0, 0.0, 0.0, 0.0, 0.0, 0.0, 0.0, 0.0, 0.0, 0.0, 0.0, 0.0, 0.0, 0.0, 0.0, 0.0, 0.3349076789, 0.1650923211, 0.0, 0.0, 0.0, 0.0, 0.0, 0.0, 0.0, 0.0, 0.0, 0.0, 0.0, 0.0, 0.0, 0.0, 0.0, 0.0, 0.0, 0.0, 0.0, 0.0, 0.0], "num_sources": 2, "seg_angles": 64, "input": [1.2120501431, 1.6867605463, 1.7859120501, 1.7543402198, 1.5767523907, 0.2081228853, 0.5415082333, 0.719411297, 0.7544650241, 0.5993493916, -0.5492590915, -0.2236071074, -0.0764103413, -0.1496158354, -0.3102786534, -1.0031707914, -0.6516170811, -0.6016780878, -0.7068132788, -0.802126149, -1.3150087966, -1.0423063286, -0.9795620626, -1.121783667, -1.3054349096]}