{"source": [{"position": [287.0223622668392, -80.13840252190799], "counts": 500000.0}, {"position": [-123.13906209322191, -197.80235435100775], "counts": 500000.0}], "output": [0.0, 0.0, 0.0, 0.0, 0.0, 0.0, 0.0, 0.0, 0.0, 0.0, 0.3358884694, 0.1641115306, 0.0, 0.0, 0.0, 0.0, 0.0, 0.0, 0.0, 0.0, 0.0, 0.0, 0.0, 0.0, 0.0, 0.0, 0.0, 0.0, 0.0, 0.3866719185, 0.1133280815, 0.0, 0.0, 0.0, 0.0, 0.0, 0.0, 0.0, 0.0, 0.0, 0.0, 0.0, 0.0, 0.0, 0.0, 0.0, 0.0, 0.0, 0.0, 0.0, 0.0, 0.0, 0.0, 0.0, 0.0, 0.0, 0.0, 0.0, 0.0, 0.0, 0.0, 0.0, 0.0, 0.0], "num_sources": 2, "seg_angles": 64, "input": [0.7520052116, 1.5231150304, 1.6850075016, 1.753241371, 1.8936712462, 0.0429976805, -0.152554642, -0.1247949071, 1.036534203, 1.0174124778, 0.252267428, -0.6500463016, -0.5769319654, -0.1242711742, 0.3484058092, -0.385603812, -0.9162962072, -1.0125053732, -0.4845683745, -0.1865825476, -0.6052080397, -1.3269612436, -1.7134980542, -1.2127806884, -0.8320546285]}