{"source": [{"position": [-284.4243773327536, 18.104518189540865], "counts": 500000.0}, {"position": [231.411593917604, -222.46274789392032], "counts": 500000.0}], "output": [0.1762537512, 0.0, 0.0, 0.0, 0.0, 0.0, 0.0, 0.0, 0.0, 0.0, 0.0, 0.0, 0.0, 0.0, 0.0, 0.0, 0.0, 0.0, 0.0, 0.0, 0.0, 0.0, 0.0, 0.0, 0.3995973336, 0.1004026664, 0.0, 0.0, 0.0, 0.0, 0.0, 0.0, 0.0, 0.0, 0.0, 0.0, 0.0, 0.0, 0.0, 0.0, 0.0, 0.0, 0.0, 0.0, 0.0, 0.0, 0.0, 0.0, 0.0, 0.0, 0.0, 0.0, 0.0, 0.0, 0.0, 0.0, 0.0, 0.0, 0.0, 0.0, 0.0, 0.0, 0.0, 0.3237462488], "num_sources": 2, "seg_angles": 64, "input": [2.4753037217, 1.519251144, 0.9629529461, 0.1951881592, -0.0457644318, 1.4280226589, 1.6699970848, 0.0616013225, -0.9046070597, -0.4783419588, 0.9950466952, 0.2474919024, -0.7554354422, -0.5351985072, 0.1417939419, 0.081618948, -0.334434134, -0.7949250591, -0.8932784469, -0.1648181456, -0.294772754, -1.0440719737, -1.6754528925, -1.4312970208, -0.4258706984]}