{"source": [{"position": [-204.1848537782585, 120.32267237537233], "counts": 500000.0}, {"position": [-13.71421985588903, -31.111415489243473], "counts": 500000.0}], "output": [0.0, 0.0, 0.0, 0.0, 0.0, 0.0, 0.0, 0.0, 0.0, 0.0, 0.0, 0.1145208852, 0.3854791148, 0.0, 0.0, 0.0, 0.0, 0.0, 0.0, 0.0, 0.0, 0.0, 0.0, 0.0, 0.0, 0.0, 0.0, 0.0, 0.0, 0.0, 0.0, 0.0, 0.0, 0.0, 0.0, 0.0, 0.0, 0.0, 0.0, 0.0, 0.0, 0.0, 0.0, 0.0, 0.0, 0.0, 0.0, 0.0, 0.0, 0.0, 0.0, 0.0, 0.0, 0.0, 0.0, 0.0, 0.0, 0.0, 0.2120110122, 0.2879889878, 0.0, 0.0, 0.0, 0.0], "num_sources": 2, "seg_angles": 64, "input": [1.4215223436, 1.6006715992, 1.4641446092, 1.3576258325, 1.0278620987, 1.0219492611, 0.8170340669, 0.6369715128, 0.417943962, -0.0461563787, 0.6487431832, -0.1898050125, -0.2946575731, -0.4302510532, -0.8029961186, 0.5647671798, -0.752902701, -0.9289249449, -1.012199935, -1.3094540668, 0.1004339716, -1.0340119502, -1.3281508469, -1.3684495425, -1.5817094974]}