{"source": [{"position": [223.89424313030474, 86.43707476024385], "counts": 500000.0}, {"position": [-378.4654131056299, -263.2203090241801], "counts": 500000.0}], "output": [0.0, 0.0, 0.0, 0.0, 0.0, 0.0, 0.4050337999, 0.0949662001, 0.0, 0.0, 0.0, 0.0, 0.0, 0.0, 0.0, 0.0, 0.0, 0.0, 0.0, 0.0, 0.0, 0.0, 0.0, 0.0, 0.0, 0.0, 0.0, 0.0, 0.0, 0.0, 0.0, 0.0, 0.0, 0.0, 0.0, 0.1235837015, 0.3764162985, 0.0, 0.0, 0.0, 0.0, 0.0, 0.0, 0.0, 0.0, 0.0, 0.0, 0.0, 0.0, 0.0, 0.0, 0.0, 0.0, 0.0, 0.0, 0.0, 0.0, 0.0, 0.0, 0.0, 0.0, 0.0, 0.0, 0.0], "num_sources": 2, "seg_angles": 64, "input": [-1.6816496267, -0.9797077098, -0.2399805111, 0.9807394602, 1.7683009595, -0.9615469206, -0.8238952918, -0.1653367224, 1.0538059668, 1.9259304517, -1.1558962213, -0.9769502354, -1.1034715874, 0.2114700686, 1.2523860941, -0.7664058096, -0.782806916, -0.9767302176, 0.1368579669, 1.1725419938, 1.1208852178, 0.386433872, -0.0234241436, -0.0996675301, 0.7281173922]}