{"source": [{"position": [188.18847129041072, 61.555659962169784], "counts": 500000.0}, {"position": [53.35588830173363, -33.498495242815366], "counts": 500000.0}], "output": [0.0, 0.0, 0.0, 0.0, 0.0, 0.0, 0.0, 0.0, 0.0, 0.0, 0.0, 0.0, 0.0, 0.0, 0.0, 0.0, 0.0, 0.0, 0.0, 0.0, 0.0, 0.0, 0.0, 0.0, 0.0, 0.0, 0.3552788758, 0.1447211242, 0.0, 0.0, 0.0, 0.0, 0.0, 0.0, 0.0, 0.3899818941, 0.1100181059, 0.0, 0.0, 0.0, 0.0, 0.0, 0.0, 0.0, 0.0, 0.0, 0.0, 0.0, 0.0, 0.0, 0.0, 0.0, 0.0, 0.0, 0.0, 0.0, 0.0, 0.0, 0.0, 0.0, 0.0, 0.0, 0.0, 0.0], "num_sources": 2, "seg_angles": 64, "input": [-0.1335503347, 0.3792402935, 0.5914615806, 0.8962850405, 1.3975034885, -0.9836522259, -0.5533638236, -0.2463022, 0.6088549677, 1.6136346074, -1.5057710175, -1.0472736431, -0.3053543074, 0.5650306672, 1.5990161823, -1.6610018142, -1.0699190203, -0.3386350163, 0.3923010503, 1.5675348935, -1.324523047, -1.061240047, -0.5885794474, 0.1024986353, 1.1058045375]}