{"source": [{"position": [-127.82239857607362, -74.60183926860897], "counts": 500000.0}, {"position": [283.64245853099817, 180.11928191754194], "counts": 500000.0}], "output": [0.0, 0.0, 0.0, 0.0, 0.0, 0.3093864074, 0.1906135926, 0.0, 0.0, 0.0, 0.0, 0.0, 0.0, 0.0, 0.0, 0.0, 0.0, 0.0, 0.0, 0.0, 0.0, 0.0, 0.0, 0.0, 0.0, 0.0, 0.0, 0.0, 0.0, 0.0, 0.0, 0.0, 0.0, 0.0, 0.0, 0.0, 0.0, 0.1185371361, 0.3814628639, 0.0, 0.0, 0.0, 0.0, 0.0, 0.0, 0.0, 0.0, 0.0, 0.0, 0.0, 0.0, 0.0, 0.0, 0.0, 0.0, 0.0, 0.0, 0.0, 0.0, 0.0, 0.0, 0.0, 0.0, 0.0], "num_sources": 2, "seg_angles": 64, "input": [0.5205347419, 0.5030183886, 0.7708933933, 1.0752318053, 1.4790515281, 1.2150652345, 0.1071643799, -0.6751700753, -0.3327750979, -0.2715249981, 1.2923688698, 0.0934587507, -1.1222236409, -1.0567571692, -1.2046842015, 1.6343473387, 0.1608390274, -0.5801861415, -1.0824493615, -1.3686347705, 1.5244068841, 0.5912284125, -0.4709730215, -1.3584928808, -1.4437373962]}