{"source": [{"position": [-481.99262101862826, 2.66707397592049], "counts": 500000.0}, {"position": [118.69756823345227, -125.85661403146418], "counts": 500000.0}], "output": [0.4718187437, 0.0, 0.0, 0.0, 0.0, 0.0, 0.0, 0.0, 0.0, 0.0, 0.0, 0.0, 0.0, 0.0, 0.0, 0.0, 0.0, 0.0, 0.0, 0.0, 0.0, 0.0, 0.0, 0.1490479973, 0.3509520027, 0.0, 0.0, 0.0, 0.0, 0.0, 0.0, 0.0, 0.0, 0.0, 0.0, 0.0, 0.0, 0.0, 0.0, 0.0, 0.0, 0.0, 0.0, 0.0, 0.0, 0.0, 0.0, 0.0, 0.0, 0.0, 0.0, 0.0, 0.0, 0.0, 0.0, 0.0, 0.0, 0.0, 0.0, 0.0, 0.0, 0.0, 0.0, 0.0281812563], "num_sources": 2, "seg_angles": 64, "input": [1.3340600826, 1.65955719, 1.1627194227, 1.3376313631, 1.0025841737, 0.3787718115, 0.3658546251, 0.3099587778, 0.3865789239, 0.7939322626, -0.3564710027, -0.392536764, -0.6635238901, -0.242582458, 1.1028284027, -0.9497443002, -1.1222857396, -1.1880478891, -0.6006072148, 0.7940032179, -1.7001554327, -1.6360365708, -1.5218361433, -0.7148731847, 0.4602203364]}