{"source": [{"position": [70.30121737208789, 60.88299299478015], "counts": 500000.0}, {"position": [-186.36966440853806, -151.21622991018165], "counts": 500000.0}], "output": [0.0, 0.0, 0.0, 0.0, 0.0, 0.0, 0.0284344947, 0.4715655053, 0.0, 0.0, 0.0, 0.0, 0.0, 0.0, 0.0, 0.0, 0.0, 0.0, 0.0, 0.0, 0.0, 0.0, 0.0, 0.0, 0.0, 0.0, 0.0, 0.0, 0.0, 0.0, 0.0, 0.0, 0.0, 0.0, 0.0, 0.0, 0.0, 0.0, 0.0, 0.3650169805, 0.1349830195, 0.0, 0.0, 0.0, 0.0, 0.0, 0.0, 0.0, 0.0, 0.0, 0.0, 0.0, 0.0, 0.0, 0.0, 0.0, 0.0, 0.0, 0.0, 0.0, 0.0, 0.0, 0.0, 0.0], "num_sources": 2, "seg_angles": 64, "input": [-1.8185236478, -1.2812818156, -0.7449761542, 0.3844832382, 1.6817465, -1.1740866909, -1.3405339842, -1.107839242, 0.1339414163, 1.2526860116, -0.8279041019, -0.9625068208, -0.9457317749, -0.1719052974, 1.0470871863, 0.0189558147, 0.117933239, -0.310162388, -0.1395597062, 1.0422789644, 1.1969556553, 1.4853546294, 0.9356745124, 0.7626989942, 0.765215462]}