{"source": [{"position": [-440.0834066997964, -165.00483370950562], "counts": 500000.0}, {"position": [277.226744817449, 322.1340279416645], "counts": 500000.0}], "output": [0.0, 0.0, 0.0, 0.173064283, 0.326935717, 0.0, 0.0, 0.0, 0.0, 0.0, 0.0, 0.0, 0.0, 0.0, 0.0, 0.0, 0.0, 0.0, 0.0, 0.0, 0.0, 0.0, 0.0, 0.0, 0.0, 0.0, 0.0, 0.0, 0.0, 0.0, 0.0, 0.0, 0.0, 0.0, 0.0, 0.0, 0.0, 0.0, 0.0, 0.0, 0.1191202662, 0.3808797338, 0.0, 0.0, 0.0, 0.0, 0.0, 0.0, 0.0, 0.0, 0.0, 0.0, 0.0, 0.0, 0.0, 0.0, 0.0, 0.0, 0.0, 0.0, 0.0, 0.0, 0.0, 0.0], "num_sources": 2, "seg_angles": 64, "input": [-0.9246366512, -1.3731128569, -0.9335430661, 0.2113581389, 1.2194784174, 0.191509405, -0.6728049567, -1.296147733, -0.8012688738, -0.0266902494, 0.234971056, 0.137223583, -0.6685389882, -0.8988491008, -0.8738157335, 1.014440611, 0.73164533, -0.4570658615, -0.8964155869, 0.2948492707, 2.7176344359, 1.9879005952, 0.9717705683, 0.0435670588, 0.0665411877]}