{"source": [{"position": [-350.59700428523223, -141.30017900279117], "counts": 500000.0}, {"position": [28.870085916218986, -72.46045914283275], "counts": 500000.0}], "output": [0.0, 0.0, 0.0, 0.048819334, 0.451180666, 0.0, 0.0, 0.0, 0.0, 0.0, 0.0, 0.0, 0.0, 0.0, 0.0, 0.0, 0.0, 0.0, 0.0, 0.0690140288, 0.4309859712, 0.0, 0.0, 0.0, 0.0, 0.0, 0.0, 0.0, 0.0, 0.0, 0.0, 0.0, 0.0, 0.0, 0.0, 0.0, 0.0, 0.0, 0.0, 0.0, 0.0, 0.0, 0.0, 0.0, 0.0, 0.0, 0.0, 0.0, 0.0, 0.0, 0.0, 0.0, 0.0, 0.0, 0.0, 0.0, 0.0, 0.0, 0.0, 0.0, 0.0, 0.0, 0.0, 0.0], "num_sources": 2, "seg_angles": 64, "input": [1.1521792876, 1.725365312, 1.6683345583, 1.4643422306, 1.5287743191, 0.4587685778, 0.7580892079, 0.6363852015, 0.511672596, 0.5539214304, -0.2959728182, -0.2190895362, -0.3009927679, -0.2648126342, 0.1814048584, -0.8685860871, -0.8543034794, -0.8967543632, -0.8981906308, 0.0583877122, -1.3900330841, -1.4133462733, -1.425262817, -1.4519077988, -0.4183730016]}