{"source": [{"position": [427.561085573097, -146.61349904955838], "counts": 500000.0}, {"position": [-424.32537120376713, 75.55778816763505], "counts": 500000.0}], "output": [0.0, 0.0, 0.0, 0.0, 0.0, 0.0, 0.0, 0.0, 0.0, 0.0, 0.0, 0.0, 0.0, 0.0, 0.0, 0.0, 0.0, 0.0, 0.0, 0.0, 0.0, 0.0, 0.0, 0.0, 0.0, 0.0, 0.0, 0.0, 0.1824157963, 0.3175842037, 0.0, 0.0, 0.0, 0.0, 0.0, 0.0, 0.0, 0.0, 0.0, 0.0, 0.0, 0.0, 0.0, 0.0, 0.0, 0.0, 0.0, 0.0, 0.0, 0.0, 0.0, 0.0, 0.0, 0.0, 0.0, 0.0, 0.0, 0.0, 0.0, 0.0, 0.0, 0.0, 0.3974744641, 0.1025255359], "num_sources": 2, "seg_angles": 64, "input": [2.8722128099, 1.7696074001, -0.4421662794, -0.7804029625, -1.3111777034, 0.5980458445, 0.5202499608, -1.0738105132, -0.5900840174, -0.7043080448, 0.7333667254, -0.6004252855, -0.6819959679, -0.5665654794, 0.2891716513, 0.6702008359, 0.0588515551, -0.1670941616, -0.4840002153, 0.8208210336, -0.5325797787, -1.1695655142, -0.8823781528, -0.0432952333, 1.6973214927]}