{"source": [{"position": [-99.49729949031548, 68.8570068630235], "counts": 500000.0}, {"position": [-100.85916218887921, 388.10878552611695], "counts": 500000.0}], "output": [0.0, 0.0, 0.0, 0.0, 0.0, 0.0, 0.0, 0.0, 0.0, 0.0, 0.0, 0.0, 0.0, 0.0, 0.0, 0.0, 0.0, 0.0, 0.0, 0.0, 0.0, 0.0, 0.0, 0.0, 0.0, 0.0, 0.0, 0.0, 0.0, 0.0, 0.0, 0.0, 0.0, 0.0, 0.0, 0.0, 0.0, 0.0, 0.0, 0.0, 0.0, 0.0, 0.0, 0.0, 0.0, 0.0, 0.0, 0.0, 0.0, 0.0, 0.2051179224, 0.2948820776, 0.0, 0.0, 0.0, 0.0, 0.0, 0.0831229118, 0.4168770882, 0.0, 0.0, 0.0, 0.0, 0.0], "num_sources": 2, "seg_angles": 64, "input": [0.9749303294, -0.2068942655, -1.1030034207, -1.4488126634, -1.7836813094, 0.840984773, 0.2001492578, -0.5511782327, -1.1515600023, -1.5508287616, 1.0014968332, 0.2199484788, -0.5149690757, -0.8123759232, -1.2521423433, 1.1214015797, 0.4955836593, -0.0127336808, -0.1219457598, -0.3748198531, 1.5028865163, 1.2703984145, 1.3009203816, 1.1293985431, 0.8268465249]}