{"source": [{"position": [-90.65715976650563, 340.1253877367438], "counts": 500000.0}, {"position": [-87.45152742517543, 9.80970697848751], "counts": 500000.0}], "output": [0.0, 0.0, 0.0, 0.0, 0.0, 0.0, 0.0, 0.0, 0.0, 0.0, 0.0, 0.0, 0.0, 0.0, 0.0, 0.0, 0.0, 0.0, 0.0, 0.0, 0.0, 0.0, 0.0, 0.0, 0.0, 0.0, 0.0, 0.0, 0.0, 0.0, 0.0, 0.0, 0.0, 0.0, 0.0, 0.0, 0.0, 0.0, 0.0, 0.0, 0.0, 0.0, 0.0, 0.0, 0.0, 0.0, 0.0, 0.0, 0.0, 0.0, 0.1733632736, 0.3266367264, 0.0, 0.0, 0.0, 0.0, 0.0, 0.0, 0.0, 0.0, 0.0, 0.0, 0.0689145684, 0.4310854316], "num_sources": 2, "seg_angles": 64, "input": [1.2421997221, 0.1257597517, -0.6639929439, -1.1509278424, -1.6912631075, 1.4778265554, 0.7679921224, -0.1842376649, -0.8809858378, -1.5011359743, 1.5609337636, 0.6259885423, 0.0306517503, -0.716562185, -1.2553742038, 1.6559696605, 0.8552443214, 0.152161619, -0.5767966692, -1.0761023776, 1.3734476224, 0.8026291505, 0.0225823703, -0.348674743, -0.6473334026]}