{"source": [{"position": [-68.80289279589589, 111.47718126556867], "counts": 500000.0}, {"position": [-172.34558885123445, 44.50840374043157], "counts": 500000.0}], "output": [0.0, 0.0, 0.0, 0.0, 0.0, 0.0, 0.0, 0.0, 0.0, 0.0, 0.0, 0.0, 0.0, 0.0, 0.0, 0.0, 0.0, 0.0, 0.0, 0.0, 0.0, 0.0, 0.0, 0.0, 0.0, 0.0, 0.0, 0.0, 0.0, 0.0, 0.0, 0.0, 0.0, 0.0, 0.0, 0.0, 0.0, 0.0, 0.0, 0.0, 0.0, 0.0, 0.0, 0.0, 0.0, 0.0, 0.0, 0.0, 0.0, 0.0, 0.0, 0.0, 0.0, 0.1837708293, 0.3162291707, 0.0, 0.0, 0.0, 0.0, 0.0, 0.0, 0.2871383082, 0.2128616918, 0.0], "num_sources": 2, "seg_angles": 64, "input": [0.9956478397, -0.2400758826, -1.1137894628, -1.4836867281, -1.8049591066, 1.4503516116, 0.1211106799, -0.8231905004, -1.0884904805, -1.5266501772, 1.1368191926, 0.2395088485, -0.3025385922, -0.5937308503, -1.2081679442, 1.38236597, 0.5096193083, 0.04836209, 0.0166855757, -0.5927811683, 1.3935097585, 1.073714274, 1.0324745541, 0.8500292036, 0.5278619869]}