{"source": [{"position": [-138.670358984497, 9.567211668544381], "counts": 500000.0}, {"position": [31.745381899826068, -64.6237628743034], "counts": 500000.0}], "output": [0.1491801207, 0.0, 0.0, 0.0, 0.0, 0.0, 0.0, 0.0, 0.0, 0.0, 0.0, 0.0, 0.0, 0.0, 0.0, 0.0, 0.0, 0.0, 0.0, 0.0, 0.1745035825, 0.3254964175, 0.0, 0.0, 0.0, 0.0, 0.0, 0.0, 0.0, 0.0, 0.0, 0.0, 0.0, 0.0, 0.0, 0.0, 0.0, 0.0, 0.0, 0.0, 0.0, 0.0, 0.0, 0.0, 0.0, 0.0, 0.0, 0.0, 0.0, 0.0, 0.0, 0.0, 0.0, 0.0, 0.0, 0.0, 0.0, 0.0, 0.0, 0.0, 0.0, 0.0, 0.0, 0.3508198793], "num_sources": 2, "seg_angles": 64, "input": [1.8210794588, 1.8481527422, 1.4339560583, 1.2026354278, 0.6368396179, 0.9902005591, 1.1400413289, 0.7075753265, -0.0770956412, 0.1736507655, 0.1546478157, 0.1443222508, -0.3637285141, -0.5065610212, 0.1054239358, -0.3889393825, -0.7055799558, -1.0962079832, -1.1947905737, -0.107035084, -1.0309467885, -1.4181385292, -1.5446935582, -1.460350226, -0.4644580298]}