{"source": [{"position": [-182.10951994636366, -254.5685030495819], "counts": 500000.0}, {"position": [63.842548276888465, 147.80097776913777], "counts": 500000.0}], "output": [0.0, 0.0, 0.0, 0.0, 0.0, 0.0, 0.0, 0.0, 0.0, 0.1625442041, 0.3374557959, 0.0, 0.0, 0.0, 0.0, 0.0, 0.0, 0.0, 0.0, 0.0, 0.0, 0.0, 0.0, 0.0, 0.0, 0.0, 0.0, 0.0, 0.0, 0.0, 0.0, 0.0, 0.0, 0.0, 0.0, 0.0, 0.0, 0.0, 0.0, 0.0, 0.0, 0.0, 0.0, 0.0766135761, 0.4233864239, 0.0, 0.0, 0.0, 0.0, 0.0, 0.0, 0.0, 0.0, 0.0, 0.0, 0.0, 0.0, 0.0, 0.0, 0.0, 0.0, 0.0, 0.0, 0.0], "num_sources": 2, "seg_angles": 64, "input": [-1.4595310547, -1.1892298068, -0.86369329, -0.3413152702, 1.1598527863, -0.9109746678, -1.3447093165, -1.0090861324, -1.0515480766, 0.8366165115, 0.0927762909, -0.691721031, -0.9536719577, -0.6681244618, 0.5586452619, 1.329644645, 0.5914462637, 0.0258237869, -0.2748324351, -0.0224144546, 1.7489960622, 1.9013330451, 1.4872625514, 0.5412302632, 0.5072244869]}