{"source": [{"position": [134.65809583558647, -142.41909010358836], "counts": 500000.0}, {"position": [-390.03017311862357, -264.040648493857], "counts": 500000.0}], "output": [0.0, 0.0, 0.0, 0.0, 0.0, 0.0, 0.4691542024, 0.0308457976, 0.0, 0.0, 0.0, 0.0, 0.0, 0.0, 0.0, 0.0, 0.0, 0.0, 0.0, 0.0, 0.0, 0.0, 0.0, 0.1426176134, 0.3573823866, 0.0, 0.0, 0.0, 0.0, 0.0, 0.0, 0.0, 0.0, 0.0, 0.0, 0.0, 0.0, 0.0, 0.0, 0.0, 0.0, 0.0, 0.0, 0.0, 0.0, 0.0, 0.0, 0.0, 0.0, 0.0, 0.0, 0.0, 0.0, 0.0, 0.0, 0.0, 0.0, 0.0, 0.0, 0.0, 0.0, 0.0, 0.0, 0.0], "num_sources": 2, "seg_angles": 64, "input": [1.0970731689, 1.9640048127, 1.5199207367, 1.449682382, 1.4212263701, 0.2853651147, 0.5325540884, -0.1720503272, 0.1249636487, 0.9479794582, -0.4304429209, -0.2364528602, -0.7663264226, -0.4824078447, 0.5175163571, -0.9803463908, -0.9780230072, -1.2872409116, -0.31571596, 0.6745518301, -1.1441772185, -1.5641978675, -1.3365975272, -1.0702027386, 0.2293440295]}