{"source": [{"position": [2.954103261997628, -33.871422673360726], "counts": 500000.0}, {"position": [-163.24499644184726, 228.71832269562768], "counts": 500000.0}], "output": [0.0, 0.0, 0.0, 0.0, 0.0, 0.0, 0.0, 0.0, 0.0, 0.0, 0.0, 0.0, 0.0, 0.0, 0.0, 0.0, 0.0569376936, 0.4430623064, 0.0, 0.0, 0.0, 0.0, 0.0, 0.0, 0.0, 0.0, 0.0, 0.0, 0.0, 0.0, 0.0, 0.0, 0.0, 0.0, 0.0, 0.0, 0.0, 0.0, 0.0, 0.0, 0.0, 0.0, 0.0, 0.0, 0.0, 0.0, 0.0, 0.0, 0.0, 0.0, 0.0, 0.0, 0.0, 0.0, 0.3429423139, 0.1570576861, 0.0, 0.0, 0.0, 0.0, 0.0, 0.0, 0.0, 0.0], "num_sources": 2, "seg_angles": 64, "input": [1.5067203298, 1.8122306786, 1.83130712, 1.6908489614, 1.1959412912, 0.5262892768, 0.7332130174, 0.716472419, 0.6268180834, 0.1853395097, -0.2633671891, -0.1002789382, -0.1578659802, -0.2515683128, -0.532965686, -0.898804546, -0.7595508274, -0.6066773939, -0.5796406974, -0.9916973094, -1.2547327836, -1.2072063544, -1.0202817195, -0.9784213031, -1.222121646]}