{"source": [{"position": [-128.3446489949235, -93.85441425084858], "counts": 500000.0}, {"position": [16.54033262120548, 11.243549118489494], "counts": 500000.0}], "output": [0.0, 0.0, 0.0, 0.0, 0.0, 0.0, 0.284281497, 0.215718503, 0.0, 0.0, 0.0, 0.0, 0.0, 0.0, 0.0, 0.0, 0.0, 0.0, 0.0, 0.0, 0.0, 0.0, 0.0, 0.0, 0.0, 0.0, 0.0, 0.0, 0.0, 0.0, 0.0, 0.0, 0.0, 0.0, 0.0, 0.0, 0.0, 0.0, 0.459420668, 0.040579332, 0.0, 0.0, 0.0, 0.0, 0.0, 0.0, 0.0, 0.0, 0.0, 0.0, 0.0, 0.0, 0.0, 0.0, 0.0, 0.0, 0.0, 0.0, 0.0, 0.0, 0.0, 0.0, 0.0, 0.0], "num_sources": 2, "seg_angles": 64, "input": [-1.6739938891, -1.2723006593, -0.7779295244, 0.0326766921, 1.0184744341, -1.4262683072, -1.0826706773, -0.5563983482, 0.1913537484, 1.4466868463, -1.2681852555, -0.9996595943, -0.5791052867, 0.3070418391, 1.4529790585, -0.7653687665, -0.3917810316, -0.2844525166, 0.4077896294, 1.4643511686, 0.4973122843, 0.8277142715, 0.9079975506, 1.0758240867, 1.4479122471]}