{"source": [{"position": [11.77603469690924, 34.01947981402993], "counts": 500000.0}, {"position": [343.61169979594, 16.340127396835754], "counts": 500000.0}], "output": [0.0, 0.0, 0.0, 0.0, 0.0, 0.0, 0.0, 0.0, 0.0, 0.0, 0.0, 0.0, 0.0, 0.0, 0.0, 0.0, 0.0, 0.0, 0.0, 0.0, 0.0, 0.0, 0.0, 0.0, 0.0, 0.0, 0.0, 0.0, 0.0, 0.0, 0.0, 0.0, 0.2579915354, 0.2420084646, 0.0, 0.0, 0.0, 0.0, 0.0, 0.0, 0.0, 0.0, 0.0, 0.0, 0.1972074326, 0.3027925674, 0.0, 0.0, 0.0, 0.0, 0.0, 0.0, 0.0, 0.0, 0.0, 0.0, 0.0, 0.0, 0.0, 0.0, 0.0, 0.0, 0.0, 0.0], "num_sources": 2, "seg_angles": 64, "input": [-1.5896279034, -1.466108685, -1.2673349279, -1.1445114537, -0.1899048992, -1.2077482447, -0.9416552025, -0.7926807725, -0.7324147205, 0.0757773925, -0.7144785482, -0.3885178395, -0.1881521754, -0.0692243519, 0.3582922398, 0.1481145533, 0.4980365005, 0.7114025174, 0.7335604963, 0.826810364, 1.0764138655, 1.5421056938, 1.4740360543, 1.7724799226, 1.4753301243]}