{"source": [{"position": [43.97570496079693, -359.3189911112422], "counts": 500000.0}, {"position": [-254.3359942898694, 367.5897196720598], "counts": 500000.0}], "output": [0.0, 0.0, 0.0, 0.0, 0.0, 0.0, 0.0, 0.0, 0.0, 0.0, 0.0, 0.0, 0.0, 0.0, 0.0, 0.0, 0.0, 0.3797763108, 0.1202236892, 0.0, 0.0, 0.0, 0.0, 0.0, 0.0, 0.0, 0.0, 0.0, 0.0, 0.0, 0.0, 0.0, 0.0, 0.0, 0.0, 0.0, 0.0, 0.0, 0.0, 0.0, 0.0, 0.0, 0.0, 0.0, 0.0, 0.0, 0.0, 0.0, 0.0, 0.0, 0.0, 0.0, 0.0, 0.0, 0.4173839881, 0.0826160119, 0.0, 0.0, 0.0, 0.0, 0.0, 0.0, 0.0, 0.0], "num_sources": 2, "seg_angles": 64, "input": [2.5135791305, 1.5550855739, 1.4056949636, 0.3439989593, 0.1043495309, 2.0912339909, 1.1709504341, 0.2842761882, -0.0352873835, -0.9503736649, 0.3294334234, -0.8243611046, -0.4407049675, -0.7477516685, -1.2456948269, -0.2134663607, -1.2772955821, -0.6042713617, -0.7633535274, -0.8777001904, -0.6682206806, -0.2184513932, 0.0066496321, -0.4153103816, -0.5230087332]}