{"source": [{"position": [-170.2654878050873, -340.83817811755716], "counts": 500000.0}, {"position": [-20.587582649750306, -12.334968205864985], "counts": 500000.0}], "output": [0.0, 0.0, 0.0, 0.0, 0.0, 0.2508652942, 0.2491347058, 0.0, 0.0, 0.0, 0.0, 0.3595014079, 0.1404985921, 0.0, 0.0, 0.0, 0.0, 0.0, 0.0, 0.0, 0.0, 0.0, 0.0, 0.0, 0.0, 0.0, 0.0, 0.0, 0.0, 0.0, 0.0, 0.0, 0.0, 0.0, 0.0, 0.0, 0.0, 0.0, 0.0, 0.0, 0.0, 0.0, 0.0, 0.0, 0.0, 0.0, 0.0, 0.0, 0.0, 0.0, 0.0, 0.0, 0.0, 0.0, 0.0, 0.0, 0.0, 0.0, 0.0, 0.0, 0.0, 0.0, 0.0, 0.0], "num_sources": 2, "seg_angles": 64, "input": [1.4115816707, 0.9486258374, 0.8267841279, 0.6070288407, 0.2236656336, 1.6849380166, 0.558824453, -0.1932176815, -0.4969809526, -0.8734379062, 1.4884646014, 0.5002190622, -0.3706373367, -0.9112009989, -1.3551646083, 1.3782502362, 0.3521254212, -0.4723548077, -1.0679208896, -1.4647614814, 1.0372289205, -0.0859554581, -0.8649852133, -1.2305979707, -1.6305215163]}