{"source": [{"position": [122.91748615641819, -152.66725777646872], "counts": 500000.0}, {"position": [62.33883139336899, -237.97031348575632], "counts": 500000.0}], "output": [0.0, 0.0, 0.0, 0.0, 0.0, 0.0, 0.0, 0.0, 0.0, 0.0, 0.0, 0.0, 0.0, 0.0, 0.0, 0.0, 0.0, 0.0, 0.195165893, 0.304834107, 0.0, 0.0, 0.0476713393, 0.4523286607, 0.0, 0.0, 0.0, 0.0, 0.0, 0.0, 0.0, 0.0, 0.0, 0.0, 0.0, 0.0, 0.0, 0.0, 0.0, 0.0, 0.0, 0.0, 0.0, 0.0, 0.0, 0.0, 0.0, 0.0, 0.0, 0.0, 0.0, 0.0, 0.0, 0.0, 0.0, 0.0, 0.0, 0.0, 0.0, 0.0, 0.0, 0.0, 0.0, 0.0], "num_sources": 2, "seg_angles": 64, "input": [0.8341491247, 1.5571544261, 1.540960433, 1.4532073216, 1.4632619326, 0.060595664, 0.3675773007, 0.5541776848, 0.6604721285, 0.8911470398, -0.8418675138, -0.422162057, -0.3403304479, -0.0189273099, 0.6988596997, -1.3191564728, -1.1136215323, -0.9634493603, -0.4267145538, 0.4876369751, -1.6846460046, -1.5993241038, -1.2793609831, -0.8120209801, 0.2523815887]}