{"source": [{"position": [105.98595218592634, 108.95401754521282], "counts": 500000.0}, {"position": [317.57911237471643, 236.55761958408195], "counts": 500000.0}], "output": [0.0, 0.0, 0.0, 0.0, 0.0, 0.0, 0.0, 0.0, 0.0, 0.0, 0.0, 0.0, 0.0, 0.0, 0.0, 0.0, 0.0, 0.0, 0.0, 0.0, 0.0, 0.0, 0.0, 0.0, 0.0, 0.0, 0.0, 0.0, 0.0, 0.0, 0.0, 0.0, 0.0, 0.0, 0.0, 0.0, 0.0, 0.0, 0.2394127443, 0.2605872557, 0.4296767741, 0.0703232259, 0.0, 0.0, 0.0, 0.0, 0.0, 0.0, 0.0, 0.0, 0.0, 0.0, 0.0, 0.0, 0.0, 0.0, 0.0, 0.0, 0.0, 0.0, 0.0, 0.0, 0.0, 0.0], "num_sources": 2, "seg_angles": 64, "input": [-1.7371841856, -1.5212433823, -0.9898842233, -0.2837982244, 0.9068641743, -1.4925569082, -1.188369862, -0.7283122472, 0.0430532479, 1.2691276477, -1.1592788341, -0.807288101, -0.5882806492, -0.0477088091, 1.2448475806, -0.3024121247, 0.1586048679, 0.0846331868, 0.3926592867, 1.4170963576, 0.7807142361, 1.1199458529, 1.0036117574, 1.1391374344, 1.2860219209]}