{"source": [{"position": [-287.0630383161048, 185.90000546725798], "counts": 500000.0}, {"position": [-361.8672932938818, -148.0981500362503], "counts": 500000.0}], "output": [0.0, 0.0, 0.0, 0.0215672215, 0.4784327785, 0.0, 0.0, 0.0, 0.0, 0.0, 0.0, 0.0, 0.0, 0.0, 0.0, 0.0, 0.0, 0.0, 0.0, 0.0, 0.0, 0.0, 0.0, 0.0, 0.0, 0.0, 0.0, 0.0, 0.0, 0.0, 0.0, 0.0, 0.0, 0.0, 0.0, 0.0, 0.0, 0.0, 0.0, 0.0, 0.0, 0.0, 0.0, 0.0, 0.0, 0.0, 0.0, 0.0, 0.0, 0.0, 0.0, 0.0, 0.0, 0.0, 0.0, 0.0, 0.0, 0.0, 0.4268275539, 0.0731724461, 0.0, 0.0, 0.0, 0.0], "num_sources": 2, "seg_angles": 64, "input": [1.6324786132, 0.2763640355, -0.32567174, -0.7931571342, -0.9972356726, 1.3202226482, 0.4272141897, -0.6232055028, -1.023670818, -1.723310179, 1.618147525, 0.6644375803, -0.5383216849, -0.854834647, -1.452565221, 1.7088412817, 0.3518519034, -0.2529959568, -0.4234446985, -1.256464762, 1.4872875061, 0.7476335961, 0.4679778549, -0.0523860627, -0.3851926546]}