{"source": [{"position": [161.4491038641159, 150.91450182627887], "counts": 500000.0}, {"position": [-145.64974439633772, -158.1491446618713], "counts": 500000.0}], "output": [0.0, 0.0, 0.0, 0.0, 0.0, 0.0, 0.0, 0.0, 0.2905751439, 0.2094248561, 0.0, 0.0, 0.0, 0.0, 0.0, 0.0, 0.0, 0.0, 0.0, 0.0, 0.0, 0.0, 0.0, 0.0, 0.0, 0.0, 0.0, 0.0, 0.0, 0.0, 0.0, 0.0, 0.0, 0.0, 0.0, 0.0, 0.0, 0.0, 0.0, 0.1716972113, 0.3283027887, 0.0, 0.0, 0.0, 0.0, 0.0, 0.0, 0.0, 0.0, 0.0, 0.0, 0.0, 0.0, 0.0, 0.0, 0.0, 0.0, 0.0, 0.0, 0.0, 0.0, 0.0, 0.0, 0.0], "num_sources": 2, "seg_angles": 64, "input": [-0.649581665, -0.3110322475, 0.8176301661, 1.6872959921, 2.3331032912, -0.6302425169, -1.2955273012, -0.5606713388, 0.4548855465, 1.4507540415, 0.1790141352, -0.7016745615, -1.281107768, -0.5900283811, 0.2090050705, 0.4021551339, -0.3797791137, -0.8826578971, -1.1132630689, -0.2979562223, 2.0234571655, 0.7803001399, -0.1545854801, -0.661609715, -0.8278834054]}