{"source": [{"position": [-167.38266635956137, -363.2947054422397], "counts": 500000.0}, {"position": [-231.30326319583685, -168.21058359971713], "counts": 500000.0}], "output": [0.0, 0.0, 0.0, 0.0, 0.0, 0.0, 0.2977104151, 0.2022895849, 0.0, 0.0, 0.0, 0.1988612125, 0.3011387875, 0.0, 0.0, 0.0, 0.0, 0.0, 0.0, 0.0, 0.0, 0.0, 0.0, 0.0, 0.0, 0.0, 0.0, 0.0, 0.0, 0.0, 0.0, 0.0, 0.0, 0.0, 0.0, 0.0, 0.0, 0.0, 0.0, 0.0, 0.0, 0.0, 0.0, 0.0, 0.0, 0.0, 0.0, 0.0, 0.0, 0.0, 0.0, 0.0, 0.0, 0.0, 0.0, 0.0, 0.0, 0.0, 0.0, 0.0, 0.0, 0.0, 0.0, 0.0], "num_sources": 2, "seg_angles": 64, "input": [1.1566515676, 1.5210796645, 1.2401487802, 1.201242741, 0.8029726744, 1.2611826288, 0.4613876352, 0.2971314047, -0.0422334103, -0.4971517671, 0.9080752746, 0.1653525303, -0.4927206714, -0.7828711646, -0.8859449371, 1.1588461132, -0.0826288124, -0.8873150568, -0.9171238812, -1.4756688164, 0.8614684856, -0.4685377887, -1.1614459905, -1.5312741676, -1.8106230362]}