{"source": [{"position": [-368.38139682220265, 155.8690042161136], "counts": 500000.0}, {"position": [5.020770267090608, -108.88430495679853], "counts": 500000.0}], "output": [0.0, 0.0, 0.0, 0.0, 0.0, 0.0, 0.0, 0.0, 0.0, 0.0, 0.0, 0.0, 0.0, 0.0, 0.0, 0.0, 0.2653245514, 0.2346754486, 0.0, 0.0, 0.0, 0.0, 0.0, 0.0, 0.0, 0.0, 0.0, 0.0, 0.0, 0.0, 0.0, 0.0, 0.0, 0.0, 0.0, 0.0, 0.0, 0.0, 0.0, 0.0, 0.0, 0.0, 0.0, 0.0, 0.0, 0.0, 0.0, 0.0, 0.0, 0.0, 0.0, 0.0, 0.0, 0.0, 0.0, 0.0, 0.0, 0.0, 0.0, 0.0385887634, 0.4614112366, 0.0, 0.0, 0.0], "num_sources": 2, "seg_angles": 64, "input": [2.0247434748, 1.7273118353, 1.7690118651, 1.340780248, 0.7041455239, 0.8958833395, 0.9857681865, 0.6499515355, 0.463011426, -0.0768871882, 0.0142392442, 0.0678841142, -0.1603948519, -0.1940672509, -0.8328688062, -0.6111761709, -0.6343967626, -0.663418768, -0.935251781, -1.05342317, -1.0466737982, -1.0261163689, -0.9584801917, -1.0713342304, -1.3782414543]}