{"source": [{"position": [-84.35292116093585, -78.16383237544679], "counts": 500000.0}, {"position": [-427.99708790900314, -1.5788417948116362], "counts": 500000.0}], "output": [0.4812126321, 0.0187873679, 0.0, 0.0, 0.0, 0.0, 0.0, 0.1938602928, 0.3061397072, 0.0, 0.0, 0.0, 0.0, 0.0, 0.0, 0.0, 0.0, 0.0, 0.0, 0.0, 0.0, 0.0, 0.0, 0.0, 0.0, 0.0, 0.0, 0.0, 0.0, 0.0, 0.0, 0.0, 0.0, 0.0, 0.0, 0.0, 0.0, 0.0, 0.0, 0.0, 0.0, 0.0, 0.0, 0.0, 0.0, 0.0, 0.0, 0.0, 0.0, 0.0, 0.0, 0.0, 0.0, 0.0, 0.0, 0.0, 0.0, 0.0, 0.0, 0.0, 0.0, 0.0, 0.0, 0.0], "num_sources": 2, "seg_angles": 64, "input": [1.2584554906, 1.0559233221, 0.9618040029, 0.7288576385, 0.4193514951, 1.6827046947, 0.2064378221, -0.0025643814, -0.2493529161, -0.6238090485, 1.3404152611, 0.4582370022, -0.4734621034, -0.6882149649, -1.1063375759, 1.4099417591, 0.3293057735, -0.6992998813, -1.2038587787, -1.5560690819, 0.9925484202, -0.117614402, -1.0223839961, -1.3194072154, -1.7816083365]}