{"source": [{"position": [-57.93825633225277, -221.54944922788272], "counts": 500000.0}, {"position": [278.4588036259938, 37.70536676893884], "counts": 500000.0}], "output": [0.0, 0.0, 0.0, 0.0, 0.0, 0.0, 0.0, 0.0, 0.0, 0.0, 0.0, 0.0, 0.0, 0.3027051486, 0.1972948514, 0.0, 0.0, 0.0, 0.0, 0.0, 0.0, 0.0, 0.0, 0.0, 0.0, 0.0, 0.0, 0.0, 0.0, 0.0, 0.0, 0.0, 0.0, 0.3145450816, 0.1854549184, 0.0, 0.0, 0.0, 0.0, 0.0, 0.0, 0.0, 0.0, 0.0, 0.0, 0.0, 0.0, 0.0, 0.0, 0.0, 0.0, 0.0, 0.0, 0.0, 0.0, 0.0, 0.0, 0.0, 0.0, 0.0, 0.0, 0.0, 0.0, 0.0], "num_sources": 2, "seg_angles": 64, "input": [0.1655860218, 1.0515776638, 1.2042618897, 1.6801938855, 1.9123559545, -0.5081717338, 0.2621589683, 0.6122113347, 1.240618536, 1.3232966256, -0.9244003284, -0.9551245696, -0.1803174365, 0.4910839632, 0.5877402146, -1.1627136255, -1.1303628724, -0.9913031998, 0.0029044634, 0.2729597969, -0.8401938377, -1.600599677, -1.297786614, -0.908184385, -0.3077910382]}