{"source": [{"position": [-243.43070834537906, -41.8388603390077], "counts": 500000.0}, {"position": [-402.89111056069436, -161.35288355393698], "counts": 500000.0}], "output": [0.0, 0.1331338908, 0.3668661092, 0.059956609, 0.440043391, 0.0, 0.0, 0.0, 0.0, 0.0, 0.0, 0.0, 0.0, 0.0, 0.0, 0.0, 0.0, 0.0, 0.0, 0.0, 0.0, 0.0, 0.0, 0.0, 0.0, 0.0, 0.0, 0.0, 0.0, 0.0, 0.0, 0.0, 0.0, 0.0, 0.0, 0.0, 0.0, 0.0, 0.0, 0.0, 0.0, 0.0, 0.0, 0.0, 0.0, 0.0, 0.0, 0.0, 0.0, 0.0, 0.0, 0.0, 0.0, 0.0, 0.0, 0.0, 0.0, 0.0, 0.0, 0.0, 0.0, 0.0, 0.0, 0.0], "num_sources": 2, "seg_angles": 64, "input": [1.356335112, 0.3455645708, 0.1956358118, -0.0315950798, -0.2094312892, 1.5560815326, 0.7782691948, -0.0326661056, -0.8194325197, -1.2251948128, 1.3277635405, 0.8324654983, -0.152456185, -0.7170554385, -1.4058199141, 1.8409135316, 0.6764868907, -0.4617809122, -0.8577828048, -1.3961932303, 1.3729388324, 0.3118178223, -0.5827387095, -1.1641436581, -1.5379816782]}