{"source": [{"position": [29.872399958768607, -63.30592168749587], "counts": 500000.0}, {"position": [241.1029544066728, -20.81742962937145], "counts": 500000.0}], "output": [0.0, 0.0, 0.0, 0.0, 0.0, 0.0, 0.0, 0.0, 0.0, 0.0, 0.0, 0.0, 0.0, 0.0, 0.0, 0.0, 0.0, 0.0, 0.0, 0.0, 0.2545428858, 0.2454571142, 0.0, 0.0, 0.0, 0.0, 0.0, 0.0, 0.0, 0.0, 0.0, 0.4386508025, 0.0613491975, 0.0, 0.0, 0.0, 0.0, 0.0, 0.0, 0.0, 0.0, 0.0, 0.0, 0.0, 0.0, 0.0, 0.0, 0.0, 0.0, 0.0, 0.0, 0.0, 0.0, 0.0, 0.0, 0.0, 0.0, 0.0, 0.0, 0.0, 0.0, 0.0, 0.0, 0.0], "num_sources": 2, "seg_angles": 64, "input": [0.7009961144, 1.0608671579, 1.3558111233, 1.5077455722, 1.4293168459, -0.1306460566, 0.2988258583, 0.5887694211, 0.7825123331, 1.1353948302, -0.9465307347, -0.3823419793, -0.2255871124, 0.0264803725, 0.8847252063, -1.451188863, -1.1101852085, -0.8917811449, -0.4201166932, 0.7380541012, -1.7276877413, -1.540782021, -1.2487608118, -0.9687421805, 0.5348516109]}