{"source": [{"position": [-235.00349176369912, 21.664691524897933], "counts": 500000.0}, {"position": [-203.40918301094894, -32.56845508798785], "counts": 500000.0}], "output": [0.0318096176, 0.1914142417, 0.3085857583, 0.0, 0.0, 0.0, 0.0, 0.0, 0.0, 0.0, 0.0, 0.0, 0.0, 0.0, 0.0, 0.0, 0.0, 0.0, 0.0, 0.0, 0.0, 0.0, 0.0, 0.0, 0.0, 0.0, 0.0, 0.0, 0.0, 0.0, 0.0, 0.0, 0.0, 0.0, 0.0, 0.0, 0.0, 0.0, 0.0, 0.0, 0.0, 0.0, 0.0, 0.0, 0.0, 0.0, 0.0, 0.0, 0.0, 0.0, 0.0, 0.0, 0.0, 0.0, 0.0, 0.0, 0.0, 0.0, 0.0, 0.0, 0.0, 0.0, 0.0, 0.4681903824], "num_sources": 2, "seg_angles": 64, "input": [1.1974973317, 0.4271883536, -0.3926419109, -0.6762953052, -1.0810799933, 1.6770096568, 0.7491492968, 0.0626670245, -0.8024310672, -1.374399084, 1.8207113076, 0.6070799233, 0.0850808806, -0.4910517741, -1.2109860255, 1.6605655261, 0.8288367349, -0.1860711622, -0.8109844736, -1.2677534845, 1.2591779321, 0.4860427765, -0.3430917571, -0.8499698423, -1.3742508646]}