{"source": [{"position": [-19.76855174835673, -180.92320017557876], "counts": 500000.0}, {"position": [-350.5976523837788, -306.9809214641572], "counts": 500000.0}], "output": [0.0, 0.0, 0.0, 0.0, 0.0, 0.0, 0.0, 0.3373182783, 0.1626817217, 0.0, 0.0, 0.0, 0.0, 0.0, 0.0542826174, 0.4457173826, 0.0, 0.0, 0.0, 0.0, 0.0, 0.0, 0.0, 0.0, 0.0, 0.0, 0.0, 0.0, 0.0, 0.0, 0.0, 0.0, 0.0, 0.0, 0.0, 0.0, 0.0, 0.0, 0.0, 0.0, 0.0, 0.0, 0.0, 0.0, 0.0, 0.0, 0.0, 0.0, 0.0, 0.0, 0.0, 0.0, 0.0, 0.0, 0.0, 0.0, 0.0, 0.0, 0.0, 0.0, 0.0, 0.0, 0.0, 0.0], "num_sources": 2, "seg_angles": 64, "input": [1.3076631587, 1.6356699316, 1.8118920237, 1.6861068665, 1.435026435, 0.71079871, 0.6434170846, 0.4197386699, 0.4250902234, 0.2265058869, 0.0955594534, -0.1492046431, -0.1749572898, -0.4358382837, -0.6739941937, -0.2131690594, -0.331189312, -0.6523094084, -0.8628923, -1.2792257984, -0.3075035895, -0.9025872651, -1.3541204749, -1.4670079432, -1.5934688824]}