{"source": [{"position": [-291.38122416727, 18.999531646416084], "counts": 500000.0}, {"position": [-328.7740129830719, -78.43244473435044], "counts": 500000.0}], "output": [0.1683827785, 0.0, 0.3073142596, 0.1926857404, 0.0, 0.0, 0.0, 0.0, 0.0, 0.0, 0.0, 0.0, 0.0, 0.0, 0.0, 0.0, 0.0, 0.0, 0.0, 0.0, 0.0, 0.0, 0.0, 0.0, 0.0, 0.0, 0.0, 0.0, 0.0, 0.0, 0.0, 0.0, 0.0, 0.0, 0.0, 0.0, 0.0, 0.0, 0.0, 0.0, 0.0, 0.0, 0.0, 0.0, 0.0, 0.0, 0.0, 0.0, 0.0, 0.0, 0.0, 0.0, 0.0, 0.0, 0.0, 0.0, 0.0, 0.0, 0.0, 0.0, 0.0, 0.0, 0.0, 0.3316172215], "num_sources": 2, "seg_angles": 64, "input": [1.053069997, 0.6006873369, -0.2302948791, -0.777882297, -0.8610870323, 1.9255435173, 0.8406109855, -0.08976359, -0.6084157058, -1.2618003289, 1.7695639929, 0.89854405, 0.1447074048, -0.5902227342, -1.2163204199, 1.5987356682, 0.595877685, -0.2699248186, -0.7681358026, -1.4149934504, 1.008916281, 0.4319019928, -0.3206971031, -1.0671501835, -1.391470566]}