{"source": [{"position": [-448.2837595132728, 168.76809816030445], "counts": 500000.0}, {"position": [55.33148933409656, 374.939230126791], "counts": 500000.0}], "output": [0.0, 0.0, 0.0, 0.0, 0.0, 0.0, 0.0, 0.0, 0.0, 0.0, 0.0, 0.0, 0.0, 0.0, 0.0, 0.0, 0.0, 0.0, 0.0, 0.0, 0.0, 0.0, 0.0, 0.0, 0.0, 0.0, 0.0, 0.0, 0.0, 0.0, 0.0, 0.0, 0.0, 0.0, 0.0, 0.0, 0.0, 0.0, 0.0, 0.0, 0.0, 0.0, 0.0, 0.0, 0.0, 0.0, 0.2462051194, 0.2537948806, 0.0, 0.0, 0.0, 0.0, 0.0, 0.0, 0.0, 0.0, 0.0, 0.0, 0.0, 0.0, 0.3337914608, 0.1662085392, 0.0, 0.0], "num_sources": 2, "seg_angles": 64, "input": [-0.8123294779, -0.9766019562, -1.2446824848, -1.505708291, -1.4461664444, -0.0012079452, -0.0510284746, -0.8247518512, -1.0361054106, -0.9284823989, 0.5142214863, 0.7006569894, -0.2048821194, -0.5210212566, -0.8509724803, 1.4514510481, 1.1610992688, 0.3903065624, 0.2616582747, -0.5748739022, 1.6664710089, 1.459752279, 1.5328356116, 1.1547314405, 0.6856305235]}