{"source": [{"position": [-143.13293951538301, -97.16975674398752], "counts": 500000.0}, {"position": [-75.67318606917316, 22.684111402924714], "counts": 500000.0}], "output": [0.0, 0.0, 0.0, 0.0, 0.0, 0.0, 0.462514918, 0.037485082, 0.0, 0.0, 0.0, 0.0, 0.0, 0.0, 0.0, 0.0, 0.0, 0.0, 0.0, 0.0, 0.0, 0.0, 0.0, 0.0, 0.0, 0.0, 0.0, 0.0, 0.0, 0.0, 0.0, 0.0, 0.0, 0.0, 0.0, 0.0, 0.0, 0.0, 0.0, 0.0, 0.0, 0.0, 0.0, 0.0, 0.0, 0.0, 0.0, 0.0, 0.0, 0.0, 0.0, 0.0, 0.0, 0.0, 0.0, 0.0, 0.0, 0.0, 0.0, 0.0, 0.0, 0.4832753907, 0.0167246093, 0.0], "num_sources": 2, "seg_angles": 64, "input": [1.355793972, 0.4750888491, -0.0061811301, -0.4712728647, -0.8145894567, 1.5700898345, 0.6452240786, -0.1939626557, -0.7716796912, -1.2337885136, 1.7279353357, 0.6912758853, -0.3217359776, -0.9353757785, -1.5346467288, 1.7429598649, 0.56579593, -0.3219107463, -1.037830268, -1.5417927074, 1.4350829601, 0.5264362886, -0.2427441445, -0.4970562307, -0.8111161051]}