{"source": [{"position": [-131.047799906393, 57.23175813911344], "counts": 500000.0}, {"position": [-20.006063249160302, 266.24942710411716], "counts": 500000.0}], "output": [0.0, 0.0, 0.0, 0.0, 0.0, 0.0, 0.0, 0.0, 0.0, 0.0, 0.0, 0.0, 0.0, 0.0, 0.0, 0.0, 0.0, 0.0, 0.0, 0.0, 0.0, 0.0, 0.0, 0.0, 0.0, 0.0, 0.0, 0.0, 0.0, 0.0, 0.0, 0.0, 0.0, 0.0, 0.0, 0.0, 0.0, 0.0, 0.0, 0.0, 0.0, 0.0, 0.0, 0.0, 0.0, 0.0, 0.0, 0.0, 0.1180313615, 0.3819686385, 0.0, 0.0, 0.0, 0.0, 0.0, 0.0, 0.0, 0.0, 0.0, 0.0970722497, 0.4029277503, 0.0, 0.0, 0.0], "num_sources": 2, "seg_angles": 64, "input": [0.3723394999, -0.3654915207, -1.0355136945, -1.4332575508, -1.880938241, 0.8448639344, 0.1367794401, -0.4251184192, -1.2113830596, -1.5526607009, 0.8932387644, 0.3758955067, -0.1596890079, -0.6624303691, -1.2758227122, 1.3834529456, 0.8563333417, 0.2314895136, -0.1813661699, -0.699966559, 1.4673296606, 1.351349953, 1.2050740486, 0.9991944264, 0.7662969698]}