{"source": [{"position": [373.6866988076029, 83.94790726561261], "counts": 500000.0}, {"position": [302.99918828466417, -230.98158346248], "counts": 500000.0}], "output": [0.0, 0.0, 0.0, 0.0, 0.0, 0.0, 0.0, 0.0, 0.0, 0.0, 0.0, 0.0, 0.0, 0.0, 0.0, 0.0, 0.0, 0.0, 0.0, 0.0, 0.0, 0.0, 0.0, 0.0, 0.0, 0.3172362427, 0.1827637573, 0.0, 0.0, 0.0, 0.0, 0.0, 0.0, 0.0, 0.3745620748, 0.1254379252, 0.0, 0.0, 0.0, 0.0, 0.0, 0.0, 0.0, 0.0, 0.0, 0.0, 0.0, 0.0, 0.0, 0.0, 0.0, 0.0, 0.0, 0.0, 0.0, 0.0, 0.0, 0.0, 0.0, 0.0, 0.0, 0.0, 0.0, 0.0], "num_sources": 2, "seg_angles": 64, "input": [-0.5930955602, 0.111593436, 0.1870429703, 0.7525190924, 1.4470589995, -0.9252885801, -0.5631096926, -0.1006804038, 0.4277060171, 1.5844063992, -1.3377333073, -0.9808170795, -0.4116404414, 0.4247237091, 1.4994545471, -1.6802837002, -1.1081357689, -0.4535593076, 0.5701465402, 2.1004785167, -1.0708828444, -0.8366098546, -0.4498063215, 0.1193667581, 1.2871458763]}