{"source": [{"position": [-341.8440211879423, 284.8993948362433], "counts": 500000.0}, {"position": [10.241444065136804, -202.74149260440174], "counts": 500000.0}], "output": [0.0, 0.0, 0.0, 0.0, 0.0, 0.0, 0.0, 0.0, 0.0, 0.0, 0.0, 0.0, 0.0, 0.0, 0.0, 0.0, 0.2429487779, 0.2570512221, 0.0, 0.0, 0.0, 0.0, 0.0, 0.0, 0.0, 0.0, 0.0, 0.0, 0.0, 0.0, 0.0, 0.0, 0.0, 0.0, 0.0, 0.0, 0.0, 0.0, 0.0, 0.0, 0.0, 0.0, 0.0, 0.0, 0.0, 0.0, 0.0, 0.0, 0.0, 0.0, 0.0, 0.0, 0.0, 0.0, 0.0, 0.0, 0.0385312753, 0.4614687247, 0.0, 0.0, 0.0, 0.0, 0.0, 0.0], "num_sources": 2, "seg_angles": 64, "input": [2.092684868, 1.8802936962, 1.6701462969, 1.4223769406, 0.6637416337, 0.8596114083, 1.115347484, 0.6528165228, 0.1518176039, -0.1505192541, -0.1325251078, -0.1689369591, -0.2308604582, -0.2193720817, -0.8495237424, -0.6759617053, -0.6644156446, -0.6230826106, -0.6644090065, -1.405478997, -0.8872953776, -1.1044710721, -0.6529859271, -0.7154808163, -1.363517694]}