{"source": [{"position": [-18.526256108497225, 29.694744225239074], "counts": 500000.0}, {"position": [364.84117290501615, 289.9084658185962], "counts": 500000.0}], "output": [0.0, 0.0, 0.0, 0.0, 0.0, 0.0, 0.0, 0.0, 0.0, 0.0, 0.0, 0.0, 0.0, 0.0, 0.0, 0.0, 0.0, 0.0, 0.0, 0.0, 0.0, 0.0, 0.0, 0.0, 0.0, 0.0, 0.0, 0.0, 0.0, 0.0, 0.0, 0.0, 0.0, 0.0, 0.0, 0.0, 0.0, 0.0, 0.08033781, 0.41966219, 0.0, 0.0, 0.0, 0.0, 0.0, 0.0, 0.0, 0.0, 0.0, 0.0, 0.0, 0.0, 0.0, 0.1591440236, 0.3408559764, 0.0, 0.0, 0.0, 0.0, 0.0, 0.0, 0.0, 0.0, 0.0], "num_sources": 2, "seg_angles": 64, "input": [0.2115569872, -0.8892031627, -1.3628087958, -1.4534273035, -1.5128929453, 0.6845108362, -0.5720108551, -0.9725865722, -1.0926372255, -1.1790146987, 0.6959814663, -0.3452702358, -0.4020862174, -0.5549291772, -0.7069136264, 0.9790632668, 0.4512484056, 0.4665799603, 0.3781080566, 0.017275903, 1.4775998409, 1.6126259454, 1.554179294, 1.5047428462, 1.010308007]}