{"source": [{"position": [208.889581357954, 272.05540391636913], "counts": 500000.0}, {"position": [79.07361073084358, -139.0948025124843], "counts": 500000.0}], "output": [0.0, 0.0, 0.0, 0.0, 0.0, 0.0, 0.0, 0.0, 0.0, 0.0, 0.0, 0.0, 0.0, 0.0, 0.0, 0.0, 0.0, 0.0, 0.0, 0.0, 0.0, 0.3673178003, 0.1326821997, 0.0, 0.0, 0.0, 0.0, 0.0, 0.0, 0.0, 0.0, 0.0, 0.0, 0.0, 0.0, 0.0, 0.0, 0.0, 0.0, 0.0, 0.0, 0.3349133481, 0.1650866519, 0.0, 0.0, 0.0, 0.0, 0.0, 0.0, 0.0, 0.0, 0.0, 0.0, 0.0, 0.0, 0.0, 0.0, 0.0, 0.0, 0.0, 0.0, 0.0, 0.0, 0.0], "num_sources": 2, "seg_angles": 64, "input": [0.1652289304, 0.9922652893, 0.8423061781, 1.6735388231, 1.4948026918, -0.7809602569, 0.1205388114, 0.1229543237, 0.4418003879, 1.1396799508, -1.284406414, -0.9038101112, -0.6131325736, -0.4097694013, 1.4641450947, -1.4326401054, -0.9034351246, -1.0461784566, -0.5530854932, 1.5049138115, -1.2763896337, -0.9537659887, -0.6864016608, -0.2743396666, 1.1561405939]}