{"source": [{"position": [277.47160338988596, -129.01747677057475], "counts": 500000.0}, {"position": [156.3301913156394, 222.5867724803421], "counts": 500000.0}], "output": [0.0, 0.0, 0.0, 0.0, 0.0, 0.0, 0.0, 0.0, 0.0, 0.0, 0.0, 0.0, 0.0, 0.0, 0.0, 0.0, 0.0, 0.0, 0.0, 0.0, 0.0, 0.0, 0.0, 0.0, 0.0, 0.0, 0.0, 0.2166462167, 0.2833537833, 0.0, 0.0, 0.0, 0.0, 0.0, 0.0, 0.0, 0.0, 0.0, 0.0, 0.0, 0.0, 0.1183698534, 0.3816301466, 0.0, 0.0, 0.0, 0.0, 0.0, 0.0, 0.0, 0.0, 0.0, 0.0, 0.0, 0.0, 0.0, 0.0, 0.0, 0.0, 0.0, 0.0, 0.0, 0.0, 0.0], "num_sources": 2, "seg_angles": 64, "input": [-1.1029461035, -0.6001631281, -0.59850095, -0.0301923164, 0.915153286, -1.576127665, -1.1444546352, -0.7553737992, 0.0236703215, 1.7020882261, -1.503514048, -1.1193571073, -0.5143958887, 0.5232922053, 1.7718632503, -0.9407002593, -0.3008085974, 0.0463473081, 0.6958520032, 1.4501205834, -0.3233673675, 0.3980140875, 0.2882184547, 1.0084527029, 1.6868294365]}