{"source": [{"position": [-57.63110119359778, 58.33229101632554], "counts": 500000.0}, {"position": [-206.96493891615, 147.24643988713038], "counts": 500000.0}], "output": [0.0, 0.0, 0.0, 0.0, 0.0, 0.0, 0.0, 0.0, 0.0, 0.0, 0.0, 0.0, 0.0, 0.0, 0.0, 0.0, 0.0, 0.0, 0.0, 0.0, 0.0, 0.0, 0.0, 0.0, 0.0, 0.0, 0.0, 0.0, 0.0, 0.0, 0.0, 0.0, 0.0, 0.0, 0.0, 0.0, 0.0, 0.0, 0.0, 0.0, 0.0, 0.0, 0.0, 0.0, 0.0, 0.0, 0.0, 0.0, 0.0, 0.0, 0.0, 0.0, 0.0, 0.0, 0.0, 0.0307949505, 0.4692050495, 0.1493489619, 0.3506510381, 0.0, 0.0, 0.0, 0.0, 0.0], "num_sources": 2, "seg_angles": 64, "input": [0.8806588779, -0.1663444556, -0.84254343, -1.5113569008, -1.797744726, 1.2990770035, 0.1522015551, -0.7133292177, -1.1786110287, -1.576078688, 1.2810062931, 0.1079844048, -0.5861533605, -0.7974349663, -1.0480095846, 1.2687939889, 0.1738921462, 0.0410134341, -0.1799026054, -0.3546425411, 1.2093437744, 1.1287193018, 1.2215877109, 1.2614252128, 0.7264478013]}