{"source": [{"position": [-111.95047077840277, -3.3304793189553603], "counts": 500000.0}, {"position": [-32.87401600760108, 2.8808109156950885], "counts": 500000.0}], "output": [0.403363165, 0.1514686846, 0.0, 0.0, 0.0, 0.0, 0.0, 0.0, 0.0, 0.0, 0.0, 0.0, 0.0, 0.0, 0.0, 0.0, 0.0, 0.0, 0.0, 0.0, 0.0, 0.0, 0.0, 0.0, 0.0, 0.0, 0.0, 0.0, 0.0, 0.0, 0.0, 0.0, 0.0, 0.0, 0.0, 0.0, 0.0, 0.0, 0.0, 0.0, 0.0, 0.0, 0.0, 0.0, 0.0, 0.0, 0.0, 0.0, 0.0, 0.0, 0.0, 0.0, 0.0, 0.0, 0.0, 0.0, 0.0, 0.0, 0.0, 0.0, 0.0, 0.0, 0.0, 0.4451681504], "num_sources": 2, "seg_angles": 64, "input": [1.215532718, 0.3331227246, -0.3347118418, -0.9280760818, -1.3425982392, 1.6499359567, 0.9098290692, -0.0485781514, -0.6473957238, -1.1520979561, 1.7024819453, 0.8853649262, -0.0553048232, -0.610025648, -1.0779312062, 1.6827770287, 0.7846888733, -0.0798468368, -0.648209979, -1.1840854967, 1.3253463421, 0.3744404992, -0.4195467077, -1.0225963171, -1.3125150745]}