{"source": [{"position": [327.45721253604677, -371.20987858369597], "counts": 500000.0}, {"position": [-38.684828489207895, 244.9642505443612], "counts": 500000.0}], "output": [0.0, 0.0, 0.0, 0.0, 0.0, 0.0, 0.0, 0.0, 0.0, 0.0, 0.0, 0.0, 0.0, 0.0, 0.0, 0.0, 0.0, 0.0, 0.0, 0.0, 0.0, 0.0, 0.0, 0.3185206477, 0.1814793523, 0.0, 0.0, 0.0, 0.0, 0.0, 0.0, 0.0, 0.0, 0.0, 0.0, 0.0, 0.0, 0.0, 0.0, 0.0, 0.0, 0.0, 0.0, 0.0, 0.0, 0.0, 0.0, 0.0, 0.0, 0.2023061538, 0.2976938462, 0.0, 0.0, 0.0, 0.0, 0.0, 0.0, 0.0, 0.0, 0.0, 0.0, 0.0, 0.0, 0.0], "num_sources": 2, "seg_angles": 64, "input": [-0.2760474728, -0.7716377009, -0.8850540776, -0.9290207598, -0.9357637999, -0.3703274251, -0.930961418, -0.7986346346, -1.0818920833, -0.4214200732, -0.76739207, -0.9004948025, -0.5065086259, -0.2726425341, 0.1609398694, 0.0719709914, -0.1380462563, 0.3037130771, 0.9151402213, 0.961803921, -0.0801800502, 1.3557281919, 1.8363168837, 2.1383602789, 2.3220503496]}