{"source": [{"position": [-327.34624222399464, -231.61484775771575], "counts": 500000.0}, {"position": [36.64624010248763, -398.317779023672], "counts": 500000.0}], "output": [0.0, 0.0, 0.0, 0.0, 0.0, 0.0, 0.3638725211, 0.1361274789, 0.0, 0.0, 0.0, 0.0, 0.0, 0.0, 0.0, 0.0, 0.0327503813, 0.4672496187, 0.0, 0.0, 0.0, 0.0, 0.0, 0.0, 0.0, 0.0, 0.0, 0.0, 0.0, 0.0, 0.0, 0.0, 0.0, 0.0, 0.0, 0.0, 0.0, 0.0, 0.0, 0.0, 0.0, 0.0, 0.0, 0.0, 0.0, 0.0, 0.0, 0.0, 0.0, 0.0, 0.0, 0.0, 0.0, 0.0, 0.0, 0.0, 0.0, 0.0, 0.0, 0.0, 0.0, 0.0, 0.0, 0.0], "num_sources": 2, "seg_angles": 64, "input": [1.4149470894, 1.5333150225, 1.6319481824, 1.7661025272, 1.0888672456, 0.8056999567, 0.670791119, 0.2965658765, 0.2815137026, -0.2515269959, 0.6070800524, 0.0159372728, -0.151093777, -0.2657869344, -0.8357776467, 0.0729859549, -0.1854280319, -0.6647450903, -1.147118342, -1.2684202807, -0.0282473197, -0.8202623657, -1.209047919, -1.6174694721, -1.7408298264]}