{"source": [{"position": [237.40609447666404, -146.55833754971863], "counts": 500000.0}, {"position": [-256.9930712852711, 150.85940909125804], "counts": 500000.0}], "output": [0.0, 0.0, 0.0, 0.0, 0.0, 0.0, 0.0, 0.0, 0.0, 0.0, 0.0, 0.0, 0.0, 0.0, 0.0, 0.0, 0.0, 0.0, 0.0, 0.0, 0.0, 0.0, 0.0, 0.0, 0.0, 0.0, 0.3167425624, 0.1832574376, 0.0, 0.0, 0.0, 0.0, 0.0, 0.0, 0.0, 0.0, 0.0, 0.0, 0.0, 0.0, 0.0, 0.0, 0.0, 0.0, 0.0, 0.0, 0.0, 0.0, 0.0, 0.0, 0.0, 0.0, 0.0, 0.0, 0.0, 0.0, 0.0, 0.0, 0.2034378884, 0.2965621116, 0.0, 0.0, 0.0, 0.0], "num_sources": 2, "seg_angles": 64, "input": [1.7440660571, 1.3646728597, 0.7068781426, -0.7449670224, -0.3185616799, 1.2539817203, -0.3526732542, -1.0764444696, -1.1909854136, -0.3525899317, -0.3724006223, -0.5329220116, -0.9252693636, -0.2817208555, -0.0687374059, -0.0421301859, -0.8380726251, -0.6105388045, -0.0707619511, 0.4999490103, -0.7296387718, -1.0064293506, -0.2552850422, 1.2595232007, 2.9410577706]}