{"source": [{"position": [-86.208224816003, 405.9472157486408], "counts": 500000.0}, {"position": [-72.24289785343211, -10.486358268654234], "counts": 500000.0}], "output": [0.0, 0.2658632232, 0.2341367768, 0.0, 0.0, 0.0, 0.0, 0.0, 0.0, 0.0, 0.0, 0.0, 0.0, 0.0, 0.0, 0.0, 0.0, 0.0, 0.0, 0.0, 0.0, 0.0, 0.0, 0.0, 0.0, 0.0, 0.0, 0.0, 0.0, 0.0, 0.0, 0.0, 0.0, 0.0, 0.0, 0.0, 0.0, 0.0, 0.0, 0.0, 0.0, 0.0, 0.0, 0.0, 0.0, 0.0, 0.0, 0.0, 0.0, 0.0, 0.4342758833, 0.0657241167, 0.0, 0.0, 0.0, 0.0, 0.0, 0.0, 0.0, 0.0, 0.0, 0.0, 0.0, 0.0], "num_sources": 2, "seg_angles": 64, "input": [1.2043235926, 0.2892783031, -0.4284171417, -0.7872043404, -1.2676682832, 1.5192945923, 0.5545507396, -0.2339491944, -0.813991208, -1.4550144582, 1.6644215215, 0.7425327345, -0.0660436611, -0.6412568881, -1.2819706346, 1.8365819906, 0.6972447109, 0.1448464374, -0.7187028674, -1.1473323421, 1.4822306804, 0.6572885636, -0.0864390821, -0.6706543246, -1.1939494406]}