{"source": [{"position": [355.05100923326955, 301.81911941167135], "counts": 500000.0}, {"position": [450.31377877368084, -88.87350925089235], "counts": 500000.0}], "output": [0.0, 0.0, 0.0, 0.0, 0.0, 0.0, 0.0, 0.0, 0.0, 0.0, 0.0, 0.0, 0.0, 0.0, 0.0, 0.0, 0.0, 0.0, 0.0, 0.0, 0.0, 0.0, 0.0, 0.0, 0.0, 0.0, 0.0, 0.0, 0.0, 0.0, 0.4923879618, 0.0076120382, 0.0, 0.0, 0.0, 0.0, 0.0, 0.0, 0.0, 0.4118266691, 0.0881733309, 0.0, 0.0, 0.0, 0.0, 0.0, 0.0, 0.0, 0.0, 0.0, 0.0, 0.0, 0.0, 0.0, 0.0, 0.0, 0.0, 0.0, 0.0, 0.0, 0.0, 0.0, 0.0, 0.0], "num_sources": 2, "seg_angles": 64, "input": [-1.3173078794, -0.9756135296, -0.5864080499, 0.4161155081, 1.0923551115, -1.5848920098, -1.215796216, -0.630626475, 0.5917113142, 1.3965517893, -1.3355143753, -0.9821608477, -0.3277202211, 0.6519106208, 2.0595321737, -0.7917195757, -0.5726659197, 0.0611238878, 0.9514634784, 1.3159076773, -0.4929399022, 0.1970662719, 0.1117208834, 0.4519434855, 1.5159627996]}