{"source": [{"position": [-388.3863527287835, 208.89480848990223], "counts": 500000.0}, {"position": [-379.3038818562854, 94.91872949398939], "counts": 500000.0}], "output": [0.0, 0.0, 0.0, 0.0, 0.0, 0.0, 0.0, 0.0, 0.0, 0.0, 0.0, 0.0, 0.0, 0.0, 0.0, 0.0, 0.0, 0.0, 0.0, 0.0, 0.0, 0.0, 0.0, 0.0, 0.0, 0.0, 0.0, 0.0, 0.0, 0.0, 0.0, 0.0, 0.0, 0.0, 0.0, 0.0, 0.0, 0.0, 0.0, 0.0, 0.0, 0.0, 0.0, 0.0, 0.0, 0.0, 0.0, 0.0, 0.0, 0.0, 0.0, 0.0, 0.0, 0.0, 0.0, 0.0, 0.0, 0.0, 0.013219929, 0.486780071, 0.0, 0.2488382411, 0.2511617589, 0.0], "num_sources": 2, "seg_angles": 64, "input": [1.5298602214, 0.1038812139, -0.9482097596, -1.1131573454, -1.6696561031, 1.3957790407, 0.4348320821, -0.2984177492, -0.9269429193, -1.4710526778, 1.4158115475, 0.5568417661, -0.1908124627, -0.7767897119, -1.2800630096, 1.7306480057, 0.6576215091, -0.2842179596, -0.6059889079, -1.1763574807, 1.3194773094, 0.6601233457, 0.5698136093, 0.3447503326, 0.0222261034]}