{"source": [{"position": [-440.42433026086866, 87.33504058661289], "counts": 500000.0}, {"position": [80.4958563896934, -73.49433382302243], "counts": 500000.0}], "output": [0.0, 0.0, 0.0, 0.0, 0.0, 0.0, 0.0, 0.0, 0.0, 0.0, 0.0, 0.0, 0.0, 0.0, 0.0, 0.0, 0.0, 0.0, 0.0, 0.0, 0.0, 0.0, 0.0, 0.0, 0.2685961682, 0.2314038318, 0.0, 0.0, 0.0, 0.0, 0.0, 0.0, 0.0, 0.0, 0.0, 0.0, 0.0, 0.0, 0.0, 0.0, 0.0, 0.0, 0.0, 0.0, 0.0, 0.0, 0.0, 0.0, 0.0, 0.0, 0.0, 0.0, 0.0, 0.0, 0.0, 0.0, 0.0, 0.0, 0.0, 0.0, 0.0, 0.0, 0.4969873036, 0.0030126964], "num_sources": 2, "seg_angles": 64, "input": [1.0634230345, 1.2823555505, 1.3640354068, 1.0387049935, 0.9787718084, -0.0442803178, 0.1524072452, 0.1698540425, 0.1059083787, 1.3814472962, -0.7442970043, -0.8226906298, -0.5808416883, 0.0426961015, 0.9263267382, -1.2110351303, -1.3901661725, -0.9195107644, -0.1747176174, 1.135320572, -1.7576234212, -1.6537559977, -1.1150952507, -0.3190101573, 1.0917729838]}