{"source": [{"position": [-52.889686656755025, -97.58934903641004], "counts": 500000.0}, {"position": [-106.70829098069169, -298.5001518190234], "counts": 500000.0}], "output": [0.0, 0.0, 0.0, 0.0, 0.0, 0.0, 0.0, 0.0, 0.0, 0.0, 0.0294217996, 0.4705782004, 0.2485361472, 0.2514638528, 0.0, 0.0, 0.0, 0.0, 0.0, 0.0, 0.0, 0.0, 0.0, 0.0, 0.0, 0.0, 0.0, 0.0, 0.0, 0.0, 0.0, 0.0, 0.0, 0.0, 0.0, 0.0, 0.0, 0.0, 0.0, 0.0, 0.0, 0.0, 0.0, 0.0, 0.0, 0.0, 0.0, 0.0, 0.0, 0.0, 0.0, 0.0, 0.0, 0.0, 0.0, 0.0, 0.0, 0.0, 0.0, 0.0, 0.0, 0.0, 0.0, 0.0], "num_sources": 2, "seg_angles": 64, "input": [1.2820914978, 1.5403840496, 1.5293339772, 1.3883923128, 0.9932072311, 0.876805384, 0.5366708915, 0.5919434985, 0.5044115621, 0.0769527062, 0.7315622844, -0.1478901442, -0.2157530557, -0.4005959668, -0.6979515745, 0.6772935472, -0.5858145929, -0.9998992549, -1.0131287633, -1.2967832979, 0.243769401, -0.9258605804, -1.3798190918, -1.6017347327, -1.7075872886]}