{"source": [{"position": [-7.258347789148651, 104.74882523146387], "counts": 500000.0}, {"position": [-307.3428116279399, 111.66645038073277], "counts": 500000.0}], "output": [0.0, 0.0, 0.0, 0.0, 0.0, 0.0, 0.0, 0.0, 0.0, 0.0, 0.0, 0.0, 0.0, 0.0, 0.0, 0.0, 0.0, 0.0, 0.0, 0.0, 0.0, 0.0, 0.0, 0.0, 0.0, 0.0, 0.0, 0.0, 0.0, 0.0, 0.0, 0.0, 0.0, 0.0, 0.0, 0.0, 0.0, 0.0, 0.0, 0.0, 0.0, 0.0, 0.0, 0.0, 0.0, 0.0, 0.0, 0.0, 0.1476574638, 0.3523425362, 0.0, 0.0, 0.0, 0.0, 0.0, 0.0, 0.0, 0.0, 0.0, 0.0, 0.2748918759, 0.2251081241, 0.0, 0.0], "num_sources": 2, "seg_angles": 64, "input": [-0.7401773568, -1.0449489697, -1.2318454524, -1.3611945498, -1.6302453703, -0.3863299701, -0.4261151093, -0.5368215803, -0.8839739428, -1.2587287396, 0.1216252175, 0.0264695324, -0.0773979904, -0.2824071562, -0.5451984285, 0.8202197482, 0.7965699766, 0.6825130689, 0.5944218863, -0.222694321, 1.4724857556, 1.7739382182, 1.5852085249, 1.6520457231, 1.1025812853]}