{"source": [{"position": [-30.23207887430356, -411.8920021157705], "counts": 500000.0}, {"position": [-143.68715044186638, -281.4427167256179], "counts": 500000.0}], "output": [0.0, 0.0, 0.0, 0.0, 0.0, 0.0, 0.0, 0.0, 0.0, 0.0, 0.0, 0.4040915939, 0.0959084061, 0.0, 0.0, 0.3731441946, 0.1268558054, 0.0, 0.0, 0.0, 0.0, 0.0, 0.0, 0.0, 0.0, 0.0, 0.0, 0.0, 0.0, 0.0, 0.0, 0.0, 0.0, 0.0, 0.0, 0.0, 0.0, 0.0, 0.0, 0.0, 0.0, 0.0, 0.0, 0.0, 0.0, 0.0, 0.0, 0.0, 0.0, 0.0, 0.0, 0.0, 0.0, 0.0, 0.0, 0.0, 0.0, 0.0, 0.0, 0.0, 0.0, 0.0, 0.0, 0.0], "num_sources": 2, "seg_angles": 64, "input": [1.2991820924, 1.794316263, 1.2560841833, 1.7138885169, 1.2261534239, 0.6389667013, 0.6023109704, 0.5650700587, 0.724476664, 0.2206754736, 0.5790050529, -0.1460942951, -0.1419609631, -0.1223983605, -0.7648353793, 0.0069792414, -0.6063020827, -0.8364014249, -0.7579134526, -1.2090530186, -0.4241265474, -1.0041256758, -1.4546119448, -1.446849415, -1.712436082]}