{"source": [{"position": [71.53269499507047, -390.5023348800135], "counts": 500000.0}, {"position": [-167.67340488016617, -38.3357443633469], "counts": 500000.0}], "output": [0.0, 0.0, 0.3552553665, 0.1447446335, 0.0, 0.0, 0.0, 0.0, 0.0, 0.0, 0.0, 0.0, 0.0, 0.0, 0.0, 0.0, 0.0, 0.0772954959, 0.4227045041, 0.0, 0.0, 0.0, 0.0, 0.0, 0.0, 0.0, 0.0, 0.0, 0.0, 0.0, 0.0, 0.0, 0.0, 0.0, 0.0, 0.0, 0.0, 0.0, 0.0, 0.0, 0.0, 0.0, 0.0, 0.0, 0.0, 0.0, 0.0, 0.0, 0.0, 0.0, 0.0, 0.0, 0.0, 0.0, 0.0, 0.0, 0.0, 0.0, 0.0, 0.0, 0.0, 0.0, 0.0, 0.0], "num_sources": 2, "seg_angles": 64, "input": [1.6901742215, 1.275376469, 0.6296110542, 0.36551499, 0.0222659051, 1.5349630758, 0.8267169608, -0.0201975254, -0.1271476508, -0.9150262262, 1.1634973784, 0.7769562192, -0.0619872351, -0.8506027708, -1.2390806635, 1.3506744205, 0.3178509265, -0.3548361541, -1.0601249082, -1.3304005654, 0.6348837897, -0.288651207, -1.1260049903, -1.5476992675, -1.6667262464]}