{"source": [{"position": [-224.7318151761871, -207.68151397660822], "counts": 500000.0}, {"position": [445.54608286950474, 129.55573333372962], "counts": 500000.0}], "output": [0.0, 0.0, 0.0, 0.0, 0.0, 0.0, 0.0, 0.2007142321, 0.2992857679, 0.0, 0.0, 0.0, 0.0, 0.0, 0.0, 0.0, 0.0, 0.0, 0.0, 0.0, 0.0, 0.0, 0.0, 0.0, 0.0, 0.0, 0.0, 0.0, 0.0, 0.0, 0.0, 0.0, 0.0, 0.0, 0.0588128335, 0.4411871665, 0.0, 0.0, 0.0, 0.0, 0.0, 0.0, 0.0, 0.0, 0.0, 0.0, 0.0, 0.0, 0.0, 0.0, 0.0, 0.0, 0.0, 0.0, 0.0, 0.0, 0.0, 0.0, 0.0, 0.0, 0.0, 0.0, 0.0, 0.0], "num_sources": 2, "seg_angles": 64, "input": [0.3055533708, 0.309869142, 1.2075704334, 2.2788927816, 2.3453924605, 0.5594114927, -0.0466240922, -0.5716672709, -0.3983631687, 0.7344240257, 0.5347964629, 0.080386617, -1.3990708893, -0.2114644311, 0.3339741405, 0.5595515386, -0.7334225795, -0.9506407478, -0.7576996627, -1.050997901, 0.2876910523, 0.4926138601, -1.1928576848, -1.220142445, -1.4971765053]}