{"source": [{"position": [151.6023603175633, -89.40203770688731], "counts": 500000.0}, {"position": [-390.2969468224865, 237.73366042915572], "counts": 500000.0}], "output": [0.0, 0.0, 0.0, 0.0, 0.0, 0.0, 0.0, 0.0, 0.0, 0.0, 0.0, 0.0, 0.0, 0.0, 0.0, 0.0, 0.0, 0.0, 0.0, 0.0, 0.0, 0.0, 0.0, 0.0, 0.0, 0.0, 0.2136399072, 0.2863600928, 0.0, 0.0, 0.0, 0.0, 0.0, 0.0, 0.0, 0.0, 0.0, 0.0, 0.0, 0.0, 0.0, 0.0, 0.0, 0.0, 0.0, 0.0, 0.0, 0.0, 0.0, 0.0, 0.0, 0.0, 0.0, 0.0, 0.0, 0.0, 0.0, 0.0, 0.2863111012, 0.2136888988, 0.0, 0.0, 0.0, 0.0], "num_sources": 2, "seg_angles": 64, "input": [1.324813452, 1.2468769258, 0.8878262827, 0.4004249487, 0.4039173541, -0.4019017131, -0.3391911483, -0.4917479332, 0.1292063041, 0.8208947648, -1.2479679512, -1.0001058647, -0.8307244052, 0.3708429892, 1.1515597737, -1.2479593409, -0.9022685096, -0.937895241, 0.0381920241, 1.4795347566, -1.6933912357, -1.1274680505, -0.6363941616, 0.4998560444, 2.1030699349]}