{"source": [{"position": [87.27504171159109, 25.76949930130654], "counts": 500000.0}, {"position": [233.44018319826304, -367.0567815316336], "counts": 500000.0}], "output": [0.0, 0.0, 0.0, 0.0, 0.0, 0.0, 0.0, 0.0, 0.0, 0.0, 0.0, 0.0, 0.0, 0.0, 0.0, 0.0, 0.0, 0.0, 0.0, 0.0, 0.0, 0.1150685313, 0.3849314687, 0.0, 0.0, 0.0, 0.0, 0.0, 0.0, 0.0, 0.0, 0.0, 0.0, 0.0, 0.0377628961, 0.4622371039, 0.0, 0.0, 0.0, 0.0, 0.0, 0.0, 0.0, 0.0, 0.0, 0.0, 0.0, 0.0, 0.0, 0.0, 0.0, 0.0, 0.0, 0.0, 0.0, 0.0, 0.0, 0.0, 0.0, 0.0, 0.0, 0.0, 0.0, 0.0], "num_sources": 2, "seg_angles": 64, "input": [-1.357486616, -0.8704542164, -0.2039000289, 0.3560437426, 1.2120850257, -1.34680302, -0.6391146875, -0.0513549868, 0.7748587883, 1.6468758625, -1.3888002329, -0.9147222147, -0.112485669, 0.6598482407, 1.7364775025, -1.5200010049, -0.9067134598, -0.3903623723, 0.5451402273, 1.7467348536, -0.4973703513, -0.174445281, -0.14957234, 0.4989476336, 1.3465746047]}