{"source": [{"position": [-96.36408126888095, -171.82247769487117], "counts": 500000.0}, {"position": [-26.326271564602774, 413.1621079255778], "counts": 500000.0}], "output": [0.0, 0.0, 0.0, 0.0, 0.0, 0.0, 0.0, 0.0, 0.0, 0.0, 0.103132396, 0.396867604, 0.0, 0.0, 0.0, 0.0, 0.0, 0.0, 0.0, 0.0, 0.0, 0.0, 0.0, 0.0, 0.0, 0.0, 0.0, 0.0, 0.0, 0.0, 0.0, 0.0, 0.0, 0.0, 0.0, 0.0, 0.0, 0.0, 0.0, 0.0, 0.0, 0.0, 0.0, 0.0, 0.0, 0.0, 0.0, 0.0, 0.1759199831, 0.3240800169, 0.0, 0.0, 0.0, 0.0, 0.0, 0.0, 0.0, 0.0, 0.0, 0.0, 0.0, 0.0, 0.0, 0.0], "num_sources": 2, "seg_angles": 64, "input": [0.9040728978, 1.0202837444, 1.2253618698, 0.9736435516, 0.5494457051, 0.8979109562, 0.4334394177, 0.2119332196, 0.3800875186, -0.5245336042, 0.5380139301, -0.2282234176, -0.385459758, -1.1404185052, -1.6027856593, 1.4163174049, -0.2228205056, -0.715735164, -0.7570138614, -1.6705462018, 2.1516523474, -0.1190848918, -0.7992304449, -1.0022718657, -1.5340386841]}