{"source": [{"position": [138.19883835241376, 91.96238947549925], "counts": 500000.0}, {"position": [66.78800088785131, 261.6091797651688], "counts": 500000.0}], "output": [0.0, 0.0, 0.0, 0.0, 0.0, 0.0, 0.0, 0.0, 0.0, 0.0, 0.0, 0.0, 0.0, 0.0, 0.0, 0.0, 0.0, 0.0, 0.0, 0.0, 0.0, 0.0, 0.0, 0.0, 0.0, 0.0, 0.0, 0.0, 0.0, 0.0, 0.0, 0.0, 0.0, 0.0, 0.0, 0.0, 0.0, 0.0096713647, 0.4903286353, 0.0, 0.0, 0.0, 0.0, 0.0, 0.0, 0.2730240717, 0.2269759283, 0.0, 0.0, 0.0, 0.0, 0.0, 0.0, 0.0, 0.0, 0.0, 0.0, 0.0, 0.0, 0.0, 0.0, 0.0, 0.0, 0.0], "num_sources": 2, "seg_angles": 64, "input": [-1.8492472785, -1.4358165188, -1.062491923, -0.3468369616, 0.5557112227, -1.575741787, -1.0178091575, -0.6608853235, -0.1564686603, 0.7541518053, -1.2622828686, -0.6542219453, -0.5060124176, 0.1490332205, 1.1222064527, -0.4207193628, 0.1059365432, 0.3979332805, 0.5042313455, 1.1892779903, 0.8794145191, 1.3493760884, 1.4766874125, 1.345833416, 1.1187409077]}