{"source": [{"position": [274.44694788385436, -415.55128780601433], "counts": 500000.0}, {"position": [58.37046592416483, 68.50466194205993], "counts": 500000.0}], "output": [0.0, 0.0, 0.0, 0.0, 0.0, 0.0, 0.0, 0.0, 0.0, 0.0, 0.0, 0.0, 0.0, 0.0, 0.0, 0.0, 0.0, 0.0, 0.0, 0.0, 0.0, 0.027342858, 0.472657142, 0.0, 0.0, 0.0, 0.0, 0.0, 0.0, 0.0, 0.0, 0.0, 0.0, 0.0, 0.0, 0.0, 0.0, 0.0, 0.0, 0.0, 0.0940599969, 0.4059400031, 0.0, 0.0, 0.0, 0.0, 0.0, 0.0, 0.0, 0.0, 0.0, 0.0, 0.0, 0.0, 0.0, 0.0, 0.0, 0.0, 0.0, 0.0, 0.0, 0.0, 0.0, 0.0], "num_sources": 2, "seg_angles": 64, "input": [-1.6425722723, -1.3076365702, -0.898730809, -0.2011640451, 0.6821953319, -1.4448320158, -1.2006720605, -0.7805252314, -0.1125897547, 1.319106034, -1.2164174732, -0.6864312324, -0.6391601138, -0.099741036, 1.2926190692, -0.4329291657, -0.007543672, -0.0686213354, 0.1539633361, 1.2994614093, 0.834217618, 1.1077463139, 1.2215252267, 1.2988785652, 1.5298538832]}