{"source": [{"position": [-148.17341123670914, -394.06299014558203], "counts": 500000.0}, {"position": [29.35623503345672, -22.52135574650088], "counts": 500000.0}], "output": [0.0, 0.0, 0.0, 0.0, 0.0, 0.0, 0.0, 0.0, 0.0, 0.0, 0.0, 0.0, 0.3317324581, 0.1682675419, 0.0, 0.0, 0.0, 0.0, 0.0, 0.0, 0.0, 0.0, 0.0, 0.0, 0.0, 0.3328445773, 0.1671554227, 0.0, 0.0, 0.0, 0.0, 0.0, 0.0, 0.0, 0.0, 0.0, 0.0, 0.0, 0.0, 0.0, 0.0, 0.0, 0.0, 0.0, 0.0, 0.0, 0.0, 0.0, 0.0, 0.0, 0.0, 0.0, 0.0, 0.0, 0.0, 0.0, 0.0, 0.0, 0.0, 0.0, 0.0, 0.0, 0.0, 0.0], "num_sources": 2, "seg_angles": 64, "input": [0.5850456294, 1.0351016016, 1.1020192189, 1.2836147224, 1.2810213278, -0.6717389467, -0.2481589446, 0.2024730577, 0.4355745342, 1.4588966242, -1.1515206436, -0.9912819635, -0.4887664433, 0.2814502754, 1.3377694421, -1.4426718078, -1.1262274859, -0.607554994, 0.0964229447, 1.2628083471, -1.666303674, -1.4048604514, -1.0031275215, -0.3362297387, 0.7762448896]}