{"source": [{"position": [-379.0797767796305, 77.8943055473603], "counts": 500000.0}, {"position": [-71.30410118816947, 136.49807747271493], "counts": 500000.0}], "output": [0.0, 0.0, 0.0, 0.0, 0.0, 0.0, 0.0, 0.0, 0.0, 0.0, 0.0, 0.0, 0.0, 0.0, 0.0, 0.0, 0.0, 0.0, 0.0, 0.0, 0.0, 0.0, 0.0, 0.0, 0.0, 0.0, 0.0, 0.0, 0.0, 0.0, 0.0, 0.0, 0.0, 0.0, 0.0, 0.0, 0.0, 0.0, 0.0, 0.0, 0.0, 0.0, 0.0, 0.0, 0.0, 0.0, 0.0, 0.0, 0.0, 0.0, 0.0, 0.0, 0.0482894157, 0.4517105843, 0.0, 0.0, 0.0, 0.0, 0.0, 0.0, 0.0, 0.0321476049, 0.4678523951, 0.0], "num_sources": 2, "seg_angles": 64, "input": [0.6454791476, -0.6234913794, -1.4350740545, -1.5336914014, -1.7774910512, 1.1928848358, -0.2551489867, -0.8015015056, -1.0233838053, -1.2985871703, 1.0858119124, 0.0650453741, -0.4551843105, -0.4275311911, -0.9835089078, 1.0537319576, 0.5619826632, 0.2766514279, 0.0274838684, -0.3873096097, 1.3412239432, 1.2993562254, 1.318670023, 1.244592072, 0.8889899231]}