{"source": [{"position": [-28.784777660673043, -285.55286126219363], "counts": 500000.0}, {"position": [55.00696521505373, -103.26293515986201], "counts": 500000.0}], "output": [0.0, 0.0, 0.0, 0.0, 0.0, 0.0, 0.0, 0.0, 0.0, 0.0, 0.0, 0.0, 0.0, 0.0, 0.0116605103, 0.4883394897, 0.0, 0.0, 0.0, 0.0, 0.0072258375, 0.4927741625, 0.0, 0.0, 0.0, 0.0, 0.0, 0.0, 0.0, 0.0, 0.0, 0.0, 0.0, 0.0, 0.0, 0.0, 0.0, 0.0, 0.0, 0.0, 0.0, 0.0, 0.0, 0.0, 0.0, 0.0, 0.0, 0.0, 0.0, 0.0, 0.0, 0.0, 0.0, 0.0, 0.0, 0.0, 0.0, 0.0, 0.0, 0.0, 0.0, 0.0, 0.0, 0.0], "num_sources": 2, "seg_angles": 64, "input": [1.3581302356, 1.6405547943, 1.5676310675, 1.4484201214, 1.3107176489, 0.1731820754, 0.7096667851, 0.5161865084, 0.7171260763, 0.5752264217, -0.4951272012, -0.2566203573, -0.2661915611, -0.3739685656, 0.5228255621, -1.071458841, -0.9288287366, -0.8739637594, -0.6350709994, 0.2654004937, -1.6170943509, -1.6200222756, -1.4645236299, -1.0455992897, -0.1565982228]}