{"source": [{"position": [303.136767116076, -85.63352394018317], "counts": 500000.0}, {"position": [-34.95808052746818, -136.59770351596347], "counts": 500000.0}], "output": [0.0, 0.0, 0.0, 0.0, 0.0, 0.0, 0.0, 0.0, 0.0, 0.0, 0.0, 0.0, 0.0, 0.2760029546, 0.2239970454, 0.0, 0.0, 0.0, 0.0, 0.0, 0.0, 0.0, 0.0, 0.0, 0.0, 0.0, 0.0, 0.0, 0.0, 0.4021803213, 0.0978196787, 0.0, 0.0, 0.0, 0.0, 0.0, 0.0, 0.0, 0.0, 0.0, 0.0, 0.0, 0.0, 0.0, 0.0, 0.0, 0.0, 0.0, 0.0, 0.0, 0.0, 0.0, 0.0, 0.0, 0.0, 0.0, 0.0, 0.0, 0.0, 0.0, 0.0, 0.0, 0.0, 0.0], "num_sources": 2, "seg_angles": 64, "input": [1.1402103571, 1.3337515038, 1.7144514042, 1.6897906424, 1.6410923846, 0.1689599061, 0.2994497544, 0.8033129755, 0.8163018617, 0.8087103545, -0.6214349662, -0.4156817209, -0.2681139162, 0.1171709409, 0.2251632618, -0.5404420085, -0.9334239926, -0.9244564081, -0.5310060962, -0.2782902925, -1.0267144654, -1.6930751771, -1.5313544405, -1.1022776645, -0.8920941982]}