{"source": [{"position": [132.5271945778122, 151.12095386588425], "counts": 500000.0}, {"position": [50.88518292747374, -35.42171873917942], "counts": 500000.0}], "output": [0.0, 0.0, 0.0, 0.0, 0.0, 0.0, 0.0, 0.0, 0.0, 0.0, 0.0, 0.0, 0.0, 0.0, 0.0, 0.0, 0.0, 0.0, 0.0, 0.0, 0.0, 0.0, 0.0, 0.0, 0.0, 0.0970833969, 0.4029166031, 0.0, 0.0, 0.0, 0.0, 0.0, 0.0, 0.0, 0.0, 0.0, 0.0, 0.0, 0.0, 0.0, 0.1666223744, 0.3333776256, 0.0, 0.0, 0.0, 0.0, 0.0, 0.0, 0.0, 0.0, 0.0, 0.0, 0.0, 0.0, 0.0, 0.0, 0.0, 0.0, 0.0, 0.0, 0.0, 0.0, 0.0, 0.0], "num_sources": 2, "seg_angles": 64, "input": [0.0763501586, 0.4760731672, 0.603656819, 0.8137801888, 1.2527701529, -1.1078355404, -0.6956347137, -0.5089614043, 0.3328608089, 1.6587776774, -1.4937380905, -1.1136719642, -0.4247242592, 0.2256328001, 1.7634589351, -1.5927344733, -0.9926292111, -0.3410974621, 0.4897878444, 1.4958540962, -1.4030799582, -0.7894893605, -0.3537519429, 0.3855124964, 1.2428332356]}