{"source": [{"position": [-5.509763592235319, 116.87019511046297], "counts": 500000.0}, {"position": [-207.25223798582883, -17.62128967656348], "counts": 500000.0}], "output": [0.0680183155, 0.4319816845, 0.0, 0.0, 0.0, 0.0, 0.0, 0.0, 0.0, 0.0, 0.0, 0.0, 0.0, 0.0, 0.0, 0.0, 0.0, 0.0, 0.0, 0.0, 0.0, 0.0, 0.0, 0.0, 0.0, 0.0, 0.0, 0.0, 0.0, 0.0, 0.0, 0.0, 0.0, 0.0, 0.0, 0.0, 0.0, 0.0, 0.0, 0.0, 0.0, 0.0, 0.0, 0.0, 0.0, 0.0, 0.0, 0.0, 0.2600736964, 0.2399263036, 0.0, 0.0, 0.0, 0.0, 0.0, 0.0, 0.0, 0.0, 0.0, 0.0, 0.0, 0.0, 0.0, 0.0], "num_sources": 2, "seg_angles": 64, "input": [-0.6090013108, -0.9431652987, -1.2067242026, -1.4275677053, -1.7601024348, 0.0252240971, -0.342602131, -0.5898413408, -0.9229920087, -1.4216015138, 0.444887394, 0.4953465209, 0.1485184816, -0.4564170303, -0.8527593197, 1.224759501, 1.0518918041, 0.6100501754, 0.5491616554, -0.3087186225, 1.6346830834, 1.6056582859, 1.5870105909, 1.0413665028, 0.4229348264]}