{"source": [{"position": [77.00063140469872, -81.33205249640343], "counts": 500000.0}, {"position": [-326.8860062778351, 341.8691838989398], "counts": 500000.0}], "output": [0.0, 0.0, 0.0, 0.0, 0.0, 0.0, 0.0, 0.0, 0.0, 0.0, 0.0, 0.0, 0.0, 0.0, 0.0, 0.0, 0.0, 0.0, 0.0, 0.0, 0.0, 0.0, 0.0, 0.1392905458, 0.3607094542, 0.0, 0.0, 0.0, 0.0, 0.0, 0.0, 0.0, 0.0, 0.0, 0.0, 0.0, 0.0, 0.0, 0.0, 0.0, 0.0, 0.0, 0.0, 0.0, 0.0, 0.0, 0.0, 0.0, 0.0, 0.0, 0.0, 0.0, 0.0, 0.0, 0.0, 0.1140864907, 0.3859135093, 0.0, 0.0, 0.0, 0.0, 0.0, 0.0, 0.0], "num_sources": 2, "seg_angles": 64, "input": [1.2365623795, 1.197722605, 1.124896042, 1.1796764423, 0.7478412243, -0.1727217258, 0.2247345718, 0.0272192341, 0.0220517211, 0.9793341655, -1.0160847226, -0.811647904, -0.9522460856, 0.1590577545, 1.2985587105, -1.4617212362, -1.2286264538, -0.8665049597, 0.0714026401, 1.3513028479, -1.7214456342, -1.5402645902, -0.8450000295, -0.0919911749, 1.087894178]}