{"source": [{"position": [376.491800214427, 135.10708483014503], "counts": 500000.0}, {"position": [127.74769132286842, 46.65326742766393], "counts": 500000.0}], "output": [0.0, 0.0, 0.0, 0.0, 0.0, 0.0, 0.0, 0.0, 0.0, 0.0, 0.0, 0.0, 0.0, 0.0, 0.0, 0.0, 0.0, 0.0, 0.0, 0.0, 0.0, 0.0, 0.0, 0.0, 0.0, 0.0, 0.0, 0.0, 0.0, 0.0, 0.0, 0.0, 0.0, 0.0, 0.0, 0.4619513096, 0.5380486904, 0.0, 0.0, 0.0, 0.0, 0.0, 0.0, 0.0, 0.0, 0.0, 0.0, 0.0, 0.0, 0.0, 0.0, 0.0, 0.0, 0.0, 0.0, 0.0, 0.0, 0.0, 0.0, 0.0, 0.0, 0.0, 0.0, 0.0], "num_sources": 2, "seg_angles": 64, "input": [-1.5311643119, -1.1754449278, -0.5296437097, 0.2356785765, 1.1495648976, -1.3662562216, -0.8862343765, -0.388726176, 0.6759985494, 1.7266922387, -1.3770342724, -0.9205734005, -0.2005478305, 0.6029125764, 1.5591376583, -1.2213622771, -0.8736763728, -0.1202874031, 0.5829308139, 1.7030016264, -0.2630915774, 0.344057346, 0.4677368318, 0.5502810167, 1.2560507256]}