{"source": [{"position": [-158.36675941343327, 180.3329407315473], "counts": 500000.0}, {"position": [160.379444486538, 132.44785308259807], "counts": 500000.0}], "output": [0.0, 0.0, 0.0, 0.0, 0.0, 0.0, 0.0, 0.0, 0.0, 0.0, 0.0, 0.0, 0.0, 0.0, 0.0, 0.0, 0.0, 0.0, 0.0, 0.0, 0.0, 0.0, 0.0, 0.0, 0.0, 0.0, 0.0, 0.0, 0.0, 0.0, 0.0, 0.0, 0.0, 0.0, 0.0, 0.0, 0.0, 0.0, 0.0, 0.4843309885, 0.0156690115, 0.0, 0.0, 0.0, 0.0, 0.0, 0.0, 0.0, 0.0, 0.0, 0.0, 0.0, 0.0, 0.0, 0.0, 0.3298390521, 0.1701609479, 0.0, 0.0, 0.0, 0.0, 0.0, 0.0, 0.0], "num_sources": 2, "seg_angles": 64, "input": [-0.8594546243, -1.3075667423, -1.7434530695, -1.0765431067, -0.4032886326, -0.4085823487, -0.9507648935, -1.1201296582, -0.5248283041, 0.1172420591, 0.1245696253, -0.7709265662, -0.9696238416, -0.2541352323, 0.2449047656, 0.4811071674, 0.1808566848, 0.3623735843, 0.1447362717, 0.7823672279, 1.2413445661, 1.6395701943, 1.8128689347, 1.7894559634, 1.4678999755]}