{"source": [{"position": [165.1612000162022, -93.924320648105], "counts": 500000.0}, {"position": [435.7595806184117, 32.90270352518021], "counts": 500000.0}], "output": [0.0, 0.0, 0.0, 0.0, 0.0, 0.0, 0.0, 0.0, 0.0, 0.0, 0.0, 0.0, 0.0, 0.0, 0.0, 0.0, 0.0, 0.0, 0.0, 0.0, 0.0, 0.0, 0.0, 0.0, 0.0, 0.0, 0.1334348173, 0.3665651827, 0.0, 0.0, 0.0, 0.0, 0.1161766047, 0.3838233953, 0.0, 0.0, 0.0, 0.0, 0.0, 0.0, 0.0, 0.0, 0.0, 0.0, 0.0, 0.0, 0.0, 0.0, 0.0, 0.0, 0.0, 0.0, 0.0, 0.0, 0.0, 0.0, 0.0, 0.0, 0.0, 0.0, 0.0, 0.0, 0.0, 0.0], "num_sources": 2, "seg_angles": 64, "input": [-0.1717829054, 0.1929816208, 0.4845453964, 1.016097016, 1.1342209739, -0.9571460696, -0.5583704783, -0.0472598441, 0.529734616, 1.7727282099, -1.4025351052, -0.9784562971, -0.5594095189, 0.4419601419, 1.6224110719, -1.5259023693, -0.8760530686, -0.3268561465, 0.4841029838, 1.6081252879, -1.6283336854, -1.1038387829, -0.5484197167, 0.2032379444, 1.194218725]}