{"source": [{"position": [232.569127454376, -368.79208363942706], "counts": 500000.0}, {"position": [185.74538115839212, -224.00815471389348], "counts": 500000.0}], "output": [0.0, 0.0, 0.0, 0.0, 0.0, 0.0, 0.0, 0.0, 0.0, 0.0, 0.0, 0.0, 0.0, 0.0, 0.0, 0.0, 0.0, 0.0, 0.0, 0.0, 0.0, 0.1345321366, 0.3654678634, 0.474205153, 0.025794847, 0.0, 0.0, 0.0, 0.0, 0.0, 0.0, 0.0, 0.0, 0.0, 0.0, 0.0, 0.0, 0.0, 0.0, 0.0, 0.0, 0.0, 0.0, 0.0, 0.0, 0.0, 0.0, 0.0, 0.0, 0.0, 0.0, 0.0, 0.0, 0.0, 0.0, 0.0, 0.0, 0.0, 0.0, 0.0, 0.0, 0.0, 0.0, 0.0], "num_sources": 2, "seg_angles": 64, "input": [0.8929337859, 1.3714512948, 1.1382375911, 0.8860782985, 0.9731201421, -0.011408598, 0.4688318656, 0.3499879064, 0.6026381338, 0.9743672489, -1.0402493791, -0.6829436286, -0.3887355984, -0.0545945481, 1.2498901397, -1.3472604855, -1.085450837, -1.089754087, -0.3330056491, 1.2814743754, -1.6820319812, -1.6293862055, -1.3044389525, -0.5277384096, 0.9879875772]}