{"source": [{"position": [192.51317604838152, -307.746124342395], "counts": 500000.0}, {"position": [425.66351770462876, 16.92836954113608], "counts": 500000.0}], "output": [0.0, 0.0, 0.0, 0.0, 0.0, 0.0, 0.0, 0.0, 0.0, 0.0, 0.0, 0.0, 0.0, 0.0, 0.0, 0.0, 0.0, 0.0, 0.0, 0.0, 0.0, 0.1530324696, 0.3469675304, 0.0, 0.0, 0.0, 0.0, 0.0, 0.0, 0.0, 0.0, 0.0, 0.2975629465, 0.2024370535, 0.0, 0.0, 0.0, 0.0, 0.0, 0.0, 0.0, 0.0, 0.0, 0.0, 0.0, 0.0, 0.0, 0.0, 0.0, 0.0, 0.0, 0.0, 0.0, 0.0, 0.0, 0.0, 0.0, 0.0, 0.0, 0.0, 0.0, 0.0, 0.0, 0.0], "num_sources": 2, "seg_angles": 64, "input": [-0.0544592085, 0.2177794301, 0.8304101601, 1.1391805485, 1.5082623653, -0.6556863538, -0.1826266595, 0.0245785581, 0.906704325, 1.706134615, -1.1034625131, -0.4878630081, -0.1169660954, 0.3454651662, 1.4574135204, -1.6412385766, -1.0893458743, -0.6652433764, 0.267237027, 1.1366357823, -1.7420808388, -1.3121185845, -0.9934639703, -0.5288798174, 1.0336333787]}