{"source": [{"position": [-53.9977092069647, 0.4973936067950989], "counts": 500000.0}, {"position": [-75.93161669744882, 394.7637136132344], "counts": 500000.0}], "output": [0.4530881359, 0.0, 0.0, 0.0, 0.0, 0.0, 0.0, 0.0, 0.0, 0.0, 0.0, 0.0, 0.0, 0.0, 0.0, 0.0, 0.0, 0.0, 0.0, 0.0, 0.0, 0.0, 0.0, 0.0, 0.0, 0.0, 0.0, 0.0, 0.0, 0.0, 0.0, 0.0, 0.0, 0.0, 0.0, 0.0, 0.0, 0.0, 0.0, 0.0, 0.0, 0.0, 0.0, 0.0, 0.0, 0.0, 0.0, 0.0, 0.0, 0.0322045352, 0.4677954648, 0.0, 0.0, 0.0, 0.0, 0.0, 0.0, 0.0, 0.0, 0.0, 0.0, 0.0, 0.0, 0.0469118641], "num_sources": 2, "seg_angles": 64, "input": [1.1592661691, 0.232272992, -0.5743855887, -1.1055006214, -1.4084856635, 1.5501802849, 0.8132641725, -0.1753996182, -0.7404527947, -1.2440069245, 1.7057825668, 0.73081857, -0.0206258829, -0.6425939195, -1.2528220212, 1.8027229078, 0.770051117, 0.0283008493, -0.5505003708, -1.1133035403, 1.3639197271, 0.6348388157, -0.1026583424, -0.7607448611, -1.099938023]}