{"source": [{"position": [-176.39223380830353, -317.261374661519], "counts": 500000.0}, {"position": [-68.30648101716267, 212.28100398069537], "counts": 500000.0}], "output": [0.0, 0.0, 0.0, 0.0, 0.0, 0.0, 0.0, 0.0, 0.0, 0.0, 0.0842984119, 0.4157015881, 0.0, 0.0, 0.0, 0.0, 0.0, 0.0, 0.0, 0.0, 0.0, 0.0, 0.0, 0.0, 0.0, 0.0, 0.0, 0.0, 0.0, 0.0, 0.0, 0.0, 0.0, 0.0, 0.0, 0.0, 0.0, 0.0, 0.0, 0.0, 0.0, 0.0, 0.0, 0.0, 0.0, 0.0, 0.0, 0.0, 0.0, 0.0, 0.0, 0.4145049914, 0.0854950086, 0.0, 0.0, 0.0, 0.0, 0.0, 0.0, 0.0, 0.0, 0.0, 0.0, 0.0], "num_sources": 2, "seg_angles": 64, "input": [1.0778255674, -0.3250523025, -0.9762841049, -0.4383320371, -1.009433019, 0.7160896194, -0.7830592653, -0.8544586942, -0.9089054332, -1.296862251, 0.9245543911, -0.6691101692, -0.7396490843, -0.6876333535, -1.3236564057, 1.6513059004, 0.1941892916, 0.230274299, 0.0515978177, -0.9100451831, 2.0019411451, 1.2428705384, 1.4520094053, 1.3489698385, 0.0308534891]}