{"source": [{"position": [339.9425509202525, -195.20005654156844], "counts": 500000.0}, {"position": [105.52532763222037, 204.36341460279172], "counts": 500000.0}], "output": [0.0, 0.0, 0.0, 0.0, 0.0, 0.0, 0.0, 0.0, 0.0, 0.0, 0.0, 0.0, 0.0, 0.0, 0.0, 0.0, 0.0, 0.0, 0.0, 0.0, 0.0, 0.0, 0.0, 0.0, 0.0, 0.0, 0.1546739386, 0.3453260614, 0.0, 0.0, 0.0, 0.0, 0.0, 0.0, 0.0, 0.0, 0.0, 0.0, 0.0, 0.0, 0.0, 0.0, 0.0, 0.4275620432, 0.0724379568, 0.0, 0.0, 0.0, 0.0, 0.0, 0.0, 0.0, 0.0, 0.0, 0.0, 0.0, 0.0, 0.0, 0.0, 0.0, 0.0, 0.0, 0.0, 0.0], "num_sources": 2, "seg_angles": 64, "input": [-1.3155481384, -0.7710518778, -0.6521841137, -0.4413454648, 0.9844150653, -1.588111229, -1.4010461442, -0.8445074733, -0.3645443588, 1.518850415, -1.3656657815, -0.8807840671, -0.5578721928, -0.0544432255, 1.4264649549, -0.5935118297, -0.0472695633, 0.0372131389, 0.6251397897, 1.310491643, 0.1284773044, 0.9622053721, 1.1772612305, 1.3696233543, 1.3377431916]}