{"source": [{"position": [88.86281379453881, -126.99763905095685], "counts": 500000.0}, {"position": [189.5979102964898, 30.275937825345665], "counts": 500000.0}], "output": [0.0, 0.0, 0.0, 0.0, 0.0, 0.0, 0.0, 0.0, 0.0, 0.0, 0.0, 0.0, 0.0, 0.0, 0.0, 0.0, 0.0, 0.0, 0.0, 0.0, 0.0, 0.0, 0.3905547019, 0.1094452981, 0.0, 0.0, 0.0, 0.0, 0.0, 0.0, 0.0, 0.0, 0.0, 0.1935398163, 0.3064601837, 0.0, 0.0, 0.0, 0.0, 0.0, 0.0, 0.0, 0.0, 0.0, 0.0, 0.0, 0.0, 0.0, 0.0, 0.0, 0.0, 0.0, 0.0, 0.0, 0.0, 0.0, 0.0, 0.0, 0.0, 0.0, 0.0, 0.0, 0.0, 0.0], "num_sources": 2, "seg_angles": 64, "input": [-0.1667758177, 0.499123427, 0.7949528424, 1.235394213, 1.6056190696, -0.6424902962, -0.194755928, 0.2919520771, 0.7122547819, 1.4489893793, -1.2002938593, -0.6692748712, -0.2814918662, 0.3178682745, 1.3960210836, -1.6120042388, -1.2483208625, -0.8744039918, 0.1453712506, 1.3669640395, -1.5744393477, -1.366105394, -0.8369527799, -0.1240012962, 0.976800111]}