{"source": [{"position": [-333.1831669656075, -278.1096496901324], "counts": 500000.0}, {"position": [-87.50944593582996, 9.278840013926995], "counts": 500000.0}], "output": [0.0, 0.0, 0.0, 0.0, 0.0, 0.0, 0.0, 0.4576070541, 0.0423929459, 0.0, 0.0, 0.0, 0.0, 0.0, 0.0, 0.0, 0.0, 0.0, 0.0, 0.0, 0.0, 0.0, 0.0, 0.0, 0.0, 0.0, 0.0, 0.0, 0.0, 0.0, 0.0, 0.0, 0.0, 0.0, 0.0, 0.0, 0.0, 0.0, 0.0, 0.0, 0.0, 0.0, 0.0, 0.0, 0.0, 0.0, 0.0, 0.0, 0.0, 0.0, 0.0, 0.0, 0.0, 0.0, 0.0, 0.0, 0.0, 0.0, 0.0, 0.0, 0.0, 0.0, 0.0380085337, 0.4619914663], "num_sources": 2, "seg_angles": 64, "input": [1.3568964667, 0.450068507, -0.1387848655, -0.5635046391, -1.1389368815, 1.5802708, 0.7147527105, -0.0414080415, -0.428618515, -1.2049483724, 1.7980549963, 0.6752298871, -0.127235527, -0.7387181007, -1.3453769062, 1.8402775429, 0.796968036, -0.2134941895, -0.8262083238, -1.3026070017, 1.1971906973, 0.2564312515, -0.3704177126, -0.9460616353, -1.2798201833]}