{"source": [{"position": [22.208492409867528, -424.41934789177657], "counts": 500000.0}, {"position": [11.486338318975298, -271.7573624246859], "counts": 500000.0}], "output": [0.0, 0.0, 0.0, 0.0, 0.0, 0.0, 0.0, 0.0, 0.0, 0.0, 0.0, 0.0, 0.0, 0.0, 0.0, 0.0, 0.5186093487, 0.4813906513, 0.0, 0.0, 0.0, 0.0, 0.0, 0.0, 0.0, 0.0, 0.0, 0.0, 0.0, 0.0, 0.0, 0.0, 0.0, 0.0, 0.0, 0.0, 0.0, 0.0, 0.0, 0.0, 0.0, 0.0, 0.0, 0.0, 0.0, 0.0, 0.0, 0.0, 0.0, 0.0, 0.0, 0.0, 0.0, 0.0, 0.0, 0.0, 0.0, 0.0, 0.0, 0.0, 0.0, 0.0, 0.0, 0.0], "num_sources": 2, "seg_angles": 64, "input": [1.1673352382, 1.7830694938, 1.721109118, 1.5832989125, 1.2901292776, 0.292445627, 0.8078786596, 0.7375425583, 0.9424481154, 0.3582242483, -0.495665858, -0.1790068223, 0.1414259695, 0.0448460725, -0.3016670835, -1.055302209, -0.5427408043, -0.685161912, -0.6166753202, -0.7697124514, -1.4032934506, -1.187489631, -1.1823483465, -1.1784721465, -1.2722172552]}