{"source": [{"position": [176.48736712356498, -268.1290906369392], "counts": 500000.0}, {"position": [-89.74179756060028, -111.3346746103488], "counts": 500000.0}], "output": [0.0, 0.0, 0.0, 0.0, 0.0, 0.0, 0.0, 0.0, 0.0, 0.4551734738, 0.0448265262, 0.0, 0.0, 0.0, 0.0, 0.0, 0.0, 0.0, 0.0, 0.0, 0.0, 0.0352330586, 0.4647669414, 0.0, 0.0, 0.0, 0.0, 0.0, 0.0, 0.0, 0.0, 0.0, 0.0, 0.0, 0.0, 0.0, 0.0, 0.0, 0.0, 0.0, 0.0, 0.0, 0.0, 0.0, 0.0, 0.0, 0.0, 0.0, 0.0, 0.0, 0.0, 0.0, 0.0, 0.0, 0.0, 0.0, 0.0, 0.0, 0.0, 0.0, 0.0, 0.0, 0.0, 0.0], "num_sources": 2, "seg_angles": 64, "input": [1.5785472538, 1.7281823197, 1.6757717648, 1.3421004783, 1.0514425719, 0.6501905821, 0.4719035385, 0.345764915, 0.3918829479, 0.3642075259, 0.7020262906, -0.2013006603, -0.7054571228, -0.6103332825, -0.4236985491, 0.6747581338, -0.4184248457, -1.0845399136, -1.262885689, -0.9173004628, -0.1929034961, -0.9692979244, -1.517032349, -1.533249506, -1.1403545208]}