{"source": [{"position": [252.8687086770287, 397.36433681448057], "counts": 500000.0}, {"position": [244.0419247881542, -49.44227892899858], "counts": 500000.0}], "output": [0.0, 0.0, 0.0, 0.0, 0.0, 0.0, 0.0, 0.0, 0.0, 0.0, 0.0, 0.0, 0.0, 0.0, 0.0, 0.0, 0.0, 0.0, 0.0, 0.0, 0.0, 0.0, 0.0, 0.0, 0.0, 0.0, 0.0, 0.0, 0.0, 0.0180410078, 0.4819589922, 0.0, 0.0, 0.0, 0.0, 0.0, 0.0, 0.0, 0.0, 0.0, 0.0, 0.0, 0.3863327133, 0.1136672867, 0.0, 0.0, 0.0, 0.0, 0.0, 0.0, 0.0, 0.0, 0.0, 0.0, 0.0, 0.0, 0.0, 0.0, 0.0, 0.0, 0.0, 0.0, 0.0, 0.0], "num_sources": 2, "seg_angles": 64, "input": [-1.0709315205, -1.0568691532, -0.5767983875, -0.0016222328, 1.0979792346, -1.5516680248, -1.0259903232, -0.4157737291, 0.4463717592, 1.3655904678, -1.4241770359, -0.7530794378, -0.2972116227, 0.5349621491, 1.6195770517, -1.2382180558, -0.3565572634, 0.238483998, 1.1946682774, 1.7097559256, -0.689713404, -0.3246998415, 0.2593252039, 0.6541881657, 1.662407799]}