{"source": [{"position": [-134.12695553380604, -124.49481836298418], "counts": 500000.0}, {"position": [-226.83420010404907, 423.02038445346363], "counts": 500000.0}], "output": [0.0, 0.0, 0.0, 0.0, 0.0, 0.0, 0.0, 0.1895950508, 0.3104049492, 0.0, 0.0, 0.0, 0.0, 0.0, 0.0, 0.0, 0.0, 0.0, 0.0, 0.0, 0.0, 0.0, 0.0, 0.0, 0.0, 0.0, 0.0, 0.0, 0.0, 0.0, 0.0, 0.0, 0.0, 0.0, 0.0, 0.0, 0.0, 0.0, 0.0, 0.0, 0.0, 0.0, 0.0, 0.0, 0.0, 0.0, 0.0, 0.0, 0.0, 0.0, 0.0, 0.0, 0.0, 0.49321495, 0.00678505, 0.0, 0.0, 0.0, 0.0, 0.0, 0.0, 0.0, 0.0, 0.0], "num_sources": 2, "seg_angles": 64, "input": [1.3297437819, 0.9203770566, 0.775334372, 0.4041606796, 0.3088555064, 1.590131668, 0.0490662807, -0.126462631, -0.392486642, -0.7828875242, 1.5732152634, 0.0039168071, -0.5606448025, -1.0652885794, -1.5741480963, 1.7231582048, 0.1984873697, -0.6538910971, -1.2555366381, -1.5980889824, 1.2749230608, 0.2843049937, -0.2353160382, -0.8947242503, -1.2961997632]}