{"source": [{"position": [-207.78867602499082, -120.09940098011064], "counts": 500000.0}, {"position": [47.84300823688324, 396.12125234938543], "counts": 500000.0}], "output": [0.0, 0.0, 0.0, 0.0, 0.0, 0.3308973243, 0.1691026757, 0.0, 0.0, 0.0, 0.0, 0.0, 0.0, 0.0, 0.0, 0.0, 0.0, 0.0, 0.0, 0.0, 0.0, 0.0, 0.0, 0.0, 0.0, 0.0, 0.0, 0.0, 0.0, 0.0, 0.0, 0.0, 0.0, 0.0, 0.0, 0.0, 0.0, 0.0, 0.0, 0.0, 0.0, 0.0, 0.0, 0.0, 0.0, 0.0, 0.1121557321, 0.3878442679, 0.0, 0.0, 0.0, 0.0, 0.0, 0.0, 0.0, 0.0, 0.0, 0.0, 0.0, 0.0, 0.0, 0.0, 0.0, 0.0], "num_sources": 2, "seg_angles": 64, "input": [0.3882774467, -0.0916455842, 0.1412918753, -0.0569516725, -0.0507393651, 0.7845998584, 0.0969855621, -0.7025612288, -0.9376223098, -1.3317193908, 1.6395408317, 0.5170099529, -0.2132786688, -1.0265552344, -1.5422872547, 1.9253558546, 1.1008128386, -0.3843037774, -0.8604070625, -1.4652267224, 1.9114389349, 1.0611398489, 0.598366274, -0.3080973279, -1.1934236787]}