{"source": [{"position": [-14.514946858972412, -32.94413935256477], "counts": 500000.0}, {"position": [-80.30652790707488, 24.63456059097068], "counts": 500000.0}], "output": [0.0, 0.0, 0.0, 0.0, 0.0, 0.0, 0.0, 0.0, 0.0, 0.0, 0.0, 0.1135945514, 0.3864054486, 0.0, 0.0, 0.0, 0.0, 0.0, 0.0, 0.0, 0.0, 0.0, 0.0, 0.0, 0.0, 0.0, 0.0, 0.0, 0.0, 0.0, 0.0, 0.0, 0.0, 0.0, 0.0, 0.0, 0.0, 0.0, 0.0, 0.0, 0.0, 0.0, 0.0, 0.0, 0.0, 0.0, 0.0, 0.0, 0.0, 0.0, 0.0, 0.0, 0.0, 0.0, 0.0, 0.0, 0.0, 0.0, 0.0, 0.0, 0.0158882453, 0.4841117547, 0.0, 0.0], "num_sources": 2, "seg_angles": 64, "input": [1.6587413363, 1.538420563, 1.2852125903, 0.9341865457, 0.549321959, 1.3005975275, 0.8116201164, 0.5664858854, 0.1996682361, -0.4054365308, 0.9782472014, 0.0892667093, -0.3243482485, -0.6221831985, -1.102687401, 0.8630067342, -0.3794573739, -0.8496355744, -1.1551429182, -1.596717032, 0.372673674, -0.7468237749, -1.1337806864, -1.3096543829, -1.5215819571]}