{"source": [{"position": [-60.33805157448735, -230.224498114763], "counts": 500000.0}, {"position": [-136.0248832334926, 98.59630389276619], "counts": 500000.0}], "output": [0.0, 0.0, 0.0, 0.0, 0.0, 0.0, 0.0, 0.0, 0.0, 0.0, 0.0, 0.0, 0.0, 0.3054203068, 0.1945796932, 0.0, 0.0, 0.0, 0.0, 0.0, 0.0, 0.0, 0.0, 0.0, 0.0, 0.0, 0.0, 0.0, 0.0, 0.0, 0.0, 0.0, 0.0, 0.0, 0.0, 0.0, 0.0, 0.0, 0.0, 0.0, 0.0, 0.0, 0.0, 0.0, 0.0, 0.0, 0.0, 0.0, 0.0, 0.0, 0.0, 0.0, 0.0, 0.0, 0.0, 0.0, 0.0, 0.1943208994, 0.3056791006, 0.0, 0.0, 0.0, 0.0, 0.0], "num_sources": 2, "seg_angles": 64, "input": [1.8476764584, 1.0301331784, 0.4467321294, -0.2590746373, -0.847870595, 2.0602055907, 0.8503855758, 0.365735338, -0.4461872851, -1.4844619122, 1.5764802739, 0.1027734019, -0.7130311108, -1.050197496, -1.8598758046, 0.9698318938, -0.0631368533, -0.5700529134, -1.0442809812, -1.0539783414, 0.8730847515, -0.0753949187, -0.0125887213, -0.2136307971, -0.4292762243]}