{"source": [{"position": [335.24095465425705, -136.59246802991123], "counts": 500000.0}, {"position": [-231.46958575884736, 15.678994503079569], "counts": 500000.0}], "output": [0.1555458029, 0.0, 0.0, 0.0, 0.0, 0.0, 0.0, 0.0, 0.0, 0.0, 0.0, 0.0, 0.0, 0.0, 0.0, 0.0, 0.0, 0.0, 0.0, 0.0, 0.0, 0.0, 0.0, 0.0, 0.0, 0.0, 0.0, 0.0, 0.4705088823, 0.0294911177, 0.0, 0.0, 0.0, 0.0, 0.0, 0.0, 0.0, 0.0, 0.0, 0.0, 0.0, 0.0, 0.0, 0.0, 0.0, 0.0, 0.0, 0.0, 0.0, 0.0, 0.0, 0.0, 0.0, 0.0, 0.0, 0.0, 0.0, 0.0, 0.0, 0.0, 0.0, 0.0, 0.0, 0.3444541971], "num_sources": 2, "seg_angles": 64, "input": [1.9691448659, 0.9159440403, 0.0035567979, -1.0016073231, -1.2711276866, 1.6406873796, -0.1213335165, 0.012394437, -0.8467647073, -0.4506322772, 1.8139472542, 0.8615772261, -0.1034688081, -0.6133246342, -0.3221200921, 1.9740573028, 0.721036455, -0.3458795711, -0.5211318191, -0.1936420525, -0.0038090952, -0.5716664137, -0.9538076106, -1.4870316656, -1.1049984857]}