{"source": [{"position": [304.1493130452303, 347.7602555987595], "counts": 500000.0}, {"position": [-345.79744429203186, 157.5567438134563], "counts": 500000.0}], "output": [0.0, 0.0, 0.0, 0.0, 0.0, 0.0, 0.0, 0.0, 0.0, 0.0, 0.0, 0.0, 0.0, 0.0, 0.0, 0.0, 0.0, 0.0, 0.0, 0.0, 0.0, 0.0, 0.0, 0.0, 0.0, 0.0, 0.0, 0.0, 0.0, 0.0, 0.0, 0.0, 0.0, 0.0, 0.0, 0.0, 0.0, 0.0, 0.0, 0.0, 0.1598021041, 0.3401978959, 0.0, 0.0, 0.0, 0.0, 0.0, 0.0, 0.0, 0.0, 0.0, 0.0, 0.0, 0.0, 0.0, 0.0, 0.0, 0.0, 0.0, 0.1773847, 0.3226153, 0.0, 0.0, 0.0], "num_sources": 2, "seg_angles": 64, "input": [-0.4399985966, -1.228762926, -1.5737054405, -1.3148055432, -0.705795178, 0.4469846983, -0.4492551803, -1.0833735512, -0.8336256227, -0.5697932674, 0.9810612768, 0.0252200055, -0.806270107, -0.7629002548, -0.719823318, 1.5348368312, 0.5802043265, 0.2754044717, -0.0355093708, -0.3592991569, 1.254369374, 1.7889637906, 1.7278329489, 0.9681070537, 1.2999327364]}