{"source": [{"position": [10.170912810473993, 44.861481613983024], "counts": 500000.0}, {"position": [-140.51961288892448, 147.88589653360057], "counts": 500000.0}], "output": [0.0, 0.0, 0.0, 0.0, 0.0, 0.0, 0.0, 0.0, 0.0, 0.0, 0.0, 0.0, 0.0, 0.0, 0.0, 0.0, 0.0, 0.0, 0.0, 0.0, 0.0, 0.0, 0.0, 0.0, 0.0, 0.0, 0.0, 0.0, 0.0, 0.0, 0.0, 0.0, 0.0, 0.0, 0.0, 0.0, 0.0, 0.0, 0.0, 0.0, 0.0, 0.0, 0.0, 0.0, 0.0, 0.1354710227, 0.3645289773, 0.0, 0.0, 0.0, 0.0, 0.0, 0.0, 0.0, 0.0, 0.1300530622, 0.3699469378, 0.0, 0.0, 0.0, 0.0, 0.0, 0.0, 0.0], "num_sources": 2, "seg_angles": 64, "input": [-1.1029171934, -1.2090424519, -1.3529054059, -1.4404166148, -0.9810307561, -0.6818482612, -0.6630134864, -0.814405263, -0.8957671977, -0.5984442145, -0.3130376997, -0.0943492095, -0.1108765885, -0.3152234272, -0.2192693021, 0.4900731681, 0.654147943, 0.6788205025, 0.6906968452, 0.3478750993, 1.317809032, 1.8284132283, 1.7083735591, 1.5709425283, 1.5053951663]}