{"source": [{"position": [251.72091594679299, 400.4567148580575], "counts": 500000.0}, {"position": [-17.897607482084283, 216.260665971455], "counts": 500000.0}], "output": [0.0, 0.0, 0.0, 0.0, 0.0, 0.0, 0.0, 0.0, 0.0, 0.0, 0.0, 0.0, 0.0, 0.0, 0.0, 0.0, 0.0, 0.0, 0.0, 0.0, 0.0, 0.0, 0.0, 0.0, 0.0, 0.0, 0.0, 0.0, 0.0, 0.0, 0.0, 0.0, 0.0, 0.0, 0.0, 0.0, 0.0, 0.0, 0.0, 0.0, 0.0, 0.0, 0.3580298009, 0.1419701991, 0.0, 0.0, 0.0, 0.0, 0.0794680745, 0.4205319255, 0.0, 0.0, 0.0, 0.0, 0.0, 0.0, 0.0, 0.0, 0.0, 0.0, 0.0, 0.0, 0.0, 0.0], "num_sources": 2, "seg_angles": 64, "input": [-1.4762294283, -1.4982403936, -1.3560206298, -1.0452853083, -0.9936059374, -0.9163686631, -0.9833021908, -0.6574857441, -0.6622793127, -0.4127273222, -0.4906851258, -0.1376855475, -0.1815422379, 0.0091341978, 0.15213018, 0.2908468906, 0.7809620326, 0.7539188817, 0.9076944307, 0.6112320632, 1.0759882552, 1.3554351313, 1.7511661851, 1.779690549, 1.3432590443]}