{"source": [{"position": [334.3351004592841, 21.095985420937797], "counts": 500000.0}, {"position": [-201.3187347916979, 26.072342086394848], "counts": 500000.0}], "output": [0.0, 0.0, 0.0, 0.0, 0.0, 0.0, 0.0, 0.0, 0.0, 0.0, 0.0, 0.0, 0.0, 0.0, 0.0, 0.0, 0.0, 0.0, 0.0, 0.0, 0.0, 0.0, 0.0, 0.0, 0.0, 0.0, 0.0, 0.0, 0.0, 0.0, 0.0, 0.0, 0.1790683283, 0.3209316717, 0.0, 0.0, 0.0, 0.0, 0.0, 0.0, 0.0, 0.0, 0.0, 0.0, 0.0, 0.0, 0.0, 0.0, 0.0, 0.0, 0.0, 0.0, 0.0, 0.0, 0.0, 0.0, 0.0, 0.0, 0.0, 0.0, 0.0, 0.0, 0.155926832, 0.344073168], "num_sources": 2, "seg_angles": 64, "input": [0.9849090921, -0.1450101029, -1.8055517159, -1.3249163941, -0.8324703396, 1.9929163135, 0.8589016681, 0.0635228239, -0.5960837771, -1.2078150405, 2.000364598, 1.2670342872, -0.2245904779, 0.1999182147, -0.6427829873, 0.9818173438, 0.6849635553, -0.7111300783, -0.8768831122, -0.9449980548, 1.2836931065, 0.008294764, -0.521411515, -0.3476361598, -0.1450560117]}