{"source": [{"position": [-296.38885985668657, -109.58852016910078], "counts": 500000.0}, {"position": [36.112645636060755, 393.34574718072685], "counts": 500000.0}], "output": [0.0, 0.0, 0.0, 0.1962969643, 0.3037030357, 0.0, 0.0, 0.0, 0.0, 0.0, 0.0, 0.0, 0.0, 0.0, 0.0, 0.0, 0.0, 0.0, 0.0, 0.0, 0.0, 0.0, 0.0, 0.0, 0.0, 0.0, 0.0, 0.0, 0.0, 0.0, 0.0, 0.0, 0.0, 0.0, 0.0, 0.0, 0.0, 0.0, 0.0, 0.0, 0.0, 0.0, 0.0, 0.0, 0.0, 0.0, 0.0, 0.4662718388, 0.0337281612, 0.0, 0.0, 0.0, 0.0, 0.0, 0.0, 0.0, 0.0, 0.0, 0.0, 0.0, 0.0, 0.0, 0.0, 0.0], "num_sources": 2, "seg_angles": 64, "input": [0.2452309718, -0.2006399398, -0.1574062334, -0.6976442181, -0.9192540826, 0.7541506224, -0.0907622279, -0.698856196, -1.470439359, -1.5145832317, 1.2663593368, 0.3660066615, -0.2504659152, -0.884453894, -1.6598596587, 1.6408778616, 0.9856635545, 0.4151423993, 0.0206752821, -1.1113513929, 1.8737507223, 1.6963689497, 0.9129413006, 0.095569731, -0.6170210445]}