{"source": [{"position": [-98.6043467257218, 86.24490017846642], "counts": 500000.0}, {"position": [-104.91302575015635, 348.55309068769867], "counts": 500000.0}], "output": [0.0, 0.0, 0.0, 0.0, 0.0, 0.0, 0.0, 0.0, 0.0, 0.0, 0.0, 0.0, 0.0, 0.0, 0.0, 0.0, 0.0, 0.0, 0.0, 0.0, 0.0, 0.0, 0.0, 0.0, 0.0, 0.0, 0.0, 0.0, 0.0, 0.0, 0.0, 0.0, 0.0, 0.0, 0.0, 0.0, 0.0, 0.0, 0.0, 0.0, 0.0, 0.0, 0.0, 0.0, 0.0, 0.0, 0.0, 0.0, 0.0, 0.0, 0.0109710708, 0.4890289292, 0.0, 0.0, 0.0, 0.0, 0.1599791745, 0.3400208255, 0.0, 0.0, 0.0, 0.0, 0.0, 0.0], "num_sources": 2, "seg_angles": 64, "input": [0.3932270818, -0.5851428153, -1.055914888, -1.5571360123, -1.751494055, 1.0284645757, -0.1155830471, -0.8260473451, -1.2540353157, -1.4844610226, 1.1735116517, 0.1450381612, -0.3774334421, -0.5568300443, -1.1174331492, 1.043086543, 0.5070973192, 0.24019276, 0.0888256034, -0.1204874623, 1.2906400153, 1.4794871823, 1.2758608673, 1.263743011, 0.8728238271]}