{"source": [{"position": [15.880343527104387, 82.48523922170048], "counts": 500000.0}, {"position": [-79.72716272641729, -116.29522571281841], "counts": 500000.0}], "output": [0.0, 0.0, 0.0, 0.0, 0.0, 0.0, 0.0, 0.0, 0.0, 0.0607032656, 0.4392967344, 0.0, 0.0, 0.0, 0.0, 0.0, 0.0, 0.0, 0.0, 0.0, 0.0, 0.0, 0.0, 0.0, 0.0, 0.0, 0.0, 0.0, 0.0, 0.0, 0.0, 0.0, 0.0, 0.0, 0.0, 0.0, 0.0, 0.0, 0.0, 0.0, 0.0, 0.0, 0.0, 0.0, 0.0, 0.0, 0.4686620604, 0.0313379396, 0.0, 0.0, 0.0, 0.0, 0.0, 0.0, 0.0, 0.0, 0.0, 0.0, 0.0, 0.0, 0.0, 0.0, 0.0, 0.0], "num_sources": 2, "seg_angles": 64, "input": [-1.3479604573, -0.7264364324, -0.7654536735, -0.9591667747, -0.2224378133, -0.5354765373, -1.0088227566, -0.8678212351, -0.7827943217, -0.613931899, 0.2313581135, -0.378886901, -0.7380976028, -0.5102183481, -0.7576858281, 1.3872678176, 1.0687460037, 0.5102294312, 0.1124553419, -0.4033087168, 2.3019570897, 1.7846450676, 1.7818461546, 1.0929996485, 0.3469946293]}