{"source": [{"position": [-301.0571347091584, 60.11324014484408], "counts": 500000.0}, {"position": [-41.867118470946046, -64.62309487280665], "counts": 500000.0}], "output": [0.0, 0.0, 0.0, 0.0, 0.0, 0.0, 0.0, 0.0, 0.0, 0.0, 0.427807803, 0.072192197, 0.0, 0.0, 0.0, 0.0, 0.0, 0.0, 0.0, 0.0, 0.0, 0.0, 0.0, 0.0, 0.0, 0.0, 0.0, 0.0, 0.0, 0.0, 0.0, 0.0, 0.0, 0.0, 0.0, 0.0, 0.0, 0.0, 0.0, 0.0, 0.0, 0.0, 0.0, 0.0, 0.0, 0.0, 0.0, 0.0, 0.0, 0.0, 0.0, 0.0, 0.0, 0.0, 0.0, 0.0, 0.0, 0.0, 0.0, 0.0, 0.0, 0.0037300984, 0.4962699016, 0.0], "num_sources": 2, "seg_angles": 64, "input": [1.4117850684, 1.1929548789, 1.2674002085, 1.0891856225, 0.7418905502, 1.1753592973, 0.6650004926, 0.3373628066, 0.1888238264, -0.2798935215, 1.2755093759, 0.0394907692, -0.4801741339, -0.613164391, -1.0821339817, 1.1206782818, -0.1838756994, -0.9524108428, -1.1043294452, -1.5190373902, 0.5911308176, -0.5320908571, -1.1874691436, -1.4872416212, -1.6747509684]}