{"source": [{"position": [351.06616502120363, -137.41014437553375], "counts": 500000.0}, {"position": [-481.2047686782652, 41.60493481904771], "counts": 500000.0}], "output": [0.0607554725, 0.0, 0.0, 0.0, 0.0, 0.0, 0.0, 0.0, 0.0, 0.0, 0.0, 0.0, 0.0, 0.0, 0.0, 0.0, 0.0, 0.0, 0.0, 0.0, 0.0, 0.0, 0.0, 0.0, 0.0, 0.0, 0.0, 0.0, 0.4000691396, 0.0999308604, 0.0, 0.0, 0.0, 0.0, 0.0, 0.0, 0.0, 0.0, 0.0, 0.0, 0.0, 0.0, 0.0, 0.0, 0.0, 0.0, 0.0, 0.0, 0.0, 0.0, 0.0, 0.0, 0.0, 0.0, 0.0, 0.0, 0.0, 0.0, 0.0, 0.0, 0.0, 0.0, 0.0, 0.4392445275], "num_sources": 2, "seg_angles": 64, "input": [1.9551966978, 1.3252446349, 0.0408869699, 0.2636908034, -0.4750442998, -0.1557527275, -0.1701291203, -0.8267737487, -0.3959621628, 1.5392565371, -0.0634271738, 0.4141112542, -0.0553491325, 0.2181692742, 1.4168952341, -0.6559502878, -0.9309118728, -0.0773300155, -0.084310963, 1.9048729589, -0.4768521396, -1.9206791395, -1.8270207716, -1.1782016413, 0.215370832]}