{"source": [{"position": [-49.58941332009383, -355.5585606993156], "counts": 500000.0}, {"position": [-67.6408900226673, 203.02884030832033], "counts": 500000.0}], "output": [0.0, 0.0, 0.0, 0.0, 0.0, 0.0, 0.0, 0.0, 0.0, 0.0, 0.0, 0.0, 0.0, 0.0, 0.2057574761, 0.2942425239, 0.0, 0.0, 0.0, 0.0, 0.0, 0.0, 0.0, 0.0, 0.0, 0.0, 0.0, 0.0, 0.0, 0.0, 0.0, 0.0, 0.0, 0.0, 0.0, 0.0, 0.0, 0.0, 0.0, 0.0, 0.0, 0.0, 0.0, 0.0, 0.0, 0.0, 0.0, 0.0, 0.0, 0.0, 0.0, 0.3621369051, 0.1378630949, 0.0, 0.0, 0.0, 0.0, 0.0, 0.0, 0.0, 0.0, 0.0, 0.0, 0.0], "num_sources": 2, "seg_angles": 64, "input": [0.7224376489, -0.5933806381, -0.4882195263, -0.9122999104, -1.2197060682, 0.6786937041, -0.0611413122, -0.6388787074, -0.8049690069, -1.788429038, 1.2701388561, -0.1449500476, -0.1799292329, -0.4486904311, -1.9204953633, 0.3171475198, -0.374839787, 0.3235102048, 0.3100567144, -0.7703874039, 2.0067486086, 1.404794004, 1.5469459161, 1.2730481675, 0.4927951291]}