{"source": [{"position": [48.18576433481347, -149.4226626568735], "counts": 500000.0}, {"position": [32.04782640529461, -14.069002192625502], "counts": 500000.0}], "output": [0.0, 0.0, 0.0, 0.0, 0.0, 0.0, 0.0, 0.0, 0.0, 0.0, 0.0, 0.0, 0.0, 0.0, 0.0, 0.0, 0.0, 0.0, 0.0, 0.4112485353, 0.0887514647, 0.0, 0.0, 0.0, 0.0, 0.0, 0.0, 0.1067985689, 0.3932014311, 0.0, 0.0, 0.0, 0.0, 0.0, 0.0, 0.0, 0.0, 0.0, 0.0, 0.0, 0.0, 0.0, 0.0, 0.0, 0.0, 0.0, 0.0, 0.0, 0.0, 0.0, 0.0, 0.0, 0.0, 0.0, 0.0, 0.0, 0.0, 0.0, 0.0, 0.0, 0.0, 0.0, 0.0, 0.0], "num_sources": 2, "seg_angles": 64, "input": [0.1154763895, 0.6291968911, 0.8039143782, 1.0423339581, 1.4341102855, -1.0187676729, -0.5562422693, -0.0106463461, 0.747260249, 1.5748080328, -1.2745873597, -0.8769687041, -0.3118418033, 0.537214839, 1.5618291545, -1.465430991, -1.0255419916, -0.3963813152, 0.2294723043, 1.3619662095, -1.6552381947, -1.2788557608, -0.8742675731, -0.1675111645, 0.8746984548]}