{"source": [{"position": [42.45424781950393, 159.44477677892166], "counts": 500000.0}, {"position": [-112.92774323411652, -357.59240037792955], "counts": 500000.0}], "output": [0.0, 0.0, 0.0, 0.0, 0.0, 0.0, 0.0, 0.0, 0.0, 0.0, 0.0, 0.0, 0.0578778669, 0.4421221331, 0.0, 0.0, 0.0, 0.0, 0.0, 0.0, 0.0, 0.0, 0.0, 0.0, 0.0, 0.0, 0.0, 0.0, 0.0, 0.0, 0.0, 0.0, 0.0, 0.0, 0.0, 0.0, 0.0, 0.0, 0.0, 0.0, 0.0, 0.0, 0.0, 0.0, 0.0, 0.3253176167, 0.1746823833, 0.0, 0.0, 0.0, 0.0, 0.0, 0.0, 0.0, 0.0, 0.0, 0.0, 0.0, 0.0, 0.0, 0.0, 0.0, 0.0, 0.0], "num_sources": 2, "seg_angles": 64, "input": [-1.5385050099, -1.2404085618, -1.085383207, -1.1432854605, 0.1156883269, -1.1174224349, -0.7864223654, -0.6731893378, -0.6701472346, -0.212077816, -0.6539144084, -0.4899629423, -0.4994449902, -0.26167031, -0.181482569, 0.2765569876, 0.9237608608, 0.9172273769, 0.3920214947, 0.1408030632, 1.9155878628, 1.3200586737, 1.9369964099, 1.6510015108, 0.9636140804]}