{"source": [{"position": [377.713718148736, -31.198511539128766], "counts": 500000.0}, {"position": [-28.150037285259558, -387.98012243005246], "counts": 500000.0}], "output": [0.0, 0.0, 0.0, 0.0, 0.0, 0.0, 0.0, 0.0, 0.0, 0.0, 0.0, 0.0, 0.0, 0.0, 0.0, 0.3688750309, 0.1311249691, 0.0, 0.0, 0.0, 0.0, 0.0, 0.0, 0.0, 0.0, 0.0, 0.0, 0.0, 0.0, 0.0, 0.0, 0.4197169218, 0.0802830782, 0.0, 0.0, 0.0, 0.0, 0.0, 0.0, 0.0, 0.0, 0.0, 0.0, 0.0, 0.0, 0.0, 0.0, 0.0, 0.0, 0.0, 0.0, 0.0, 0.0, 0.0, 0.0, 0.0, 0.0, 0.0, 0.0, 0.0, 0.0, 0.0, 0.0, 0.0], "num_sources": 2, "seg_angles": 64, "input": [0.1742046875, 0.6946023503, 0.9302537842, 1.304160492, 1.888539666, -0.5285903189, 0.2003142041, 0.4167421603, 1.4612818314, 1.401527113, -1.1808234617, -0.7042085033, 0.0374744451, 0.628812479, 0.5834635752, -1.4948005188, -0.8689404167, -0.4945515566, 0.0030977185, 0.7713790194, -1.7603462942, -1.4070134669, -1.1916323681, -0.8974495584, 0.0325029376]}