{"source": [{"position": [-234.89104602334544, -7.15517281822302], "counts": 500000.0}, {"position": [-33.505427678182954, -79.20471145141587], "counts": 500000.0}], "output": [0.3449079628, 0.1550920372, 0.0, 0.0, 0.0, 0.0, 0.0, 0.0, 0.0, 0.0, 0.0, 0.0381766996, 0.4618233004, 0.0, 0.0, 0.0, 0.0, 0.0, 0.0, 0.0, 0.0, 0.0, 0.0, 0.0, 0.0, 0.0, 0.0, 0.0, 0.0, 0.0, 0.0, 0.0, 0.0, 0.0, 0.0, 0.0, 0.0, 0.0, 0.0, 0.0, 0.0, 0.0, 0.0, 0.0, 0.0, 0.0, 0.0, 0.0, 0.0, 0.0, 0.0, 0.0, 0.0, 0.0, 0.0, 0.0, 0.0, 0.0, 0.0, 0.0, 0.0, 0.0, 0.0, 0.0], "num_sources": 2, "seg_angles": 64, "input": [1.4759928215, 1.722408125, 1.1317402661, 1.0918175478, 0.5245556918, 1.0962818618, 0.7405512365, 0.6450120289, 0.3967173465, -0.2398032613, 0.7935635082, 0.0951929825, -0.1907388571, -0.3722105294, -0.8829947943, 0.8461997172, -0.4953627402, -0.8407223921, -1.0356417452, -1.3335826335, 0.4525304314, -0.8688472155, -1.3641598301, -1.5341201099, -1.8543794566]}