{"source": [{"position": [123.12649980727711, 31.126597070810554], "counts": 500000.0}, {"position": [328.19373242472193, -344.7678552259912], "counts": 500000.0}], "output": [0.0, 0.0, 0.0, 0.0, 0.0, 0.0, 0.0, 0.0, 0.0, 0.0, 0.0, 0.0, 0.0, 0.0, 0.0, 0.0, 0.0, 0.0, 0.0, 0.0, 0.0, 0.0, 0.0, 0.1254072371, 0.3745927629, 0.0, 0.0, 0.0, 0.0, 0.0, 0.0, 0.0, 0.0, 0.0, 0.2389128663, 0.2610871337, 0.0, 0.0, 0.0, 0.0, 0.0, 0.0, 0.0, 0.0, 0.0, 0.0, 0.0, 0.0, 0.0, 0.0, 0.0, 0.0, 0.0, 0.0, 0.0, 0.0, 0.0, 0.0, 0.0, 0.0, 0.0, 0.0, 0.0, 0.0], "num_sources": 2, "seg_angles": 64, "input": [-1.1342318508, -0.7156707212, -0.2494481831, 0.5791168003, 1.3990706541, -1.2735418828, -0.7017451704, -0.3486740698, 0.8314914593, 1.8005788345, -1.3790620034, -0.6669375229, -0.3336001084, 0.6012226597, 1.762309554, -1.4505984097, -0.8380179006, -0.2638277314, 0.6852621195, 1.6433987884, -0.9352085413, -0.4301919663, -0.1057543822, 0.2756496298, 1.2484099449]}