{"source": [{"position": [-4.726648275851077, 29.625306683246237], "counts": 500000.0}, {"position": [314.1453090674119, 206.61249911595436], "counts": 500000.0}], "output": [0.0, 0.0, 0.0, 0.0, 0.0, 0.0, 0.0, 0.0, 0.0, 0.0, 0.0, 0.0, 0.0, 0.0, 0.0, 0.0, 0.0, 0.0, 0.0, 0.0, 0.0, 0.0, 0.0, 0.0, 0.0, 0.0, 0.0, 0.0, 0.0, 0.0, 0.0, 0.0, 0.0, 0.0, 0.0, 0.0, 0.0, 0.0370836736, 0.4629163264, 0.0, 0.0, 0.0, 0.0, 0.0, 0.0, 0.0, 0.0, 0.0, 0.0, 0.1942218018, 0.3057781982, 0.0, 0.0, 0.0, 0.0, 0.0, 0.0, 0.0, 0.0, 0.0, 0.0, 0.0, 0.0, 0.0], "num_sources": 2, "seg_angles": 64, "input": [-1.1416542913, -1.2727457017, -1.2364009275, -1.1925172861, -1.3167225593, -0.8652006139, -0.6983541861, -0.6297143108, -0.7380055935, -0.8479677738, -0.3298411591, -0.1432394635, 0.0091270836, -0.0581210338, -0.2703034188, 0.2495123812, 0.7125040782, 0.7735441784, 0.7992157411, 0.406540907, 1.2420879634, 1.6063201611, 1.7411216007, 1.7425035051, 1.4583107192]}