{"source": [{"position": [93.41366196814418, -159.6837116230121], "counts": 500000.0}, {"position": [154.04587052399907, 194.35500964601692], "counts": 500000.0}], "output": [0.0, 0.0, 0.0, 0.0, 0.0, 0.0, 0.0, 0.0, 0.0, 0.0, 0.0, 0.0, 0.0, 0.0, 0.0, 0.0, 0.0, 0.0, 0.0, 0.0, 0.0, 0.304241413, 0.195758587, 0.0, 0.0, 0.0, 0.0, 0.0, 0.0, 0.0, 0.0, 0.0, 0.0, 0.0, 0.0, 0.0, 0.0, 0.0, 0.0, 0.0, 0.0, 0.4133653292, 0.0866346708, 0.0, 0.0, 0.0, 0.0, 0.0, 0.0, 0.0, 0.0, 0.0, 0.0, 0.0, 0.0, 0.0, 0.0, 0.0, 0.0, 0.0, 0.0, 0.0, 0.0, 0.0], "num_sources": 2, "seg_angles": 64, "input": [-0.0345777255, 0.4796370813, 0.6800829306, 1.1163320636, 1.8060415204, -1.0573361127, -0.5307924425, -0.2574382105, 0.6719779018, 1.7165670092, -1.4861308187, -1.1573316244, -0.8185083558, -0.2821844723, 1.6256736097, -1.3200108778, -0.9537872174, -0.7621883171, -0.2402404596, 1.4804861408, -1.0798411786, -0.4417897532, -0.2802381969, 0.094905952, 1.0306915534]}