{"source": [{"position": [237.75216544215115, -172.9448115080877], "counts": 500000.0}, {"position": [394.8540849810161, -151.72096616422024], "counts": 500000.0}], "output": [0.0, 0.0, 0.0, 0.0, 0.0, 0.0, 0.0, 0.0, 0.0, 0.0, 0.0, 0.0, 0.0, 0.0, 0.0, 0.0, 0.0, 0.0, 0.0, 0.0, 0.0, 0.0, 0.0, 0.0, 0.0, 0.2029115621, 0.2970884379, 0.0, 0.3683604124, 0.1316395876, 0.0, 0.0, 0.0, 0.0, 0.0, 0.0, 0.0, 0.0, 0.0, 0.0, 0.0, 0.0, 0.0, 0.0, 0.0, 0.0, 0.0, 0.0, 0.0, 0.0, 0.0, 0.0, 0.0, 0.0, 0.0, 0.0, 0.0, 0.0, 0.0, 0.0, 0.0, 0.0, 0.0, 0.0], "num_sources": 2, "seg_angles": 64, "input": [0.109120396, 0.8129028129, 0.562463075, 0.8404292369, 1.3467414472, -0.6838775292, -0.4924084726, -0.201637102, 0.558453524, 1.2258817833, -1.3033771128, -0.7484230475, -0.4285176214, 0.5409150829, 1.4865027813, -1.5740002612, -1.0244055471, -0.2907034481, 0.5440187298, 1.8217585465, -1.7466600815, -1.3389624869, -0.9592843025, -0.0508958525, 0.9939654494]}