{"source": [{"position": [13.563311547484137, 78.8418453606071], "counts": 500000.0}, {"position": [13.58861070242325, 79.8520485596831], "counts": 500000.0}], "output": [0.0, 0.0, 0.0, 0.0, 0.0, 0.0, 0.0, 0.0, 0.0, 0.0, 0.0, 0.0, 0.0, 0.0, 0.0, 0.0, 0.0, 0.0, 0.0, 0.0, 0.0, 0.0, 0.0, 0.0, 0.0, 0.0, 0.0, 0.0, 0.0, 0.0, 0.0, 0.0, 0.0, 0.0, 0.0, 0.0, 0.0, 0.0, 0.0, 0.0, 0.0, 0.0, 0.0, 0.0, 0.0, 0.0, 0.7261154131, 0.2738845869, 0.0, 0.0, 0.0, 0.0, 0.0, 0.0, 0.0, 0.0, 0.0, 0.0, 0.0, 0.0, 0.0, 0.0, 0.0, 0.0], "num_sources": 2, "seg_angles": 64, "input": [-1.4375957793, -1.346609487, -1.2604258797, -1.2710729907, -0.8531283492, -1.0310531404, -0.7506952439, -0.7011631509, -0.7964832451, -0.5139826148, -0.4221228928, -0.1443166231, -0.0835794208, -0.1161036599, -0.0216017946, 0.3156167507, 0.7337801354, 0.8879382501, 0.7736861654, 0.4640297404, 1.2300683446, 1.72867698, 1.7561441278, 1.5631634079, 1.2968303697]}