{"source": [{"position": [-214.63794190314113, 213.8680759149991], "counts": 500000.0}, {"position": [238.5497397912553, 293.22009079448225], "counts": 500000.0}], "output": [0.0, 0.0, 0.0, 0.0, 0.0, 0.0, 0.0, 0.0, 0.0, 0.0, 0.0, 0.0, 0.0, 0.0, 0.0, 0.0, 0.0, 0.0, 0.0, 0.0, 0.0, 0.0, 0.0, 0.0, 0.0, 0.0, 0.0, 0.0, 0.0, 0.0, 0.0, 0.0, 0.0, 0.0, 0.0, 0.0, 0.0, 0.0, 0.0, 0.0, 0.0, 0.478234761, 0.021765239, 0.0, 0.0, 0.0, 0.0, 0.0, 0.0, 0.0, 0.0, 0.0, 0.0, 0.0, 0.0, 0.0, 0.4908498576, 0.0091501424, 0.0, 0.0, 0.0, 0.0, 0.0, 0.0], "num_sources": 2, "seg_angles": 64, "input": [-0.246093008, -0.933425709, -1.6028543301, -1.2854715388, -0.9917081986, -0.2594384273, -0.7840306409, -1.1626442259, -0.8196174149, -0.4085924153, 0.2134790746, -0.381880323, -0.9061493866, -0.6113204339, -0.1900588662, 0.8725939961, 0.4444532008, 0.3173894574, 0.4732690392, 0.274142134, 1.3881465762, 1.8197832689, 1.5850212171, 2.0185419872, 1.176464967]}