{"source": [{"position": [-48.9069784133228, 175.3057542195315], "counts": 500000.0}, {"position": [-35.5920753228176, -405.44075297657844], "counts": 500000.0}], "output": [0.0, 0.0, 0.0, 0.0, 0.0, 0.0, 0.0, 0.0, 0.0, 0.0, 0.0, 0.0, 0.0, 0.0, 0.0, 0.4459478903, 0.0540521097, 0.0, 0.0, 0.0, 0.0, 0.0, 0.0, 0.0, 0.0, 0.0, 0.0, 0.0, 0.0, 0.0, 0.0, 0.0, 0.0, 0.0, 0.0, 0.0, 0.0, 0.0, 0.0, 0.0, 0.0, 0.0, 0.0, 0.0, 0.0, 0.0, 0.0, 0.0, 0.0, 0.0, 0.1143916924, 0.3856083076, 0.0, 0.0, 0.0, 0.0, 0.0, 0.0, 0.0, 0.0, 0.0, 0.0, 0.0, 0.0], "num_sources": 2, "seg_angles": 64, "input": [0.1528566694, -1.1620306399, -0.9048223617, -1.2062567797, -1.4412541267, 0.2807895034, -0.7976990948, -0.9624105696, -0.2942116256, -1.5209131015, 0.4240774148, -0.1043140552, -0.3806280646, -0.2773904352, -1.1223656374, 0.1472663337, 0.633541911, 0.980860682, 0.7049399487, -0.1973016635, 1.1429229001, 1.8415692751, 1.4182482982, 2.1693472123, 0.4751780068]}