{"source": [{"position": [-305.2601382041696, 64.49998467884537], "counts": 500000.0}, {"position": [-151.3815596060333, 99.22007564623694], "counts": 500000.0}], "output": [0.0, 0.0, 0.0, 0.0, 0.0, 0.0, 0.0, 0.0, 0.0, 0.0, 0.0, 0.0, 0.0, 0.0, 0.0, 0.0, 0.0, 0.0, 0.0, 0.0, 0.0, 0.0, 0.0, 0.0, 0.0, 0.0, 0.0, 0.0, 0.0, 0.0, 0.0, 0.0, 0.0, 0.0, 0.0, 0.0, 0.0, 0.0, 0.0, 0.0, 0.0, 0.0, 0.0, 0.0, 0.0, 0.0, 0.0, 0.0, 0.0, 0.0, 0.0, 0.0, 0.0, 0.0, 0.0, 0.0, 0.0, 0.0, 0.4548490536, 0.0451509464, 0.0, 0.0605184491, 0.4394815509, 0.0], "num_sources": 2, "seg_angles": 64, "input": [0.956154189, 0.1040962826, -0.7211692723, -1.2540695486, -1.7745694318, 1.4570900892, 0.4943596043, -0.3156589237, -0.9163896388, -1.5487808765, 1.5463818786, 0.645713505, -0.300813368, -0.9368320239, -1.4917072727, 1.6624274819, 0.6800453268, -0.186070933, -0.502711232, -0.8612865059, 1.1522670892, 0.9425382923, 0.6578430801, 0.4689699156, 0.0421722928]}