{"source": [{"position": [163.9697908830797, 455.3788616940395], "counts": 500000.0}, {"position": [-336.0300393205858, -120.55211600882652], "counts": 500000.0}], "output": [0.0, 0.0, 0.0, 0.2457199361, 0.2542800639, 0.0, 0.0, 0.0, 0.0, 0.0, 0.0, 0.0, 0.0, 0.0, 0.0, 0.0, 0.0, 0.0, 0.0, 0.0, 0.0, 0.0, 0.0, 0.0, 0.0, 0.0, 0.0, 0.0, 0.0, 0.0, 0.0, 0.0, 0.0, 0.0, 0.0, 0.0, 0.0, 0.0, 0.0, 0.0, 0.0, 0.0, 0.0, 0.0, 0.2602308078, 0.2397691922, 0.0, 0.0, 0.0, 0.0, 0.0, 0.0, 0.0, 0.0, 0.0, 0.0, 0.0, 0.0, 0.0, 0.0, 0.0, 0.0, 0.0, 0.0], "num_sources": 2, "seg_angles": 64, "input": [0.0506916698, -0.9525603641, -0.2874947075, -0.6176180178, -0.2435163688, 0.8697388346, -0.2602242782, -1.1812272058, -1.5090768865, -0.8641726001, 1.0913679599, 0.8014145181, -0.3152038369, -0.9291255554, -1.0514378472, 1.6336737734, 1.0442541594, 0.4034590195, -0.3900254619, -1.2064491965, 2.3794540967, 1.6012683897, 0.5376254223, 0.009046926, -0.6138624428]}