{"source": [{"position": [-119.86159576262534, -96.69125017930526], "counts": 500000.0}, {"position": [136.62273262906749, -210.55932401336764], "counts": 500000.0}], "output": [0.0, 0.0, 0.0, 0.0, 0.0, 0.0, 0.0428621886, 0.4571378114, 0.0, 0.0, 0.0, 0.0, 0.0, 0.0, 0.0, 0.0, 0.0, 0.0, 0.0, 0.0, 0.0, 0.0686422125, 0.4313577875, 0.0, 0.0, 0.0, 0.0, 0.0, 0.0, 0.0, 0.0, 0.0, 0.0, 0.0, 0.0, 0.0, 0.0, 0.0, 0.0, 0.0, 0.0, 0.0, 0.0, 0.0, 0.0, 0.0, 0.0, 0.0, 0.0, 0.0, 0.0, 0.0, 0.0, 0.0, 0.0, 0.0, 0.0, 0.0, 0.0, 0.0, 0.0, 0.0, 0.0, 0.0], "num_sources": 2, "seg_angles": 64, "input": [1.7511341234, 1.4668573467, 1.8603552319, 1.7404568717, 0.9456357821, 1.0574771346, 0.5940126115, -0.0261068457, 0.1586006623, -0.0243858733, 0.5340414559, 0.1287171134, -0.5602899766, -0.8513117278, -0.6531891222, 0.2791635485, -0.5005807215, -1.0171477362, -1.0442372039, -0.8334646431, -0.205410336, -0.9113024528, -1.3354244363, -1.4615161604, -1.0920846462]}