{"source": [{"position": [390.52546476788575, -237.35808679677797], "counts": 500000.0}, {"position": [-368.9301773093231, 334.50638898309757], "counts": 500000.0}], "output": [0.0, 0.0, 0.0, 0.0, 0.0, 0.0, 0.0, 0.0, 0.0, 0.0, 0.0, 0.0, 0.0, 0.0, 0.0, 0.0, 0.0, 0.0, 0.0, 0.0, 0.0, 0.0, 0.0, 0.0, 0.0, 0.0, 0.2814117013, 0.2185882987, 0.0, 0.0, 0.0, 0.0, 0.0, 0.0, 0.0, 0.0, 0.0, 0.0, 0.0, 0.0, 0.0, 0.0, 0.0, 0.0, 0.0, 0.0, 0.0, 0.0, 0.0, 0.0, 0.0, 0.0, 0.0, 0.0, 0.0, 0.0, 0.2509666503, 0.2490333497, 0.0, 0.0, 0.0, 0.0, 0.0, 0.0], "num_sources": 2, "seg_angles": 64, "input": [1.1819970453, 0.3797692795, -0.1582445725, -0.8254453597, -0.0240213007, 0.8384922802, -0.6797896203, -1.4963685168, -0.4077633492, 0.3174961153, -0.1725717324, -1.5059487325, -1.1432130803, -0.4475356598, 0.5093268359, -0.7991058189, -1.0524663658, -0.2967628224, 0.6552228416, 1.4387886126, -1.079588455, -0.1320006645, 0.6988323468, 1.7945388499, 2.4063618436]}