{"source": [{"position": [106.44358183881269, -189.09987806797756], "counts": 500000.0}, {"position": [196.40524213235034, 296.9191486969691], "counts": 500000.0}], "output": [0.0, 0.0, 0.0, 0.0, 0.0, 0.0, 0.0, 0.0, 0.0, 0.0, 0.0, 0.0, 0.0, 0.0, 0.0, 0.0, 0.0, 0.0, 0.0, 0.0, 0.0, 0.3888897629, 0.1111102371, 0.0, 0.0, 0.0, 0.0, 0.0, 0.0, 0.0, 0.0, 0.0, 0.0, 0.0, 0.0, 0.0, 0.0, 0.0, 0.0, 0.0, 0.0, 0.0, 0.4763312486, 0.0236687514, 0.0, 0.0, 0.0, 0.0, 0.0, 0.0, 0.0, 0.0, 0.0, 0.0, 0.0, 0.0, 0.0, 0.0, 0.0, 0.0, 0.0, 0.0, 0.0, 0.0], "num_sources": 2, "seg_angles": 64, "input": [0.288747301, 0.64075874, 0.9061872651, 1.256427366, 1.3077079946, -0.8215644653, -0.2373315608, -0.5189865895, 0.233259752, 1.6978126356, -1.0958352647, -1.0077493942, -0.9992481997, -0.2867381893, 1.9107451005, -1.3281300531, -0.8511887993, -1.024108447, -0.1873261269, 1.355501154, -1.0984334462, -0.8332964848, -0.7825350364, 0.23808449, 1.2372402584]}