{"source": [{"position": [332.659700858787, -316.2570527664836], "counts": 500000.0}, {"position": [54.17847153802776, 56.11321788850749], "counts": 500000.0}], "output": [0.0, 0.0, 0.0, 0.0, 0.0, 0.0, 0.0, 0.0, 0.0, 0.0, 0.0, 0.0, 0.0, 0.0, 0.0, 0.0, 0.0, 0.0, 0.0, 0.0, 0.0, 0.0, 0.0, 0.0, 0.3712928652, 0.1287071348, 0.0, 0.0, 0.0, 0.0, 0.0, 0.0, 0.0, 0.0, 0.0, 0.0, 0.0, 0.0, 0.0, 0.0, 0.4106680498, 0.0893319502, 0.0, 0.0, 0.0, 0.0, 0.0, 0.0, 0.0, 0.0, 0.0, 0.0, 0.0, 0.0, 0.0, 0.0, 0.0, 0.0, 0.0, 0.0, 0.0, 0.0, 0.0, 0.0], "num_sources": 2, "seg_angles": 64, "input": [-1.6105737589, -1.2955364728, -0.7781256099, -0.0243961195, 0.9616143858, -1.4932188099, -1.2170754339, -0.7624010199, -0.0650822021, 1.4088968951, -1.1988446227, -0.9032841676, -0.5966355214, 0.0206802372, 1.3672205349, -0.572538155, -0.1657501745, -0.0378520052, 0.2028690212, 1.3454847189, 0.5748483372, 1.035467901, 1.3013834751, 1.2511782649, 1.2516703021]}