{"source": [{"position": [-134.3768170938763, 90.48132971900289], "counts": 500000.0}, {"position": [201.41066048840824, -134.15567763469105], "counts": 500000.0}], "output": [0.0, 0.0, 0.0, 0.0, 0.0, 0.0, 0.0, 0.0, 0.0, 0.0, 0.0, 0.0, 0.0, 0.0, 0.0, 0.0, 0.0, 0.0, 0.0, 0.0, 0.0, 0.0, 0.0, 0.0, 0.0, 0.0, 0.492604721, 0.007395279, 0.0, 0.0, 0.0, 0.0, 0.0, 0.0, 0.0, 0.0, 0.0, 0.0, 0.0, 0.0, 0.0, 0.0, 0.0, 0.0, 0.0, 0.0, 0.0, 0.0, 0.0, 0.0, 0.0, 0.0, 0.0, 0.0, 0.0, 0.0, 0.0, 0.0181308612, 0.4818691388, 0.0, 0.0, 0.0, 0.0, 0.0], "num_sources": 2, "seg_angles": 64, "input": [1.8689764666, 1.0817187627, -0.4798346529, -0.9688672427, -1.5035827269, 1.679924609, -0.059013798, -1.2368105321, -1.4618056921, -1.1199847415, 0.3262734327, -0.0418826265, -1.0718981981, -1.0025904013, -0.4555429179, 0.6977998581, -0.3677351527, -0.5371372362, -0.3103581281, 0.422413363, 0.3783230254, 0.6329391579, 0.5240049503, 1.2083250499, 1.7963453713]}