{"source": [{"position": [420.11979207007914, -263.6576574101223], "counts": 500000.0}, {"position": [234.38682889972594, -342.47308571379824], "counts": 500000.0}], "output": [0.0, 0.0, 0.0, 0.0, 0.0, 0.0, 0.0, 0.0, 0.0, 0.0, 0.0, 0.0, 0.0, 0.0, 0.0, 0.0, 0.0, 0.0, 0.0, 0.0, 0.0, 0.0, 0.4433298688, 0.0566701312, 0.0, 0.0, 0.3543511097, 0.1456488903, 0.0, 0.0, 0.0, 0.0, 0.0, 0.0, 0.0, 0.0, 0.0, 0.0, 0.0, 0.0, 0.0, 0.0, 0.0, 0.0, 0.0, 0.0, 0.0, 0.0, 0.0, 0.0, 0.0, 0.0, 0.0, 0.0, 0.0, 0.0, 0.0, 0.0, 0.0, 0.0, 0.0, 0.0, 0.0, 0.0], "num_sources": 2, "seg_angles": 64, "input": [1.136223115, 1.6206966516, 1.0904668174, 1.312926619, 0.9793138911, -0.2436580293, 0.11424629, -8.21876e-05, 0.1740888584, 0.9735590532, -1.0612968192, -0.7221883097, -0.5938809716, 0.1812062767, 1.3146537241, -1.4045593613, -1.0052778459, -0.8362400469, -0.0584224026, 1.2644131441, -1.7958971389, -1.5313394035, -0.9938621613, -0.4827385376, 0.5676487747]}