{"source": [{"position": [11.764493924740226, -175.6063685710024], "counts": 500000.0}, {"position": [-355.8149720930867, 136.2229996527604], "counts": 500000.0}], "output": [0.0, 0.0, 0.0, 0.0, 0.0, 0.0, 0.0, 0.0, 0.0, 0.0, 0.0, 0.0, 0.0, 0.0, 0.0, 0.0, 0.1593137282, 0.3406862718, 0.0, 0.0, 0.0, 0.0, 0.0, 0.0, 0.0, 0.0, 0.0, 0.0, 0.0, 0.0, 0.0, 0.0, 0.0, 0.0, 0.0, 0.0, 0.0, 0.0, 0.0, 0.0, 0.0, 0.0, 0.0, 0.0, 0.0, 0.0, 0.0, 0.0, 0.0, 0.0, 0.0, 0.0, 0.0, 0.0, 0.0, 0.0, 0.0, 0.0, 0.0, 0.0, 0.3621544408, 0.1378455592, 0.0, 0.0], "num_sources": 2, "seg_angles": 64, "input": [1.6570388689, 1.8282475865, 1.5571119524, 1.5016359814, 0.6257311836, 0.8544013196, 1.2048421508, 0.9666172537, 0.0796674698, -0.0848472966, 0.2346953126, 0.0248679278, 0.0805902002, -0.3181296877, -1.1279093807, -0.3997977408, -0.434524667, -0.6741786191, -1.0157737587, -1.5518388107, -0.9345442068, -0.954243547, -1.0058205173, -1.0930444613, -1.0207945137]}