{"source": [{"position": [-95.10009735969766, -42.094791627658914], "counts": 500000.0}, {"position": [150.21031011571236, 193.55067226682922], "counts": 500000.0}], "output": [0.0, 0.0, 0.0, 0.0, 0.3776943339, 0.1223056661, 0.0, 0.0, 0.0, 0.0, 0.0, 0.0, 0.0, 0.0, 0.0, 0.0, 0.0, 0.0, 0.0, 0.0, 0.0, 0.0, 0.0, 0.0, 0.0, 0.0, 0.0, 0.0, 0.0, 0.0, 0.0, 0.0, 0.0, 0.0, 0.0, 0.0, 0.0, 0.0, 0.0, 0.0, 0.0, 0.3612650737, 0.1387349263, 0.0, 0.0, 0.0, 0.0, 0.0, 0.0, 0.0, 0.0, 0.0, 0.0, 0.0, 0.0, 0.0, 0.0, 0.0, 0.0, 0.0, 0.0, 0.0, 0.0, 0.0], "num_sources": 2, "seg_angles": 64, "input": [0.6341227149, -0.1201187011, 0.3304154681, 0.1848026174, 0.6555217391, 1.3490134059, -0.1043858682, -0.8313104035, -1.246473609, -0.7866327972, 1.3410082007, 0.5936415093, -0.384630851, -1.3234398398, -1.3151655265, 1.9995052526, 1.004318826, -0.0813558863, -0.8933698212, -1.3446364632, 1.854229629, 0.6346628028, -0.1753869766, -0.7679181927, -1.2064172297]}