{"source": [{"position": [14.781844027820615, 160.31998343044197], "counts": 500000.0}, {"position": [-47.906010959769894, -30.887118899670885], "counts": 500000.0}], "output": [0.0, 0.0, 0.0, 0.0, 0.0, 0.0834078785, 0.4165921215, 0.0, 0.0, 0.0, 0.0, 0.0, 0.0, 0.0, 0.0, 0.0, 0.0, 0.0, 0.0, 0.0, 0.0, 0.0, 0.0, 0.0, 0.0, 0.0, 0.0, 0.0, 0.0, 0.0, 0.0, 0.0, 0.0, 0.0, 0.0, 0.0, 0.0, 0.0, 0.0, 0.0, 0.0, 0.0, 0.0, 0.0, 0.0, 0.0, 0.0, 0.4682576668, 0.0317423332, 0.0, 0.0, 0.0, 0.0, 0.0, 0.0, 0.0, 0.0, 0.0, 0.0, 0.0, 0.0, 0.0, 0.0, 0.0], "num_sources": 2, "seg_angles": 64, "input": [0.9819854742, 0.4708551098, 0.5328595452, 0.5618891371, 0.161385109, 1.2614270355, 0.1989586968, -0.4843276792, -0.8302452154, -1.0728793535, 1.4742821761, 0.4955570565, -0.5026088748, -1.0742195715, -1.5480841081, 1.6619824283, 0.9024019967, -0.2853608878, -1.0762437813, -1.6232658257, 1.6238923656, 0.7288499883, -0.3739367071, -0.8542649301, -1.3308891844]}