{"source": [{"position": [314.62580857146077, 374.34155604308023], "counts": 500000.0}, {"position": [286.11376265035494, -63.14993920865142], "counts": 500000.0}], "output": [0.0, 0.0, 0.0, 0.0, 0.0, 0.0, 0.0, 0.0, 0.0, 0.0, 0.0, 0.0, 0.0, 0.0, 0.0, 0.0, 0.0, 0.0, 0.0, 0.0, 0.0, 0.0, 0.0, 0.0, 0.0, 0.0, 0.0, 0.0, 0.0, 0.1063602525, 0.3936397475, 0.0, 0.0, 0.0, 0.0, 0.0, 0.0, 0.0, 0.0, 0.0, 0.0596719817, 0.4403280183, 0.0, 0.0, 0.0, 0.0, 0.0, 0.0, 0.0, 0.0, 0.0, 0.0, 0.0, 0.0, 0.0, 0.0, 0.0, 0.0, 0.0, 0.0, 0.0, 0.0, 0.0, 0.0], "num_sources": 2, "seg_angles": 64, "input": [-1.0785302083, -0.9568733701, -0.2637832298, 0.691822555, 1.4073667067, -1.5097108885, -1.2560199276, -0.5516127528, 0.3481681829, 1.7074717537, -1.3155344794, -0.8289716507, -0.4146893667, 0.3106885422, 1.4774058815, -0.7732438798, -0.4998871861, -0.0899127364, 0.7905552595, 1.7390132878, -0.8460697014, -0.5103028419, 0.1306602959, 0.8293558121, 1.4626339422]}