{"source": [{"position": [67.14266914016171, -195.80822756139432], "counts": 500000.0}, {"position": [-351.505608570882, -159.49861172817106], "counts": 500000.0}], "output": [0.0, 0.0, 0.0, 0.0, 0.330527194, 0.169472806, 0.0, 0.0, 0.0, 0.0, 0.0, 0.0, 0.0, 0.0, 0.0, 0.0, 0.0, 0.0, 0.0, 0.3176134276, 0.1823865724, 0.0, 0.0, 0.0, 0.0, 0.0, 0.0, 0.0, 0.0, 0.0, 0.0, 0.0, 0.0, 0.0, 0.0, 0.0, 0.0, 0.0, 0.0, 0.0, 0.0, 0.0, 0.0, 0.0, 0.0, 0.0, 0.0, 0.0, 0.0, 0.0, 0.0, 0.0, 0.0, 0.0, 0.0, 0.0, 0.0, 0.0, 0.0, 0.0, 0.0, 0.0, 0.0, 0.0], "num_sources": 2, "seg_angles": 64, "input": [1.6577823735, 1.629136995, 1.6328572021, 1.811592226, 1.2224344265, 0.7139704475, 1.0248925693, 0.3360402172, 0.0219292899, 0.2691218224, 0.0626237335, 0.0838387454, -0.4516273891, -0.456008405, -0.439828717, -0.2870713933, -0.6901577167, -0.9890356385, -1.1265211838, -0.5700352048, -0.8257299864, -1.0212491876, -1.38163648, -1.6370389505, -0.5902797958]}