{"source": [{"position": [54.837476637102355, -72.62128583325453], "counts": 500000.0}, {"position": [408.3980850090574, 184.16026759574012], "counts": 500000.0}], "output": [0.0, 0.0, 0.0, 0.0, 0.0, 0.0, 0.0, 0.0, 0.0, 0.0, 0.0, 0.0, 0.0, 0.0, 0.0, 0.0, 0.0, 0.0, 0.0, 0.0, 0.0, 0.0, 0.2060419206, 0.2939580794, 0.0, 0.0, 0.0, 0.0, 0.0, 0.0, 0.0, 0.0, 0.0, 0.0, 0.0, 0.0, 0.3424715024, 0.1575284976, 0.0, 0.0, 0.0, 0.0, 0.0, 0.0, 0.0, 0.0, 0.0, 0.0, 0.0, 0.0, 0.0, 0.0, 0.0, 0.0, 0.0, 0.0, 0.0, 0.0, 0.0, 0.0, 0.0, 0.0, 0.0, 0.0], "num_sources": 2, "seg_angles": 64, "input": [0.6123580592, 1.1090580162, 1.1280686434, 1.4192603772, 1.3761706254, -0.3819609835, 0.1862333242, 0.4253758129, 0.4081820894, 1.4031293769, -1.1830173512, -0.7646287948, -0.4229385904, -0.101239619, 1.051739403, -1.4514121276, -1.2083602443, -0.869403473, -0.131085238, 1.2280291551, -1.7089063358, -1.353422875, -1.0890329771, -0.389508506, 0.707312233]}