{"source": [{"position": [30.636258229711856, 173.31306840998002], "counts": 500000.0}, {"position": [313.0896768919819, 94.36023645410378], "counts": 500000.0}], "output": [0.0, 0.0, 0.0, 0.0, 0.0, 0.0, 0.0, 0.0, 0.0, 0.0, 0.0, 0.0, 0.0, 0.0, 0.0, 0.0, 0.0, 0.0, 0.0, 0.0, 0.0, 0.0, 0.0, 0.0, 0.0, 0.0, 0.0, 0.0, 0.0, 0.0, 0.0, 0.0, 0.0, 0.0, 0.0091582878, 0.4908417122, 0.0, 0.0, 0.0, 0.0, 0.0, 0.0, 0.0, 0.0, 0.0, 0.0, 0.391068621, 0.108931379, 0.0, 0.0, 0.0, 0.0, 0.0, 0.0, 0.0, 0.0, 0.0, 0.0, 0.0, 0.0, 0.0, 0.0, 0.0, 0.0], "num_sources": 2, "seg_angles": 64, "input": [-1.7452235698, -1.465484882, -1.3522356804, -0.9577449046, -0.0916607267, -1.321659887, -1.0000102219, -0.6811359485, -0.2524631287, 0.2492230201, -1.0218277687, -0.4053500627, -0.0533035253, 0.1958557154, 0.8144513485, -0.3542851332, 0.2508414654, 0.5526041205, 1.0384205101, 0.9305205667, 0.8639673801, 1.2484179453, 1.3325225769, 1.8153091526, 1.4102516378]}