{"source": [{"position": [-107.98473015741213, 25.69626534792343], "counts": 500000.0}, {"position": [154.13491971939447, 138.17172837847772], "counts": 500000.0}], "output": [0.0, 0.0, 0.0, 0.0, 0.0, 0.0, 0.0, 0.0, 0.0, 0.0, 0.0, 0.0, 0.0, 0.0, 0.0, 0.0, 0.0, 0.0, 0.0, 0.0, 0.0, 0.0, 0.0, 0.0, 0.0, 0.0, 0.0, 0.0, 0.0, 0.0, 0.0, 0.0, 0.0, 0.0, 0.0, 0.0, 0.0, 0.0, 0.0, 0.2778561095, 0.2221438905, 0.0, 0.0, 0.0, 0.0, 0.0, 0.0, 0.0, 0.0, 0.0, 0.0, 0.0, 0.0, 0.0, 0.0, 0.0, 0.0, 0.0, 0.0, 0.0, 0.0, 0.1898021872, 0.3101978128, 0.0], "num_sources": 2, "seg_angles": 64, "input": [0.215506934, -0.5635238261, -1.4375227367, -1.4448700221, -1.1519606328, 0.9320333907, -0.0710306509, -0.7149566713, -0.4990737433, -0.8928679739, 1.5179861559, 0.2552641055, -0.5967397203, -0.6347021226, -0.9715493363, 1.7789379113, 0.7969371652, -0.1230933031, -0.8133503681, -0.6922706897, 2.1440009839, 1.5350641275, 0.6474047759, 0.4810966852, 0.3032795619]}