{"source": [{"position": [-238.97039136226013, 374.2046927179939], "counts": 500000.0}, {"position": [345.35676689170816, 124.16804565630547], "counts": 500000.0}], "output": [0.0, 0.0, 0.0, 0.0, 0.0, 0.0, 0.0, 0.0, 0.0, 0.0, 0.0, 0.0, 0.0, 0.0, 0.0, 0.0, 0.0, 0.0, 0.0, 0.0, 0.0, 0.0, 0.0, 0.0, 0.0, 0.0, 0.0, 0.0, 0.0, 0.0, 0.0, 0.0, 0.0, 0.0, 0.0, 0.2421940892, 0.2578059108, 0.0, 0.0, 0.0, 0.0, 0.0, 0.0, 0.0, 0.0, 0.0, 0.0, 0.0, 0.0, 0.0, 0.0, 0.0, 0.0, 0.1055415583, 0.3944584417, 0.0, 0.0, 0.0, 0.0, 0.0, 0.0, 0.0, 0.0, 0.0], "num_sources": 2, "seg_angles": 64, "input": [-1.0604136588, -1.5567919702, -1.2617183741, -0.9808337586, -0.180276546, -0.6289324545, -1.0509606608, -1.0453820366, -0.5921053869, 0.6786188873, -0.432403791, -0.7092448253, -0.7182639617, 0.4405954278, 0.9195319754, -0.3529886791, -0.5562050199, 0.1037964077, 1.0973653445, 1.1824163701, 0.6173065783, 1.0629508179, 1.5909976235, 1.3743683204, 2.0585733705]}