{"source": [{"position": [-242.39140723164695, -402.67406882025796], "counts": 500000.0}, {"position": [-168.6338602682773, -343.87733448283427], "counts": 500000.0}], "output": [0.0, 0.0, 0.0, 0.0, 0.0, 0.0, 0.0, 0.0, 0.0, 0.0, 0.2596462962, 0.5623848722, 0.1779688316, 0.0, 0.0, 0.0, 0.0, 0.0, 0.0, 0.0, 0.0, 0.0, 0.0, 0.0, 0.0, 0.0, 0.0, 0.0, 0.0, 0.0, 0.0, 0.0, 0.0, 0.0, 0.0, 0.0, 0.0, 0.0, 0.0, 0.0, 0.0, 0.0, 0.0, 0.0, 0.0, 0.0, 0.0, 0.0, 0.0, 0.0, 0.0, 0.0, 0.0, 0.0, 0.0, 0.0, 0.0, 0.0, 0.0, 0.0, 0.0, 0.0, 0.0, 0.0], "num_sources": 2, "seg_angles": 64, "input": [1.0321605769, 1.6598476649, 1.5657055813, 1.516686271, 1.0512742537, 0.7263224248, 0.3776207226, 0.5955613306, 0.7541628221, -0.0782450979, 0.7235190804, -0.265424139, -0.1925534862, -0.4846553286, -0.6846256209, 0.6241846208, -0.4084141767, -1.0094238903, -1.0955359188, -1.2012317477, 0.3376450027, -0.9289027361, -1.3725519062, -1.4633325453, -1.7797937579]}