{"source": [{"position": [71.78591486289459, 45.51683674528852], "counts": 500000.0}, {"position": [102.97977502545434, -29.05453382360164], "counts": 500000.0}], "output": [0.0, 0.0, 0.0, 0.0, 0.0, 0.0, 0.0, 0.0, 0.0, 0.0, 0.0, 0.0, 0.0, 0.0, 0.0, 0.0, 0.0, 0.0, 0.0, 0.0, 0.0, 0.0, 0.0, 0.0, 0.0, 0.0, 0.0, 0.0, 0.0, 0.4005146154, 0.0994853846, 0.0, 0.0, 0.0, 0.0, 0.0, 0.0, 0.1220180303, 0.3779819697, 0.0, 0.0, 0.0, 0.0, 0.0, 0.0, 0.0, 0.0, 0.0, 0.0, 0.0, 0.0, 0.0, 0.0, 0.0, 0.0, 0.0, 0.0, 0.0, 0.0, 0.0, 0.0, 0.0, 0.0, 0.0], "num_sources": 2, "seg_angles": 64, "input": [-1.1481648687, -0.8212884297, -0.357867304, 0.3773986552, 1.2775458389, -1.6050196821, -1.0352156213, -0.4005594695, 0.4825885612, 1.5694678871, -1.5046885303, -1.0073047736, -0.3499166488, 0.6269315003, 1.8313388158, -1.1008387511, -0.6392477977, -0.1580616196, 0.6942972397, 1.6176447961, -0.4832887733, -0.2144583165, 0.2217674309, 0.8213474482, 1.3055924128]}