{"source": [{"position": [-30.999528986845256, 145.7395938055055], "counts": 500000.0}, {"position": [-64.77342829809628, -93.81046309720136], "counts": 500000.0}], "output": [0.0, 0.0, 0.0, 0.0, 0.0, 0.0, 0.0, 0.0, 0.0, 0.0776856566, 0.4223143434, 0.0, 0.0, 0.0, 0.0, 0.0, 0.0, 0.0, 0.0, 0.0, 0.0, 0.0, 0.0, 0.0, 0.0, 0.0, 0.0, 0.0, 0.0, 0.0, 0.0, 0.0, 0.0, 0.0, 0.0, 0.0, 0.0, 0.0, 0.0, 0.0, 0.0, 0.0, 0.0, 0.0, 0.0, 0.0, 0.0, 0.0, 0.0, 0.0, 0.4326104226, 0.0673895774, 0.0, 0.0, 0.0, 0.0, 0.0, 0.0, 0.0, 0.0, 0.0, 0.0, 0.0, 0.0], "num_sources": 2, "seg_angles": 64, "input": [0.9419356329, 0.4510521763, 0.4226447544, 0.5176643249, -0.0169674373, 1.0835640774, -0.1520012632, -0.4244526521, -0.4461171933, -1.2631414562, 1.1271493667, -0.5214983964, -0.4048224593, -0.5472135277, -1.6912900072, 2.2302232131, 0.211504089, -0.104066128, -1.0629557634, -1.7043156373, 2.1406405561, 0.7109524431, -0.0172792882, -0.4446560587, -1.0365533658]}