{"source": [{"position": [-6.297091350746887, 28.308066704039486], "counts": 500000.0}, {"position": [-19.22222707345591, 50.462916942409294], "counts": 500000.0}], "output": [0.0, 0.0, 0.0, 0.0, 0.0, 0.0, 0.0, 0.0, 0.0, 0.0, 0.0, 0.0, 0.0, 0.0, 0.0, 0.0, 0.0, 0.0, 0.0, 0.0, 0.0, 0.0, 0.0, 0.0, 0.0, 0.0, 0.0, 0.0, 0.0, 0.0, 0.0, 0.0, 0.0, 0.0, 0.0, 0.0, 0.0, 0.0, 0.0, 0.0, 0.0, 0.0, 0.0, 0.0, 0.0, 0.0, 0.0, 0.0, 0.0, 0.0, 0.3852293148, 0.2611945505, 0.3535761348, 0.0, 0.0, 0.0, 0.0, 0.0, 0.0, 0.0, 0.0, 0.0, 0.0, 0.0], "num_sources": 2, "seg_angles": 64, "input": [-0.5666629737, -1.2167735753, -1.2573494847, -1.3581460309, -1.5166163582, -0.2340054217, -0.733266641, -0.7901538882, -0.8123463531, -1.0491545526, 0.0144842026, -0.1790173633, -0.1813164504, -0.2614741759, -0.5342945219, 0.4939434464, 0.7236705305, 0.8056038293, 0.6553605765, 0.265587169, 1.3933022809, 1.6816748957, 1.7400670931, 1.6912343213, 1.2256494456]}