{"source": [{"position": [-112.0813465958604, 289.0290154037456], "counts": 500000.0}, {"position": [223.0554634590347, 56.09153430844318], "counts": 500000.0}], "output": [0.0, 0.0, 0.0, 0.0, 0.0, 0.0, 0.0, 0.0, 0.0, 0.0, 0.0, 0.0, 0.0, 0.0, 0.0, 0.0, 0.0, 0.0, 0.0, 0.0, 0.0, 0.0, 0.0, 0.0, 0.0, 0.0, 0.0, 0.0, 0.0, 0.0, 0.0, 0.0, 0.0, 0.0, 0.2452948881, 0.2547051119, 0.0, 0.0, 0.0, 0.0, 0.0, 0.0, 0.0, 0.0, 0.0, 0.0, 0.0, 0.0, 0.0, 0.0, 0.0, 0.1159479817, 0.3840520183, 0.0, 0.0, 0.0, 0.0, 0.0, 0.0, 0.0, 0.0, 0.0, 0.0, 0.0], "num_sources": 2, "seg_angles": 64, "input": [-1.1690128617, -1.6073893906, -1.1923832479, -0.9160296833, -0.0662798141, -0.9310915883, -1.2645144633, -0.7051361345, 0.1018260835, 0.5266364045, -0.7612430324, -1.0223264989, -0.1227663336, 0.4473347939, 0.9644107733, -0.6475297603, -0.3576341033, 0.2901056849, 0.9312288281, 1.4873601885, 0.1243028518, 1.1613640937, 1.2632658852, 1.5230331857, 1.9424681391]}