{"source": [{"position": [-365.62542374775006, -198.42895330389206], "counts": 500000.0}, {"position": [-131.95505530340878, -299.19368873670163], "counts": 500000.0}], "output": [0.0, 0.0, 0.0, 0.0, 0.0, 0.4676291146, 0.0323708854, 0.0, 0.0, 0.0, 0.0, 0.1154830982, 0.3845169018, 0.0, 0.0, 0.0, 0.0, 0.0, 0.0, 0.0, 0.0, 0.0, 0.0, 0.0, 0.0, 0.0, 0.0, 0.0, 0.0, 0.0, 0.0, 0.0, 0.0, 0.0, 0.0, 0.0, 0.0, 0.0, 0.0, 0.0, 0.0, 0.0, 0.0, 0.0, 0.0, 0.0, 0.0, 0.0, 0.0, 0.0, 0.0, 0.0, 0.0, 0.0, 0.0, 0.0, 0.0, 0.0, 0.0, 0.0, 0.0, 0.0, 0.0, 0.0], "num_sources": 2, "seg_angles": 64, "input": [1.3896148573, 1.341033251, 1.1074126374, 1.3918129817, 0.7446025168, 0.9316499204, 0.9356804991, 0.3111264874, 0.0454503393, -0.0460221497, 1.01266086, -0.061949516, -0.3882102521, -0.8737594194, -1.0968789994, 1.019376332, -0.1695008755, -0.8766413809, -0.8024194437, -1.3958236658, 0.6622065521, -0.4953024332, -1.2991653907, -1.5802902716, -1.8066634366]}