{"source": [{"position": [-78.44064594379341, 387.133136096512], "counts": 500000.0}, {"position": [-120.420277742168, -315.82108338187163], "counts": 500000.0}], "output": [0.0, 0.0, 0.0, 0.0, 0.0, 0.0, 0.0, 0.0, 0.0, 0.0, 0.0, 0.0, 0.3552430642, 0.1447569358, 0.0, 0.0, 0.0, 0.0, 0.0, 0.0, 0.0, 0.0, 0.0, 0.0, 0.0, 0.0, 0.0, 0.0, 0.0, 0.0, 0.0, 0.0, 0.0, 0.0, 0.0, 0.0, 0.0, 0.0, 0.0, 0.0, 0.0, 0.0, 0.0, 0.0, 0.0, 0.0, 0.0, 0.0, 0.0, 0.0, 0.4818522335, 0.0181477665, 0.0, 0.0, 0.0, 0.0, 0.0, 0.0, 0.0, 0.0, 0.0, 0.0, 0.0, 0.0], "num_sources": 2, "seg_angles": 64, "input": [1.3125958601, 0.4047569299, 0.4657447978, 0.6684099715, -0.4448334944, 0.4852895191, -0.2821941446, -0.4025240837, 0.0521173059, -0.9738178957, 1.1139750013, -0.340270277, -1.1436183909, -1.1260517918, -1.911501538, 1.8433143062, 0.2686690183, 0.7647878264, -0.6154870954, -1.1463648693, 1.9856200767, 0.8164678842, -0.3509729152, 0.2036842294, -1.6477962308]}