{"source": [{"position": [10.587163044865829, 323.8269784601979], "counts": 500000.0}, {"position": [68.07106335318853, 336.1775280026406], "counts": 500000.0}], "output": [0.0, 0.0, 0.0, 0.0, 0.0, 0.0, 0.0, 0.0, 0.0, 0.0, 0.0, 0.0, 0.0, 0.0, 0.0, 0.0, 0.0, 0.0, 0.0, 0.0, 0.0, 0.0, 0.0, 0.0, 0.0, 0.0, 0.0, 0.0, 0.0, 0.0, 0.0, 0.0, 0.0, 0.0, 0.0, 0.0, 0.0, 0.0, 0.0, 0.0, 0.0, 0.0, 0.0, 0.0, 0.0, 0.0174930059, 0.4825069941, 0.1664493171, 0.3335506829, 0.0, 0.0, 0.0, 0.0, 0.0, 0.0, 0.0, 0.0, 0.0, 0.0, 0.0, 0.0, 0.0, 0.0, 0.0], "num_sources": 2, "seg_angles": 64, "input": [-1.3145633346, -1.2279008325, -1.2032070791, -1.4177058642, -0.7957475255, -1.0302885472, -0.6892989792, -0.6198393317, -0.7091283836, -0.5115260047, -0.7435178157, -0.0986165555, -0.0305114891, -0.2043824077, -0.3846821166, 0.4813393497, 0.7040167636, 1.0812040722, 0.8433150959, 0.4394549804, 1.2622447384, 1.805208797, 1.7295102478, 1.5625659869, 1.0720562352]}