{"source": [{"position": [-178.6351592760571, -227.17940018940482], "counts": 500000.0}, {"position": [167.27556518112283, 105.93812011422482], "counts": 500000.0}], "output": [0.0, 0.0, 0.0, 0.0, 0.0, 0.0, 0.0, 0.0, 0.0, 0.3936527092, 0.1063472908, 0.0, 0.0, 0.0, 0.0, 0.0, 0.0, 0.0, 0.0, 0.0, 0.0, 0.0, 0.0, 0.0, 0.0, 0.0, 0.0, 0.0, 0.0, 0.0, 0.0, 0.0, 0.0, 0.0, 0.0, 0.0, 0.0, 0.1247384268, 0.3752615732, 0.0, 0.0, 0.0, 0.0, 0.0, 0.0, 0.0, 0.0, 0.0, 0.0, 0.0, 0.0, 0.0, 0.0, 0.0, 0.0, 0.0, 0.0, 0.0, 0.0, 0.0, 0.0, 0.0, 0.0, 0.0], "num_sources": 2, "seg_angles": 64, "input": [-1.4215377216, -0.4574155792, 0.5772821332, 1.2495062386, 2.564990203, -0.851102325, -1.3201160581, -0.3085708575, 0.5608464917, 1.4759877872, -0.8415063064, -1.4532113372, -0.9118088909, -0.2291807679, 1.0027579273, -0.463171561, -0.9570159808, -0.7287771354, -0.1352238448, 0.5242049876, 1.14768234, 1.0003637118, 0.2395648224, -0.4209215989, 0.1563733219]}