{"source": [{"position": [10.005759022569743, 442.88698873006234], "counts": 500000.0}, {"position": [-33.31752761712141, -13.63606810933241], "counts": 500000.0}], "output": [0.0, 0.0, 0.0, 0.0215010615, 0.4784989385, 0.0, 0.0, 0.0, 0.0, 0.0, 0.0, 0.0, 0.0, 0.0, 0.0, 0.0, 0.0, 0.0, 0.0, 0.0, 0.0, 0.0, 0.0, 0.0, 0.0, 0.0, 0.0, 0.0, 0.0, 0.0, 0.0, 0.0, 0.0, 0.0, 0.0, 0.0, 0.0, 0.0, 0.0, 0.0, 0.0, 0.0, 0.0, 0.0, 0.0, 0.0, 0.0, 0.1150411873, 0.3849588127, 0.0, 0.0, 0.0, 0.0, 0.0, 0.0, 0.0, 0.0, 0.0, 0.0, 0.0, 0.0, 0.0, 0.0, 0.0], "num_sources": 2, "seg_angles": 64, "input": [1.4279281999, 0.5717134938, 0.2827578623, 0.2967830362, -0.2126624229, 1.6371450841, 0.5000895901, -0.2750327635, -0.7938241248, -1.2862872158, 1.6359118699, 0.6847301151, -0.2441776777, -0.8119998367, -1.379982718, 1.6041209093, 0.6489800173, -0.3037713207, -0.9440189803, -1.4138117129, 1.1893151257, 0.3800673904, -0.5857918784, -1.1018716464, -1.5063103958]}