{"source": [{"position": [297.7721337436481, -318.47724622923215], "counts": 500000.0}, {"position": [-19.661254809947334, 165.8385813352801], "counts": 500000.0}], "output": [0.0, 0.0, 0.0, 0.0, 0.0, 0.0, 0.0, 0.0, 0.0, 0.0, 0.0, 0.0, 0.0, 0.0, 0.0, 0.0, 0.0, 0.0, 0.0, 0.0, 0.0, 0.0, 0.0, 0.1710518867, 0.3289481133, 0.0, 0.0, 0.0, 0.0, 0.0, 0.0, 0.0, 0.0, 0.0, 0.0, 0.0, 0.0, 0.0, 0.0, 0.0, 0.0, 0.0, 0.0, 0.0, 0.0, 0.0, 0.0, 0.0, 0.0, 0.399001636, 0.100998364, 0.0, 0.0, 0.0, 0.0, 0.0, 0.0, 0.0, 0.0, 0.0, 0.0, 0.0, 0.0, 0.0], "num_sources": 2, "seg_angles": 64, "input": [-0.8503780636, -0.7823012841, -0.9815721498, -0.905160126, -1.3095398976, -0.9494320049, -0.9477297942, -0.6382229903, -0.9009482033, -0.910992139, -0.4704922502, -0.4742040722, -0.4947481036, -0.0585202799, -0.0169510478, -0.1867624008, 0.3736550165, 0.6457279609, 1.3349061813, 0.94194222, 0.8149756833, 1.437882915, 1.4644398466, 1.8321300738, 2.0322949101]}