{"source": [{"position": [148.3702187188726, 177.05162579686728], "counts": 500000.0}, {"position": [-58.40788071870529, 38.581335771970025], "counts": 500000.0}], "output": [0.0, 0.0, 0.0, 0.0, 0.0, 0.0, 0.0, 0.0, 0.0, 0.0, 0.0, 0.0, 0.0, 0.0, 0.0, 0.0, 0.0, 0.0, 0.0, 0.0, 0.0, 0.0, 0.0, 0.0, 0.0, 0.0, 0.0, 0.0, 0.0, 0.0, 0.0, 0.0, 0.0, 0.0, 0.0, 0.0, 0.0, 0.0, 0.0, 0.0, 0.0522835003, 0.4477164997, 0.0, 0.0, 0.0, 0.0, 0.0, 0.0, 0.0, 0.0, 0.0, 0.0, 0.0, 0.0, 0.0, 0.0, 0.0, 0.0, 0.47304564, 0.02695436, 0.0, 0.0, 0.0, 0.0], "num_sources": 2, "seg_angles": 64, "input": [0.4000385813, -0.5058409379, -1.15502686, -1.3958416824, -1.5554923259, 0.8735297156, -0.067099994, -0.7894291069, -1.1450237441, -1.1692623764, 1.1649941196, 0.1087998771, -0.5173596469, -0.9420771368, -0.985752408, 1.4547806046, 0.6131128139, -0.1101732795, -0.3486744444, -0.3645248244, 1.4914092572, 1.465131614, 1.3858554619, 1.2399459924, 0.8539807299]}