{"source": [{"position": [-99.22608975265116, 37.28515941227575], "counts": 500000.0}, {"position": [477.95233898053846, -44.28952091671763], "counts": 500000.0}], "output": [0.0, 0.0, 0.0, 0.0, 0.0, 0.0, 0.0, 0.0, 0.0, 0.0, 0.0, 0.0, 0.0, 0.0, 0.0, 0.0, 0.0, 0.0, 0.0, 0.0, 0.0, 0.0, 0.0, 0.0, 0.0, 0.0, 0.0, 0.0, 0.0, 0.0, 0.0, 0.4705957836, 0.0294042164, 0.0, 0.0, 0.0, 0.0, 0.0, 0.0, 0.0, 0.0, 0.0, 0.0, 0.0, 0.0, 0.0, 0.0, 0.0, 0.0, 0.0, 0.0, 0.0, 0.0, 0.0, 0.0, 0.0, 0.0, 0.0, 0.0, 0.0, 0.3305949939, 0.1694050061, 0.0, 0.0], "num_sources": 2, "seg_angles": 64, "input": [1.1166518958, 0.127588534, -0.770490368, -1.3755565162, -1.5630805731, 1.4614447439, 0.5784765666, -0.573816652, -1.0332325774, -1.3771477727, 1.3174631316, 0.8790725981, -0.0623334625, -0.9364628025, -1.4283665918, 1.6435491168, 0.6860725577, -0.42475675, -0.8612262675, -0.8193097102, 1.3090783835, 0.4930404825, 0.4255344855, 0.6475184753, 0.5402890728]}