{"source": [{"position": [346.7795483891843, 100.32419857139868], "counts": 500000.0}, {"position": [-389.2015351916603, 219.84350116493042], "counts": 500000.0}], "output": [0.0, 0.0, 0.0, 0.0, 0.0, 0.0, 0.0, 0.0, 0.0, 0.0, 0.0, 0.0, 0.0, 0.0, 0.0, 0.0, 0.0, 0.0, 0.0, 0.0, 0.0, 0.0, 0.0, 0.0, 0.0, 0.0, 0.0, 0.0, 0.0, 0.0, 0.0, 0.0, 0.0, 0.0, 0.0657520157, 0.4342479843, 0.0, 0.0, 0.0, 0.0, 0.0, 0.0, 0.0, 0.0, 0.0, 0.0, 0.0, 0.0, 0.0, 0.0, 0.0, 0.0, 0.0, 0.0, 0.0, 0.0, 0.0, 0.0, 0.1186906246, 0.3813093754, 0.0, 0.0, 0.0, 0.0], "num_sources": 2, "seg_angles": 64, "input": [-0.8882935944, -1.3364088902, -1.6547072968, -1.0910545061, -0.4251681406, -0.3631184619, -0.7666222129, -0.6095323798, -0.0994836108, 1.1248488822, 0.0593284707, -0.1866678111, -0.9895201731, -0.759315003, 0.4267084303, -0.1355961791, 0.4703090865, -0.7838124511, -0.6420125677, 1.082079303, 1.5869090137, 1.2511001715, 1.2993668647, 1.5157497885, 1.9149132675]}