{"source": [{"position": [-147.8552192117435, 243.6469457059687], "counts": 500000.0}, {"position": [-219.59163142121014, -227.234494321992], "counts": 500000.0}], "output": [0.0, 0.0, 0.0, 0.0, 0.0, 0.0, 0.0, 0.0, 0.4128945614, 0.0871054386, 0.0, 0.0, 0.0, 0.0, 0.0, 0.0, 0.0, 0.0, 0.0, 0.0, 0.0, 0.0, 0.0, 0.0, 0.0, 0.0, 0.0, 0.0, 0.0, 0.0, 0.0, 0.0, 0.0, 0.0, 0.0, 0.0, 0.0, 0.0, 0.0, 0.0, 0.0, 0.0, 0.0, 0.0, 0.0, 0.0, 0.0, 0.0, 0.0, 0.0, 0.0, 0.0, 0.0, 0.2221210389, 0.2778789611, 0.0, 0.0, 0.0, 0.0, 0.0, 0.0, 0.0, 0.0, 0.0], "num_sources": 2, "seg_angles": 64, "input": [1.6788886489, 0.4560012417, 0.088168525, -0.392331176, -0.8350791917, 1.9960169967, -0.1023660251, -0.7453682297, -0.8157950818, -1.5110900837, 1.4458692265, 0.2157021038, -0.9281738588, -0.9838563192, -1.3160676646, 1.4319387841, -0.0515005842, -0.2717731375, -0.8037920809, -1.0138631059, 1.4701236177, 1.1897655642, 0.523312333, -0.3272209181, -0.3975095844]}