{"source": [{"position": [160.6651283548689, -373.9461412165039], "counts": 500000.0}, {"position": [-390.1268528613452, -147.27538381040577], "counts": 500000.0}], "output": [0.0, 0.0, 0.0, 0.1616139877, 0.3383860123, 0.0, 0.0, 0.0, 0.0, 0.0, 0.0, 0.0, 0.0, 0.0, 0.0, 0.0, 0.0, 0.0, 0.0, 0.0, 0.4332736963, 0.0667263037, 0.0, 0.0, 0.0, 0.0, 0.0, 0.0, 0.0, 0.0, 0.0, 0.0, 0.0, 0.0, 0.0, 0.0, 0.0, 0.0, 0.0, 0.0, 0.0, 0.0, 0.0, 0.0, 0.0, 0.0, 0.0, 0.0, 0.0, 0.0, 0.0, 0.0, 0.0, 0.0, 0.0, 0.0, 0.0, 0.0, 0.0, 0.0, 0.0, 0.0, 0.0, 0.0], "num_sources": 2, "seg_angles": 64, "input": [1.7446199414, 1.4789815145, 1.9605797185, 1.1028338394, 0.8273653754, 1.5086236416, 1.1090474806, 0.163706495, -0.1280519962, -0.6936393878, 0.631101935, 0.1533259497, -0.2772943823, -0.9599664365, -0.6034521756, -0.0461299783, -0.2474269863, -0.6364293823, -0.9849032378, -0.8388780183, -0.5240429899, -0.8742831164, -1.2799556214, -1.4464825439, -1.1392496382]}