{"source": [{"position": [28.630796656118335, -261.43694743252337], "counts": 500000.0}, {"position": [-416.57614347897226, -102.49544713882067], "counts": 500000.0}], "output": [0.0, 0.0, 0.271321147, 0.228678853, 0.0, 0.0, 0.0, 0.0, 0.0, 0.0, 0.0, 0.0, 0.0, 0.0, 0.0, 0.0, 0.0, 0.4444676543, 0.0555323457, 0.0, 0.0, 0.0, 0.0, 0.0, 0.0, 0.0, 0.0, 0.0, 0.0, 0.0, 0.0, 0.0, 0.0, 0.0, 0.0, 0.0, 0.0, 0.0, 0.0, 0.0, 0.0, 0.0, 0.0, 0.0, 0.0, 0.0, 0.0, 0.0, 0.0, 0.0, 0.0, 0.0, 0.0, 0.0, 0.0, 0.0, 0.0, 0.0, 0.0, 0.0, 0.0, 0.0, 0.0, 0.0], "num_sources": 2, "seg_angles": 64, "input": [1.7742654827, 1.2761286623, 1.6060683662, 1.4659445838, 1.0387493832, 1.2456556434, 0.9277260879, 0.6504378209, 0.2846867311, -0.4173859229, 0.2602081913, 0.0247173446, 0.1032976244, -0.4893510738, -0.8628537391, -0.3331388493, -0.1305587043, -0.4043309882, -0.8555576915, -1.0365556949, -0.6646033414, -0.989154787, -1.2741666872, -1.6072935876, -1.5929348547]}