{"source": [{"position": [-389.11502479577683, -38.3470660961427], "counts": 500000.0}, {"position": [275.67257964559064, -72.31617268319381], "counts": 500000.0}], "output": [0.0, 0.4997072851, 0.0002927149, 0.0, 0.0, 0.0, 0.0, 0.0, 0.0, 0.0, 0.0, 0.0, 0.0, 0.0, 0.0, 0.0, 0.0, 0.0, 0.0, 0.0, 0.0, 0.0, 0.0, 0.0, 0.0, 0.0, 0.0, 0.0, 0.0, 0.3065772209, 0.1934227791, 0.0, 0.0, 0.0, 0.0, 0.0, 0.0, 0.0, 0.0, 0.0, 0.0, 0.0, 0.0, 0.0, 0.0, 0.0, 0.0, 0.0, 0.0, 0.0, 0.0, 0.0, 0.0, 0.0, 0.0, 0.0, 0.0, 0.0, 0.0, 0.0, 0.0, 0.0, 0.0, 0.0], "num_sources": 2, "seg_angles": 64, "input": [1.5358446693, -0.0029313967, -0.824208637, -0.4981053271, 0.7656145516, -0.1795900395, -0.9297481775, -0.7321212244, 0.7475747076, 1.9262992492, -0.1315943438, -0.0719689729, -0.908012356, 0.4458465929, 1.7241268538, 0.326017911, -0.7857673699, -0.1787140496, 0.9150326709, 1.6613298457, -1.1352570389, -1.9184732152, -1.4001469384, -0.3525618331, 0.0015138678]}