{"source": [{"position": [-242.56009971573567, -278.0748065285534], "counts": 500000.0}, {"position": [48.93812616163831, 2.461667684228048], "counts": 500000.0}], "output": [0.0, 0.0, 0.0, 0.0, 0.0, 0.0, 0.0, 0.0, 0.1531251609, 0.3468748391, 0.0, 0.0, 0.0, 0.0, 0.0, 0.0, 0.0, 0.0, 0.0, 0.0, 0.0, 0.0, 0.0, 0.0, 0.0, 0.0, 0.0, 0.0, 0.0, 0.0, 0.0, 0.0, 0.2440316274, 0.2559683726, 0.0, 0.0, 0.0, 0.0, 0.0, 0.0, 0.0, 0.0, 0.0, 0.0, 0.0, 0.0, 0.0, 0.0, 0.0, 0.0, 0.0, 0.0, 0.0, 0.0, 0.0, 0.0, 0.0, 0.0, 0.0, 0.0, 0.0, 0.0, 0.0, 0.0], "num_sources": 2, "seg_angles": 64, "input": [-1.2006694655, -0.7520014196, -0.3089335153, 0.5251657217, 1.5499095252, -1.0352888083, -0.6401296567, 0.0626276677, 0.9470658696, 1.7928872107, -1.0384229231, -0.6444192311, -0.0083639036, 0.7699735051, 1.8094909079, -1.0722603883, -0.810525505, -0.2133015922, 0.580028394, 1.5559838821, -1.3495849356, -1.046360415, -0.7056167382, 0.1274618883, 1.1052839252]}