{"source": [{"position": [71.85570272344299, 190.92605371221651], "counts": 500000.0}, {"position": [129.44759991093878, 11.971586248175894], "counts": 500000.0}], "output": [0.0, 0.0, 0.0, 0.0, 0.0, 0.0, 0.0, 0.0, 0.0, 0.0, 0.0, 0.0, 0.0, 0.0, 0.0, 0.0, 0.0, 0.0, 0.0, 0.0, 0.0, 0.0, 0.0, 0.0, 0.0, 0.0, 0.0, 0.0, 0.0, 0.0, 0.0, 0.0, 0.0303285014, 0.4696714986, 0.0, 0.0, 0.0, 0.0, 0.0, 0.0, 0.0, 0.0, 0.0, 0.0, 0.3332451173, 0.1667548827, 0.0, 0.0, 0.0, 0.0, 0.0, 0.0, 0.0, 0.0, 0.0, 0.0, 0.0, 0.0, 0.0, 0.0, 0.0, 0.0, 0.0, 0.0], "num_sources": 2, "seg_angles": 64, "input": [-1.696470871, -1.2874393553, -1.0091281481, -0.369019303, 1.1009247843, -1.5088864489, -0.9510100527, -0.5964556653, 0.1398236191, 1.4908222532, -1.1611787199, -0.7401004645, -0.0599620859, 0.4536199553, 1.5306697496, -0.8210822121, -0.2022575815, 0.1635032549, 0.7618417015, 1.5717876611, -0.2341367537, 0.2787671252, 0.5037778799, 1.0026299998, 1.638959678]}