{"source": [{"position": [248.19729094751997, -53.982448687625705], "counts": 500000.0}, {"position": [-138.57260335635, 264.9502474032506], "counts": 500000.0}], "output": [0.0, 0.0, 0.0, 0.0, 0.0, 0.0, 0.0, 0.0, 0.0, 0.0, 0.0, 0.0, 0.0, 0.0, 0.0, 0.0, 0.0, 0.0, 0.0, 0.0, 0.0, 0.0, 0.0, 0.0, 0.0, 0.0, 0.0, 0.0, 0.0, 0.0907216447, 0.4092783553, 0.0, 0.0, 0.0, 0.0, 0.0, 0.0, 0.0, 0.0, 0.0, 0.0, 0.0, 0.0, 0.0, 0.0, 0.0, 0.0, 0.0, 0.0, 0.0, 0.0, 0.0, 0.0457615517, 0.4542384483, 0.0, 0.0, 0.0, 0.0, 0.0, 0.0, 0.0, 0.0, 0.0, 0.0], "num_sources": 2, "seg_angles": 64, "input": [-0.4834823857, -1.2380511565, -1.366923855, -0.6812989084, -0.1184355856, -0.6495968333, -1.2931991991, -0.8654210287, 0.1614174397, 0.4052066919, -0.4255030145, -0.8533880974, -0.5962626609, 0.5729843945, 1.1054883132, -0.7279536549, -0.4884069965, 0.5718212393, 1.0797765325, 1.8699339758, -0.6003706703, 0.0657534481, 0.5510058586, 1.4584093813, 2.5464967718]}