{"source": [{"position": [39.94480312444949, -140.42938689373025], "counts": 500000.0}, {"position": [-108.4184831751715, 154.81095731890252], "counts": 500000.0}], "output": [0.0, 0.0, 0.0, 0.0, 0.0, 0.0, 0.0, 0.0, 0.0, 0.0, 0.0, 0.0, 0.0, 0.0, 0.0, 0.0, 0.0, 0.0, 0.0885977298, 0.4114022702, 0.0, 0.0, 0.0, 0.0, 0.0, 0.0, 0.0, 0.0, 0.0, 0.0, 0.0, 0.0, 0.0, 0.0, 0.0, 0.0, 0.0, 0.0, 0.0, 0.0, 0.0, 0.0, 0.0, 0.0, 0.0, 0.0, 0.0, 0.0, 0.0, 0.0, 0.0, 0.0, 0.0, 0.0, 0.3884764691, 0.1115235309, 0.0, 0.0, 0.0, 0.0, 0.0, 0.0, 0.0, 0.0], "num_sources": 2, "seg_angles": 64, "input": [2.6177534351, 2.318247242, 0.8962954756, 0.6113315267, 0.3128033144, 1.4694612682, 0.7003664641, -0.1151611185, -0.4832374007, -0.5364815247, 0.0360594403, -0.2748693411, -1.2062643858, -0.8608839929, -0.7906325022, -0.4079897816, -0.401731156, -1.3284920862, -0.9687902366, 0.112361832, -0.8936836932, -0.296348199, -0.2380273969, -0.9701683346, 0.6980811517]}