{"source": [{"position": [214.1113992757048, -89.33257356753869], "counts": 500000.0}, {"position": [31.86865983959827, -329.46227177027106], "counts": 500000.0}], "output": [0.0, 0.0, 0.0, 0.0, 0.0, 0.0, 0.0, 0.0, 0.0, 0.0, 0.0, 0.0, 0.0, 0.0, 0.0, 0.0, 0.0088895429, 0.4911104571, 0.0, 0.0, 0.0, 0.0, 0.0, 0.0, 0.0, 0.0, 0.0, 0.0130759896, 0.4869240104, 0.0, 0.0, 0.0, 0.0, 0.0, 0.0, 0.0, 0.0, 0.0, 0.0, 0.0, 0.0, 0.0, 0.0, 0.0, 0.0, 0.0, 0.0, 0.0, 0.0, 0.0, 0.0, 0.0, 0.0, 0.0, 0.0, 0.0, 0.0, 0.0, 0.0, 0.0, 0.0, 0.0, 0.0, 0.0], "num_sources": 2, "seg_angles": 64, "input": [0.9323779363, 1.0035763373, 1.0420415606, 1.2981676147, 1.6855118073, -0.7896455755, 0.1161880361, 0.305236024, 0.7915878034, 1.3537344536, -1.117354086, -0.8812261702, -0.1201506346, 0.0786750239, 0.7936392034, -1.6667672305, -1.2229027178, -0.6248707791, 0.0265900259, 0.9395207686, -1.7138019805, -1.351899082, -0.9858390614, -0.3684678421, 0.4760785645]}