{"source": [{"position": [-219.96148195066888, 67.20823207067409], "counts": 500000.0}, {"position": [-176.36082473109332, -70.68846794328323], "counts": 500000.0}], "output": [0.0, 0.0, 0.0, 0.058509647, 0.441490353, 0.0, 0.0, 0.0, 0.0, 0.0, 0.0, 0.0, 0.0, 0.0, 0.0, 0.0, 0.0, 0.0, 0.0, 0.0, 0.0, 0.0, 0.0, 0.0, 0.0, 0.0, 0.0, 0.0, 0.0, 0.0, 0.0, 0.0, 0.0, 0.0, 0.0, 0.0, 0.0, 0.0, 0.0, 0.0, 0.0, 0.0, 0.0, 0.0, 0.0, 0.0, 0.0, 0.0, 0.0, 0.0, 0.0, 0.0, 0.0, 0.0, 0.0, 0.0, 0.0, 0.0, 0.0, 0.0, 0.0102483755, 0.4897516245, 0.0, 0.0], "num_sources": 2, "seg_angles": 64, "input": [1.1849311076, 0.6204365679, 0.005154388, -0.2701577856, -0.6812157537, 1.5216324403, 0.6469991904, -0.1079487443, -0.8958552516, -1.2869947558, 1.742754872, 0.5423768117, -0.3676209521, -0.897570742, -1.5782086293, 1.8746680988, 0.8710537377, -0.3447443918, -0.9095719702, -1.3865753051, 1.3612314418, 0.3538675022, -0.294784359, -0.6970233292, -1.0068341887]}