{"source": [{"position": [37.74604788360628, -169.8565155334599], "counts": 500000.0}, {"position": [-29.288154046123054, 248.27848080848764], "counts": 500000.0}], "output": [0.0, 0.0, 0.0, 0.0, 0.0, 0.0, 0.0, 0.0, 0.0, 0.0, 0.0, 0.0, 0.0, 0.0, 0.0, 0.0, 0.0, 0.0, 0.3863237593, 0.1136762407, 0.0, 0.0, 0.0, 0.0, 0.0, 0.0, 0.0, 0.0, 0.0, 0.0, 0.0, 0.0, 0.0, 0.0, 0.0, 0.0, 0.0, 0.0, 0.0, 0.0, 0.0, 0.0, 0.0, 0.0, 0.0, 0.0, 0.0, 0.0, 0.0, 0.4019733081, 0.0980266919, 0.0, 0.0, 0.0, 0.0, 0.0, 0.0, 0.0, 0.0, 0.0, 0.0, 0.0, 0.0, 0.0], "num_sources": 2, "seg_angles": 64, "input": [1.5214314734, 1.3842355702, 1.3056466791, 2.3805634142, 0.3821775963, -0.1728029775, 0.4364513864, 0.6373827032, 0.8275607474, -0.412643488, -1.5224284709, -1.3081615079, -0.9706193289, -0.110968164, -0.6014513063, -1.8649671588, -0.5910622222, 0.1637780414, 0.3092514587, -0.0287619186, -1.3287079197, 0.1839133538, -0.5856442924, -0.4237277669, 0.3895540979]}