{"source": [{"position": [-16.30873737463693, -66.01533977224628], "counts": 500000.0}, {"position": [175.73332014776466, 28.316076526299565], "counts": 500000.0}], "output": [0.0, 0.0, 0.0, 0.0, 0.0, 0.0, 0.0, 0.0, 0.0, 0.0, 0.0, 0.0, 0.0, 0.2334902349, 0.2665097651, 0.0, 0.0, 0.0, 0.0, 0.0, 0.0, 0.0, 0.0, 0.0, 0.0, 0.0, 0.0, 0.0, 0.0, 0.0, 0.0, 0.0, 0.0, 0.1863602775, 0.3136397225, 0.0, 0.0, 0.0, 0.0, 0.0, 0.0, 0.0, 0.0, 0.0, 0.0, 0.0, 0.0, 0.0, 0.0, 0.0, 0.0, 0.0, 0.0, 0.0, 0.0, 0.0, 0.0, 0.0, 0.0, 0.0, 0.0, 0.0, 0.0, 0.0], "num_sources": 2, "seg_angles": 64, "input": [0.8481951422, 1.3402892081, 1.4790410152, 1.7654598248, 1.9507374217, -0.0610478835, 0.5095563807, 0.7103793432, 1.0484906598, 0.956450188, -0.4208201921, -0.4688635705, -0.1852351858, 0.109378189, 0.0251808994, -0.6783207052, -0.9420453673, -0.8468268746, -0.6033480132, -0.5473273144, -0.9274020746, -1.4885357436, -1.4102287121, -1.1709242739, -0.9922323615]}