{"source": [{"position": [-267.15496956263434, -227.66032205456432], "counts": 500000.0}, {"position": [262.37169657595774, 327.96507868346833], "counts": 500000.0}], "output": [0.0, 0.0, 0.0, 0.0, 0.0, 0.0, 0.0, 0.405644429, 0.094355571, 0.0, 0.0, 0.0, 0.0, 0.0, 0.0, 0.0, 0.0, 0.0, 0.0, 0.0, 0.0, 0.0, 0.0, 0.0, 0.0, 0.0, 0.0, 0.0, 0.0, 0.0, 0.0, 0.0, 0.0, 0.0, 0.0, 0.0, 0.0, 0.0, 0.0, 0.0, 0.0, 0.4364239312, 0.0635760688, 0.0, 0.0, 0.0, 0.0, 0.0, 0.0, 0.0, 0.0, 0.0, 0.0, 0.0, 0.0, 0.0, 0.0, 0.0, 0.0, 0.0, 0.0, 0.0, 0.0, 0.0], "num_sources": 2, "seg_angles": 64, "input": [-0.3317144567, 0.1747353974, 0.0251697192, 0.9503030425, 1.2825048848, 0.0436780752, -0.4367635482, -0.9429671399, -0.5410991414, 0.2132407272, 0.7615928346, -0.1353282867, -1.4905501837, -1.0780133967, -0.5397204225, 2.125378379, 0.6004359622, -0.6016097716, -1.6717494776, -1.0422762353, 2.2427554321, 0.7158887356, 0.9296359208, -0.2367725146, -1.0167545357]}