{"source": [{"position": [95.27334674279135, 301.29551838755896], "counts": 500000.0}, {"position": [58.771427108074526, -455.2218353239223], "counts": 500000.0}], "output": [0.0, 0.0, 0.0, 0.0, 0.0, 0.0, 0.0, 0.0, 0.0, 0.0, 0.0, 0.0, 0.0, 0.0, 0.0, 0.0, 0.0, 0.3460906341, 0.1539093659, 0.0, 0.0, 0.0, 0.0, 0.0, 0.0, 0.0, 0.0, 0.0, 0.0, 0.0, 0.0, 0.0, 0.0, 0.0, 0.0, 0.0, 0.0, 0.0, 0.0, 0.0, 0.0, 0.0, 0.0, 0.0, 0.0597861926, 0.4402138074, 0.0, 0.0, 0.0, 0.0, 0.0, 0.0, 0.0, 0.0, 0.0, 0.0, 0.0, 0.0, 0.0, 0.0, 0.0, 0.0, 0.0, 0.0], "num_sources": 2, "seg_angles": 64, "input": [-1.1539163658, -0.3428427655, -0.0594339728, 0.0343697841, 1.3143590946, -2.5352905827, -0.5578051318, 0.0005860968, -0.6296619008, 0.9301774576, -1.4052459821, -1.0584441511, -0.1512540763, -0.8842824168, -0.112004906, -0.7468081635, -0.2409262383, 0.1436521311, 0.4664424677, 0.6135397175, 1.4903262509, 1.1441741145, 1.8033473593, 1.0611802914, 0.8757618877]}