{"source": [{"position": [-168.11808506946662, -17.24266431197854], "counts": 500000.0}, {"position": [-288.0589971805777, 100.2347950729682], "counts": 500000.0}], "output": [0.0, 0.4794719407, 0.0205280593, 0.0, 0.0, 0.0, 0.0, 0.0, 0.0, 0.0, 0.0, 0.0, 0.0, 0.0, 0.0, 0.0, 0.0, 0.0, 0.0, 0.0, 0.0, 0.0, 0.0, 0.0, 0.0, 0.0, 0.0, 0.0, 0.0, 0.0, 0.0, 0.0, 0.0, 0.0, 0.0, 0.0, 0.0, 0.0, 0.0, 0.0, 0.0, 0.0, 0.0, 0.0, 0.0, 0.0, 0.0, 0.0, 0.0, 0.0, 0.0, 0.0, 0.0, 0.0, 0.0, 0.0, 0.0, 0.0, 0.0, 0.0, 0.2054372679, 0.2945627321, 0.0, 0.0], "num_sources": 2, "seg_angles": 64, "input": [1.4256917395, 0.3162594935, -0.2683321238, -0.8617837267, -1.1821908341, 1.6696245421, 0.6198828503, -0.1225203307, -0.9287179564, -1.2364282293, 1.6795235044, 0.6589833382, -0.0652624753, -0.9274542515, -1.2463281746, 1.7982284103, 0.7863383232, -0.0626085052, -0.8430236055, -1.3393986552, 1.2337666991, 0.5812121822, -0.1818241344, -0.6516554474, -0.8519826325]}