{"source": [{"position": [102.33303897719878, 52.468553760239196], "counts": 500000.0}, {"position": [127.29509591502219, 13.414863248848217], "counts": 500000.0}], "output": [0.0, 0.0, 0.0, 0.0, 0.0, 0.0, 0.0, 0.0, 0.0, 0.0, 0.0, 0.0, 0.0, 0.0, 0.0, 0.0, 0.0, 0.0, 0.0, 0.0, 0.0, 0.0, 0.0, 0.0, 0.0, 0.0, 0.0, 0.0, 0.0, 0.0, 0.0, 0.0, 0.0, 0.4652575698, 0.0347424302, 0.0, 0.0870861835, 0.4129138165, 0.0, 0.0, 0.0, 0.0, 0.0, 0.0, 0.0, 0.0, 0.0, 0.0, 0.0, 0.0, 0.0, 0.0, 0.0, 0.0, 0.0, 0.0, 0.0, 0.0, 0.0, 0.0, 0.0, 0.0, 0.0, 0.0], "num_sources": 2, "seg_angles": 64, "input": [-1.4944672656, -1.1714190988, -0.5611560526, 0.1965384944, 1.1844051035, -1.3124865118, -0.8886068843, -0.2207302171, 0.8179543648, 1.7923596735, -1.3545506792, -0.8840911141, -0.1656365476, 0.6311478812, 1.7143608204, -1.0811680858, -0.7478330679, -0.2986090129, 0.5023674139, 1.6785557959, -0.333753297, -0.0939812743, 0.1271439929, 0.6194963245, 1.344159244]}