{"source": [{"position": [-93.64791022963782, -28.880251204269317], "counts": 500000.0}, {"position": [-403.00786149326996, 223.8429439911415], "counts": 500000.0}], "output": [0.0, 0.0, 0.0, 0.476503508, 0.023496492, 0.0, 0.0, 0.0, 0.0, 0.0, 0.0, 0.0, 0.0, 0.0, 0.0, 0.0, 0.0, 0.0, 0.0, 0.0, 0.0, 0.0, 0.0, 0.0, 0.0, 0.0, 0.0, 0.0, 0.0, 0.0, 0.0, 0.0, 0.0, 0.0, 0.0, 0.0, 0.0, 0.0, 0.0, 0.0, 0.0, 0.0, 0.0, 0.0, 0.0, 0.0, 0.0, 0.0, 0.0, 0.0, 0.0, 0.0, 0.0, 0.0, 0.0, 0.0, 0.0, 0.0, 0.0821455902, 0.4178544098, 0.0, 0.0, 0.0, 0.0], "num_sources": 2, "seg_angles": 64, "input": [1.3015050581, 0.5084303384, 0.1758338714, -0.2015240144, -0.5200392196, 1.7348257614, 0.6139324018, -0.3055638179, -0.9357253101, -1.4511020972, 1.7662867394, 0.859648561, -0.2223871817, -0.9819699559, -1.3430270874, 1.6439936182, 0.5137879349, -0.1729197333, -0.8006047292, -1.3575103789, 1.2449914327, 0.3627051991, -0.322568124, -0.8630687938, -1.2479304728]}