{"source": [{"position": [34.236253345391304, -244.61577822550646], "counts": 500000.0}, {"position": [310.64946175793756, 147.75964235711876], "counts": 500000.0}], "output": [0.0, 0.0, 0.0, 0.0, 0.0, 0.0, 0.0, 0.0, 0.0, 0.0, 0.0, 0.0, 0.0, 0.0, 0.0, 0.0, 0.0, 0.2917934818, 0.2082065182, 0.0, 0.0, 0.0, 0.0, 0.0, 0.0, 0.0, 0.0, 0.0, 0.0, 0.0, 0.0, 0.0, 0.0, 0.0, 0.0, 0.0, 0.2388461906, 0.2611538094, 0.0, 0.0, 0.0, 0.0, 0.0, 0.0, 0.0, 0.0, 0.0, 0.0, 0.0, 0.0, 0.0, 0.0, 0.0, 0.0, 0.0, 0.0, 0.0, 0.0, 0.0, 0.0, 0.0, 0.0, 0.0, 0.0], "num_sources": 2, "seg_angles": 64, "input": [0.224794724, 1.2810600822, 0.9315122374, 1.3858698353, 2.0667946479, -0.7127907868, 0.1022314104, 0.1755081315, 1.1759189186, 1.1832072577, -1.6232361108, -0.9863547199, -0.3331559346, 0.7252486453, 0.781066794, -1.734478514, -1.4954887719, -0.6522020459, -0.3016206248, 0.4327691874, -0.8016634984, -0.6915816629, -0.867765621, -0.4519246547, 0.1862810742]}