{"source": [{"position": [-31.01203141174107, -18.282612168866493], "counts": 500000.0}, {"position": [256.61655306001455, -172.13060359969904], "counts": 500000.0}], "output": [0.0, 0.0, 0.0, 0.0, 0.0, 0.2870446553, 0.2129553447, 0.0, 0.0, 0.0, 0.0, 0.0, 0.0, 0.0, 0.0, 0.0, 0.0, 0.0, 0.0, 0.0, 0.0, 0.0, 0.0, 0.0, 0.0, 0.0091120827, 0.4908879173, 0.0, 0.0, 0.0, 0.0, 0.0, 0.0, 0.0, 0.0, 0.0, 0.0, 0.0, 0.0, 0.0, 0.0, 0.0, 0.0, 0.0, 0.0, 0.0, 0.0, 0.0, 0.0, 0.0, 0.0, 0.0, 0.0, 0.0, 0.0, 0.0, 0.0, 0.0, 0.0, 0.0, 0.0, 0.0, 0.0, 0.0], "num_sources": 2, "seg_angles": 64, "input": [1.3325788397, 1.0323850114, 1.0696336168, 0.8836805638, 0.4181082149, 1.5496265835, 0.5774898856, -0.308645629, -0.5666127098, -0.6445569896, 1.4836642664, 0.3162425725, -0.4595542653, -0.959855394, -1.2888449756, 1.2944561828, 0.3236632782, -0.4922987414, -1.0965846481, -1.3746434858, 0.9368859981, -0.0638580499, -1.0071440479, -1.3840596387, -1.5717564385]}