{"source": [{"position": [183.84672329526836, 73.51450423959227], "counts": 500000.0}, {"position": [-418.59170055210024, 178.34233437100906], "counts": 500000.0}], "output": [0.0, 0.0, 0.0, 0.0, 0.0, 0.0, 0.0, 0.0, 0.0, 0.0, 0.0, 0.0, 0.0, 0.0, 0.0, 0.0, 0.0, 0.0, 0.0, 0.0, 0.0, 0.0, 0.0, 0.0, 0.0, 0.0, 0.0, 0.0, 0.0, 0.0, 0.0, 0.0, 0.0, 0.0, 0.0, 0.0626745295, 0.4373254705, 0.0, 0.0, 0.0, 0.0, 0.0, 0.0, 0.0, 0.0, 0.0, 0.0, 0.0, 0.0, 0.0, 0.0, 0.0, 0.0, 0.0, 0.0, 0.0, 0.0, 0.0, 0.0, 0.0512519611, 0.4487480389, 0.0, 0.0, 0.0], "num_sources": 2, "seg_angles": 64, "input": [-1.6578126725, -1.3738375731, -0.9550984241, -0.3049479812, 0.4596754215, -1.3287345811, -0.9666008816, -0.9257564694, 0.184108681, 1.3458711098, -0.8603104229, -0.625423, -0.6410398809, 0.1290310224, 1.1237641555, -0.6092586554, -0.5597051039, -0.1348677364, 0.4273503796, 1.3847234853, 0.5191611546, 1.149167478, 0.7861269581, 1.629425402, 1.8049881348]}