{"source": [{"position": [443.5476981024065, 158.4501167814541], "counts": 500000.0}, {"position": [-174.78006171085198, 457.76842401846676], "counts": 500000.0}], "output": [0.0, 0.0, 0.0, 0.0, 0.0, 0.0, 0.0, 0.0, 0.0, 0.0, 0.0, 0.0, 0.0, 0.0, 0.0, 0.0, 0.0, 0.0, 0.0, 0.0, 0.0, 0.0, 0.0, 0.0, 0.0, 0.0, 0.0, 0.0, 0.0, 0.0, 0.0, 0.0, 0.0, 0.0, 0.0, 0.2525838049, 0.2474161951, 0.0, 0.0, 0.0, 0.0, 0.0, 0.0, 0.0, 0.0, 0.0, 0.0, 0.0, 0.0, 0.0, 0.0, 0.14246207, 0.35753793, 0.0, 0.0, 0.0, 0.0, 0.0, 0.0, 0.0, 0.0, 0.0, 0.0, 0.0], "num_sources": 2, "seg_angles": 64, "input": [-1.10778484, -1.6604164747, -1.3779456261, -0.916582461, -0.0100955387, -0.847485595, -1.1548276301, -1.0121806165, -0.2589513796, 0.2577877421, -0.527376127, -0.7625420357, -0.2840951847, 0.1192418104, 0.8663210816, -0.2012285806, -0.0267931685, 0.227437555, 0.6811246855, 0.9905767732, 0.2509616191, 1.5864782157, 1.3776294075, 1.6114661186, 2.1792802492]}