{"source": [{"position": [144.9288933830754, -173.41169471162308], "counts": 500000.0}, {"position": [-343.68342730313054, 47.861276593649016], "counts": 500000.0}], "output": [0.0, 0.0, 0.0, 0.0, 0.0, 0.0, 0.0, 0.0, 0.0, 0.0, 0.0, 0.0, 0.0, 0.0, 0.0, 0.0, 0.0, 0.0, 0.0, 0.0, 0.0, 0.0, 0.0, 0.4544707123, 0.0455292877, 0.0, 0.0, 0.0, 0.0, 0.0, 0.0, 0.0, 0.0, 0.0, 0.0, 0.0, 0.0, 0.0, 0.0, 0.0, 0.0, 0.0, 0.0, 0.0, 0.0, 0.0, 0.0, 0.0, 0.0, 0.0, 0.0, 0.0, 0.0, 0.0, 0.0, 0.0, 0.0, 0.0, 0.0, 0.0, 0.0, 0.0, 0.2047119706, 0.2952880294], "num_sources": 2, "seg_angles": 64, "input": [1.9180436998, 2.2830182896, 0.8054481633, 0.7147634206, 0.3310727373, 1.0286702823, 0.7466022136, 0.2001571198, 0.1253666042, 0.3649498296, 0.181646588, 0.1548293637, -0.9894438436, -0.272942986, 0.5145763266, -0.5964209174, -0.7420964727, -1.2025318977, -0.8541584799, 0.7451948795, -1.039748763, -1.7292938894, -1.596404695, -1.1808559146, 0.0895583413]}