{"source": [{"position": [-90.75474512751583, 180.46488920795545], "counts": 500000.0}, {"position": [-150.22324639753003, -268.8809703972874], "counts": 500000.0}], "output": [0.0, 0.0, 0.0, 0.0, 0.0, 0.0, 0.0, 0.0, 0.0, 0.0, 0.0948446866, 0.4051553134, 0.0, 0.0, 0.0, 0.0, 0.0, 0.0, 0.0, 0.0, 0.0, 0.0, 0.0, 0.0, 0.0, 0.0, 0.0, 0.0, 0.0, 0.0, 0.0, 0.0, 0.0, 0.0, 0.0, 0.0, 0.0, 0.0, 0.0, 0.0, 0.0, 0.0, 0.0, 0.0, 0.0, 0.0, 0.0, 0.0, 0.0, 0.0, 0.0, 0.0, 0.1268837642, 0.3731162358, 0.0, 0.0, 0.0, 0.0, 0.0, 0.0, 0.0, 0.0, 0.0, 0.0], "num_sources": 2, "seg_angles": 64, "input": [1.5507465146, 0.4953820896, -0.6782225703, -0.4170261281, -1.3112097318, 1.2424601339, -0.2584627274, -0.6240347605, -1.0748396368, -1.6458783629, 1.3846490206, -0.4728700947, -0.9557116851, -0.796577403, -1.3753833788, 1.3015987808, 0.430990543, -0.2826373613, -0.1151353926, -0.9183854819, 1.8488270988, 0.9261551284, 0.8585311627, 0.8491833815, 0.0378508615]}