{"source": [{"position": [307.2885747825168, 54.01603288033654], "counts": 500000.0}, {"position": [28.303230560900037, -29.663565864820338], "counts": 500000.0}], "output": [0.0, 0.0, 0.0, 0.0, 0.0, 0.0, 0.0, 0.0, 0.0, 0.0, 0.0, 0.0, 0.0, 0.0, 0.0, 0.0, 0.0, 0.0, 0.0, 0.0, 0.0, 0.0, 0.0, 0.1194970195, 0.3805029805, 0.0, 0.0, 0.0, 0.0, 0.0, 0.0, 0.0, 0.0, 0.1137994922, 0.3862005078, 0.0, 0.0, 0.0, 0.0, 0.0, 0.0, 0.0, 0.0, 0.0, 0.0, 0.0, 0.0, 0.0, 0.0, 0.0, 0.0, 0.0, 0.0, 0.0, 0.0, 0.0, 0.0, 0.0, 0.0, 0.0, 0.0, 0.0, 0.0, 0.0], "num_sources": 2, "seg_angles": 64, "input": [0.5378177499, 0.9770664804, 1.264532828, 1.2850320142, 1.3314785247, -0.4652501102, -0.0519302167, 0.1632309955, 0.4600484854, 1.4168085633, -1.1925114986, -0.7666048769, -0.5245725774, 0.1746874923, 1.3021818426, -1.5232202224, -1.1615858405, -0.7885409406, 0.0428258968, 1.1815856745, -1.7316087906, -1.3844843594, -1.0172858775, -0.268337082, 0.738635845]}