{"source": [{"position": [143.63223271931375, -10.285024261755165], "counts": 500000.0}, {"position": [188.41523682014946, 159.71442807087595], "counts": 500000.0}], "output": [0.0, 0.0, 0.0, 0.0, 0.0, 0.0, 0.0, 0.0, 0.0, 0.0, 0.0, 0.0, 0.0, 0.0, 0.0, 0.0, 0.0, 0.0, 0.0, 0.0, 0.0, 0.0, 0.0, 0.0, 0.0, 0.0, 0.0, 0.0, 0.0, 0.0, 0.0, 0.3640683114, 0.1359316886, 0.0, 0.0, 0.0, 0.0, 0.0, 0.0, 0.4189306708, 0.0810693292, 0.0, 0.0, 0.0, 0.0, 0.0, 0.0, 0.0, 0.0, 0.0, 0.0, 0.0, 0.0, 0.0, 0.0, 0.0, 0.0, 0.0, 0.0, 0.0, 0.0, 0.0, 0.0, 0.0], "num_sources": 2, "seg_angles": 64, "input": [-1.4155672211, -1.1809541022, -0.483122955, 0.3209398429, 1.4870666087, -1.3225922329, -0.935427381, -0.3172268779, 0.4814037125, 1.6759110186, -1.3299879968, -0.7488403077, -0.1442309726, 0.5307129093, 1.9393129726, -0.9370355843, -0.5810095005, -0.1720524076, 0.5100168952, 1.6425335305, -0.7235506927, -0.2420038334, 0.0863978121, 0.4971773067, 1.3621294566]}