{"source": [{"position": [-243.27134838867818, 209.4279137392014], "counts": 500000.0}, {"position": [-10.3910085527465, -70.23551054314866], "counts": 500000.0}], "output": [0.0, 0.0, 0.0, 0.0, 0.0, 0.0, 0.0, 0.0, 0.0, 0.0, 0.0, 0.0, 0.0, 0.0, 0.2480526098, 0.2519473902, 0.0, 0.0, 0.0, 0.0, 0.0, 0.0, 0.0, 0.0, 0.0, 0.0, 0.0, 0.0, 0.0, 0.0, 0.0, 0.0, 0.0, 0.0, 0.0, 0.0, 0.0, 0.0, 0.0, 0.0, 0.0, 0.0, 0.0, 0.0, 0.0, 0.0, 0.0, 0.0, 0.0, 0.0, 0.0, 0.0, 0.0, 0.0, 0.0, 0.0, 0.119961473, 0.380038527, 0.0, 0.0, 0.0, 0.0, 0.0, 0.0], "num_sources": 2, "seg_angles": 64, "input": [1.6145696567, 2.0765322839, 1.6090072981, 1.4659384821, 0.896457289, 0.7396076166, 0.9909982504, 0.6585458632, 0.5795333304, -0.1220212137, 0.0755340062, 0.0176896334, -0.1713576644, -0.292172586, -0.7932838283, -0.4644294053, -0.6810311262, -0.7693135208, -0.8946264152, -1.1234064056, -0.7124773962, -1.0257074443, -1.1520805032, -1.0691054514, -1.4534007492]}