{"source": [{"position": [-174.4432172749341, -40.131832088382644], "counts": 500000.0}, {"position": [6.564028724378143, -211.8983565932156], "counts": 500000.0}], "output": [0.0, 0.0, 0.3483688627, 0.1516311373, 0.0, 0.0, 0.0, 0.0, 0.0, 0.0, 0.0, 0.0, 0.0, 0.0, 0.0, 0.0, 0.3422845871, 0.1577154129, 0.0, 0.0, 0.0, 0.0, 0.0, 0.0, 0.0, 0.0, 0.0, 0.0, 0.0, 0.0, 0.0, 0.0, 0.0, 0.0, 0.0, 0.0, 0.0, 0.0, 0.0, 0.0, 0.0, 0.0, 0.0, 0.0, 0.0, 0.0, 0.0, 0.0, 0.0, 0.0, 0.0, 0.0, 0.0, 0.0, 0.0, 0.0, 0.0, 0.0, 0.0, 0.0, 0.0, 0.0, 0.0, 0.0], "num_sources": 2, "seg_angles": 64, "input": [1.5675518168, 1.2934696519, 1.0430673674, 0.9858300242, 0.496280002, 1.5493099838, 0.9594927009, 0.2880158828, -0.1539623475, -0.7775990736, 1.1151287089, 0.7487366171, -0.0272558965, -0.5994070161, -1.0744936771, 0.5622710391, 0.0903329914, -0.5310563247, -0.904041535, -1.5470356267, -0.0200367901, -0.5132780141, -1.2238471825, -1.4424404617, -1.8850328409]}