{"source": [{"position": [21.02941633386334, -19.969067295621038], "counts": 500000.0}, {"position": [457.9004494336199, 159.8504876704757], "counts": 500000.0}], "output": [0.0, 0.0, 0.0, 0.0, 0.0, 0.0, 0.0, 0.0, 0.0, 0.0, 0.0, 0.0, 0.0, 0.0, 0.0, 0.0, 0.0, 0.0, 0.0, 0.0, 0.0, 0.0, 0.0, 0.0, 0.3683095271, 0.1316904729, 0.0, 0.0, 0.0, 0.0, 0.0, 0.0, 0.0, 0.0, 0.0, 0.2894391838, 0.2105608162, 0.0, 0.0, 0.0, 0.0, 0.0, 0.0, 0.0, 0.0, 0.0, 0.0, 0.0, 0.0, 0.0, 0.0, 0.0, 0.0, 0.0, 0.0, 0.0, 0.0, 0.0, 0.0, 0.0, 0.0, 0.0, 0.0, 0.0], "num_sources": 2, "seg_angles": 64, "input": [0.6382424764, 0.977524889, 1.293606316, 1.326611005, 1.4216078566, -0.485723532, -0.1034876497, 0.0486131445, 0.3768144645, 1.3193544019, -1.1372326334, -0.7656504457, -0.6447630476, 0.2141615533, 1.3016542106, -1.5173587233, -1.198115516, -0.7116035981, 0.0385559914, 1.1364726262, -1.6900593515, -1.3713977812, -0.9837507546, -0.3079597104, 0.8238838082]}