{"source": [{"position": [-339.4137678810384, 306.0184539742606], "counts": 500000.0}, {"position": [168.42676168319767, 257.86900928361155], "counts": 500000.0}], "output": [0.0, 0.0, 0.0, 0.0, 0.0, 0.0, 0.0, 0.0, 0.0, 0.0, 0.0, 0.0, 0.0, 0.0, 0.0, 0.0, 0.0, 0.0, 0.0, 0.0, 0.0, 0.0, 0.0, 0.0, 0.0, 0.0, 0.0, 0.0, 0.0, 0.0, 0.0, 0.0, 0.0, 0.0, 0.0, 0.0, 0.0, 0.0, 0.0, 0.0, 0.0, 0.0, 0.4467112849, 0.0532887151, 0.0, 0.0, 0.0, 0.0, 0.0, 0.0, 0.0, 0.0, 0.0, 0.0, 0.0, 0.0, 0.2367199865, 0.2632800135, 0.0, 0.0, 0.0, 0.0, 0.0, 0.0], "num_sources": 2, "seg_angles": 64, "input": [-1.0103946954, -1.3497460037, -1.5657655152, -1.1169280453, -0.6806470257, -0.0239388094, -0.6498549632, -1.3585181296, -0.7622693826, -0.1991871051, -0.2908013964, -0.360921546, -0.6627760069, -0.5953360179, 0.3718215544, 0.4607082733, 0.4778349069, 0.3522305957, 0.5201171064, 0.5036880015, 1.2345632845, 1.7385013221, 1.8116281156, 1.7531453061, 1.4028461762]}