{"source": [{"position": [-2.6148632564333614, 24.862873730728605], "counts": 500000.0}, {"position": [-6.624434255061633, -178.87737942736186], "counts": 500000.0}], "output": [0.0, 0.0, 0.0, 0.0, 0.0, 0.0, 0.0, 0.0, 0.0, 0.0, 0.0, 0.0, 0.0, 0.0, 0.0, 0.1885233105, 0.3114766895, 0.0, 0.0, 0.0, 0.0, 0.0, 0.0, 0.0, 0.0, 0.0, 0.0, 0.0, 0.0, 0.0, 0.0, 0.0, 0.0, 0.0, 0.0, 0.0, 0.0, 0.0, 0.0, 0.0, 0.0, 0.0, 0.0, 0.0, 0.0, 0.0, 0.0, 0.0, 0.0, 0.4663283357, 0.0336716643, 0.0, 0.0, 0.0, 0.0, 0.0, 0.0, 0.0, 0.0, 0.0, 0.0, 0.0, 0.0, 0.0], "num_sources": 2, "seg_angles": 64, "input": [-1.2807799959, -1.0416545251, -1.0167406907, -1.0839528354, -1.2336020392, -0.9996710256, -0.664934521, -0.5702269212, -0.6698441967, -0.9489762919, -0.5818933377, -0.1509078636, 0.0067882416, -0.0572088554, -0.4966298144, 0.196928593, 0.7678105376, 0.7675288249, 0.7746004805, 0.3580578391, 1.2609352254, 1.7816990221, 1.7240372381, 1.8495194364, 1.3091174751]}