{"source": [{"position": [-189.1354453356834, -322.6511790117505], "counts": 500000.0}, {"position": [-330.57542678193664, -203.13514518157714], "counts": 500000.0}], "output": [0.0, 0.0, 0.0, 0.0, 0.0, 0.1937519685, 0.3062480315, 0.0, 0.0, 0.0, 0.2003091807, 0.2996908193, 0.0, 0.0, 0.0, 0.0, 0.0, 0.0, 0.0, 0.0, 0.0, 0.0, 0.0, 0.0, 0.0, 0.0, 0.0, 0.0, 0.0, 0.0, 0.0, 0.0, 0.0, 0.0, 0.0, 0.0, 0.0, 0.0, 0.0, 0.0, 0.0, 0.0, 0.0, 0.0, 0.0, 0.0, 0.0, 0.0, 0.0, 0.0, 0.0, 0.0, 0.0, 0.0, 0.0, 0.0, 0.0, 0.0, 0.0, 0.0, 0.0, 0.0, 0.0, 0.0], "num_sources": 2, "seg_angles": 64, "input": [1.1466357872, 1.2084846745, 1.1906557329, 1.4351426249, 0.8876207441, 1.1832509228, 0.1053321237, 0.1738113318, 0.0585269656, -0.2973970662, 1.2476606054, 0.0908116367, -0.5087925669, -0.5395835947, -1.2673907027, 1.2916934651, 0.0597034788, -0.8582242697, -0.9729511265, -1.4777936024, 0.5790275995, -0.3753336141, -1.0172887579, -1.4912367083, -1.8523656839]}