{"source": [{"position": [41.55891584768351, 387.7793915534516], "counts": 500000.0}, {"position": [-10.591748849264743, -394.8579679534328], "counts": 500000.0}], "output": [0.0, 0.0, 0.0, 0.0, 0.0, 0.0, 0.0, 0.0, 0.0, 0.0, 0.0, 0.0, 0.0, 0.0, 0.0, 0.1365817732, 0.3634182268, 0.0, 0.0, 0.0, 0.0, 0.0, 0.0, 0.0, 0.0, 0.0, 0.0, 0.0, 0.0, 0.0, 0.0, 0.0, 0.0, 0.0, 0.0, 0.0, 0.0, 0.0, 0.0, 0.0, 0.0, 0.0, 0.0, 0.0, 0.0, 0.0, 0.0437447558, 0.4562552442, 0.0, 0.0, 0.0, 0.0, 0.0, 0.0, 0.0, 0.0, 0.0, 0.0, 0.0, 0.0, 0.0, 0.0, 0.0, 0.0], "num_sources": 2, "seg_angles": 64, "input": [0.2016691301, 1.2587364411, 1.449393172, 1.18635438, 1.0392178551, -1.5974740834, 0.6804634356, 0.1849097538, -0.0379790602, -0.4710290581, -2.5930410862, -0.8761939318, 0.1230995367, -0.031723476, -0.5347550944, -1.7329756198, -0.8530344171, 0.2553920326, -0.4491532997, -0.1050078715, -0.310277863, 0.9796776909, 1.4527162448, 0.7371513414, 0.0438638473]}