{"source": [{"position": [-315.66878906579444, -89.09105235507683], "counts": 500000.0}, {"position": [-98.79624414537811, -119.43325392354865], "counts": 500000.0}], "output": [0.0, 0.0, 0.0990548254, 0.4009451746, 0.0, 0.0, 0.0, 0.0, 0.0198092022, 0.4801907978, 0.0, 0.0, 0.0, 0.0, 0.0, 0.0, 0.0, 0.0, 0.0, 0.0, 0.0, 0.0, 0.0, 0.0, 0.0, 0.0, 0.0, 0.0, 0.0, 0.0, 0.0, 0.0, 0.0, 0.0, 0.0, 0.0, 0.0, 0.0, 0.0, 0.0, 0.0, 0.0, 0.0, 0.0, 0.0, 0.0, 0.0, 0.0, 0.0, 0.0, 0.0, 0.0, 0.0, 0.0, 0.0, 0.0, 0.0, 0.0, 0.0, 0.0, 0.0, 0.0, 0.0, 0.0], "num_sources": 2, "seg_angles": 64, "input": [1.2806880019, 1.0662806092, 0.962546724, 0.8093139488, 0.5334971016, 1.4113228682, 0.6481452724, 0.0946277965, -0.2221091759, -0.6276455835, 1.4927420015, 0.1692641031, -0.4697112234, -0.7392609394, -1.0600792715, 1.3550937255, 0.3692022763, -0.5635135226, -1.2025023139, -1.5454792663, 0.8337950833, -0.2654980808, -1.1213763787, -1.4513589734, -1.757984783]}