{"source": [{"position": [332.8669766286261, 354.11237745963876], "counts": 500000.0}, {"position": [-107.37420069888839, -329.96936376620613], "counts": 500000.0}], "output": [0.0, 0.0, 0.0, 0.0, 0.0, 0.0, 0.0, 0.0, 0.0, 0.0, 0.0, 0.0, 0.1022425489, 0.3977574511, 0.0, 0.0, 0.0, 0.0, 0.0, 0.0, 0.0, 0.0, 0.0, 0.0, 0.0, 0.0, 0.0, 0.0, 0.0, 0.0, 0.0, 0.0, 0.0, 0.0, 0.0, 0.0, 0.0, 0.0, 0.0, 0.0, 0.3425462686, 0.1574537314, 0.0, 0.0, 0.0, 0.0, 0.0, 0.0, 0.0, 0.0, 0.0, 0.0, 0.0, 0.0, 0.0, 0.0, 0.0, 0.0, 0.0, 0.0, 0.0, 0.0, 0.0, 0.0], "num_sources": 2, "seg_angles": 64, "input": [-0.3115124547, 0.9777564329, 0.9098939712, 1.9731841171, 2.177287655, -0.4619454025, -0.5032788257, 0.3967652722, 0.8162417641, 1.9892741826, -0.9680095076, -0.4371721928, -0.357428605, -0.5368896949, 0.7308013985, 0.2384225897, -0.5601223768, -1.0843909332, -1.6367246843, -0.6457914774, 0.2473594061, -0.4002191913, -1.1023050306, -0.6085998197, -0.8425965925]}