{"source": [{"position": [-192.18923407380225, -111.1183976941948], "counts": 500000.0}, {"position": [-105.90086589634659, -36.455542821414944], "counts": 500000.0}], "output": [0.0, 0.0, 0.0, 0.3115002015, 0.1884997985, 0.3301963876, 0.1698036124, 0.0, 0.0, 0.0, 0.0, 0.0, 0.0, 0.0, 0.0, 0.0, 0.0, 0.0, 0.0, 0.0, 0.0, 0.0, 0.0, 0.0, 0.0, 0.0, 0.0, 0.0, 0.0, 0.0, 0.0, 0.0, 0.0, 0.0, 0.0, 0.0, 0.0, 0.0, 0.0, 0.0, 0.0, 0.0, 0.0, 0.0, 0.0, 0.0, 0.0, 0.0, 0.0, 0.0, 0.0, 0.0, 0.0, 0.0, 0.0, 0.0, 0.0, 0.0, 0.0, 0.0, 0.0, 0.0, 0.0, 0.0], "num_sources": 2, "seg_angles": 64, "input": [1.4693459065, 0.5671371869, 0.7191303707, 0.2987508542, -0.0416615451, 1.4202499702, 0.5618753905, -0.1054185159, -0.6613609286, -1.1642201462, 1.5876851846, 0.8455981736, -0.3050979865, -0.8247486056, -1.4046927764, 1.5729506328, 0.592697296, -0.4370422779, -1.0157539534, -1.4748718213, 1.1113865759, 0.1271598328, -0.7404594887, -1.0964948579, -1.6021444711]}