{"source": [{"position": [47.71469216312455, 180.81014394048324], "counts": 500000.0}, {"position": [-171.5749668691861, 71.81943151987272], "counts": 500000.0}], "output": [0.0, 0.0, 0.0, 0.0, 0.0, 0.0, 0.0, 0.0, 0.0, 0.0, 0.0, 0.0, 0.0, 0.0, 0.0, 0.0, 0.0, 0.0, 0.0, 0.0, 0.0, 0.0, 0.0, 0.0, 0.0, 0.0, 0.0, 0.0, 0.0, 0.0, 0.0, 0.0, 0.0, 0.0, 0.0, 0.0, 0.0, 0.0, 0.0, 0.0, 0.0, 0.0, 0.0, 0.0, 0.0, 0.314043903, 0.185956097, 0.0, 0.0, 0.0, 0.0, 0.0, 0.0, 0.0, 0.0, 0.0, 0.0, 0.0, 0.0, 0.0189920024, 0.4810079976, 0.0, 0.0, 0.0], "num_sources": 2, "seg_angles": 64, "input": [-0.3147568332, -0.5138389832, -1.4294263128, -1.7074266022, -1.3411605519, 0.3078309894, -0.2731318704, -0.6739315026, -1.2189529805, -1.1020996152, 0.76697463, 0.4023891758, -0.5051735968, -0.6133874286, -0.8178480059, 0.7954751734, 0.6167284133, 0.5402596475, 0.0074750214, -0.3026666292, 1.6311842814, 1.7553484044, 1.4855750062, 1.3597208874, 1.1448392826]}