{"source": [{"position": [-58.40953863452905, 40.36490798331464], "counts": 500000.0}, {"position": [-255.48454355271738, 164.75329436967155], "counts": 500000.0}], "output": [0.0, 0.0, 0.0, 0.0, 0.0, 0.0, 0.0, 0.0, 0.0, 0.0, 0.0, 0.0, 0.0, 0.0, 0.0, 0.0, 0.0, 0.0, 0.0, 0.0, 0.0, 0.0, 0.0, 0.0, 0.0, 0.0, 0.0, 0.0, 0.0, 0.0, 0.0, 0.0, 0.0, 0.0, 0.0, 0.0, 0.0, 0.0, 0.0, 0.0, 0.0, 0.0, 0.0, 0.0, 0.0, 0.0, 0.0, 0.0, 0.0, 0.0, 0.0, 0.0, 0.0, 0.0, 0.0, 0.0, 0.0, 0.0797398593, 0.8372906809, 0.0829694597, 0.0, 0.0, 0.0, 0.0], "num_sources": 2, "seg_angles": 64, "input": [0.9270277326, -0.1008735578, -0.8108751038, -1.3408483008, -1.6857249464, 1.5522862405, 0.3471386679, -0.6003388587, -1.1331432575, -1.5687815006, 1.3946514524, 0.4229776511, -0.4507159737, -0.9523571998, -1.3941772055, 1.284254566, 0.378995871, -0.1018054338, -0.2184265414, -0.6630803391, 1.2602472113, 0.9806406232, 1.0034500442, 0.9501405044, 0.5193376541]}