{"source": [{"position": [16.981559614412827, 27.122437815619435], "counts": 500000.0}, {"position": [54.839392799117384, -112.32827336616594], "counts": 500000.0}], "output": [0.0, 0.0, 0.0, 0.0, 0.0, 0.0, 0.0, 0.0, 0.0, 0.0, 0.0, 0.0, 0.0, 0.0, 0.0, 0.0, 0.0, 0.0, 0.0, 0.0, 0.1869394781, 0.3130605219, 0.0, 0.0, 0.0, 0.0, 0.0, 0.0, 0.0, 0.0, 0.0, 0.0, 0.0, 0.0, 0.0, 0.0, 0.0, 0.0, 0.0, 0.0, 0.0, 0.0, 0.3489767018, 0.1510232982, 0.0, 0.0, 0.0, 0.0, 0.0, 0.0, 0.0, 0.0, 0.0, 0.0, 0.0, 0.0, 0.0, 0.0, 0.0, 0.0, 0.0, 0.0, 0.0, 0.0], "num_sources": 2, "seg_angles": 64, "input": [-1.5456552961, -1.2456405265, -1.0771710321, -0.5528723631, 0.660442618, -1.4399992371, -1.0381184389, -0.9244599517, -0.3531246882, 0.9872146269, -1.1356525044, -0.6171471073, -0.6069441694, -0.2218438402, 1.2063719208, -0.3587932911, 0.0896047551, 0.1875614782, 0.3757826927, 1.2656392567, 0.6695957413, 1.2494367845, 1.2904213753, 1.525121115, 1.6102300818]}