{"source": [{"position": [-248.12762006330382, 116.22686506019487], "counts": 500000.0}, {"position": [-167.26349405633079, 189.82076692519132], "counts": 500000.0}], "output": [0.0, 0.0, 0.0, 0.0, 0.0, 0.0, 0.0, 0.0, 0.0, 0.0, 0.0, 0.0, 0.0, 0.0, 0.0, 0.0, 0.0, 0.0, 0.0, 0.0, 0.0, 0.0, 0.0, 0.0, 0.0, 0.0, 0.0, 0.0, 0.0, 0.0, 0.0, 0.0, 0.0, 0.0, 0.0, 0.0, 0.0, 0.0, 0.0, 0.0, 0.0, 0.0, 0.0, 0.0, 0.0, 0.0, 0.0, 0.0, 0.0, 0.0, 0.0, 0.0, 0.0, 0.0, 0.0, 0.3212989462, 0.1787010538, 0.0, 0.0, 0.2310335905, 0.2689664095, 0.0, 0.0, 0.0], "num_sources": 2, "seg_angles": 64, "input": [0.889488134, -0.1724031055, -0.9698634706, -1.3853583641, -1.7685864949, 1.3249185544, 0.1445072699, -0.6358081609, -1.2471704147, -1.4811336156, 1.5762894559, 0.4273547872, -0.4610622181, -0.797146869, -1.0856217763, 1.3488819937, 0.4852662381, 0.0912765316, -0.3941931548, -0.6604672117, 1.1983752375, 1.2432198381, 0.9793984437, 0.8493201143, 0.500518258]}