{"source": [{"position": [341.61622821671807, 297.5018531353767], "counts": 500000.0}, {"position": [-50.64897786952549, -126.21680173721846], "counts": 500000.0}], "output": [0.0, 0.0, 0.0, 0.0, 0.0, 0.0, 0.0, 0.0, 0.0, 0.0, 0.0, 0.0, 0.4435447163, 0.0564552837, 0.0, 0.0, 0.0, 0.0, 0.0, 0.0, 0.0, 0.0, 0.0, 0.0, 0.0, 0.0, 0.0, 0.0, 0.0, 0.0, 0.0, 0.0, 0.0, 0.0, 0.0, 0.0, 0.0, 0.0, 0.0, 0.3509787762, 0.1490212238, 0.0, 0.0, 0.0, 0.0, 0.0, 0.0, 0.0, 0.0, 0.0, 0.0, 0.0, 0.0, 0.0, 0.0, 0.0, 0.0, 0.0, 0.0, 0.0, 0.0, 0.0, 0.0, 0.0], "num_sources": 2, "seg_angles": 64, "input": [0.5678311028, 1.3417821586, 1.3798042991, 1.8208215954, 2.0118153864, 0.3560179037, 0.1731571013, 0.4110449806, 0.8825576979, 0.839673799, 0.0386004264, -0.6296145297, -0.5564287592, -0.2254254237, -0.2408494369, 0.2984115416, -1.0119283532, -1.1221305568, -1.0124672697, -0.6866027579, 0.5005241429, -0.8459124128, -1.338917843, -1.4925213922, -1.4592434006]}