{"source": [{"position": [-440.84577649789355, -31.921800449994773], "counts": 500000.0}, {"position": [325.4693704962948, 91.17943226816914], "counts": 500000.0}], "output": [0.131859597, 0.368140403, 0.0, 0.0, 0.0, 0.0, 0.0, 0.0, 0.0, 0.0, 0.0, 0.0, 0.0, 0.0, 0.0, 0.0, 0.0, 0.0, 0.0, 0.0, 0.0, 0.0, 0.0, 0.0, 0.0, 0.0, 0.0, 0.0, 0.0, 0.0, 0.0, 0.0, 0.0, 0.0, 0.1088814953, 0.3911185047, 0.0, 0.0, 0.0, 0.0, 0.0, 0.0, 0.0, 0.0, 0.0, 0.0, 0.0, 0.0, 0.0, 0.0, 0.0, 0.0, 0.0, 0.0, 0.0, 0.0, 0.0, 0.0, 0.0, 0.0, 0.0, 0.0, 0.0, 0.0], "num_sources": 2, "seg_angles": 64, "input": [-1.7797571085, -1.8829696884, -1.3594787582, 0.2855799522, 0.957040199, -0.4723411369, -0.2940214672, -1.1266936608, -0.1330382593, 1.6473598443, -0.7311024025, -0.5541599039, -0.6263914632, 0.9379217326, 1.424392072, 0.0853660329, -0.637458298, 0.1282049308, 0.789499488, 1.7177639119, 0.9141603846, 1.1253581813, -0.4045681944, -0.6045937768, 0.5939273883]}