{"source": [{"position": [45.85630025253682, 71.56954469010678], "counts": 500000.0}, {"position": [93.61230761463135, 147.85714681091218], "counts": 500000.0}], "output": [0.0, 0.0, 0.0, 0.0, 0.0, 0.0, 0.0, 0.0, 0.0, 0.0, 0.0, 0.0, 0.0, 0.0, 0.0, 0.0, 0.0, 0.0, 0.0, 0.0, 0.0, 0.0, 0.0, 0.0, 0.0, 0.0, 0.0, 0.0, 0.0, 0.0, 0.0, 0.0, 0.0, 0.0, 0.0, 0.0, 0.0, 0.0, 0.0, 0.0, 0.0, 0.0, 0.7766791619, 0.2233208381, 0.0, 0.0, 0.0, 0.0, 0.0, 0.0, 0.0, 0.0, 0.0, 0.0, 0.0, 0.0, 0.0, 0.0, 0.0, 0.0, 0.0, 0.0, 0.0, 0.0], "num_sources": 2, "seg_angles": 64, "input": [-1.6925595227, -1.5397565366, -1.3324641777, -0.744600493, 0.5568864344, -1.3214131566, -1.1226988339, -1.0704327138, -0.4010042897, 0.6905268345, -0.7446385978, -0.4748663783, -0.4348928366, -0.1254941452, 0.9083135136, 0.0293841315, 0.2852865149, 0.3193548972, 0.5324152708, 1.0269997016, 1.0908952096, 1.4208249159, 1.5738578582, 1.3672949244, 1.2027814755]}