{"source": [{"position": [240.01979411177646, 329.93105103118205], "counts": 500000.0}, {"position": [96.03301963002295, -27.886540494289157], "counts": 500000.0}], "output": [0.0, 0.0, 0.0, 0.0, 0.0, 0.0, 0.0, 0.0, 0.0, 0.0, 0.0, 0.0, 0.0, 0.0, 0.0, 0.0, 0.0, 0.0, 0.0, 0.0, 0.0, 0.0, 0.0, 0.0, 0.0, 0.0, 0.0, 0.0, 0.0, 0.4393333516, 0.0606666484, 0.0, 0.0, 0.0, 0.0, 0.0, 0.0, 0.0, 0.0, 0.0, 0.0, 0.2031392391, 0.2968607609, 0.0, 0.0, 0.0, 0.0, 0.0, 0.0, 0.0, 0.0, 0.0, 0.0, 0.0, 0.0, 0.0, 0.0, 0.0, 0.0, 0.0, 0.0, 0.0, 0.0, 0.0], "num_sources": 2, "seg_angles": 64, "input": [-0.7243916242, -0.2853198827, -0.1935351274, 0.5293310014, 1.3007368245, -1.5337594297, -0.953112393, -0.3403882356, 0.6298825089, 1.7433795196, -1.4174046529, -0.8655249411, -0.1619240005, 0.7376309874, 1.4935884243, -1.2393159121, -0.7339729388, -0.1870607474, 0.8665312864, 1.8175380669, -1.2608168993, -0.7007152114, -0.2355152028, 0.5085260628, 1.2056125164]}