{"source": [{"position": [461.58939485856627, 158.36423382223214], "counts": 500000.0}, {"position": [159.19684606296468, 110.87093489100165], "counts": 500000.0}], "output": [0.0, 0.0, 0.0, 0.0, 0.0, 0.0, 0.0, 0.0, 0.0, 0.0, 0.0, 0.0, 0.0, 0.0, 0.0, 0.0, 0.0, 0.0, 0.0, 0.0, 0.0, 0.0, 0.0, 0.0, 0.0, 0.0, 0.0, 0.0, 0.0, 0.0, 0.0, 0.0, 0.0, 0.0, 0.0, 0.3167726722, 0.1832273278, 0.0, 0.4017894885, 0.0982105115, 0.0, 0.0, 0.0, 0.0, 0.0, 0.0, 0.0, 0.0, 0.0, 0.0, 0.0, 0.0, 0.0, 0.0, 0.0, 0.0, 0.0, 0.0, 0.0, 0.0, 0.0, 0.0, 0.0, 0.0], "num_sources": 2, "seg_angles": 64, "input": [-1.6510526994, -1.211037122, -0.7008999401, -0.004166757, 1.0441835113, -1.6558071723, -0.9679542114, -0.6855853689, 0.4380189614, 1.5044454657, -1.3736809659, -0.900687109, -0.5527964626, 0.4343864066, 1.6083116492, -0.7446462123, -0.4256362518, -0.0963496369, 0.2177038176, 1.383120494, 0.4194149984, 0.8879589414, 0.8591205388, 0.8963132288, 1.2773218964]}