{"source": [{"position": [-495.889799191597, -10.455001564693054], "counts": 500000.0}, {"position": [-42.557149705840594, 26.246695199866053], "counts": 500000.0}], "output": [0.3926394566, 0.1073605434, 0.0, 0.0, 0.0, 0.0, 0.0, 0.0, 0.0, 0.0, 0.0, 0.0, 0.0, 0.0, 0.0, 0.0, 0.0, 0.0, 0.0, 0.0, 0.0, 0.0, 0.0, 0.0, 0.0, 0.0, 0.0, 0.0, 0.0, 0.0, 0.0, 0.0, 0.0, 0.0, 0.0, 0.0, 0.0, 0.0, 0.0, 0.0, 0.0, 0.0, 0.0, 0.0, 0.0, 0.0, 0.0, 0.0, 0.0, 0.0, 0.0, 0.0, 0.0, 0.0, 0.0, 0.0, 0.0, 0.0, 0.3145594498, 0.1854405502, 0.0, 0.0, 0.0, 0.0], "num_sources": 2, "seg_angles": 64, "input": [1.0708603708, -0.0569096906, -0.7287302497, -1.2430611301, -1.6998720415, 1.388439229, 0.4079219507, -0.427595159, -1.0902795234, -1.5532509766, 1.4795946922, 0.4506987659, -0.4153898134, -0.9649976902, -1.3775072403, 1.4420765708, 0.5362180059, -0.1771320901, -0.4160785166, -0.8801029631, 1.3523556012, 1.0717177753, 0.8877087584, 0.6385327135, 0.3047826508]}