{"source": [{"position": [90.59347822675217, -200.48147471220122], "counts": 500000.0}, {"position": [277.9105543186045, -128.0692148735439], "counts": 500000.0}], "output": [0.0, 0.0, 0.0, 0.0, 0.0, 0.0, 0.0, 0.0, 0.0, 0.0, 0.0, 0.0, 0.0, 0.0, 0.0, 0.0, 0.0, 0.0, 0.0, 0.0, 0.3384677738, 0.1615322262, 0.0, 0.0, 0.0, 0.0, 0.0, 0.199254756, 0.300745244, 0.0, 0.0, 0.0, 0.0, 0.0, 0.0, 0.0, 0.0, 0.0, 0.0, 0.0, 0.0, 0.0, 0.0, 0.0, 0.0, 0.0, 0.0, 0.0, 0.0, 0.0, 0.0, 0.0, 0.0, 0.0, 0.0, 0.0, 0.0, 0.0, 0.0, 0.0, 0.0, 0.0, 0.0, 0.0], "num_sources": 2, "seg_angles": 64, "input": [0.7374402783, 1.2441246444, 1.2939764186, 1.3478800909, 1.2779991828, -0.386463218, -0.1024412477, 0.3932806795, 0.5982155989, 1.2442398046, -1.0620877757, -0.6750281754, -0.2228474919, 0.1327224302, 1.1571591003, -1.3769219306, -1.1492057965, -0.7902132512, -0.2562010498, 1.1302856653, -1.7508153654, -1.5845289159, -1.0738245898, -0.6343241638, 0.507579078]}