{"source": [{"position": [208.48077639868976, -174.6990723278161], "counts": 500000.0}, {"position": [91.90342423172734, 338.7547204312926], "counts": 500000.0}], "output": [0.0, 0.0, 0.0, 0.0, 0.0, 0.0, 0.0, 0.0, 0.0, 0.0, 0.0, 0.0, 0.0, 0.0, 0.0, 0.0, 0.0, 0.0, 0.0, 0.0, 0.0, 0.0, 0.0, 0.0, 0.0521551378, 0.4478448622, 0.0, 0.0, 0.0, 0.0, 0.0, 0.0, 0.0, 0.0, 0.0, 0.0, 0.0, 0.0, 0.0, 0.0, 0.0, 0.0, 0.0, 0.0, 0.0, 0.3492320616, 0.1507679384, 0.0, 0.0, 0.0, 0.0, 0.0, 0.0, 0.0, 0.0, 0.0, 0.0, 0.0, 0.0, 0.0, 0.0, 0.0, 0.0, 0.0], "num_sources": 2, "seg_angles": 64, "input": [-0.4446047664, -0.3070531606, 0.1748404444, 0.2812644194, 1.1075724953, -1.3384378941, -0.817054496, -0.3930464884, -0.1750280127, 1.3353761291, -1.6585242931, -0.9830909333, -0.4986971227, 0.1189853964, 1.432990222, -1.6069299651, -0.9008196549, -0.1412087429, 1.0397113479, 1.541581812, -0.7178973106, -0.6626732301, 0.529603613, 1.3805818521, 1.7025583392]}