{"source": [{"position": [34.165459186172505, 177.74622752283096], "counts": 500000.0}, {"position": [-15.888614291318937, -15.216830678616875], "counts": 500000.0}], "output": [0.0, 0.0, 0.0, 0.0, 0.0, 0.0, 0.0, 0.1099754096, 0.3900245904, 0.0, 0.0, 0.0, 0.0, 0.0, 0.0, 0.0, 0.0, 0.0, 0.0, 0.0, 0.0, 0.0, 0.0, 0.0, 0.0, 0.0, 0.0, 0.0, 0.0, 0.0, 0.0, 0.0, 0.0, 0.0, 0.0, 0.0, 0.0, 0.0, 0.0, 0.0, 0.0, 0.0, 0.0, 0.0, 0.0, 0.0, 0.4671462724, 0.0328537276, 0.0, 0.0, 0.0, 0.0, 0.0, 0.0, 0.0, 0.0, 0.0, 0.0, 0.0, 0.0, 0.0, 0.0, 0.0, 0.0], "num_sources": 2, "seg_angles": 64, "input": [1.375925759, 1.2833820131, 1.1859994557, 1.0714358989, 0.6408807572, 1.3759948096, 0.3586713985, 0.0558493195, -0.177621206, -0.4809735389, 1.3244318913, 0.1744362623, -0.4907703521, -0.8520015356, -1.1888489198, 1.1120931275, -0.0292065627, -0.7376979588, -1.2450689514, -1.5569363505, 0.8684354153, -0.1200707318, -0.9006889334, -1.3480380043, -1.6996130626]}