{"source": [{"position": [-73.18484253556181, -168.81936744060206], "counts": 500000.0}, {"position": [153.1462434691369, 309.1459657043769], "counts": 500000.0}], "output": [0.0, 0.0, 0.0, 0.0, 0.0, 0.0, 0.0, 0.0, 0.0, 0.0, 0.0, 0.0833068826, 0.4166931174, 0.0, 0.0, 0.0, 0.0, 0.0, 0.0, 0.0, 0.0, 0.0, 0.0, 0.0, 0.0, 0.0, 0.0, 0.0, 0.0, 0.0, 0.0, 0.0, 0.0, 0.0, 0.0, 0.0, 0.0, 0.0, 0.0, 0.0, 0.0, 0.0, 0.0, 0.342499585, 0.157500415, 0.0, 0.0, 0.0, 0.0, 0.0, 0.0, 0.0, 0.0, 0.0, 0.0, 0.0, 0.0, 0.0, 0.0, 0.0, 0.0, 0.0, 0.0, 0.0], "num_sources": 2, "seg_angles": 64, "input": [0.594945163, 0.9617109845, 1.2447207193, 1.3685912235, 2.3577577057, -0.1832416857, 0.2930713731, 0.1543087914, 0.0767915606, 0.8161342332, 0.1170639323, -0.8677658054, -0.595924911, -0.3355481078, -0.3736361803, 1.1158195468, -0.8922848107, -1.4667205606, -0.8253347628, -1.1490430538, 1.1266993064, 0.1310215593, -0.8481278222, -0.9795122402, -1.8414961586]}