{"source": [{"position": [343.04417389046023, 168.06158026096165], "counts": 500000.0}, {"position": [29.43298004124217, -104.95093942357944], "counts": 500000.0}], "output": [0.0, 0.0, 0.0, 0.0, 0.0, 0.0, 0.0, 0.0, 0.0, 0.0, 0.0, 0.0, 0.0, 0.0, 0.0, 0.0, 0.0, 0.0, 0.1074761123, 0.3925238877, 0.0, 0.0, 0.0, 0.0, 0.0, 0.0, 0.0, 0.0, 0.0, 0.0, 0.0, 0.0, 0.0, 0.0, 0.0, 0.0, 0.1799284797, 0.3200715203, 0.0, 0.0, 0.0, 0.0, 0.0, 0.0, 0.0, 0.0, 0.0, 0.0, 0.0, 0.0, 0.0, 0.0, 0.0, 0.0, 0.0, 0.0, 0.0, 0.0, 0.0, 0.0, 0.0, 0.0, 0.0, 0.0], "num_sources": 2, "seg_angles": 64, "input": [0.7353000814, 1.3468122287, 1.7025378636, 1.5685523706, 1.749116435, -0.2969208154, 0.5103133618, 0.6782019783, 0.8352635439, 1.044969172, -0.869523639, -0.4437295461, -0.2622964244, -0.1314669327, 0.4723720699, -1.3095613541, -0.9990073139, -0.8311302865, -0.6668977619, 0.2403298107, -1.4092869353, -1.3107616907, -1.1718921618, -1.1759587034, -0.0053353508]}