{"source": [{"position": [94.26681872141917, 26.791171832211756], "counts": 500000.0}, {"position": [319.95618129640593, -5.2954745039013975], "counts": 500000.0}], "output": [0.0, 0.0, 0.0, 0.0, 0.0, 0.0, 0.0, 0.0, 0.0, 0.0, 0.0, 0.0, 0.0, 0.0, 0.0, 0.0, 0.0, 0.0, 0.0, 0.0, 0.0, 0.0, 0.0, 0.0, 0.0, 0.0, 0.0, 0.0, 0.0, 0.0, 0.0, 0.0842839415, 0.4157160585, 0.0, 0.0897373737, 0.4102626263, 0.0, 0.0, 0.0, 0.0, 0.0, 0.0, 0.0, 0.0, 0.0, 0.0, 0.0, 0.0, 0.0, 0.0, 0.0, 0.0, 0.0, 0.0, 0.0, 0.0, 0.0, 0.0, 0.0, 0.0, 0.0, 0.0, 0.0, 0.0], "num_sources": 2, "seg_angles": 64, "input": [-1.5769393421, -1.014876473, -0.5677580567, 0.3152399697, 1.3284790749, -1.3033824379, -0.9201414505, -0.1919477628, 0.7245047405, 1.6482332858, -1.343976653, -0.7104596288, -0.1249741315, 0.8702145051, 1.6111063532, -1.1311000519, -0.8169793369, -0.2611057136, 0.5255789929, 1.6450449175, -0.5873215177, -0.1784587469, 0.0431602992, 0.5723092043, 1.4455499603]}