{"source": [{"position": [308.3936758662295, 187.65484455700835], "counts": 500000.0}, {"position": [171.53221602116312, -362.4606169873756], "counts": 500000.0}], "output": [0.0, 0.0, 0.0, 0.0, 0.0, 0.0, 0.0, 0.0, 0.0, 0.0, 0.0, 0.0, 0.0, 0.0, 0.0, 0.0, 0.0, 0.0, 0.0, 0.0, 0.2488391135, 0.2511608865, 0.0, 0.0, 0.0, 0.0, 0.0, 0.0, 0.0, 0.0, 0.0, 0.0, 0.0, 0.0, 0.0, 0.0, 0.0, 0.2159870548, 0.2840129452, 0.0, 0.0, 0.0, 0.0, 0.0, 0.0, 0.0, 0.0, 0.0, 0.0, 0.0, 0.0, 0.0, 0.0, 0.0, 0.0, 0.0, 0.0, 0.0, 0.0, 0.0, 0.0, 0.0, 0.0, 0.0], "num_sources": 2, "seg_angles": 64, "input": [-0.4209517345, -0.0194299626, 0.8811308218, 1.2355147346, 1.3751990324, -1.1552113255, -0.4530924728, 0.3844682832, 0.7274476311, 1.3891528452, -1.6995415832, -1.1318881754, -0.4075071898, 0.2063590982, 1.6093456912, -1.7497836536, -0.8312512417, -0.9821815478, -0.3898693148, 1.5877740267, -0.6773989992, -0.2711057337, -0.3856549038, -0.0221685146, 1.2006441887]}