{"source": [{"position": [-395.69418060765526, 207.93055435225546], "counts": 500000.0}, {"position": [145.2131615118962, -174.4767541070155], "counts": 500000.0}], "output": [0.0, 0.0, 0.0, 0.0, 0.0, 0.0, 0.0, 0.0, 0.0, 0.0, 0.0, 0.0, 0.0, 0.0, 0.0, 0.0, 0.0, 0.0, 0.0, 0.0, 0.0, 0.0, 0.0, 0.4649006975, 0.0350993025, 0.0, 0.0, 0.0, 0.0, 0.0, 0.0, 0.0, 0.0, 0.0, 0.0, 0.0, 0.0, 0.0, 0.0, 0.0, 0.0, 0.0, 0.0, 0.0, 0.0, 0.0, 0.0, 0.0, 0.0, 0.0, 0.0, 0.0, 0.0, 0.0, 0.0, 0.0, 0.0, 0.0, 0.0, 0.464103256, 0.035896744, 0.0, 0.0, 0.0], "num_sources": 2, "seg_angles": 64, "input": [2.1678347503, 1.5034205584, 0.9681720009, 0.5092495946, 0.3402659681, 0.7413434296, 0.5547081949, 0.3487323751, -0.5661763809, 0.28749599, -0.4191253546, -0.5112982936, -0.8145361805, -0.4885502375, 1.0836697898, -0.889295555, -0.8990941804, -1.1360481879, -0.3980343529, 0.4741754194, -1.7201159742, -1.7509622138, -0.8577915396, -0.1900717442, 1.6620321241]}