{"source": [{"position": [15.818149693403248, 15.290066719183631], "counts": 500000.0}, {"position": [-357.0175033991392, 171.33155654066073], "counts": 500000.0}], "output": [0.0, 0.0, 0.0, 0.0, 0.0, 0.0, 0.0, 0.0, 0.0, 0.0, 0.0, 0.0, 0.0, 0.0, 0.0, 0.0, 0.0, 0.0, 0.0, 0.0, 0.0, 0.0, 0.0, 0.0, 0.0, 0.0, 0.0, 0.0, 0.0, 0.0, 0.0, 0.0, 0.0, 0.0, 0.0, 0.0, 0.0, 0.0, 0.0, 0.0864480999, 0.4135519001, 0.0, 0.0, 0.0, 0.0, 0.0, 0.0, 0.0, 0.0, 0.0, 0.0, 0.0, 0.0, 0.0, 0.0, 0.0, 0.0, 0.0, 0.0, 0.2787733176, 0.2212266824, 0.0, 0.0, 0.0], "num_sources": 2, "seg_angles": 64, "input": [-1.6801090062, -1.4300198656, -1.0386089491, -0.4509953387, 0.5284759347, -1.3707466589, -1.1463540963, -0.7666196885, -0.1379175559, 1.0380672156, -1.0263454123, -0.7972032854, -0.6018742941, 0.1153815625, 1.2382579004, -0.33501362, -0.115027953, 0.1246713963, 0.3894503495, 1.4452562335, 0.6371938655, 1.1362090869, 1.3239513159, 1.4872103904, 1.4327104729]}