{"source": [{"position": [-67.2434517339863, -391.26374506066753], "counts": 500000.0}, {"position": [106.34935138796043, 28.103655622714342], "counts": 500000.0}], "output": [0.0, 0.0, 0.0, 0.0, 0.0, 0.0, 0.0, 0.0, 0.0, 0.0, 0.0, 0.0, 0.0, 0.0, 0.3668189447, 0.1331810553, 0.0, 0.0, 0.0, 0.0, 0.0, 0.0, 0.0, 0.0, 0.0, 0.0, 0.0, 0.0, 0.0, 0.0, 0.0, 0.0, 0.0, 0.0, 0.1842230911, 0.3157769089, 0.0, 0.0, 0.0, 0.0, 0.0, 0.0, 0.0, 0.0, 0.0, 0.0, 0.0, 0.0, 0.0, 0.0, 0.0, 0.0, 0.0, 0.0, 0.0, 0.0, 0.0, 0.0, 0.0, 0.0, 0.0, 0.0, 0.0, 0.0], "num_sources": 2, "seg_angles": 64, "input": [-1.3886642809, -0.6472068053, 0.0309902565, 1.034343101, 1.5476744997, -1.41798397, -0.8187855339, 0.1846917452, 1.1344909315, 1.707717431, -1.4851421364, -1.0075451497, -0.0850201319, 0.9376770457, 1.203481652, -1.502889136, -0.8764203017, -0.4145392731, 0.4211161739, 1.4152424729, -0.6280825487, -0.4276718675, -0.0789863758, 0.3866566019, 0.7748555996]}