{"source": [{"position": [9.526685282747625, 142.6823123849746], "counts": 500000.0}, {"position": [-469.7756709064984, -76.7256086606635], "counts": 500000.0}], "output": [0.0, 0.1754779179, 0.3245220821, 0.0, 0.0, 0.0, 0.0, 0.0, 0.0, 0.0, 0.0, 0.0, 0.0, 0.0, 0.0, 0.0, 0.0, 0.0, 0.0, 0.0, 0.0, 0.0, 0.0, 0.0, 0.0, 0.0, 0.0, 0.0, 0.0, 0.0, 0.0, 0.0, 0.0, 0.0, 0.0, 0.0, 0.0, 0.0, 0.0, 0.0, 0.0, 0.0, 0.0, 0.0, 0.0, 0.0, 0.0, 0.3395452552, 0.1604547448, 0.0, 0.0, 0.0, 0.0, 0.0, 0.0, 0.0, 0.0, 0.0, 0.0, 0.0, 0.0, 0.0, 0.0, 0.0], "num_sources": 2, "seg_angles": 64, "input": [-0.9197759509, -1.2054369249, -1.0794667094, -1.2651477852, -1.3350439998, -0.3371398934, -0.7165574933, -0.6171057195, -0.912041239, -1.1365901482, 0.0719721586, 0.0324608481, 0.0285663472, -0.315279158, -0.5944690627, 0.6563947368, 0.7758565502, 0.7655638424, 0.6387499351, -0.1663131275, 1.6622324363, 2.1308810868, 1.6011540644, 1.3812687831, 0.8552664226]}