{"source": [{"position": [-418.5758797626961, 175.81306231587257], "counts": 500000.0}, {"position": [-112.0232318340702, -14.825502671078578], "counts": 500000.0}], "output": [0.0, 0.3298763165, 0.1701236835, 0.0, 0.0, 0.0, 0.0, 0.0, 0.0, 0.0, 0.0, 0.0, 0.0, 0.0, 0.0, 0.0, 0.0, 0.0, 0.0, 0.0, 0.0, 0.0, 0.0, 0.0, 0.0, 0.0, 0.0, 0.0, 0.0, 0.0, 0.0, 0.0, 0.0, 0.0, 0.0, 0.0, 0.0, 0.0, 0.0, 0.0, 0.0, 0.0, 0.0, 0.0, 0.0, 0.0, 0.0, 0.0, 0.0, 0.0, 0.0, 0.0, 0.0, 0.0, 0.0, 0.0, 0.0, 0.0, 0.0, 0.0252184963, 0.4747815037, 0.0, 0.0, 0.0], "num_sources": 2, "seg_angles": 64, "input": [1.2728466953, 0.2951598539, -0.3680351161, -0.6808384299, -1.1169503293, 1.6406259084, 0.7557410285, -0.0681446754, -0.8194039206, -1.4157751399, 1.7359082357, 0.7340439286, -0.2197283294, -0.7569091351, -1.2323962958, 1.6198438706, 0.7511351257, 0.0336947806, -0.8537019109, -1.2681542903, 1.4981648576, 0.4994047827, -0.2130619614, -0.7084809682, -1.1149885653]}