{"source": [{"position": [55.464891626545324, -214.95963759937723], "counts": 500000.0}, {"position": [-266.99097476741906, 254.7092840725352], "counts": 500000.0}], "output": [0.0, 0.0, 0.0, 0.0, 0.0, 0.0, 0.0, 0.0, 0.0, 0.0, 0.0, 0.0, 0.0, 0.0, 0.0, 0.0, 0.0, 0.0, 0.213941855, 0.286058145, 0.0, 0.0, 0.0, 0.0, 0.0, 0.0, 0.0, 0.0, 0.0, 0.0, 0.0, 0.0, 0.0, 0.0, 0.0, 0.0, 0.0, 0.0, 0.0, 0.0, 0.0, 0.0, 0.0, 0.0, 0.0, 0.0, 0.0, 0.0, 0.0, 0.0, 0.0, 0.0, 0.0, 0.0, 0.0, 0.0, 0.3801254464, 0.1198745536, 0.0, 0.0, 0.0, 0.0, 0.0, 0.0], "num_sources": 2, "seg_angles": 64, "input": [2.1788659015, 1.9317760263, 1.4225293274, 1.0155126072, 0.4758835923, 1.4448378725, 0.8329211973, 0.5617937277, -0.1306081855, -0.2617813366, 0.2330921301, -0.0801045807, -0.6144188433, -0.8895954558, -0.8337638892, -0.6225278876, -1.0282504306, -1.0139851678, -1.2396194991, -0.1440750393, -1.098878685, -1.0467384032, -0.5993604872, -1.05839448, 0.5648899886]}