{"source": [{"position": [355.45633068437394, 150.4885277235477], "counts": 500000.0}, {"position": [-11.019549037773402, 184.67151794200456], "counts": 500000.0}], "output": [0.0, 0.0, 0.0, 0.0, 0.0, 0.0, 0.0, 0.0, 0.0, 0.0, 0.0, 0.0, 0.0, 0.0, 0.0, 0.0, 0.0, 0.0, 0.0, 0.0, 0.0, 0.0, 0.0, 0.0, 0.0, 0.0, 0.0, 0.0, 0.0, 0.0, 0.0, 0.0, 0.0, 0.0, 0.0, 0.0, 0.4603375677, 0.0396624323, 0.0, 0.0, 0.0, 0.0, 0.0, 0.0, 0.0, 0.0, 0.0, 0.0, 0.1964576086, 0.3035423914, 0.0, 0.0, 0.0, 0.0, 0.0, 0.0, 0.0, 0.0, 0.0, 0.0, 0.0, 0.0, 0.0, 0.0], "num_sources": 2, "seg_angles": 64, "input": [-1.4194668559, -1.3772075587, -0.9804527748, -0.6702600475, -0.66397228, -1.2106898889, -1.1559907805, -0.7076276395, -0.2902367174, -0.236394358, -0.8648672162, -0.4908977596, -0.2759483363, 0.0226689756, 0.1307506846, -0.1354548025, 0.1668810748, 0.5678669296, 0.7858079719, 0.7182004871, 1.3651206431, 1.4980732315, 1.7624957525, 1.6868881067, 1.7747131585]}