{"source": [{"position": [33.119691524028816, -7.686744002057971], "counts": 500000.0}, {"position": [-14.610251443567178, 17.76346117049668], "counts": 500000.0}], "output": [0.0, 0.0, 0.0, 0.0, 0.0, 0.0, 0.0, 0.0, 0.0, 0.0, 0.0, 0.0, 0.0, 0.0, 0.0, 0.0, 0.0, 0.0, 0.0, 0.0, 0.0, 0.0, 0.0, 0.0, 0.0, 0.0, 0.0, 0.0, 0.0, 0.1614609502, 0.3385390498, 0.0, 0.0, 0.0, 0.0, 0.0, 0.0, 0.0, 0.0, 0.0, 0.0, 0.0, 0.0, 0.0, 0.0, 0.0, 0.0, 0.0, 0.0, 0.0, 0.0, 0.0, 0.0, 0.0, 0.0, 0.4944959234, 0.0055040766, 0.0, 0.0, 0.0, 0.0, 0.0, 0.0, 0.0], "num_sources": 2, "seg_angles": 64, "input": [0.0671827831, -1.1804530714, -1.6287025727, -1.5493173074, -1.0606609751, 0.1318682095, -1.0177662252, -1.2311596735, -0.7042716958, -0.3989947026, 0.3016446082, -0.5882164947, -0.7172397221, -0.1693019845, 0.3291303277, 0.4703794455, -0.1366910795, 0.2165241871, 0.886435651, 1.1097804278, 0.652790844, 0.9874338744, 1.4046428696, 1.6697824484, 2.1551798282]}