{"source": [{"position": [-368.08120086734505, -46.445985489094376], "counts": 500000.0}, {"position": [-178.21521341230954, -291.8961077308242], "counts": 500000.0}], "output": [0.0, 0.3607284179, 0.1392715821, 0.0, 0.0, 0.0, 0.0, 0.0, 0.0, 0.0, 0.2916331225, 0.2083668775, 0.0, 0.0, 0.0, 0.0, 0.0, 0.0, 0.0, 0.0, 0.0, 0.0, 0.0, 0.0, 0.0, 0.0, 0.0, 0.0, 0.0, 0.0, 0.0, 0.0, 0.0, 0.0, 0.0, 0.0, 0.0, 0.0, 0.0, 0.0, 0.0, 0.0, 0.0, 0.0, 0.0, 0.0, 0.0, 0.0, 0.0, 0.0, 0.0, 0.0, 0.0, 0.0, 0.0, 0.0, 0.0, 0.0, 0.0, 0.0, 0.0, 0.0, 0.0, 0.0], "num_sources": 2, "seg_angles": 64, "input": [1.4871543106, 1.1234544099, 0.5572804907, 0.4870964409, 0.0150224824, 1.4495184426, 0.7832523359, 0.2005854695, -0.2282242525, -0.653102184, 1.5874153427, 0.446568191, -0.1061994122, -0.3163296581, -1.3249508579, 1.4180644957, -0.0294236631, -0.4838622644, -1.0234304929, -1.3995826853, 0.8171267104, -0.2023363374, -1.2770771421, -1.5435641616, -1.7844560106]}