{"source": [{"position": [6.05019484334545, 179.89829110460602], "counts": 500000.0}, {"position": [-14.139263787848414, 68.55713835580974], "counts": 500000.0}], "output": [0.0, 0.0, 0.0, 0.0, 0.0, 0.0, 0.0, 0.0, 0.0, 0.0, 0.0, 0.0, 0.0, 0.0, 0.0, 0.0, 0.0, 0.0, 0.0, 0.0, 0.0, 0.0, 0.0, 0.0, 0.0, 0.0, 0.0, 0.0, 0.0, 0.0, 0.0, 0.0, 0.0, 0.0, 0.0, 0.0, 0.0, 0.0, 0.0, 0.0, 0.0, 0.0, 0.0, 0.0, 0.0, 0.0, 0.0, 0.1712177462, 0.3287822538, 0.0, 0.4641490907, 0.0358509093, 0.0, 0.0, 0.0, 0.0, 0.0, 0.0, 0.0, 0.0, 0.0, 0.0, 0.0, 0.0], "num_sources": 2, "seg_angles": 64, "input": [-0.9596483364, -1.252298455, -1.2536248385, -1.2778519867, -1.3903117145, -0.6360590387, -0.7197674047, -0.6272531422, -0.8120688689, -0.9295857443, -0.0788878915, -0.1759203576, -0.1285393748, -0.0936264886, -0.5029646326, 0.3867272309, 0.767891667, 0.7853316064, 0.8372296945, 0.3421910362, 1.3242687082, 1.6648140905, 1.7208783732, 1.6275837526, 1.3814921156]}