{"source": [{"position": [-87.19835637028878, -141.2531296868148], "counts": 500000.0}, {"position": [-338.4709484314447, 49.00425561028643], "counts": 500000.0}], "output": [0.0, 0.0, 0.0, 0.0, 0.0, 0.0, 0.0, 0.0, 0.0, 0.0, 0.3166982869, 0.1833017131, 0.0, 0.0, 0.0, 0.0, 0.0, 0.0, 0.0, 0.0, 0.0, 0.0, 0.0, 0.0, 0.0, 0.0, 0.0, 0.0, 0.0, 0.0, 0.0, 0.0, 0.0, 0.0, 0.0, 0.0, 0.0, 0.0, 0.0, 0.0, 0.0, 0.0, 0.0, 0.0, 0.0, 0.0, 0.0, 0.0, 0.0, 0.0, 0.0, 0.0, 0.0, 0.0, 0.0, 0.0, 0.0, 0.0, 0.0, 0.0, 0.0, 0.0, 0.2322767033, 0.2677232967], "num_sources": 2, "seg_angles": 64, "input": [1.3323690973, 1.3198877256, 1.2791350437, 0.6729339352, 0.3495326794, 1.460720777, 0.6840519097, 0.0401777237, -0.06115503, -0.2505576219, 1.1064773302, 0.1377504961, -0.4177901734, -0.576541579, -0.9249852349, 1.3402658708, 0.0399694676, -0.8775656762, -1.0001116735, -1.6804839684, 0.8270368247, -0.2994715442, -1.3325648555, -1.4566979368, -1.7123835874]}