{"source": [{"position": [-407.1280696501402, 125.39033018120115], "counts": 500000.0}, {"position": [-39.290247221987585, 201.1995936209492], "counts": 500000.0}], "output": [0.0, 0.0, 0.0, 0.0, 0.0, 0.0, 0.0, 0.0, 0.0, 0.0, 0.0, 0.0, 0.0, 0.0, 0.0, 0.0, 0.0, 0.0, 0.0, 0.0, 0.0, 0.0, 0.0, 0.0, 0.0, 0.0, 0.0, 0.0, 0.0, 0.0, 0.0, 0.0, 0.0, 0.0, 0.0, 0.0, 0.0, 0.0, 0.0, 0.0, 0.0, 0.0, 0.0, 0.0, 0.0, 0.0, 0.0, 0.0, 0.0, 0.017807934, 0.482192066, 0.0, 0.0, 0.0, 0.0, 0.0, 0.0, 0.0, 0.0, 0.0, 0.0216155402, 0.4783844598, 0.0, 0.0], "num_sources": 2, "seg_angles": 64, "input": [-0.2409676985, -0.842720175, -1.0461284285, -1.6408747458, -1.7237848437, 0.4643987338, -0.255697628, -0.7650397712, -1.0706962262, -1.1450777022, 0.3880228854, 0.1661284771, -0.0698802289, -0.6736961925, -0.8933650703, 0.9400564644, 0.9591084355, 0.544707645, 0.2193696444, -0.401839698, 1.6482083151, 1.7411740622, 1.3636649759, 1.3556458859, 0.9792828842]}