{"source": [{"position": [227.31855802523256, -415.935419479189], "counts": 500000.0}, {"position": [284.4714610433557, 125.68606864668236], "counts": 500000.0}], "output": [0.0, 0.0, 0.0, 0.0, 0.0, 0.0, 0.0, 0.0, 0.0, 0.0, 0.0, 0.0, 0.0, 0.0, 0.0, 0.0, 0.0, 0.0, 0.0, 0.0, 0.0, 0.4526533884, 0.0473466116, 0.0, 0.0, 0.0, 0.0, 0.0, 0.0, 0.0, 0.0, 0.0, 0.0, 0.0, 0.0, 0.0, 0.3811600009, 0.1188399991, 0.0, 0.0, 0.0, 0.0, 0.0, 0.0, 0.0, 0.0, 0.0, 0.0, 0.0, 0.0, 0.0, 0.0, 0.0, 0.0, 0.0, 0.0, 0.0, 0.0, 0.0, 0.0, 0.0, 0.0, 0.0, 0.0], "num_sources": 2, "seg_angles": 64, "input": [-0.8597464875, -0.4090063493, 0.2817999538, 1.0822260253, 1.6340023546, -1.1752866077, -0.6342849098, -0.0844784733, 0.7319367547, 1.4484035158, -1.5880423191, -1.0091178014, -0.4678060307, 0.2581573672, 1.914723688, -1.6783564115, -0.8362315285, -0.6501536844, 0.4145451177, 1.7007743201, -0.7174121282, -0.2853006471, -0.0470723363, 0.1886179976, 0.7871086198]}