{"source": [{"position": [-340.1770006490433, -175.9789993988509], "counts": 500000.0}, {"position": [487.07727077705897, -93.65752661890868], "counts": 500000.0}], "output": [0.0, 0.0, 0.0, 0.0, 0.0686001839, 0.4313998161, 0.0, 0.0, 0.0, 0.0, 0.0, 0.0, 0.0, 0.0, 0.0, 0.0, 0.0, 0.0, 0.0, 0.0, 0.0, 0.0, 0.0, 0.0, 0.0, 0.0, 0.0, 0.0, 0.0, 0.0, 0.4674896806, 0.0325103194, 0.0, 0.0, 0.0, 0.0, 0.0, 0.0, 0.0, 0.0, 0.0, 0.0, 0.0, 0.0, 0.0, 0.0, 0.0, 0.0, 0.0, 0.0, 0.0, 0.0, 0.0, 0.0, 0.0, 0.0, 0.0, 0.0, 0.0, 0.0, 0.0, 0.0, 0.0, 0.0], "num_sources": 2, "seg_angles": 64, "input": [1.3092822607, 0.6554373582, 1.5489930402, 1.3932183152, 1.970828048, 0.6310828792, -0.5006582422, -0.6537104551, 0.3632077343, 0.411781582, 0.3534319934, 0.2283460473, -0.2000528264, -0.1009042762, -0.8538349092, 1.2561220615, -0.2080656979, -1.5339083664, -1.0815812323, -0.2366360419, 0.4451225274, -1.1378469115, -1.5961721378, -1.3383978435, -1.1250849068]}