{"source": [{"position": [123.82576932051643, -60.91944559976104], "counts": 500000.0}, {"position": [-201.86628372637307, 165.44184323956094], "counts": 500000.0}], "output": [0.0, 0.0, 0.0, 0.0, 0.0, 0.0, 0.0, 0.0, 0.0, 0.0, 0.0, 0.0, 0.0, 0.0, 0.0, 0.0, 0.0, 0.0, 0.0, 0.0, 0.0, 0.0, 0.0, 0.0, 0.0, 0.0, 0.0, 0.3285449503, 0.1714550497, 0.0, 0.0, 0.0, 0.0, 0.0, 0.0, 0.0, 0.0, 0.0, 0.0, 0.0, 0.0, 0.0, 0.0, 0.0, 0.0, 0.0, 0.0, 0.0, 0.0, 0.0, 0.0, 0.0, 0.0, 0.0, 0.0, 0.0, 0.0, 0.4965980511, 0.0034019489, 0.0, 0.0, 0.0, 0.0, 0.0], "num_sources": 2, "seg_angles": 64, "input": [0.8572070143, 0.6789970493, 0.3318308852, 0.1769902232, 0.332830996, -0.4717220091, -0.7747736801, -0.9377811569, -0.0472224808, 0.7416193921, -1.0001038105, -0.9334637643, -0.7873551178, 0.2679701129, 1.5080512222, -1.1456577542, -1.0867290913, -0.663519237, 0.6406326227, 1.6575383151, -1.795439152, -0.9389033791, 0.0597913412, 1.0655163655, 2.2636950935]}