{"source": [{"position": [-23.036587726705022, -12.054693107243475], "counts": 500000.0}, {"position": [137.96299282264638, -209.68360119813474], "counts": 500000.0}], "output": [0.0, 0.0, 0.0, 0.0, 0.0446779797, 0.4553220203, 0.0, 0.0, 0.0, 0.0, 0.0, 0.0, 0.0, 0.0, 0.0, 0.0, 0.0, 0.0, 0.0, 0.0, 0.0, 0.0361568782, 0.4638431218, 0.0, 0.0, 0.0, 0.0, 0.0, 0.0, 0.0, 0.0, 0.0, 0.0, 0.0, 0.0, 0.0, 0.0, 0.0, 0.0, 0.0, 0.0, 0.0, 0.0, 0.0, 0.0, 0.0, 0.0, 0.0, 0.0, 0.0, 0.0, 0.0, 0.0, 0.0, 0.0, 0.0, 0.0, 0.0, 0.0, 0.0, 0.0, 0.0, 0.0, 0.0], "num_sources": 2, "seg_angles": 64, "input": [1.5086965749, 1.0527372123, 0.8217683946, 0.5544816054, 0.2022367082, 1.6081386933, 0.66075738, -0.2217627799, -0.6315233002, -0.9744162156, 1.5712316488, 0.583851132, -0.2983997355, -0.9604354843, -1.2809254522, 1.3333725524, 0.3415169397, -0.5658218439, -1.0371824681, -1.3701622411, 0.8503287896, -0.0556318729, -0.8266208106, -1.321409621, -1.5448258059]}