{"source": [{"position": [-66.08174665329497, 95.33731042592788], "counts": 500000.0}, {"position": [323.18609428886884, 141.98502899357499], "counts": 500000.0}], "output": [0.0, 0.0, 0.0, 0.0, 0.0, 0.0, 0.0, 0.0, 0.0, 0.0, 0.0, 0.0, 0.0, 0.0, 0.0, 0.0, 0.0, 0.0, 0.0, 0.0, 0.0, 0.0, 0.0, 0.0, 0.0, 0.0, 0.0, 0.0, 0.0, 0.0, 0.0, 0.0, 0.0, 0.0, 0.0, 0.0, 0.3917975421, 0.1082024579, 0.0, 0.0, 0.0, 0.0, 0.0, 0.0, 0.0, 0.0, 0.0, 0.0, 0.0, 0.0, 0.0, 0.0, 0.0, 0.0, 0.4131348379, 0.0868651621, 0.0, 0.0, 0.0, 0.0, 0.0, 0.0, 0.0, 0.0], "num_sources": 2, "seg_angles": 64, "input": [0.1711840201, -0.9107151057, -1.5386401683, -1.4556794715, -1.4725812199, 0.525342057, -0.6223139442, -1.1524430288, -1.0266683604, -0.8454552142, 0.4571848103, -0.5432994385, -0.4956747697, -0.2987598166, -0.2519937353, 0.471419795, 0.1298585936, 0.2542987108, 0.5625428572, 0.2980341243, 1.4178125106, 1.6956228573, 1.6980035144, 1.6163089128, 1.3166115097]}