{"source": [{"position": [307.20235432876666, -82.16272570249193], "counts": 500000.0}, {"position": [308.437720288092, 39.839336132579845], "counts": 500000.0}], "output": [0.0, 0.0, 0.0, 0.0, 0.0, 0.0, 0.0, 0.0, 0.0, 0.0, 0.0, 0.0, 0.0, 0.0, 0.0, 0.0, 0.0, 0.0, 0.0, 0.0, 0.0, 0.0, 0.0, 0.0, 0.0, 0.0, 0.0, 0.0, 0.0, 0.330983505, 0.169016495, 0.0, 0.0, 0.345790559, 0.154209441, 0.0, 0.0, 0.0, 0.0, 0.0, 0.0, 0.0, 0.0, 0.0, 0.0, 0.0, 0.0, 0.0, 0.0, 0.0, 0.0, 0.0, 0.0, 0.0, 0.0, 0.0, 0.0, 0.0, 0.0, 0.0, 0.0, 0.0, 0.0, 0.0], "num_sources": 2, "seg_angles": 64, "input": [-0.7871571913, -0.5424120668, -0.0365990037, 0.3073278025, 1.2412837039, -1.2373980557, -0.7441653168, -0.1781788173, 0.7808056323, 1.6834254975, -1.2890473545, -0.8149752701, 3.90749e-05, 0.6733713239, 1.8422124859, -1.3243213739, -0.8488199582, -0.3036437678, 0.8848344031, 1.831331449, -1.2142460403, -0.8371471978, -0.5478604238, 0.2459100373, 1.2154304278]}