{"source": [{"position": [-308.9128414172931, 7.338692492149944], "counts": 500000.0}, {"position": [111.07519676002896, 259.20320342295315], "counts": 500000.0}], "output": [0.3790318172, 0.0, 0.0, 0.0, 0.0, 0.0, 0.0, 0.0, 0.0, 0.0, 0.0, 0.0, 0.0, 0.0, 0.0, 0.0, 0.0, 0.0, 0.0, 0.0, 0.0, 0.0, 0.0, 0.0, 0.0, 0.0, 0.0, 0.0, 0.0, 0.0, 0.0, 0.0, 0.0, 0.0, 0.0, 0.0, 0.0, 0.0, 0.0, 0.0, 0.0, 0.0, 0.0, 0.0618995549, 0.4381004451, 0.0, 0.0, 0.0, 0.0, 0.0, 0.0, 0.0, 0.0, 0.0, 0.0, 0.0, 0.0, 0.0, 0.0, 0.0, 0.0, 0.0, 0.0, 0.1209681828], "num_sources": 2, "seg_angles": 64, "input": [-0.4017993653, -0.7996536858, -1.6197780228, -1.8039506698, -0.9326001826, -0.0936347435, 0.0134593378, -0.9469628746, -1.1263859941, -0.6095878431, 1.0307148601, 0.414458211, -0.490348565, -0.4907856951, -0.342028938, 1.4351839577, 0.9316576319, 0.661666705, 0.0305845101, -0.312987661, 2.4113970455, 1.6857201174, 0.7363033802, 0.6399085476, -0.0205500632]}