{"source": [{"position": [46.90595955755777, 2.971692781018101], "counts": 500000.0}, {"position": [129.82834664076813, -192.27220394150723], "counts": 500000.0}], "output": [0.0, 0.0, 0.0, 0.0, 0.0, 0.0, 0.0, 0.0, 0.0, 0.0, 0.0, 0.0, 0.0, 0.0, 0.0, 0.0, 0.0, 0.0, 0.0, 0.0, 0.0, 0.0, 0.4752461084, 0.0247538916, 0.0, 0.0, 0.0, 0.0, 0.0, 0.0, 0.0, 0.0, 0.1777700152, 0.3222299848, 0.0, 0.0, 0.0, 0.0, 0.0, 0.0, 0.0, 0.0, 0.0, 0.0, 0.0, 0.0, 0.0, 0.0, 0.0, 0.0, 0.0, 0.0, 0.0, 0.0, 0.0, 0.0, 0.0, 0.0, 0.0, 0.0, 0.0, 0.0, 0.0, 0.0], "num_sources": 2, "seg_angles": 64, "input": [-0.9476217689, -0.6439662695, -0.076938878, 0.5193684149, 1.385784005, -1.0434262323, -0.5241086514, -0.0034004859, 0.7430304929, 1.802905672, -1.2418956909, -0.6498671282, -0.0490394679, 0.751372571, 1.709031211, -1.2606395037, -0.7939056374, -0.2432796888, 0.5985213367, 1.5741195895, -1.4716440676, -1.1537693269, -0.5895023215, 0.2479105353, 1.3609612908]}