{"source": [{"position": [-77.12344175381388, 53.73988027569543], "counts": 500000.0}, {"position": [-372.86648725256555, 9.979112381992067], "counts": 500000.0}], "output": [0.3637285072, 0.0, 0.0, 0.0, 0.0, 0.0, 0.0, 0.0, 0.0, 0.0, 0.0, 0.0, 0.0, 0.0, 0.0, 0.0, 0.0, 0.0, 0.0, 0.0, 0.0, 0.0, 0.0, 0.0, 0.0, 0.0, 0.0, 0.0, 0.0, 0.0, 0.0, 0.0, 0.0, 0.0, 0.0, 0.0, 0.0, 0.0, 0.0, 0.0, 0.0, 0.0, 0.0, 0.0, 0.0, 0.0, 0.0, 0.0, 0.0, 0.0, 0.0, 0.0, 0.0, 0.0, 0.0, 0.0, 0.0, 0.0994592745, 0.4005407255, 0.0, 0.0, 0.0, 0.0, 0.1362714928], "num_sources": 2, "seg_angles": 64, "input": [1.0598459556, 0.0199511004, -0.8074232667, -1.3195420184, -1.7167730911, 1.5986158828, 0.4070163324, -0.5850478404, -1.153495251, -1.540293814, 1.4968485088, 0.4266389902, -0.4328237856, -0.8700962955, -1.2512264837, 1.2826753668, 0.4391407546, -0.0849792483, -0.4199653919, -0.7028287034, 1.3901512521, 1.0602879838, 0.9071968149, 0.6475304498, 0.1485957977]}