{"source": [{"position": [-232.58286748323889, -212.4387199953769], "counts": 500000.0}, {"position": [-222.36180317696054, 120.68234538610297], "counts": 500000.0}], "output": [0.0, 0.0, 0.0, 0.0, 0.0, 0.0, 0.0, 0.2303782994, 0.2696217006, 0.0, 0.0, 0.0, 0.0, 0.0, 0.0, 0.0, 0.0, 0.0, 0.0, 0.0, 0.0, 0.0, 0.0, 0.0, 0.0, 0.0, 0.0, 0.0, 0.0, 0.0, 0.0, 0.0, 0.0, 0.0, 0.0, 0.0, 0.0, 0.0, 0.0, 0.0, 0.0, 0.0, 0.0, 0.0, 0.0, 0.0, 0.0, 0.0, 0.0, 0.0, 0.0, 0.0, 0.0, 0.0, 0.0, 0.0, 0.0, 0.0, 0.0324441388, 0.4675558612, 0.0, 0.0, 0.0, 0.0], "num_sources": 2, "seg_angles": 64, "input": [1.5048953258, 0.9218660765, 0.0407389604, -0.3899186108, -0.7740462972, 1.3921051814, 0.6432658913, -0.3875288639, -0.8474158747, -1.2974750404, 1.9069386752, 0.5545013576, -0.3745716187, -0.9772287145, -1.4369737354, 1.6457649468, 0.4389286808, -0.6047054256, -0.8849070443, -1.48941601, 1.4023429011, 0.1035278196, 0.0910606019, -0.2968199681, -0.8849292149]}