{"source": [{"position": [-192.63315690546642, 219.44581759658567], "counts": 500000.0}, {"position": [236.74463746910268, -123.45435038759517], "counts": 500000.0}], "output": [0.0, 0.0, 0.0, 0.0, 0.0, 0.0, 0.0, 0.0, 0.0, 0.0, 0.0, 0.0, 0.0, 0.0, 0.0, 0.0, 0.0, 0.0, 0.0, 0.0, 0.0, 0.0, 0.0, 0.0, 0.0, 0.0, 0.0, 0.4480464853, 0.0519535147, 0.0, 0.0, 0.0, 0.0, 0.0, 0.0, 0.0, 0.0, 0.0, 0.0, 0.0, 0.0, 0.0, 0.0, 0.0, 0.0, 0.0, 0.0, 0.0, 0.0, 0.0, 0.0, 0.0, 0.0, 0.0, 0.0, 0.3309160247, 0.1690839753, 0.0, 0.0, 0.0, 0.0, 0.0, 0.0, 0.0], "num_sources": 2, "seg_angles": 64, "input": [1.6182588557, 0.2348791262, -0.8212793538, -0.7157886473, -0.3858272507, 0.603826757, -0.7067774831, -1.5005715985, -0.2987743463, -0.1135758073, -0.7638659592, -1.2605321997, -1.0271774362, -0.2098863025, 1.0797705272, -0.7699704275, -0.4639328319, -0.2322710464, 0.5088210592, 1.9584741539, -0.9524679175, -0.2364380949, 0.9076791979, 1.3869365244, 2.1604905011]}