{"source": [{"position": [348.6820221184983, 40.27216720459702], "counts": 500000.0}, {"position": [4.475383417860139, -128.9223446236654], "counts": 500000.0}], "output": [0.0, 0.0, 0.0, 0.0, 0.0, 0.0, 0.0, 0.0, 0.0, 0.0, 0.0, 0.0, 0.0, 0.0, 0.0, 0.0, 0.3232750751, 0.1767249249, 0.0, 0.0, 0.0, 0.0, 0.0, 0.0, 0.0, 0.0, 0.0, 0.0, 0.0, 0.0, 0.0, 0.0, 0.0, 0.4143670724, 0.0856329276, 0.0, 0.0, 0.0, 0.0, 0.0, 0.0, 0.0, 0.0, 0.0, 0.0, 0.0, 0.0, 0.0, 0.0, 0.0, 0.0, 0.0, 0.0, 0.0, 0.0, 0.0, 0.0, 0.0, 0.0, 0.0, 0.0, 0.0, 0.0, 0.0], "num_sources": 2, "seg_angles": 64, "input": [0.6851652484, 1.2469245356, 1.6256155157, 1.6758262838, 1.8859719571, -0.090419626, 0.377450564, 0.6757784059, 1.0700494285, 0.9988220504, -0.9201263099, -0.2894717794, -0.0296097433, 0.1961303625, 0.2126025718, -1.2923970043, -0.8574021062, -0.6216014764, -0.403874386, -0.4042058209, -1.6396230829, -1.2973567407, -1.1098456312, -0.9985375706, -0.695865646]}