{"source": [{"position": [57.77153044583873, 42.97034174806536], "counts": 500000.0}, {"position": [241.29257213342373, 42.46050674728808], "counts": 500000.0}], "output": [0.0, 0.0, 0.0, 0.0, 0.0, 0.0, 0.0, 0.0, 0.0, 0.0, 0.0, 0.0, 0.0, 0.0, 0.0, 0.0, 0.0, 0.0, 0.0, 0.0, 0.0, 0.0, 0.0, 0.0, 0.0, 0.0, 0.0, 0.0, 0.0, 0.0, 0.0, 0.0, 0.0, 0.1128693083, 0.3871306917, 0.0, 0.0, 0.0, 0.2429517952, 0.2570482048, 0.0, 0.0, 0.0, 0.0, 0.0, 0.0, 0.0, 0.0, 0.0, 0.0, 0.0, 0.0, 0.0, 0.0, 0.0, 0.0, 0.0, 0.0, 0.0, 0.0, 0.0, 0.0, 0.0, 0.0], "num_sources": 2, "seg_angles": 64, "input": [-1.6802265327, -1.2939678489, -0.8472782103, -0.056985381, 1.0076341786, -1.6018035629, -1.0056903001, -0.5895433301, 0.355781111, 1.5264896032, -1.3453776948, -0.799917833, -0.3711392645, 0.5362143544, 1.5821787198, -0.7452232632, -0.4343078444, -0.0196260219, 0.4210831074, 1.6225162198, 0.2017665698, 0.6068592801, 0.7240639388, 0.8980075887, 1.3084924163]}