{"source": [{"position": [-13.348697689021769, 30.179666499269086], "counts": 500000.0}, {"position": [282.0689603305457, 409.2017859419055], "counts": 500000.0}], "output": [0.0, 0.0, 0.0, 0.0, 0.0, 0.0, 0.0, 0.0, 0.0, 0.0, 0.0, 0.0, 0.0, 0.0, 0.0, 0.0, 0.0, 0.0, 0.0, 0.0, 0.0, 0.0, 0.0, 0.0, 0.0, 0.0, 0.0, 0.0, 0.0, 0.0, 0.0, 0.0, 0.0, 0.0, 0.0, 0.0, 0.0, 0.0, 0.0, 0.0, 0.0, 0.0736961141, 0.4263038859, 0.0, 0.0, 0.0, 0.0, 0.0, 0.0, 0.0, 0.0, 0.0, 0.3790956733, 0.1209043267, 0.0, 0.0, 0.0, 0.0, 0.0, 0.0, 0.0, 0.0, 0.0, 0.0], "num_sources": 2, "seg_angles": 64, "input": [-0.1847355458, -1.1702924924, -1.3240894294, -1.4527338941, -1.5174059608, 0.2584729415, -0.7870618976, -0.9252827774, -0.9524889892, -1.093559069, 0.3452687165, -0.2128457917, -0.250156815, -0.3886298401, -0.6109659163, 0.7435336979, 0.6460232036, 0.7463602594, 0.4805419393, 0.2256429131, 1.3849259283, 1.6607691217, 1.6551119797, 1.5848967774, 1.1387009405]}