{"source": [{"position": [-53.954317137878334, -362.0012868239355], "counts": 500000.0}, {"position": [-39.18818482707538, -24.0891297053044], "counts": 500000.0}], "output": [0.0, 0.0, 0.0, 0.0, 0.0, 0.1929596269, 0.3070403731, 0.0, 0.0, 0.0, 0.0, 0.0, 0.0, 0.0, 0.2535305969, 0.2464694031, 0.0, 0.0, 0.0, 0.0, 0.0, 0.0, 0.0, 0.0, 0.0, 0.0, 0.0, 0.0, 0.0, 0.0, 0.0, 0.0, 0.0, 0.0, 0.0, 0.0, 0.0, 0.0, 0.0, 0.0, 0.0, 0.0, 0.0, 0.0, 0.0, 0.0, 0.0, 0.0, 0.0, 0.0, 0.0, 0.0, 0.0, 0.0, 0.0, 0.0, 0.0, 0.0, 0.0, 0.0, 0.0, 0.0, 0.0, 0.0], "num_sources": 2, "seg_angles": 64, "input": [1.4174941529, 1.1157235132, 1.0314611514, 0.868515306, 0.4287546866, 1.479948197, 0.4653534223, -0.1089572511, -0.3473733294, -0.6538148114, 1.3442867283, 0.4713295492, -0.3904795589, -0.9257931632, -1.3660526605, 1.2763134363, 0.1964941482, -0.5554650643, -1.1150192226, -1.4803978929, 0.9060773333, -0.0907855823, -0.8704768778, -1.3510554561, -1.7460807542]}