{"source": [{"position": [166.958126726463, -252.85170341524358], "counts": 500000.0}, {"position": [-19.327654819329638, -286.3484621212149], "counts": 500000.0}], "output": [0.0, 0.0, 0.0, 0.0, 0.0, 0.0, 0.0, 0.0, 0.0, 0.0, 0.0, 0.0, 0.0, 0.0, 0.0, 0.3432386526, 0.1567613474, 0.0, 0.0, 0.0, 0.0, 0.0278394731, 0.4721605269, 0.0, 0.0, 0.0, 0.0, 0.0, 0.0, 0.0, 0.0, 0.0, 0.0, 0.0, 0.0, 0.0, 0.0, 0.0, 0.0, 0.0, 0.0, 0.0, 0.0, 0.0, 0.0, 0.0, 0.0, 0.0, 0.0, 0.0, 0.0, 0.0, 0.0, 0.0, 0.0, 0.0, 0.0, 0.0, 0.0, 0.0, 0.0, 0.0, 0.0, 0.0], "num_sources": 2, "seg_angles": 64, "input": [1.1824149166, 1.8706946172, 1.7772029784, 1.603112737, 0.9857048173, 0.4214244638, 0.3852088366, 0.6766612569, 0.6794243151, 0.6146104607, -0.3479509225, -0.3081031878, -0.30937537, -0.230794934, 0.4328518754, -1.2013782098, -0.8216848822, -0.8870170711, -0.7542601043, 0.1401429708, -1.5045311249, -1.5232209012, -1.4156232227, -0.9215845173, -0.543929798]}