{"source": [{"position": [-252.13144697695, -307.9508620629425], "counts": 500000.0}, {"position": [80.6140041410444, -108.2884219865987], "counts": 500000.0}], "output": [0.0, 0.0, 0.0, 0.0, 0.0, 0.0, 0.0, 0.0, 0.0, 0.4940917243, 0.0059082757, 0.0, 0.0, 0.0, 0.0, 0.0, 0.0, 0.0, 0.0, 0.0, 0.0, 0.0, 0.240853887, 0.259146113, 0.0, 0.0, 0.0, 0.0, 0.0, 0.0, 0.0, 0.0, 0.0, 0.0, 0.0, 0.0, 0.0, 0.0, 0.0, 0.0, 0.0, 0.0, 0.0, 0.0, 0.0, 0.0, 0.0, 0.0, 0.0, 0.0, 0.0, 0.0, 0.0, 0.0, 0.0, 0.0, 0.0, 0.0, 0.0, 0.0, 0.0, 0.0, 0.0, 0.0], "num_sources": 2, "seg_angles": 64, "input": [1.2571281029, 1.6434005769, 1.62969024, 1.5614550935, 1.4560264973, 0.3222109492, 0.2686649161, 0.481224589, 0.3035494167, 0.823396597, -0.5677291719, -0.6646199747, -0.3476235905, -0.3236677886, 0.6832764496, -0.9568604182, -1.091711325, -1.0321427694, -0.6694323806, 0.470706554, -1.2055500097, -1.4862451723, -1.479086437, -1.0854086817, 0.0093477371]}