{"source": [{"position": [69.31821848542745, -130.76308571613987], "counts": 500000.0}, {"position": [-286.43966208523864, -332.6759985098028], "counts": 500000.0}], "output": [0.0, 0.0, 0.0, 0.0, 0.0, 0.0, 0.0, 0.0, 0.1203562238, 0.3796437762, 0.0, 0.0, 0.0, 0.0, 0.0, 0.0, 0.0, 0.0, 0.0, 0.0, 0.017484057, 0.482515943, 0.0, 0.0, 0.0, 0.0, 0.0, 0.0, 0.0, 0.0, 0.0, 0.0, 0.0, 0.0, 0.0, 0.0, 0.0, 0.0, 0.0, 0.0, 0.0, 0.0, 0.0, 0.0, 0.0, 0.0, 0.0, 0.0, 0.0, 0.0, 0.0, 0.0, 0.0, 0.0, 0.0, 0.0, 0.0, 0.0, 0.0, 0.0, 0.0, 0.0, 0.0, 0.0], "num_sources": 2, "seg_angles": 64, "input": [0.989672752, 1.7240134679, 1.6872892944, 1.7822538647, 1.2592439091, 0.3165331209, 0.3974445107, 0.6010605268, 0.5856550626, 0.807671124, -0.1740886298, -0.3261216398, -0.3994198763, -0.2735773991, 0.3779765192, -0.9141596328, -0.9160151782, -0.9511940756, -0.8891081261, 0.0612120301, -1.3252546804, -1.4951755051, -1.5173755297, -1.2745864508, -0.1339494587]}