{"source": [{"position": [-124.21532470789825, 286.2071856325613], "counts": 500000.0}, {"position": [-80.77822377206058, 58.94810059900918], "counts": 500000.0}], "output": [0.0, 0.0, 0.0, 0.0, 0.0, 0.0, 0.0, 0.0, 0.0, 0.0, 0.0, 0.0, 0.0, 0.0, 0.0, 0.0, 0.0, 0.0, 0.0, 0.0, 0.0, 0.0, 0.0, 0.0, 0.0, 0.0, 0.0, 0.0, 0.0, 0.0, 0.0, 0.0, 0.0, 0.0, 0.0, 0.0, 0.0, 0.0, 0.0, 0.0, 0.0, 0.0, 0.0, 0.0, 0.0, 0.0, 0.0, 0.0, 0.0, 0.0, 0.0, 0.0, 0.4145706318, 0.0854293682, 0.0, 0.0, 0.0, 0.2106833295, 0.2893166705, 0.0, 0.0, 0.0, 0.0, 0.0], "num_sources": 2, "seg_angles": 64, "input": [0.7918404661, -0.3319816243, -1.0962276841, -1.4352906825, -1.7390395222, 1.2100023777, 0.0043155663, -0.7497711673, -1.1129131707, -1.4687880645, 1.2221296472, 0.3559828358, -0.382155513, -0.8972014537, -1.2675072238, 1.3714489335, 0.5533407138, 0.0709189856, -0.0293136, -0.4842232552, 1.26854372, 1.1856486281, 1.0559628069, 1.0071659807, 0.8971122998]}