{"source": [{"position": [13.129214874922807, 52.37961165155873], "counts": 500000.0}, {"position": [492.66255617801926, 48.047952507260305], "counts": 500000.0}], "output": [0.0, 0.0, 0.0, 0.0, 0.0, 0.0, 0.0, 0.0, 0.0, 0.0, 0.0, 0.0, 0.0, 0.0, 0.0, 0.0, 0.0, 0.0, 0.0, 0.0, 0.0, 0.0, 0.0, 0.0, 0.0, 0.0, 0.0, 0.0, 0.0, 0.0, 0.0, 0.0, 0.0048644077, 0.4951355923, 0.0, 0.0, 0.0, 0.0, 0.0, 0.0, 0.0, 0.0, 0.0, 0.0, 0.0, 0.2508055642, 0.2491944358, 0.0, 0.0, 0.0, 0.0, 0.0, 0.0, 0.0, 0.0, 0.0, 0.0, 0.0, 0.0, 0.0, 0.0, 0.0, 0.0, 0.0], "num_sources": 2, "seg_angles": 64, "input": [-1.5382968656, -1.3729414231, -1.3677772121, -1.3412949797, -0.4505081969, -1.1439542715, -0.7829208471, -0.7954682258, -0.6953221041, -0.1211675679, -0.5341780012, -0.2925986643, -0.1241793581, -0.1169894766, 0.3072512931, 0.1756807175, 0.6602298833, 0.7779945143, 0.6565990698, 0.6490341766, 1.1302912907, 1.3578280883, 1.7809406925, 1.7484571447, 1.433290323]}