{"source": [{"position": [-52.0084434288321, 139.62851360703505], "counts": 500000.0}, {"position": [-52.56848091382629, 317.67995658274174], "counts": 500000.0}], "output": [0.0, 0.0, 0.0, 0.0, 0.0, 0.0, 0.0, 0.0, 0.0, 0.0, 0.0, 0.0, 0.0, 0.0, 0.0, 0.0, 0.0, 0.0, 0.0, 0.0, 0.0, 0.0, 0.0, 0.0, 0.0, 0.0, 0.0, 0.0, 0.0, 0.0, 0.0, 0.0, 0.0, 0.0, 0.0, 0.0, 0.0, 0.0, 0.0, 0.0, 0.0, 0.0, 0.0, 0.0, 0.0, 0.0, 0.0, 0.0, 0.0, 0.1648048226, 0.3351951774, 0.1840695835, 0.3159304165, 0.0, 0.0, 0.0, 0.0, 0.0, 0.0, 0.0, 0.0, 0.0, 0.0, 0.0], "num_sources": 2, "seg_angles": 64, "input": [-0.2720306842, -1.1091509851, -1.3362325724, -1.3513875269, -1.7028063173, 0.1385498303, -0.7820066779, -0.8336678494, -0.8918426766, -1.0964630536, 0.0550011047, -0.2655465042, -0.1628528782, -0.3744502766, -0.532073256, 0.7237951823, 0.6973673655, 0.893208306, 0.3418043418, 0.4238728137, 1.5826223144, 1.4764756995, 1.6177753956, 1.6274526825, 1.1325862219]}