{"source": [{"position": [-166.83905199313077, -191.5221416182302], "counts": 500000.0}, {"position": [-428.2342150423672, 191.2497243580956], "counts": 500000.0}], "output": [0.0, 0.0, 0.0, 0.0, 0.0, 0.0, 0.0, 0.0, 0.1497619877, 0.3502380123, 0.0, 0.0, 0.0, 0.0, 0.0, 0.0, 0.0, 0.0, 0.0, 0.0, 0.0, 0.0, 0.0, 0.0, 0.0, 0.0, 0.0, 0.0, 0.0, 0.0, 0.0, 0.0, 0.0, 0.0, 0.0, 0.0, 0.0, 0.0, 0.0, 0.0, 0.0, 0.0, 0.0, 0.0, 0.0, 0.0, 0.0, 0.0, 0.0, 0.0, 0.0, 0.0, 0.0, 0.0, 0.0, 0.0, 0.0, 0.0, 0.0, 0.1391622186, 0.3608377814, 0.0, 0.0, 0.0], "num_sources": 2, "seg_angles": 64, "input": [1.2243016153, 1.1185094615, 0.5911568032, 0.6434431824, -0.1648431125, 1.4929105548, 0.670610832, -0.1812678918, -0.4016095088, -0.8711014157, 1.6919618549, 0.0845121221, -0.5648299812, -1.0266243264, -1.1031495667, 1.7478982645, 0.1966028524, -0.8641770214, -1.3388143717, -1.7791519452, 1.2366540991, -0.0908677119, -0.3942996532, -0.8217768701, -1.0960482656]}