{"source": [{"position": [192.21944335239942, 17.340288270201754], "counts": 500000.0}, {"position": [-55.62190485466083, 12.458077714441295], "counts": 500000.0}], "output": [0.0, 0.0, 0.0, 0.0, 0.0, 0.0, 0.0, 0.0, 0.0, 0.0, 0.0, 0.0, 0.0, 0.0, 0.0, 0.0, 0.0, 0.0, 0.0, 0.0, 0.0, 0.0, 0.0, 0.0, 0.0, 0.0, 0.0, 0.0, 0.0, 0.0, 0.0, 0.0, 0.0417999369, 0.4582000631, 0.0, 0.0, 0.0, 0.0, 0.0, 0.0, 0.0, 0.0, 0.0, 0.0, 0.0, 0.0, 0.0, 0.0, 0.0, 0.0, 0.0, 0.0, 0.0, 0.0, 0.0, 0.0, 0.0, 0.0, 0.0, 0.0, 0.0, 0.1221894579, 0.3778105421, 0.0], "num_sources": 2, "seg_angles": 64, "input": [1.1601511627, -0.0074163898, -0.8232034894, -1.2686914579, -1.5836641997, 1.5662085639, 0.6797587201, -0.3481197632, -0.6574517706, -1.1793670773, 2.0722439553, 0.6283765924, -0.2663186546, -0.729101902, -0.9687753713, 1.8388739467, 0.9662067452, -0.3122267202, -0.8515220818, -0.9143104471, 1.1837954922, 0.4529623686, -0.0281909157, -0.3380706604, -0.2721466459]}