{"source": [{"position": [-83.1594490428123, -371.81380560019005], "counts": 500000.0}, {"position": [-14.915986880262633, -341.6745722692689], "counts": 500000.0}], "output": [0.0, 0.0, 0.0, 0.0, 0.0, 0.0, 0.0, 0.0, 0.0, 0.0, 0.0, 0.0, 0.0, 0.1206420534, 0.3793579466, 0.2221947418, 0.2778052582, 0.0, 0.0, 0.0, 0.0, 0.0, 0.0, 0.0, 0.0, 0.0, 0.0, 0.0, 0.0, 0.0, 0.0, 0.0, 0.0, 0.0, 0.0, 0.0, 0.0, 0.0, 0.0, 0.0, 0.0, 0.0, 0.0, 0.0, 0.0, 0.0, 0.0, 0.0, 0.0, 0.0, 0.0, 0.0, 0.0, 0.0, 0.0, 0.0, 0.0, 0.0, 0.0, 0.0, 0.0, 0.0, 0.0, 0.0], "num_sources": 2, "seg_angles": 64, "input": [1.2286302591, 1.5473642355, 1.5777819171, 1.6648010926, 1.4085410767, 0.5151392565, 0.758710146, 0.9801684912, 0.6493540489, 0.538715096, 0.0373073702, -0.2317368717, -0.0461620782, -0.2225843222, -0.4617725977, -0.5484499079, -0.6864710425, -0.6901753345, -0.6749443649, -0.9118620781, -0.9163648686, -1.4224626662, -1.2206230363, -1.4024610602, -1.4704427609]}