{"source": [{"position": [189.8431495029167, -74.66979701869565], "counts": 500000.0}, {"position": [-244.09271587254855, 192.71675084943521], "counts": 500000.0}], "output": [0.0, 0.0, 0.0, 0.0, 0.0, 0.0, 0.0, 0.0, 0.0, 0.0, 0.0, 0.0, 0.0, 0.0, 0.0, 0.0, 0.0, 0.0, 0.0, 0.0, 0.0, 0.0, 0.0, 0.0, 0.0, 0.0, 0.0, 0.0, 0.4085232832, 0.0914767168, 0.0, 0.0, 0.0, 0.0, 0.0, 0.0, 0.0, 0.0, 0.0, 0.0, 0.0, 0.0, 0.0, 0.0, 0.0, 0.0, 0.0, 0.0, 0.0, 0.0, 0.0, 0.0, 0.0, 0.0, 0.0, 0.0, 0.0, 0.4037239818, 0.0962760182, 0.0, 0.0, 0.0, 0.0, 0.0], "num_sources": 2, "seg_angles": 64, "input": [1.6985358722, 0.5739450378, -0.5632654148, -0.4949682112, 0.0764303729, -0.2594498449, -0.7882506345, -0.9448404829, -0.1626257972, 0.5037521665, -1.0107929889, -0.9230433354, -0.6614196968, 0.1276394366, 0.7791652713, -1.1925160279, -1.1383515295, -0.0431890917, 0.605659778, 1.9285048062, -1.0174360772, -1.0533442527, 0.1960568451, 1.4640052283, 2.2997985708]}