{"source": [{"position": [341.3016878074911, -145.44469017381792], "counts": 500000.0}, {"position": [245.83200027470508, 87.67911747353186], "counts": 500000.0}], "output": [0.0, 0.0, 0.0, 0.0, 0.0, 0.0, 0.0, 0.0, 0.0, 0.0, 0.0, 0.0, 0.0, 0.0, 0.0, 0.0, 0.0, 0.0, 0.0, 0.0, 0.0, 0.0, 0.0, 0.0, 0.0, 0.0, 0.0, 0.0516562621, 0.4483437379, 0.0, 0.0, 0.0, 0.0, 0.0, 0.0, 0.2551623059, 0.2448376941, 0.0, 0.0, 0.0, 0.0, 0.0, 0.0, 0.0, 0.0, 0.0, 0.0, 0.0, 0.0, 0.0, 0.0, 0.0, 0.0, 0.0, 0.0, 0.0, 0.0, 0.0, 0.0, 0.0, 0.0, 0.0, 0.0, 0.0], "num_sources": 2, "seg_angles": 64, "input": [-0.8287308747, -0.6165558443, -0.207395566, 0.4243897559, 1.1821994021, -1.2288856682, -0.8966787331, -0.3431720815, 0.4927380092, 1.6880299906, -1.4625903038, -1.0202709404, -0.1202997106, 0.7001401977, 1.5280242284, -1.4899766266, -0.8612242971, -0.2622150366, 0.8860705841, 2.1005739864, -0.9246220442, -0.25542296, -0.0904379288, 0.4019010434, 1.2044114178]}