{"source": [{"position": [-144.79550082952443, -60.68989157616926], "counts": 500000.0}, {"position": [110.66792567436883, -22.838787772830184], "counts": 500000.0}], "output": [0.0, 0.0, 0.0, 0.0, 0.4786124515, 0.0213875485, 0.0, 0.0, 0.0, 0.0, 0.0, 0.0, 0.0, 0.0, 0.0, 0.0, 0.0, 0.0, 0.0, 0.0, 0.0, 0.0, 0.0, 0.0, 0.0, 0.0, 0.0, 0.0, 0.0, 0.0364940895, 0.4635059105, 0.0, 0.0, 0.0, 0.0, 0.0, 0.0, 0.0, 0.0, 0.0, 0.0, 0.0, 0.0, 0.0, 0.0, 0.0, 0.0, 0.0, 0.0, 0.0, 0.0, 0.0, 0.0, 0.0, 0.0, 0.0, 0.0, 0.0, 0.0, 0.0, 0.0, 0.0, 0.0, 0.0], "num_sources": 2, "seg_angles": 64, "input": [0.2707237191, 0.6672431011, 0.4587082281, 1.4782979066, 2.0622239301, 0.1418317367, -0.7410064352, -0.787017209, 0.7143876153, 1.6202053983, -0.4434445485, -0.6785588329, -0.3315316859, 0.0225197131, 1.5442449741, -0.4627925747, -0.7309047738, -0.5245461514, -0.0919530075, 1.0320098138, -1.180074267, -1.8649984355, -1.672729887, -0.7333132079, 0.2304748799]}