{"source": [{"position": [131.90619322089668, 336.03832547787084], "counts": 500000.0}, {"position": [42.39319567100096, -226.05932177373316], "counts": 500000.0}], "output": [0.0, 0.0, 0.0, 0.0, 0.0, 0.0, 0.0, 0.0, 0.0, 0.0, 0.0, 0.0, 0.0, 0.0, 0.0, 0.0, 0.0, 0.0558767087, 0.4441232913, 0.0, 0.0, 0.0, 0.0, 0.0, 0.0, 0.0, 0.0, 0.0, 0.0, 0.0, 0.0, 0.0, 0.0, 0.0, 0.0, 0.0, 0.0, 0.0, 0.0, 0.0, 0.0, 0.0, 0.0, 0.0, 0.4050359722, 0.0949640278, 0.0, 0.0, 0.0, 0.0, 0.0, 0.0, 0.0, 0.0, 0.0, 0.0, 0.0, 0.0, 0.0, 0.0, 0.0, 0.0, 0.0, 0.0], "num_sources": 2, "seg_angles": 64, "input": [0.3666996874, 1.7044071948, 2.2428925127, 0.9952910838, 1.7225601898, -0.3666953931, 0.1840110659, -0.089566265, 0.1537311132, 1.7161216183, -1.4135427941, -0.5197170965, -0.462316719, -0.4147273069, 0.4323069147, -1.2851990333, -1.2050003129, -0.7464650845, -0.3952629907, 0.5241197048, -1.1992022195, -0.4432217639, -1.0519718356, -0.3862703466, -0.0629819238]}