{"source": [{"position": [324.28092558096154, 375.310379958182], "counts": 500000.0}, {"position": [-279.670863884335, 307.96137402958476], "counts": 500000.0}], "output": [0.0, 0.0, 0.0, 0.0, 0.0, 0.0, 0.0, 0.0, 0.0, 0.0, 0.0, 0.0, 0.0, 0.0, 0.0, 0.0, 0.0, 0.0, 0.0, 0.0, 0.0, 0.0, 0.0, 0.0, 0.0, 0.0, 0.0, 0.0, 0.0, 0.0, 0.0, 0.0, 0.0, 0.0, 0.0, 0.0, 0.0, 0.0, 0.0, 0.0, 0.129167167, 0.370832833, 0.0, 0.0, 0.0, 0.0, 0.0, 0.0, 0.0, 0.0, 0.0, 0.0, 0.0, 0.0, 0.0, 0.2450022543, 0.2549977457, 0.0, 0.0, 0.0, 0.0, 0.0, 0.0, 0.0], "num_sources": 2, "seg_angles": 64, "input": [-0.6612715092, -1.3551392294, -1.4682980969, -1.3357836503, -0.6783494266, -0.3205176309, -0.7611771934, -1.1979342548, -0.872311901, -0.0801346784, 0.1100463539, -0.3285470205, -0.7763523054, -0.7275756205, 0.1798738721, 0.8372255644, 0.1157689831, 0.4509414386, 0.3720364859, 0.717845062, 1.4676772727, 1.7685635148, 1.7001125126, 1.8523822886, 0.9909191685]}