{"source": [{"position": [-315.99555479323226, 119.96169951662634], "counts": 500000.0}, {"position": [-53.122061362400856, -94.03215724745081], "counts": 500000.0}], "output": [0.0, 0.0, 0.0, 0.0, 0.0, 0.0, 0.0, 0.0, 0.0, 0.0, 0.1189890919, 0.3810109081, 0.0, 0.0, 0.0, 0.0, 0.0, 0.0, 0.0, 0.0, 0.0, 0.0, 0.0, 0.0, 0.0, 0.0, 0.0, 0.0, 0.0, 0.0, 0.0, 0.0, 0.0, 0.0, 0.0, 0.0, 0.0, 0.0, 0.0, 0.0, 0.0, 0.0, 0.0, 0.0, 0.0, 0.0, 0.0, 0.0, 0.0, 0.0, 0.0, 0.0, 0.0, 0.0, 0.0, 0.0, 0.0, 0.0, 0.0, 0.0, 0.3478500353, 0.1521499647, 0.0, 0.0], "num_sources": 2, "seg_angles": 64, "input": [1.5997738083, 1.3671990048, 1.1078945141, 0.891951339, 0.5654388268, 1.1568460478, 0.7372945342, 0.3724568591, -0.0370398454, -0.2875528012, 0.9611638572, 0.116280704, -0.4073420775, -0.5840602632, -1.1783444945, 1.2669093842, -0.2788537192, -0.8715268206, -1.1681072983, -1.5808709042, 0.977171871, -0.709917209, -1.1488610916, -1.2171516558, -1.6507525701]}