{"source": [{"position": [-109.77459254440673, -16.448064679757287], "counts": 500000.0}, {"position": [64.1931943027209, -176.70097284738736], "counts": 500000.0}], "output": [0.0, 0.242532107, 0.257467893, 0.0, 0.0, 0.0, 0.0, 0.0, 0.0, 0.0, 0.0, 0.0, 0.0, 0.0, 0.0, 0.0, 0.0, 0.0, 0.0, 0.2252948222, 0.2747051778, 0.0, 0.0, 0.0, 0.0, 0.0, 0.0, 0.0, 0.0, 0.0, 0.0, 0.0, 0.0, 0.0, 0.0, 0.0, 0.0, 0.0, 0.0, 0.0, 0.0, 0.0, 0.0, 0.0, 0.0, 0.0, 0.0, 0.0, 0.0, 0.0, 0.0, 0.0, 0.0, 0.0, 0.0, 0.0, 0.0, 0.0, 0.0, 0.0, 0.0, 0.0, 0.0, 0.0], "num_sources": 2, "seg_angles": 64, "input": [1.8338589076, 1.1086139326, 0.8483647515, 0.1907112667, -0.0096064028, 1.6522728462, 0.8375326782, 0.2070695855, -0.3635318999, -0.927882222, 1.5682938361, 0.6419995297, -0.0486873744, -0.7266712895, -0.8661070816, 1.0365323063, 0.268141924, -0.5125725254, -1.1655607725, -1.1052933583, 0.3707667515, -0.3522075464, -1.3392454592, -1.708545441, -1.4382469429]}