{"source": [{"position": [-1.8555209858817352, -23.928164197676185], "counts": 500000.0}, {"position": [-178.0758018978147, -140.7764496584932], "counts": 500000.0}], "output": [0.0, 0.0, 0.0, 0.0, 0.0, 0.0, 0.0930790062, 0.4069209938, 0.0, 0.0, 0.0, 0.0, 0.0, 0.0, 0.0, 0.3941471093, 0.1058528907, 0.0, 0.0, 0.0, 0.0, 0.0, 0.0, 0.0, 0.0, 0.0, 0.0, 0.0, 0.0, 0.0, 0.0, 0.0, 0.0, 0.0, 0.0, 0.0, 0.0, 0.0, 0.0, 0.0, 0.0, 0.0, 0.0, 0.0, 0.0, 0.0, 0.0, 0.0, 0.0, 0.0, 0.0, 0.0, 0.0, 0.0, 0.0, 0.0, 0.0, 0.0, 0.0, 0.0, 0.0, 0.0, 0.0, 0.0], "num_sources": 2, "seg_angles": 64, "input": [1.281571896, 1.770700023, 1.7010501826, 1.718560286, 1.3671406002, 0.463239088, 0.74342767, 0.8092680859, 0.6920320439, 0.2870392707, -0.3078231607, -0.0416236513, -0.0989481104, -0.149300347, -0.4559640657, -0.7762000242, -0.621273545, -0.6513216611, -0.761295191, -0.9695654847, -1.1796245034, -1.0884195123, -1.1436449392, -1.1991091222, -1.3899158279]}