{"source": [{"position": [-118.84371943644476, -217.66986550855307], "counts": 500000.0}, {"position": [-125.85470185556268, -32.566762517134435], "counts": 500000.0}], "output": [0.0, 0.0, 0.2104085366, 0.2895914634, 0.0, 0.0, 0.0, 0.0, 0.0, 0.0, 0.0452198814, 0.4547801186, 0.0, 0.0, 0.0, 0.0, 0.0, 0.0, 0.0, 0.0, 0.0, 0.0, 0.0, 0.0, 0.0, 0.0, 0.0, 0.0, 0.0, 0.0, 0.0, 0.0, 0.0, 0.0, 0.0, 0.0, 0.0, 0.0, 0.0, 0.0, 0.0, 0.0, 0.0, 0.0, 0.0, 0.0, 0.0, 0.0, 0.0, 0.0, 0.0, 0.0, 0.0, 0.0, 0.0, 0.0, 0.0, 0.0, 0.0, 0.0, 0.0, 0.0, 0.0, 0.0], "num_sources": 2, "seg_angles": 64, "input": [1.4801792482, 0.9067020905, 0.6694563766, 0.4433640083, 0.0643971048, 1.5058594012, 0.7686229378, 0.1601178974, -0.3321845026, -0.9533669685, 1.415891568, 0.4501058017, -0.2598576138, -0.7586909377, -1.2987340275, 1.4869971989, 0.1920099714, -0.3385014778, -1.0278655939, -1.5370152221, 1.165139402, -0.2031925093, -0.8761161187, -1.3718143508, -1.7515036841]}