{"source": [{"position": [-343.0281335408549, -36.833403311089576], "counts": 500000.0}, {"position": [-18.965817468471194, 6.348052280237855], "counts": 500000.0}], "output": [0.0, 0.4552197181, 0.0447802819, 0.0, 0.0, 0.0, 0.0, 0.0, 0.0, 0.0, 0.0, 0.0, 0.0, 0.0, 0.0, 0.0, 0.0, 0.0, 0.0, 0.0, 0.0, 0.0, 0.0, 0.0, 0.0, 0.0, 0.0, 0.0, 0.0, 0.0, 0.0, 0.0, 0.0, 0.0, 0.0, 0.0, 0.0, 0.0, 0.0, 0.0, 0.0, 0.0, 0.0, 0.0, 0.0, 0.0, 0.0, 0.0, 0.0, 0.0, 0.0, 0.0, 0.0, 0.0, 0.0, 0.0, 0.0, 0.0, 0.0, 0.0, 0.1449705334, 0.3550294666, 0.0, 0.0], "num_sources": 2, "seg_angles": 64, "input": [1.2867454766, 0.1864282685, -0.5205832892, -1.0428504784, -1.4509864588, 1.6785774926, 0.6643112497, -0.2514833503, -0.9332280472, -1.3031050906, 1.6756032289, 0.7199879496, -0.1116291353, -0.7553920917, -1.2947812608, 1.7190780459, 0.6383455457, -0.1157235417, -0.7478203067, -1.2516242499, 1.427782883, 0.6040447583, 0.0749915458, -0.2811653983, -0.6155237455]}