{"source": [{"position": [-83.76797046257813, -443.152261784345], "counts": 500000.0}, {"position": [30.31183963806137, 24.539608345620593], "counts": 500000.0}], "output": [0.0, 0.0, 0.0, 0.0, 0.0, 0.0, 0.0, 0.0, 0.0, 0.0, 0.0, 0.0, 0.0, 0.0, 0.451482628, 0.048517372, 0.0, 0.0, 0.0, 0.0, 0.0, 0.0, 0.0, 0.0, 0.0, 0.0, 0.0, 0.0, 0.0, 0.0, 0.0, 0.0, 0.0, 0.0, 0.0, 0.0, 0.0, 0.0, 0.0339864403, 0.4660135597, 0.0, 0.0, 0.0, 0.0, 0.0, 0.0, 0.0, 0.0, 0.0, 0.0, 0.0, 0.0, 0.0, 0.0, 0.0, 0.0, 0.0, 0.0, 0.0, 0.0, 0.0, 0.0, 0.0, 0.0], "num_sources": 2, "seg_angles": 64, "input": [-1.6755507026, -1.2861555769, -0.8777131851, -0.0548712729, 1.0103528584, -1.585284983, -1.158796141, -0.5970876272, 0.3200990878, 1.2464886956, -1.271070861, -0.9482022566, -0.5454922436, 0.2084668895, 1.3075455056, -0.6881591886, -0.291488725, -0.0650224686, 0.4492183082, 1.5146929352, 0.5639063763, 0.9392430279, 1.1341023948, 1.145461468, 1.2053176849]}