{"source": [{"position": [397.55992896003426, -288.1442397225607], "counts": 500000.0}, {"position": [133.65985677148052, 72.38123159927102], "counts": 500000.0}], "output": [0.0, 0.0, 0.0, 0.0, 0.0, 0.0, 0.0, 0.0, 0.0, 0.0, 0.0, 0.0, 0.0, 0.0, 0.0, 0.0, 0.0, 0.0, 0.0, 0.0, 0.0, 0.0, 0.0, 0.0, 0.0, 0.194126227, 0.305873773, 0.0, 0.0, 0.0, 0.0, 0.0, 0.0, 0.0, 0.0, 0.0, 0.0, 0.4722657919, 0.0277342081, 0.0, 0.0, 0.0, 0.0, 0.0, 0.0, 0.0, 0.0, 0.0, 0.0, 0.0, 0.0, 0.0, 0.0, 0.0, 0.0, 0.0, 0.0, 0.0, 0.0, 0.0, 0.0, 0.0, 0.0, 0.0], "num_sources": 2, "seg_angles": 64, "input": [-1.3273943119, -0.8195385716, -0.2859435065, 0.3662282375, 1.3704417969, -1.432894791, -0.8905430542, -0.3912735319, 0.4890748331, 1.4666739101, -1.5492626306, -1.0591454563, -0.6051156506, 0.6805339293, 1.4633006498, -1.3531515297, -0.887207229, -0.2032725107, 0.3809295762, 1.5989179504, -0.0293102656, 0.3077236921, 0.42892127, 0.7239196538, 1.5573875405]}