{"source": [{"position": [-205.38034108071147, 207.56424426565047], "counts": 500000.0}, {"position": [108.93464560089878, 3.7739883156401066], "counts": 500000.0}], "output": [0.0, 0.0, 0.0, 0.0, 0.0, 0.0, 0.0, 0.0, 0.0, 0.0, 0.0, 0.0, 0.0, 0.0, 0.0, 0.0, 0.0, 0.0, 0.0, 0.0, 0.0, 0.0, 0.0, 0.0, 0.0, 0.0, 0.0, 0.0, 0.0, 0.0, 0.0, 0.0, 0.3236274582, 0.1763725418, 0.0, 0.0, 0.0, 0.0, 0.0, 0.0, 0.0, 0.0, 0.0, 0.0, 0.0, 0.0, 0.0, 0.0, 0.0, 0.0, 0.0, 0.0, 0.0, 0.0, 0.0, 0.0269344224, 0.4730655776, 0.0, 0.0, 0.0, 0.0, 0.0, 0.0, 0.0], "num_sources": 2, "seg_angles": 64, "input": [-1.3450523374, -1.2344321901, -0.7128718268, -0.2702587977, 0.8417863308, -0.8948223885, -0.6522908087, -0.2782183469, 0.4012108833, 1.6177361485, -0.8101788621, -0.8608651216, -0.3800505918, 0.5764596082, 1.6569759368, -0.7344272213, -0.8146918494, -0.2453966987, 1.1054631121, 1.9476712494, -1.1183917027, -0.5248861854, 0.0694322748, 0.9252259747, 1.7348734105]}