{"source": [{"position": [153.46751589564028, 45.25175758820207], "counts": 500000.0}, {"position": [141.62732806622566, -190.02815566336926], "counts": 500000.0}], "output": [0.0, 0.0, 0.0, 0.0, 0.0, 0.0, 0.0, 0.0, 0.0, 0.0, 0.0, 0.0, 0.0, 0.0, 0.0, 0.0, 0.0, 0.0, 0.0, 0.0, 0.0, 0.0, 0.2380412847, 0.2619587153, 0.0, 0.0, 0.0, 0.0, 0.0, 0.0, 0.0, 0.0, 0.0, 0.0, 0.0396629657, 0.4603370343, 0.0, 0.0, 0.0, 0.0, 0.0, 0.0, 0.0, 0.0, 0.0, 0.0, 0.0, 0.0, 0.0, 0.0, 0.0, 0.0, 0.0, 0.0, 0.0, 0.0, 0.0, 0.0, 0.0, 0.0, 0.0, 0.0, 0.0, 0.0], "num_sources": 2, "seg_angles": 64, "input": [-0.6282525734, -0.0435135052, 0.3146619367, 1.0428693577, 1.4698286742, -1.1401092604, -0.4498450648, -0.0394241346, 0.5853951028, 1.5071542564, -1.6136863173, -0.7871106764, -0.2419096305, 0.3404624397, 1.4847599711, -1.5963239275, -1.0973732161, -0.6238493419, 0.4725663346, 1.8513936814, -1.1239799419, -0.7826784107, -0.3862799961, 0.1879899582, 1.2972542843]}