{"source": [{"position": [-97.50472115360522, -317.35914884048594], "counts": 500000.0}, {"position": [-26.191865921388235, 92.35792418388378], "counts": 500000.0}], "output": [0.0, 0.0, 0.0, 0.0, 0.0, 0.0, 0.0, 0.0, 0.0, 0.0, 0.0, 0.0, 0.0181276329, 0.4818723671, 0.0, 0.0, 0.0, 0.0, 0.0, 0.0, 0.0, 0.0, 0.0, 0.0, 0.0, 0.0, 0.0, 0.0, 0.0, 0.0, 0.0, 0.0, 0.0, 0.0, 0.0, 0.0, 0.0, 0.0, 0.0, 0.0, 0.0, 0.0, 0.0, 0.0, 0.0, 0.0, 0.0, 0.0, 0.0, 0.0, 0.0926352606, 0.4073647394, 0.0, 0.0, 0.0, 0.0, 0.0, 0.0, 0.0, 0.0, 0.0, 0.0, 0.0, 0.0], "num_sources": 2, "seg_angles": 64, "input": [0.0661495499, -1.0573207298, -0.9686876801, -1.149461673, -1.5857644491, 0.2793413615, -0.8352464969, -0.7012516731, -0.779496097, -1.4675823213, 0.2868525694, -0.4756140562, -0.3770207527, -0.5562672452, -0.8551630438, 0.9355933, 0.5811010784, 0.5488527182, 0.9613366945, -0.1374632918, 1.5381976328, 1.7381449381, 1.6289364422, 1.5435536053, 0.8382796196]}