{"source": [{"position": [121.43962917233098, 325.05602050490734], "counts": 500000.0}, {"position": [146.56666665205674, -131.63286909622872], "counts": 500000.0}], "output": [0.0, 0.0, 0.0, 0.0, 0.0, 0.0, 0.0, 0.0, 0.0, 0.0, 0.0, 0.0, 0.0, 0.0, 0.0, 0.0, 0.0, 0.0, 0.0, 0.0, 0.0, 0.0, 0.0, 0.0, 0.2268712984, 0.2731287016, 0.0, 0.0, 0.0, 0.0, 0.0, 0.0, 0.0, 0.0, 0.0, 0.0, 0.0, 0.0, 0.0, 0.0, 0.0, 0.0, 0.0, 0.0, 0.3209321864, 0.1790678136, 0.0, 0.0, 0.0, 0.0, 0.0, 0.0, 0.0, 0.0, 0.0, 0.0, 0.0, 0.0, 0.0, 0.0, 0.0, 0.0, 0.0, 0.0], "num_sources": 2, "seg_angles": 64, "input": [-0.1032426586, 0.3875521756, 0.5089121796, 0.5315391729, 1.2950096598, -0.7615176004, -0.7186054655, -0.5397663314, -0.1910007252, 1.3425218309, -1.6075681909, -0.9887424593, -0.7425703561, -0.0512944644, 1.7751489432, -1.4496135451, -0.9228676224, -0.1101126755, 0.5204434824, 1.5915709413, -1.3974034319, -0.7578973824, -0.1273155719, 0.6895097177, 1.8273103775]}