{"source": [{"position": [-176.3891632961075, 263.3929821990311], "counts": 500000.0}, {"position": [-20.74381681588425, 357.39850876005215], "counts": 500000.0}], "output": [0.0, 0.0, 0.0, 0.0, 0.0, 0.0, 0.0, 0.0, 0.0, 0.0, 0.0, 0.0, 0.0, 0.0, 0.0, 0.0, 0.0, 0.0, 0.0, 0.0, 0.0, 0.0, 0.0, 0.0, 0.0, 0.0, 0.0, 0.0, 0.0, 0.0, 0.0, 0.0, 0.0, 0.0, 0.0, 0.0, 0.0, 0.0, 0.0, 0.0, 0.0, 0.0, 0.0, 0.0, 0.0, 0.0, 0.0, 0.0, 0.2047301707, 0.2952698293, 0.0, 0.0, 0.0, 0.0, 0.4947153926, 0.0052846074, 0.0, 0.0, 0.0, 0.0, 0.0, 0.0, 0.0, 0.0], "num_sources": 2, "seg_angles": 64, "input": [-0.072964892, -0.88246904, -1.2587256657, -1.4640236968, -1.6786013333, 0.3405304176, -0.6033693308, -0.8587447475, -0.9394645811, -1.3745957078, 0.472580136, -0.1939035048, -0.151283313, -0.3113991406, -0.8400597379, 0.8287092278, 0.2986747924, 0.594755183, 0.7817659797, 0.043055513, 1.1990730109, 1.3987752043, 1.8991748242, 1.4457656765, 1.3267447259]}