{"source": [{"position": [-193.06912048670813, 155.6544721955941], "counts": 500000.0}, {"position": [-275.99849371507287, 0.9118481292875491], "counts": 500000.0}], "output": [0.4831738665, 0.0, 0.0, 0.0, 0.0, 0.0, 0.0, 0.0, 0.0, 0.0, 0.0, 0.0, 0.0, 0.0, 0.0, 0.0, 0.0, 0.0, 0.0, 0.0, 0.0, 0.0, 0.0, 0.0, 0.0, 0.0, 0.0, 0.0, 0.0, 0.0, 0.0, 0.0, 0.0, 0.0, 0.0, 0.0, 0.0, 0.0, 0.0, 0.0, 0.0, 0.0, 0.0, 0.0, 0.0, 0.0, 0.0, 0.0, 0.0, 0.0, 0.0, 0.0, 0.0, 0.0, 0.0, 0.0, 0.0, 0.4556574495, 0.0443425505, 0.0, 0.0, 0.0, 0.0, 0.0168261335], "num_sources": 2, "seg_angles": 64, "input": [1.0268177456, -0.0146190024, -0.6715352444, -1.2536067167, -1.7056173331, 1.6930708996, 0.7199716268, -0.3324666243, -1.0416545469, -1.5396040553, 1.6018213806, 0.5607207233, -0.224667958, -0.8145740108, -1.1768490371, 1.6202966357, 0.7128754793, -0.2755815168, -0.4924688564, -0.7851918087, 1.4144110987, 0.9061915533, 0.373977748, -0.0871517396, -0.2145664406]}