{"source": [{"position": [50.47754064791096, -494.4299929111688], "counts": 500000.0}, {"position": [31.75727638784268, 38.619624498772254], "counts": 500000.0}], "output": [0.0, 0.0, 0.0, 0.0, 0.0, 0.0, 0.0, 0.0, 0.0, 0.0, 0.0, 0.0, 0.0, 0.0, 0.0, 0.0, 0.0, 0.4818429662, 0.0181570338, 0.0, 0.0, 0.0, 0.0, 0.0, 0.0, 0.0, 0.0, 0.0, 0.0, 0.0, 0.0, 0.0, 0.0, 0.0, 0.0, 0.0, 0.0, 0.0, 0.0, 0.0, 0.0049581177, 0.4950418823, 0.0, 0.0, 0.0, 0.0, 0.0, 0.0, 0.0, 0.0, 0.0, 0.0, 0.0, 0.0, 0.0, 0.0, 0.0, 0.0, 0.0, 0.0, 0.0, 0.0, 0.0, 0.0], "num_sources": 2, "seg_angles": 64, "input": [-1.6768133339, -1.4382807416, -1.1837601149, -0.5108858481, 0.7687520942, -1.4598889068, -1.1896342776, -0.9123903719, -0.0591783144, 1.189615, -0.9899035998, -0.6762605453, -0.5461737198, -0.0526691802, 1.1060241537, -0.2758840278, 0.1376854562, 0.1956459466, 0.3723317096, 1.1699179275, 0.8504035112, 1.3403204162, 1.3360983713, 1.3626841574, 1.1422442383]}