{"source": [{"position": [-325.7326811692961, 133.42496175102204], "counts": 500000.0}, {"position": [107.65528972244435, -435.90290042023884], "counts": 500000.0}], "output": [0.0, 0.0, 0.0, 0.0, 0.0, 0.0, 0.0, 0.0, 0.0, 0.0, 0.0, 0.0, 0.0, 0.0, 0.0, 0.0, 0.0, 0.0, 0.2668642963, 0.2331357037, 0.0, 0.0, 0.0, 0.0, 0.0, 0.0, 0.0, 0.0, 0.0, 0.0, 0.0, 0.0, 0.0, 0.0, 0.0, 0.0, 0.0, 0.0, 0.0, 0.0, 0.0, 0.0, 0.0, 0.0, 0.0, 0.0, 0.0, 0.0, 0.0, 0.0, 0.0, 0.0, 0.0, 0.0, 0.0, 0.0, 0.0, 0.0, 0.0, 0.0, 0.479976677, 0.020023323, 0.0, 0.0], "num_sources": 2, "seg_angles": 64, "input": [2.0842742724, 1.9251835292, 0.2563565569, 0.3710359972, -1.0253596795, 1.9750769857, 1.027637087, -0.1392146797, -0.3996119072, -0.5080080757, 1.2420384685, 0.6888225916, -0.7632029114, -1.0918526923, -1.0355392467, 0.6955293202, -0.3563472647, -0.9213893747, -1.3724686235, -1.1893987517, -0.0006433597, -0.223416249, -0.683464911, -0.336505729, -0.2195313528]}