{"source": [{"position": [-281.16125199891314, -164.99803142584352], "counts": 500000.0}, {"position": [158.7113009650846, 96.98826189787258], "counts": 500000.0}], "output": [0.0, 0.0, 0.0, 0.0, 0.0, 0.297215821, 0.202784179, 0.0, 0.0, 0.0, 0.0, 0.0, 0.0, 0.0, 0.0, 0.0, 0.0, 0.0, 0.0, 0.0, 0.0, 0.0, 0.0, 0.0, 0.0, 0.0, 0.0, 0.0, 0.0, 0.0, 0.0, 0.0, 0.0, 0.0, 0.0, 0.0, 0.0, 0.2063070387, 0.2936929613, 0.0, 0.0, 0.0, 0.0, 0.0, 0.0, 0.0, 0.0, 0.0, 0.0, 0.0, 0.0, 0.0, 0.0, 0.0, 0.0, 0.0, 0.0, 0.0, 0.0, 0.0, 0.0, 0.0, 0.0, 0.0], "num_sources": 2, "seg_angles": 64, "input": [-1.4566857452, -1.0681960978, -0.2418079766, 1.2282378166, 2.0626491071, -0.841133683, -1.1419149225, -0.9273031121, -0.1860820012, 1.5832141703, -1.0990059184, -1.0021917228, -1.2376365568, -0.1005597339, 1.1867846366, -0.2354320259, -0.1183096962, -0.5858214462, -0.5119677387, 1.0496624328, 1.1952909967, 1.0521269493, 0.8784006973, 0.0112570305, 0.5064245399]}