{"source": [{"position": [-264.5696581014399, 383.6129507877533], "counts": 500000.0}, {"position": [-251.3723817722319, -237.75602133732662], "counts": 500000.0}], "output": [0.0, 0.0, 0.0, 0.0, 0.0, 0.0, 0.0, 0.1417412041, 0.3582587959, 0.0, 0.0, 0.0, 0.0, 0.0, 0.0, 0.0, 0.0, 0.0, 0.0, 0.0, 0.0, 0.0, 0.0, 0.0, 0.0, 0.0, 0.0, 0.0, 0.0, 0.0, 0.0, 0.0, 0.0, 0.0, 0.0, 0.0, 0.0, 0.0, 0.0, 0.0, 0.0, 0.0, 0.0, 0.0, 0.0, 0.0, 0.0, 0.0, 0.0, 0.0, 0.0, 0.0, 0.0, 0.0, 0.4250489002, 0.0749510998, 0.0, 0.0, 0.0, 0.0, 0.0, 0.0, 0.0, 0.0], "num_sources": 2, "seg_angles": 64, "input": [1.3341555968, 0.202298532, 0.1046353542, -0.0855453785, -0.355805353, 1.9145376753, 0.0313174852, -0.8376301668, -0.5503512505, -1.3395085588, 1.6780816421, -0.3527496912, -0.7432015827, -0.9083221635, -1.5319046089, 2.1587766311, 0.4585815281, -0.2021864789, -0.6235203812, -1.3888176649, 1.2462386181, 0.7042281562, 0.0205024202, -0.1587358252, -0.7750745354]}