{"source": [{"position": [-276.5533788807153, 126.2308545073649], "counts": 500000.0}, {"position": [20.92615923059866, 419.4783616110081], "counts": 500000.0}], "output": [0.0, 0.0, 0.0, 0.0, 0.0, 0.0, 0.0, 0.0, 0.0, 0.0, 0.0, 0.0, 0.0, 0.0, 0.0, 0.0, 0.0, 0.0, 0.0, 0.0, 0.0, 0.0, 0.0, 0.0, 0.0, 0.0, 0.0, 0.0, 0.0, 0.0, 0.0, 0.0, 0.0, 0.0, 0.0, 0.0, 0.0, 0.0, 0.0, 0.0, 0.0, 0.0, 0.0, 0.0, 0.0, 0.0, 0.0, 0.2538576145, 0.2461423855, 0.0, 0.0, 0.0, 0.0, 0.0, 0.0, 0.0, 0.0, 0.0, 0.0, 0.1807995663, 0.3192004337, 0.0, 0.0, 0.0], "num_sources": 2, "seg_angles": 64, "input": [0.0066288813, -0.3611113151, -1.1940599822, -1.4502822584, -1.7999889115, 0.5706001636, 0.0443997531, -0.768647032, -1.0674302931, -1.5866794346, 1.0353674753, 0.4450941918, -0.28498491, -0.8098428989, -1.0526477225, 1.024721472, 0.8088829405, 0.0870293129, 0.0880825961, -0.2397867666, 1.5327373523, 1.4567709029, 1.11244234, 1.3378747193, 1.0648294236]}