{"source": [{"position": [120.41118023521958, -155.91711796451816], "counts": 500000.0}, {"position": [69.79480469882768, 336.8451947661604], "counts": 500000.0}], "output": [0.0, 0.0, 0.0, 0.0, 0.0, 0.0, 0.0, 0.0, 0.0, 0.0, 0.0, 0.0, 0.0, 0.0, 0.0, 0.0, 0.0, 0.0, 0.0, 0.0, 0.0, 0.0, 0.1508375072, 0.3491624928, 0.0, 0.0, 0.0, 0.0, 0.0, 0.0, 0.0, 0.0, 0.0, 0.0, 0.0, 0.0, 0.0, 0.0, 0.0, 0.0, 0.0, 0.0, 0.0, 0.0, 0.0, 0.0405439224, 0.4594560776, 0.0, 0.0, 0.0, 0.0, 0.0, 0.0, 0.0, 0.0, 0.0, 0.0, 0.0, 0.0, 0.0, 0.0, 0.0, 0.0, 0.0], "num_sources": 2, "seg_angles": 64, "input": [0.5367367916, 0.7231116054, 0.5070437917, 0.8336644053, 1.3872425183, -0.9743883314, -0.1269925555, -0.2463699827, -0.2546436499, 1.1709161949, -1.5401738834, -0.6581237913, -0.8909575996, -0.370538946, 1.4873868721, -1.4861258265, -0.8881631004, -0.5628161193, 0.5173792718, 1.8455547888, -1.5409960415, -1.0255158049, -0.4523763698, 0.6409726618, 1.3681731005]}