{"source": [{"position": [7.781922637697191, -380.9205188488288], "counts": 500000.0}, {"position": [18.254901650829225, 275.3956400630165], "counts": 500000.0}], "output": [0.0, 0.0, 0.0, 0.0, 0.0, 0.0, 0.0, 0.0, 0.0, 0.0, 0.0, 0.0, 0.0, 0.0, 0.0, 0.0, 0.3959691266, 0.1040308734, 0.0, 0.0, 0.0, 0.0, 0.0, 0.0, 0.0, 0.0, 0.0, 0.0, 0.0, 0.0, 0.0, 0.0, 0.0, 0.0, 0.0, 0.0, 0.0, 0.0, 0.0, 0.0, 0.0, 0.0, 0.0, 0.0, 0.0, 0.0, 0.0, 0.3370991679, 0.1629008321, 0.0, 0.0, 0.0, 0.0, 0.0, 0.0, 0.0, 0.0, 0.0, 0.0, 0.0, 0.0, 0.0, 0.0, 0.0], "num_sources": 2, "seg_angles": 64, "input": [-0.5447252487, 0.333687061, -0.3866135962, -0.1611734197, -0.8534064075, -1.5245458816, -0.2382935072, 1.1354490064, -0.1762534434, -1.0362271905, -1.6787069731, -0.1251075692, -0.4644611731, 0.5121298503, -1.5041160728, -0.8132045001, 0.1421071057, 0.4954711656, 0.5188825122, -0.51923779, 0.4283420134, 1.4167877849, 1.544547129, 2.516287727, 0.9823814174]}