{"source": [{"position": [-436.165665541083, 97.81877224287874], "counts": 500000.0}, {"position": [198.1700158582027, -279.96007718022884], "counts": 500000.0}], "output": [0.0, 0.0, 0.0, 0.0, 0.0, 0.0, 0.0, 0.0, 0.0, 0.0, 0.0, 0.0, 0.0, 0.0, 0.0, 0.0, 0.0, 0.0, 0.0, 0.0, 0.0, 0.0, 0.3628616773, 0.1371383227, 0.0, 0.0, 0.0, 0.0, 0.0, 0.0, 0.0, 0.0, 0.0, 0.0, 0.0, 0.0, 0.0, 0.0, 0.0, 0.0, 0.0, 0.0, 0.0, 0.0, 0.0, 0.0, 0.0, 0.0, 0.0, 0.0, 0.0, 0.0, 0.0, 0.0, 0.0, 0.0, 0.0, 0.0, 0.0, 0.0, 0.0, 0.1236048052, 0.3763951948, 0.0], "num_sources": 2, "seg_angles": 64, "input": [2.1417908563, 1.9993460662, 1.3000314278, 0.5008384528, 0.3119320781, 1.4396100574, 1.0019089469, 0.4851407151, -0.3097659834, -0.0997298083, 0.7691459654, -0.2152217936, -0.4500954428, -0.9455396267, -0.5828295804, 0.0930383153, -0.7799144982, -1.2583082159, -0.9735965316, -0.2966877499, -0.6453522242, -1.3448050631, -1.5712335081, -0.9145833236, 0.3448804687]}