{"source": [{"position": [236.80376936117486, -153.12731570931263], "counts": 500000.0}, {"position": [179.13318022171956, -385.40407852493325], "counts": 500000.0}], "output": [0.0, 0.0, 0.0, 0.0, 0.0, 0.0, 0.0, 0.0, 0.0, 0.0, 0.0, 0.0, 0.0, 0.0, 0.0, 0.0, 0.0, 0.0, 0.0, 0.0, 0.2841170813, 0.2158829187, 0.0, 0.0, 0.0, 0.0, 0.4234146357, 0.0765853643, 0.0, 0.0, 0.0, 0.0, 0.0, 0.0, 0.0, 0.0, 0.0, 0.0, 0.0, 0.0, 0.0, 0.0, 0.0, 0.0, 0.0, 0.0, 0.0, 0.0, 0.0, 0.0, 0.0, 0.0, 0.0, 0.0, 0.0, 0.0, 0.0, 0.0, 0.0, 0.0, 0.0, 0.0, 0.0, 0.0], "num_sources": 2, "seg_angles": 64, "input": [0.7029774339, 1.2992976486, 1.3518067015, 1.0296591831, 0.9944251347, -0.3299241677, 0.1230511506, 0.1479565215, 0.4302749606, 1.2083914654, -1.1441428781, -0.743967473, -0.5638244266, 0.4432958728, 1.3868360538, -1.6647327912, -1.2192006371, -0.8388214506, 0.1029045151, 0.9139185787, -1.8187980074, -1.3518087799, -1.0307581897, -0.2981205217, 0.8693041028]}