{"source": [{"position": [-338.39449510440824, 241.96108299276688], "counts": 500000.0}, {"position": [-343.676336381417, -47.91216767635412], "counts": 500000.0}], "output": [0.0, 0.2945338795, 0.2054661205, 0.0, 0.0, 0.0, 0.0, 0.0, 0.0, 0.0, 0.0, 0.0, 0.0, 0.0, 0.0, 0.0, 0.0, 0.0, 0.0, 0.0, 0.0, 0.0, 0.0, 0.0, 0.0, 0.0, 0.0, 0.0, 0.0, 0.0, 0.0, 0.0, 0.0, 0.0, 0.0, 0.0, 0.0, 0.0, 0.0, 0.0, 0.0, 0.0, 0.0, 0.0, 0.0, 0.0, 0.0, 0.0, 0.0, 0.0, 0.0, 0.0, 0.0, 0.0, 0.0, 0.0, 0.0, 0.1614025299, 0.3385974701, 0.0, 0.0, 0.0, 0.0, 0.0], "num_sources": 2, "seg_angles": 64, "input": [1.2800929318, 0.1367445547, -0.5866640491, -0.9395343963, -1.334030582, 1.747086991, 0.6484831428, -0.5122975827, -0.9680003739, -1.4922240523, 1.5938593352, 0.7120436389, -0.1011843562, -0.9339103121, -1.4095141411, 1.4850378126, 0.3878038887, -0.0061329453, -0.6137579145, -1.19985071, 1.4968761336, 0.6452481764, 0.3083324315, 0.3459273651, -0.6904349869]}