{"source": [{"position": [-184.0454106236326, -216.2944447469201], "counts": 500000.0}, {"position": [-218.40793448236423, 256.64561978562443], "counts": 500000.0}], "output": [0.0, 0.0, 0.0, 0.0, 0.0, 0.0, 0.0, 0.0, 0.0906250633, 0.4093749367, 0.0, 0.0, 0.0, 0.0, 0.0, 0.0, 0.0, 0.0, 0.0, 0.0, 0.0, 0.0, 0.0, 0.0, 0.0, 0.0, 0.0, 0.0, 0.0, 0.0, 0.0, 0.0, 0.0, 0.0, 0.0, 0.0, 0.0, 0.0, 0.0, 0.0, 0.0, 0.0, 0.0, 0.0, 0.0, 0.0, 0.0, 0.0, 0.0, 0.0, 0.0, 0.0, 0.0, 0.0, 0.0, 0.4090570158, 0.0909429842, 0.0, 0.0, 0.0, 0.0, 0.0, 0.0, 0.0], "num_sources": 2, "seg_angles": 64, "input": [1.3064783852, 0.7663681418, 0.6512023086, -0.0458938417, -0.616034131, 1.6402712985, 0.1848839827, -0.440294823, -0.810450947, -1.227258509, 1.7301223624, 0.2329361375, -0.6222390715, -0.9425222268, -1.6324767901, 1.6350702626, 0.4620105018, -0.5846841739, -0.8508929776, -1.3599912669, 1.5694702047, 0.1445467113, 0.3077933582, -0.3450682863, -1.1533466104]}