{"source": [{"position": [248.18943266328117, 246.7833169285936], "counts": 500000.0}, {"position": [39.97412882181376, 12.886777135383335], "counts": 500000.0}], "output": [0.0, 0.0, 0.0, 0.0, 0.0, 0.0, 0.0, 0.0, 0.0, 0.0, 0.0, 0.0, 0.0, 0.0, 0.0, 0.0, 0.0, 0.0, 0.0, 0.0, 0.0, 0.0, 0.0, 0.0, 0.0, 0.0, 0.0, 0.0, 0.0, 0.0, 0.0, 0.0, 0.0, 0.0, 0.0, 0.4117176669, 0.0882823331, 0.0, 0.0, 0.0144680073, 0.4855319927, 0.0, 0.0, 0.0, 0.0, 0.0, 0.0, 0.0, 0.0, 0.0, 0.0, 0.0, 0.0, 0.0, 0.0, 0.0, 0.0, 0.0, 0.0, 0.0, 0.0, 0.0, 0.0, 0.0], "num_sources": 2, "seg_angles": 64, "input": [-1.5535770095, -1.204366208, -0.6394685416, 0.1623361531, 1.2456779363, -1.3777439585, -0.9828546692, -0.3254730597, 0.5863558178, 1.5316251986, -1.3227377529, -0.7976344341, -0.2285091268, 0.7093443904, 1.7014065263, -1.16923373, -0.6987493001, -0.1150175961, 0.5910724498, 1.5885732058, -0.2773254412, 0.0380500629, 0.3072218582, 0.761901979, 1.4691252494]}