{"source": [{"position": [-478.2161180738507, -145.97720511907664], "counts": 500000.0}], "output": [0.0, 0.0, 0.0, 0.9822222222, 0.0177777778, 0.0, 0.0, 0.0, 0.0, 0.0, 0.0, 0.0, 0.0, 0.0, 0.0, 0.0, 0.0, 0.0, 0.0, 0.0, 0.0, 0.0, 0.0, 0.0, 0.0, 0.0, 0.0, 0.0, 0.0, 0.0, 0.0, 0.0, 0.0, 0.0, 0.0, 0.0, 0.0, 0.0, 0.0, 0.0, 0.0, 0.0, 0.0, 0.0, 0.0, 0.0, 0.0, 0.0, 0.0, 0.0, 0.0, 0.0, 0.0, 0.0, 0.0, 0.0, 0.0, 0.0, 0.0, 0.0, 0.0, 0.0, 0.0, 0.0], "num_sources": 1, "seg_angles": 64, "input": [1.243122308, 0.4326473627, 0.4528317018, 0.0634890928, -0.0852706388, 1.7549140744, 0.6327225007, -0.3956241268, -0.8236253573, -1.3880402476, 1.3842647269, 0.8121259666, -0.3145326475, -0.8474949351, -1.3454866705, 1.7490068745, 0.5462489246, -0.0097014062, -0.7165997646, -1.395044794, 1.2500826234, 0.3027672348, -0.6324763217, -1.0441602443, -1.6261662368]}