{"source": [{"position": [47.872276015524854, -14.430703000665106], "counts": 500000.0}], "output": [0.0, 0.0, 0.0, 0.0, 0.0, 0.0, 0.0, 0.0, 0.0, 0.0, 0.0, 0.0, 0.0, 0.0, 0.0, 0.0, 0.0, 0.0, 0.0, 0.0, 0.0, 0.0, 0.0, 0.0, 0.0, 0.0, 0.0, 0.0, 0.0, 0.9822222222, 0.0177777778, 0.0, 0.0, 0.0, 0.0, 0.0, 0.0, 0.0, 0.0, 0.0, 0.0, 0.0, 0.0, 0.0, 0.0, 0.0, 0.0, 0.0, 0.0, 0.0, 0.0, 0.0, 0.0, 0.0, 0.0, 0.0, 0.0, 0.0, 0.0, 0.0, 0.0, 0.0, 0.0, 0.0], "num_sources": 1, "seg_angles": 64, "input": [-0.3979202715, -0.0630938574, 0.2275887504, 0.5876674922, 1.2929320103, -1.2781757457, -0.7909221162, -0.1372591867, 0.7571655743, 1.6893414384, -1.3371027441, -0.7625404382, -0.1368162316, 0.7366234326, 1.6751939434, -1.3968429604, -0.9031989089, -0.2447188924, 0.6267092459, 1.6473025497, -1.5139252503, -1.1541155475, -0.5269045792, 0.1977042765, 1.2053080164]}