{"source": [{"position": [46.22730168061565, -19.05351881751371], "counts": 500000.0}], "output": [0.0, 0.0, 0.0, 0.0, 0.0, 0.0, 0.0, 0.0, 0.0, 0.0, 0.0, 0.0, 0.0, 0.0, 0.0, 0.0, 0.0, 0.0, 0.0, 0.0, 0.0, 0.0, 0.0, 0.0, 0.0, 0.0, 0.0, 0.0, 0.9822222222, 0.0177777778, 0.0, 0.0, 0.0, 0.0, 0.0, 0.0, 0.0, 0.0, 0.0, 0.0, 0.0, 0.0, 0.0, 0.0, 0.0, 0.0, 0.0, 0.0, 0.0, 0.0, 0.0, 0.0, 0.0, 0.0, 0.0, 0.0, 0.0, 0.0, 0.0, 0.0, 0.0, 0.0, 0.0, 0.0], "num_sources": 1, "seg_angles": 64, "input": [-0.1000747584, 0.2710264744, 0.4245230909, 0.6660045468, 1.2842080212, -1.1468002272, -0.7969298517, -0.1745888792, 0.604094936, 1.6368571865, -1.3993596024, -0.9025627115, -0.2111727799, 0.6464737938, 1.6250856992, -1.4171656761, -0.9541345303, -0.3166640135, 0.6039288225, 1.6354127521, -1.5961888187, -1.1457040894, -0.5933135864, 0.1537510815, 1.2032931197]}