{"source": [{"position": [31.787073749952693, -38.595102570340046], "counts": 500000.0}], "output": [0.0, 0.0, 0.0, 0.0, 0.0, 0.0, 0.0, 0.0, 0.0, 0.0, 0.0, 0.0, 0.0, 0.0, 0.0, 0.0, 0.0, 0.0, 0.0, 0.0, 0.0, 0.0, 0.0, 0.9822222222, 0.0177777778, 0.0, 0.0, 0.0, 0.0, 0.0, 0.0, 0.0, 0.0, 0.0, 0.0, 0.0, 0.0, 0.0, 0.0, 0.0, 0.0, 0.0, 0.0, 0.0, 0.0, 0.0, 0.0, 0.0, 0.0, 0.0, 0.0, 0.0, 0.0, 0.0, 0.0, 0.0, 0.0, 0.0, 0.0, 0.0, 0.0, 0.0, 0.0, 0.0], "num_sources": 1, "seg_angles": 64, "input": [0.90866038, 1.2755457699, 1.3926379522, 1.3418925853, 1.2899422086, -0.1949074574, 0.1429146206, 0.2599564158, 0.37567146, 1.1772475776, -0.9026463855, -0.6228791913, -0.4962271955, -0.0873579282, 1.1756914923, -1.4115688353, -1.1670630956, -0.8869726207, -0.173652304, 0.9748247363, -1.7319280904, -1.5342315602, -1.2130217263, -0.5374447392, 0.6449159311]}