{"source": [{"position": [49.76771415074624, -4.814003345409347], "counts": 500000.0}], "output": [0.0, 0.0, 0.0, 0.0, 0.0, 0.0, 0.0, 0.0, 0.0, 0.0, 0.0, 0.0, 0.0, 0.0, 0.0, 0.0, 0.0, 0.0, 0.0, 0.0, 0.0, 0.0, 0.0, 0.0, 0.0, 0.0, 0.0, 0.0, 0.0, 0.0, 0.0, 0.9822222222, 0.0177777778, 0.0, 0.0, 0.0, 0.0, 0.0, 0.0, 0.0, 0.0, 0.0, 0.0, 0.0, 0.0, 0.0, 0.0, 0.0, 0.0, 0.0, 0.0, 0.0, 0.0, 0.0, 0.0, 0.0, 0.0, 0.0, 0.0, 0.0, 0.0, 0.0, 0.0, 0.0], "num_sources": 1, "seg_angles": 64, "input": [-1.1897229966, -0.7760338447, -0.3508873523, 0.414966903, 1.3371605198, -1.2272963817, -0.6669184275, -0.0504207392, 0.7560841628, 1.640313467, -1.2159357655, -0.6258531668, -0.0091474402, 0.8664205963, 1.7512420214, -1.2182011523, -0.7139728613, -0.117879788, 0.8260462008, 1.6317123569, -1.3794921759, -0.8863448546, -0.4150248698, 0.3242595705, 1.2949260179]}