{"source": [{"position": [-49.75060694121009, -4.987695758686323], "counts": 500000.0}], "output": [0.0, 0.9822222222, 0.0177777778, 0.0, 0.0, 0.0, 0.0, 0.0, 0.0, 0.0, 0.0, 0.0, 0.0, 0.0, 0.0, 0.0, 0.0, 0.0, 0.0, 0.0, 0.0, 0.0, 0.0, 0.0, 0.0, 0.0, 0.0, 0.0, 0.0, 0.0, 0.0, 0.0, 0.0, 0.0, 0.0, 0.0, 0.0, 0.0, 0.0, 0.0, 0.0, 0.0, 0.0, 0.0, 0.0, 0.0, 0.0, 0.0, 0.0, 0.0, 0.0, 0.0, 0.0, 0.0, 0.0, 0.0, 0.0, 0.0, 0.0, 0.0, 0.0, 0.0, 0.0, 0.0], "num_sources": 1, "seg_angles": 64, "input": [1.2955736953, 0.4159592262, -0.3637425137, -0.7409882458, -1.1740713109, 1.7058924027, 0.7723215351, -0.0804115801, -0.6717364367, -1.1789839985, 1.7158646279, 0.8671697642, -0.0167828915, -0.633526798, -1.1570539902, 1.7447811279, 0.7665875997, -0.1115246852, -0.6995629678, -1.2021000921, 1.2445724458, 0.3133697116, -0.4498454461, -0.9801974988, -1.3815636812]}