{"source": [{"position": [4.814003345409323, 49.76771415074624], "counts": 500000.0}], "output": [0.0, 0.0, 0.0, 0.0, 0.0, 0.0, 0.0, 0.0, 0.0, 0.0, 0.0, 0.0, 0.0, 0.0, 0.0, 0.0, 0.0, 0.0, 0.0, 0.0, 0.0, 0.0, 0.0, 0.0, 0.0, 0.0, 0.0, 0.0, 0.0, 0.0, 0.0, 0.0, 0.0, 0.0, 0.0, 0.0, 0.0, 0.0, 0.0, 0.0, 0.0, 0.0, 0.0, 0.0, 0.0, 0.0, 0.0, 0.9822222222, 0.0177777778, 0.0, 0.0, 0.0, 0.0, 0.0, 0.0, 0.0, 0.0, 0.0, 0.0, 0.0, 0.0, 0.0, 0.0, 0.0], "num_sources": 1, "seg_angles": 64, "input": [-1.3441530663, -1.201526259, -1.1856724498, -1.1851501487, -1.1846835221, -0.9482599518, -0.654202005, -0.660397504, -0.7216574443, -0.8476851521, -0.4282966526, -0.0336692357, -0.0629970026, -0.0768094977, -0.3324843522, 0.3518281873, 0.8150712424, 0.8643021831, 0.8226860937, 0.343108949, 1.3826656582, 1.6564102539, 1.6836536639, 1.6516199302, 1.2962980821]}