{"source": [{"position": [-23.49283883243676, -44.13713316010852], "counts": 500000.0}], "output": [0.0, 0.0, 0.0, 0.0, 0.0, 0.0, 0.0, 0.0, 0.0, 0.0, 0.0, 0.9822222222, 0.0177777778, 0.0, 0.0, 0.0, 0.0, 0.0, 0.0, 0.0, 0.0, 0.0, 0.0, 0.0, 0.0, 0.0, 0.0, 0.0, 0.0, 0.0, 0.0, 0.0, 0.0, 0.0, 0.0, 0.0, 0.0, 0.0, 0.0, 0.0, 0.0, 0.0, 0.0, 0.0, 0.0, 0.0, 0.0, 0.0, 0.0, 0.0, 0.0, 0.0, 0.0, 0.0, 0.0, 0.0, 0.0, 0.0, 0.0, 0.0, 0.0, 0.0, 0.0, 0.0], "num_sources": 1, "seg_angles": 64, "input": [1.3142515739, 1.5619336732, 1.6120867446, 1.5343538765, 1.0541185071, 0.8034781573, 0.5070033021, 0.5547714898, 0.5119133908, 0.0639063586, 0.662028281, -0.2430044254, -0.3761228479, -0.4375397749, -0.7104635949, 0.6189278964, -0.6443088377, -0.9361910458, -0.9895776316, -1.2363407785, 0.2407818842, -0.9712229273, -1.3557116643, -1.5032678488, -1.6358037584]}