{"source": [{"position": [105.56375147877137, 143.31885561128445], "counts": 500000.0}, {"position": [327.91412438104055, 175.65969096925863], "counts": 500000.0}], "output": [0.0, 0.0, 0.0, 0.0, 0.0, 0.0, 0.0, 0.0, 0.0, 0.0, 0.0, 0.0, 0.0, 0.0, 0.0, 0.0, 0.0, 0.0, 0.0, 0.0, 0.0, 0.0, 0.0, 0.0, 0.0, 0.0, 0.0, 0.0, 0.0, 0.0, 0.0, 0.0, 0.0, 0.0, 0.0, 0.0, 0.0, 0.4953400992, 0.0046599008, 0.0, 0.0, 0.233252081, 0.266747919, 0.0, 0.0, 0.0, 0.0, 0.0, 0.0, 0.0, 0.0, 0.0, 0.0, 0.0, 0.0, 0.0, 0.0, 0.0, 0.0, 0.0, 0.0, 0.0, 0.0, 0.0], "num_sources": 2, "seg_angles": 64, "input": [-1.2678305221, -1.2491757076, -1.1989921827, -1.1654624609, -1.1111072637, -0.9822053936, -0.6855079694, -0.2229527845, 0.3069706125, 1.2708829421, -1.2469728672, -1.1907042995, -1.1436272816, -1.064687115, -0.9730115945, -0.7673665391, -0.6108372076, -0.1776716675, 0.548804921, 1.6430505185, -1.2065162047, -1.1010019674, -1.0947085033, -1.094152182, -0.9956720422, -0.7930198123, -0.5335541809, -0.1275802944, 0.8639470557, 1.6014025866, -1.1515213711, -1.1002249548, -1.0415797436, -0.9101656309, -0.9350000095, -0.7507684135, -0.5597428262, -0.1411167271, 0.5361938155, 1.7258462481, -1.1051647971, -0.9414582441, -0.9452999727, -0.8316525903, -0.8860059988, -0.7310605955, -0.6013630415, -0.1003639723, 0.7011472953, 1.7802607544, -0.9413066105, -0.8536048084, -0.7901876023, -0.7413181548, -0.6172659613, -0.4769524489, -0.3596991022, -0.0061121239, 0.6932728114, 1.6925339603, -0.7599638075, -0.604675897, -0.4086188555, -0.4972773161, -0.4412907272, -0.4623871391, -0.2015639335, 0.2260762703, 0.7985390342, 1.5767719572, -0.3023348001, -0.1888929823, -0.0440451447, 0.0638050735, -0.0896348523, 0.0240914814, 0.2492362811, 0.4614258324, 0.8026871469, 1.7232004314, 0.4763885045, 0.6714581571, 0.5335754012, 0.5336974728, 0.7037249789, 0.6452452637, 0.6569873312, 0.7489784579, 1.0975890572, 1.6282677293, 1.3391410706, 1.6367267174, 1.539258068, 1.7830324031, 1.631599038, 1.6688942162, 1.8324942618, 1.6998682204, 1.6173398186, 1.7895260026]}