{"source": [{"position": [27.52427165828671, 18.204792492111388], "counts": 500000.0}, {"position": [321.64047414767754, 97.17718554299272], "counts": 500000.0}], "output": [0.0, 0.0, 0.0, 0.0, 0.0, 0.0, 0.0, 0.0, 0.0, 0.0, 0.0, 0.0, 0.0, 0.0, 0.0, 0.0, 0.0, 0.0, 0.0, 0.0, 0.0, 0.0, 0.0, 0.0, 0.0, 0.0, 0.0, 0.0, 0.0, 0.0, 0.0, 0.0, 0.0, 0.0, 0.0056770227, 0.4943229773, 0.0, 0.0239114128, 0.4760885872, 0.0, 0.0, 0.0, 0.0, 0.0, 0.0, 0.0, 0.0, 0.0, 0.0, 0.0, 0.0, 0.0, 0.0, 0.0, 0.0, 0.0, 0.0, 0.0, 0.0, 0.0, 0.0, 0.0, 0.0, 0.0], "num_sources": 2, "seg_angles": 64, "input": [-1.1532193267, -1.1151205797, -1.0658196308, -0.9935094721, -0.8850449322, -0.7446939897, -0.4892110159, -0.0620383223, 0.4892513399, 1.36898546, -1.1380538442, -1.0820597942, -1.0266703795, -0.966772602, -0.8133078362, -0.6215298086, -0.2860375168, 0.1168925, 0.818111778, 1.7755938828, -1.12084431, -1.0571974684, -1.0210276788, -0.9344704178, -0.7650083742, -0.6238461086, -0.2802047696, 0.1620281376, 0.9561058477, 1.8003825652, -1.0982939989, -1.0511803357, -0.9892797994, -0.9064592662, -0.7639372301, -0.5446598687, -0.2856782393, 0.2063885582, 1.0225142184, 1.96314502, -1.0918990166, -1.0430912277, -0.9791873792, -0.8213438114, -0.6969916579, -0.4903824283, -0.1735580676, 0.2974610059, 1.0534612542, 2.0196631668, -1.0598883425, -1.0045154218, -0.9052839813, -0.8271922976, -0.6825862932, -0.499198277, -0.178477627, 0.4180781748, 1.1290498958, 2.1897885077, -0.9663058697, -0.8588403843, -0.8112652612, -0.751740275, -0.6732635516, -0.4510441305, -0.1032131074, 0.4777366698, 1.1103305737, 2.1263780731, -0.7336636748, -0.5879970003, -0.5894116415, -0.4830714298, -0.4555848247, -0.2648159378, -0.0474293437, 0.4354224653, 1.1812431015, 2.2241595328, -0.3448493642, -0.103730407, -0.0808190444, 0.022933164, 0.1028499873, 0.1353791669, 0.3813224308, 0.6274046737, 1.2399033146, 2.1342877564, 0.6530794276, 0.9001473975, 0.963001664, 1.1020779282, 1.1714692393, 1.2739238725, 1.3684265101, 1.5616311242, 1.6728832262, 1.992925381]}