{"source": [{"position": [133.93527867667373, 340.6131840164173], "counts": 500000.0}, {"position": [-187.62922047745545, 11.801509353571005], "counts": 500000.0}], "output": [0.1800843714, 0.0, 0.0, 0.0, 0.0, 0.0, 0.0, 0.0, 0.0, 0.0, 0.0, 0.0, 0.0, 0.0, 0.0, 0.0, 0.0, 0.0, 0.0, 0.0, 0.0, 0.0, 0.0, 0.0, 0.0, 0.0, 0.0, 0.0, 0.0, 0.0, 0.0, 0.0, 0.0, 0.0, 0.0, 0.0, 0.0, 0.0, 0.0, 0.0, 0.0, 0.0, 0.0, 0.0, 0.4080579308, 0.0919420692, 0.0, 0.0, 0.0, 0.0, 0.0, 0.0, 0.0, 0.0, 0.0, 0.0, 0.0, 0.0, 0.0, 0.0, 0.0, 0.0, 0.0, 0.3199156286], "num_sources": 2, "seg_angles": 64, "input": [0.8759762497, 0.2677908812, -0.2811609849, -0.6915816563, -1.0752743359, -1.1590641361, -1.2469793381, -1.3796763782, -1.2031213522, -0.6923743096, 1.5619899578, 0.6533461817, -0.1848937108, -0.3097064495, -0.7823866619, -0.9492966488, -1.1515420191, -1.2172943747, -1.0558611529, -0.5466632202, 1.4831281073, 0.8132442178, 0.2852489164, -0.3716758072, -0.655404959, -0.938073209, -1.0772295681, -1.1283670826, -1.0450705701, -0.5623350156, 1.5385285844, 0.7549427065, 0.5192385091, -0.2975224403, -0.4945595533, -0.8737172891, -1.1077951424, -1.0708042594, -1.0660728471, -0.5462510666, 1.9650190613, 1.1953840901, 0.3247392197, -0.0748502704, -0.4803753853, -0.7527906915, -0.9531592928, -1.0653015105, -1.060860585, -0.4892145203, 1.8652371597, 1.1133532999, 0.5101039082, -0.2095902017, -0.5232987427, -0.6175578665, -0.837246244, -0.8469557091, -0.9446220229, -0.5068207106, 1.876142378, 1.2452211931, 0.7612882964, 0.3241879799, -0.0742601033, -0.6085661305, -0.5635009293, -0.8763515021, -0.9207313361, -0.6227479121, 2.1273677135, 1.7676660117, 0.7863108176, 0.3110614262, 0.0967458579, -0.1817224751, -0.4054623092, -0.4929238064, -0.6619684916, -0.420917492, 2.8900765653, 1.9009046956, 1.2517469093, 0.6509092458, 0.3059701387, 0.0818160853, -0.0899569279, -0.2110925832, -0.3749211454, -0.2395586142, 2.5717018028, 1.9405280498, 1.6751567399, 1.0442978927, 0.831179472, 0.6479097328, 0.343324062, 0.2686946463, -0.0039228365, -0.1544748761]}