{"source": [{"position": [-260.0137993749048, 86.42235899711814], "counts": 500000.0}, {"position": [-345.9429775498923, 295.54772251518824], "counts": 500000.0}], "output": [0.0, 0.0, 0.0, 0.0, 0.0, 0.0, 0.0, 0.0, 0.0, 0.0, 0.0, 0.0, 0.0, 0.0, 0.0, 0.0, 0.0, 0.0, 0.0, 0.0, 0.0, 0.0, 0.0, 0.0, 0.0, 0.0, 0.0, 0.0, 0.0, 0.0, 0.0, 0.0, 0.0, 0.0, 0.0, 0.0, 0.0, 0.0, 0.0, 0.0, 0.0, 0.0, 0.0, 0.0, 0.0, 0.0, 0.0, 0.0, 0.0, 0.0, 0.0, 0.0, 0.0, 0.0, 0.0, 0.0, 0.1007192792, 0.3992807208, 0.0, 0.0, 0.1342729843, 0.3657270157, 0.0, 0.0], "num_sources": 2, "seg_angles": 64, "input": [1.6223131262, 0.918885631, 0.2683442174, -0.3475111536, -0.6192891938, -0.7784066202, -1.038677527, -1.1360552239, -1.2012023186, -1.2676059851, 2.1225709173, 1.0013582336, 0.3333124703, -0.2636417848, -0.5868787756, -0.7960482327, -0.9533382689, -1.1575850535, -1.1676413036, -1.166315357, 2.1434307031, 1.1336441095, 0.3773305901, -0.125148001, -0.5213630745, -0.7512895546, -0.9440650726, -1.1350076759, -1.1869978005, -1.2148428527, 1.8804617667, 1.0859100128, 0.4160179438, -0.1572003389, -0.5765808709, -0.8252727849, -0.9317285999, -1.0524711633, -1.1252512155, -1.1749273439, 1.9546767371, 1.2156154099, 0.2947363791, 0.0216725667, -0.4737001328, -0.7281519233, -0.8862126978, -1.0013568461, -1.0789758675, -1.159451206, 1.8057623411, 1.2606569932, 0.2357827244, -0.0419202037, -0.3998754262, -0.6397097985, -0.8797051253, -0.94472979, -1.0160322898, -1.1022108064, 1.988896372, 1.478951516, 0.3292829254, -0.0469441361, -0.3781925272, -0.6278560656, -0.7380183083, -0.6821650408, -0.8205763851, -0.8759622941, 1.8401930582, 1.4463634064, 0.3648575929, -0.0902914088, -0.0912447366, -0.3538297847, -0.5733428925, -0.6632879785, -0.6175754335, -0.7763206044, 1.9179793682, 1.2177040448, 0.4922738893, 0.3098038497, 0.1502788394, -0.0159888071, -0.1603597798, -0.2015217176, -0.3892918211, -0.2738323858, 1.6989615741, 1.2887222871, 1.2691839069, 1.0877336114, 1.0897698334, 1.1200256001, 1.1095759321, 1.0094766634, 0.9667331404, 0.661727084]}