{"source": [{"position": [-1.0956121692945393, -75.99210244475735], "counts": 500000.0}, {"position": [101.91440118719099, 101.73227035044626], "counts": 500000.0}], "output": [0.0, 0.0, 0.0, 0.0, 0.0, 0.0, 0.0, 0.0, 0.0, 0.0, 0.0, 0.0, 0.0, 0.0, 0.0, 0.0734223717, 0.4265776283, 0.0, 0.0, 0.0, 0.0, 0.0, 0.0, 0.0, 0.0, 0.0, 0.0, 0.0, 0.0, 0.0, 0.0, 0.0, 0.0, 0.0, 0.0, 0.0, 0.0, 0.0, 0.0, 0.0045548718, 0.4954451282, 0.0, 0.0, 0.0, 0.0, 0.0, 0.0, 0.0, 0.0, 0.0, 0.0, 0.0, 0.0, 0.0, 0.0, 0.0, 0.0, 0.0, 0.0, 0.0, 0.0, 0.0, 0.0, 0.0], "num_sources": 2, "seg_angles": 64, "input": [1.14592847, 1.7113624817, 1.6458961457, 1.6892841167, 1.93235637, 1.9576135534, 2.241899304, 2.3502231101, 2.6689860707, 2.8003460591, 0.4760600824, 0.7466581837, 0.9849002483, 1.0200596889, 1.0689385967, 1.0713256058, 1.3427805595, 1.7079213674, 2.0065917822, 2.0330668081, -0.2378995964, -0.077188353, 0.2839920527, 0.1699821817, 0.2766590473, 0.3861803908, 0.5660423439, 0.830602165, 1.1325565505, 1.2873104875, -0.7762274164, -0.6120975391, -0.4528849146, -0.2751919401, -0.3221603981, -0.1626790995, 0.0151013524, 0.2496774536, 0.4621575187, 0.6506379868, -1.1593317363, -0.8938358413, -0.8882192639, -0.7526124321, -0.6997524093, -0.4882423961, -0.4082575229, -0.2415819287, 0.1671985795, 0.4554141599, -1.3427285683, -1.0652075325, -0.9541315017, -1.0754184908, -1.0384053862, -0.9106745479, -0.7911825671, -0.5562057942, -0.1510793228, 0.3132799641, -1.3001285554, -1.1953169218, -1.0094787504, -1.162357533, -1.0162063108, -0.9534429327, -0.9177042942, -0.7070243078, -0.3772887177, 0.0078215133, -1.1768823789, -0.9728848496, -0.9643941001, -0.9502917088, -0.8922596109, -0.907473321, -0.8289028338, -0.6859140082, -0.4700134332, -0.038722577, -0.9402745647, -0.6983600413, -0.6476059038, -0.5869252292, -0.4778823469, -0.5248088749, -0.5978910765, -0.6511471561, -0.5246668818, -0.123868923, -0.2737205486, -0.1437291067, -0.0721222066, -0.1186169601, -0.2573956033, 0.1157185785, -0.1822192036, -0.0601523987, -0.0485722047, -0.1826880562]}