{"source": [{"position": [136.54969969749902, -269.36625533374223], "counts": 500000.0}, {"position": [61.874102045773334, -11.857297163739645], "counts": 500000.0}], "output": [0.0, 0.0, 0.0, 0.0, 0.0, 0.0, 0.0, 0.0, 0.0, 0.0, 0.0, 0.0, 0.0, 0.0, 0.0, 0.0, 0.0, 0.0, 0.0, 0.0, 0.1105071439, 0.3894928561, 0.0, 0.0, 0.0, 0.0, 0.0, 0.0, 0.0, 0.0, 0.4643024388, 0.0356975612, 0.0, 0.0, 0.0, 0.0, 0.0, 0.0, 0.0, 0.0, 0.0, 0.0, 0.0, 0.0, 0.0, 0.0, 0.0, 0.0, 0.0, 0.0, 0.0, 0.0, 0.0, 0.0, 0.0, 0.0, 0.0, 0.0, 0.0, 0.0, 0.0, 0.0, 0.0, 0.0], "num_sources": 2, "seg_angles": 64, "input": [-0.0616497774, 0.0607344296, 0.0061102461, 0.1645714597, 0.223177305, 0.4002419733, 0.6094078978, 0.8212257325, 1.3834076411, 1.8983023249, -0.7697347525, -0.6050149203, -0.5153578414, -0.4306075794, -0.2917077445, -0.0568754658, 0.2769132131, 0.7786698062, 1.3192281916, 2.1023960808, -0.919511257, -0.8276182154, -0.6943811123, -0.5785157724, -0.2617949852, -0.1387881261, 0.1705140672, 0.58215758, 1.3070455717, 2.2188505016, -0.9903387368, -0.8928840493, -0.7874298927, -0.7153809321, -0.5565068558, -0.2215789056, 0.1179936892, 0.5839986083, 1.3317673267, 2.2577073667, -1.0581349523, -0.9526133099, -0.9272508733, -0.7428819048, -0.5480345065, -0.3338446535, 0.0626596698, 0.60615638, 1.3306167092, 2.2275199502, -1.1038247987, -1.0076808129, -0.9508195496, -0.765318857, -0.5471201315, -0.2426788108, 0.0535473644, 0.5760754793, 1.2751100743, 2.2656886588, -1.1246505533, -0.9960627897, -0.9076515745, -0.8371414508, -0.6146006596, -0.3748011722, -0.0696856447, 0.4895972397, 1.3253342775, 2.1151074624, -1.124152367, -1.0645640442, -0.9161924155, -0.8086787824, -0.6855641901, -0.3958432093, -0.0552319224, 0.3697213511, 1.2497344173, 2.2428620223, -1.1532100615, -1.076022905, -1.0179524907, -0.9012332148, -0.758024161, -0.4798047721, -0.1622883847, 0.4252482758, 1.2385104284, 2.0285965842, -1.1836829074, -1.1323692285, -1.0678866996, -0.9651348138, -0.8272680148, -0.6508965015, -0.3482590148, 0.1091709753, 0.8348814209, 1.7541742744]}