{"source": [{"position": [-360.12975404843235, 124.3686465674354], "counts": 500000.0}, {"position": [-74.16040399863184, 253.36975841398225], "counts": 500000.0}], "output": [0.0, 0.0, 0.0, 0.0, 0.0, 0.0, 0.0, 0.0, 0.0, 0.0, 0.0, 0.0, 0.0, 0.0, 0.0, 0.0, 0.0, 0.0, 0.0, 0.0, 0.0, 0.0, 0.0, 0.0, 0.0, 0.0, 0.0, 0.0, 0.0, 0.0, 0.0, 0.0, 0.0, 0.0, 0.0, 0.0, 0.0, 0.0, 0.0, 0.0, 0.0, 0.0, 0.0, 0.0, 0.0, 0.0, 0.0, 0.0, 0.0, 0.0, 0.0498168056, 0.4501831944, 0.0, 0.0, 0.0, 0.0, 0.0, 0.0, 0.0, 0.0, 0.1935151424, 0.3064848576, 0.0, 0.0], "num_sources": 2, "seg_angles": 64, "input": [1.0237720174, -0.1073301115, -0.6453523239, -0.876059983, -1.0079016526, -1.113870783, -1.1539579442, -1.2977732802, -1.2883114592, -1.3758050282, 1.315993332, 0.19789085, -0.4604283314, -0.6733577961, -0.8533064255, -1.0803364776, -1.1309823802, -1.240105652, -1.1682574014, -1.2827369799, 1.2928626527, 0.3626228429, -0.2706176088, -0.6217256585, -0.8001983243, -0.9532303303, -1.0833950411, -1.1126023157, -1.2078361661, -1.2678471574, 1.2104500727, 0.4469888375, -0.2433968532, -0.5599453086, -0.8401514977, -0.8942135422, -0.8713990105, -0.9218862566, -1.015332659, -1.122481985, 1.5396203074, -0.0196501833, -0.2298313945, -0.379068743, -0.5617738853, -0.6459998307, -0.8413080846, -0.8088564903, -0.9719146768, -1.0566366184, 1.3436253815, 0.4471068009, -0.0092124222, -0.2275039618, -0.492524654, -0.6087795718, -0.6292049018, -0.7182932302, -0.8609189945, -0.8475536265, 1.4552689325, 0.7309310346, 0.2394375073, 0.1860928758, -0.1055070082, -0.1152008019, -0.3420016081, -0.3337609051, -0.5744724202, -0.654599432, 1.6779887064, 1.15066621, 0.6718877135, 0.2343023421, 0.1664809745, 0.1329409066, 0.0457680323, 0.0919055847, -0.0148185846, -0.2655968716, 1.7937168745, 1.3287050295, 1.2473143399, 0.8565297543, 0.7935219489, 0.7239877465, 0.8872942707, 0.7445604679, 0.6811823707, 0.1951193022, 1.9201059337, 1.8833794478, 1.7340800909, 1.9685713754, 1.7852312903, 1.8016764223, 1.7614961172, 1.787383935, 1.7578826227, 1.2407793704]}