{"source": [{"position": [-104.55798749700836, 78.92165260925194], "counts": 500000.0}, {"position": [-328.90907239465344, 234.59501720302723], "counts": 500000.0}], "output": [0.0, 0.0, 0.0, 0.0, 0.0, 0.0, 0.0, 0.0, 0.0, 0.0, 0.0, 0.0, 0.0, 0.0, 0.0, 0.0, 0.0, 0.0, 0.0, 0.0, 0.0, 0.0, 0.0, 0.0, 0.0, 0.0, 0.0, 0.0, 0.0, 0.0, 0.0, 0.0, 0.0, 0.0, 0.0, 0.0, 0.0, 0.0, 0.0, 0.0, 0.0, 0.0, 0.0, 0.0, 0.0, 0.0, 0.0, 0.0, 0.0, 0.0, 0.0, 0.0, 0.0, 0.0, 0.0, 0.0, 0.0, 0.4483901736, 0.5516098264, 0.0, 0.0, 0.0, 0.0, 0.0], "num_sources": 2, "seg_angles": 64, "input": [1.3981093237, 0.5515546071, -0.130889943, -0.4608759436, -0.7872736871, -0.9720269916, -1.0424698685, -1.179714885, -1.2076491837, -1.2347581749, 1.8549734121, 0.8549511894, 0.0423820463, -0.4275098692, -0.6802904218, -0.9190775179, -0.9944241462, -1.1356964592, -1.2059737543, -1.2402833292, 1.6002330723, 0.806377475, 0.1957087308, -0.247094796, -0.6346813266, -0.8620727752, -0.9717330456, -1.0949107503, -1.1444648973, -1.1895776115, 1.9014032215, 0.8559396795, 0.2554394179, -0.2636866271, -0.616708575, -0.9052968447, -1.0067376741, -1.0283739874, -1.1126421057, -1.1625231678, 1.8511170612, 1.0721734628, 0.1021306276, -0.2584695644, -0.6200359821, -0.8276259823, -0.9409480758, -1.0335916152, -1.0488807549, -1.1521745929, 1.91054109, 0.9684987556, 0.2453227141, -0.247665228, -0.5767924257, -0.7591948429, -0.9203327339, -0.9318652172, -0.9717823597, -0.992573619, 1.8799437532, 0.9614955303, 0.2365717849, -0.1876786987, -0.4699853667, -0.5946330364, -0.6543517907, -0.7169578366, -0.6889721502, -0.8431404736, 1.8587812674, 1.0630117912, 0.2092727403, -0.1105893429, -0.2875107875, -0.3596442539, -0.1638147139, -0.3472883597, -0.3745617258, -0.6238446993, 1.8657674842, 0.9784868037, 0.6354194803, 0.5492748639, 0.4053372388, 0.6010576054, 0.4187093823, 0.4428592339, 0.3934389875, -0.0157559601, 1.5976072893, 1.6536022032, 1.5705343191, 1.4572578203, 1.4738174612, 1.4610337487, 1.4577053253, 1.4309359772, 1.3720593278, 1.1392432434]}