{"source": [{"position": [-163.8301519386481, -124.88267019790811], "counts": 500000.0}, {"position": [39.18368605424039, -12.0680879679727], "counts": 500000.0}], "output": [0.0, 0.0, 0.0, 0.0, 0.0, 0.0, 0.1829195071, 0.3170804929, 0.0, 0.0, 0.0, 0.0, 0.0, 0.0, 0.0, 0.0, 0.0, 0.0, 0.0, 0.0, 0.0, 0.0, 0.0, 0.0, 0.0, 0.0, 0.0, 0.0, 0.0216161311, 0.4783838689, 0.0, 0.0, 0.0, 0.0, 0.0, 0.0, 0.0, 0.0, 0.0, 0.0, 0.0, 0.0, 0.0, 0.0, 0.0, 0.0, 0.0, 0.0, 0.0, 0.0, 0.0, 0.0, 0.0, 0.0, 0.0, 0.0, 0.0, 0.0, 0.0, 0.0, 0.0, 0.0, 0.0, 0.0], "num_sources": 2, "seg_angles": 64, "input": [0.1494316311, 0.3503810002, 0.4001391628, 0.4597253921, 0.5053724674, 0.7392032012, 0.8530039933, 1.0978909708, 1.58016862, 2.3053583159, -0.5793765176, -0.5879407251, -0.5881880248, -0.5458477886, -0.3898117284, -0.2167380641, 0.1466432286, 0.7238128635, 1.5515935436, 2.5686035789, -0.7086039222, -0.7920595294, -0.8275232178, -0.7840037017, -0.5562770341, -0.317499612, 0.0308189367, 0.5966546593, 1.5290795055, 2.3022442507, -0.7414415996, -0.8320029605, -0.8927346477, -0.7980326245, -0.6975667588, -0.4218371805, -0.057903135, 0.6823431165, 1.3788573098, 2.1959411559, -0.741904357, -0.8599182067, -0.8405897272, -0.8329911654, -0.7026330998, -0.4936139763, -0.1563037263, 0.4928481026, 1.2500635193, 2.0149703146, -0.7308304358, -0.8419959153, -0.9202461326, -0.8728328727, -0.7366563744, -0.4688146957, -0.1475853109, 0.3908650747, 1.3135950203, 2.1603458422, -0.8022332199, -0.8585012116, -0.8955652456, -0.8085759211, -0.7897169198, -0.50240115, -0.246859074, 0.3201498464, 1.2389722492, 2.0478774856, -0.7842335344, -0.8516672526, -0.9389038932, -0.8948128746, -0.8505782381, -0.54888053, -0.1747585504, 0.3706591331, 1.1494661111, 1.9478991693, -0.7954761575, -0.8918955979, -0.9289250563, -0.9842625769, -0.8897893135, -0.6304154024, -0.2481794119, 0.2657374089, 1.0928836065, 1.8899650641, -0.8388933833, -0.9766457764, -1.0774521156, -1.0468856651, -0.9542418837, -0.7999928978, -0.5505840579, -0.0893248176, 0.6565700701, 1.5828215764]}