{"source": [{"position": [-361.3703065798933, 166.77979950327884], "counts": 500000.0}, {"position": [125.60490619264213, 391.3366933221796], "counts": 500000.0}], "output": [0.0, 0.0, 0.0, 0.0, 0.0, 0.0, 0.0, 0.0, 0.0, 0.0, 0.0, 0.0, 0.0, 0.0, 0.0, 0.0, 0.0, 0.0, 0.0, 0.0, 0.0, 0.0, 0.0, 0.0, 0.0, 0.0, 0.0, 0.0, 0.0, 0.0, 0.0, 0.0, 0.0, 0.0, 0.0, 0.0, 0.0, 0.0, 0.0, 0.0, 0.0, 0.0, 0.0, 0.0, 0.08175547, 0.41824453, 0.0, 0.0, 0.0, 0.0, 0.0, 0.0, 0.0, 0.0, 0.0, 0.0, 0.0, 0.0, 0.0, 0.2021592447, 0.2978407553, 0.0, 0.0, 0.0], "num_sources": 2, "seg_angles": 64, "input": [0.2509541565, -0.3541102072, -0.7785945942, -0.9260110571, -1.2234738215, -1.3161047613, -1.295088601, -1.3613181256, -1.1579029446, -0.3893336181, 0.6762467003, 0.4544642052, -0.3803284364, -0.7625909247, -1.1548461506, -1.0238672646, -1.1796800533, -1.1599655323, -1.0395658638, -0.2818637728, 0.7600892993, 0.1114806006, -0.3843343941, -0.6692940677, -0.8896064505, -1.107759266, -1.1791486277, -1.1669201781, -1.0628416028, -0.1448194579, 0.6407143904, 0.1077162789, -0.0350325824, -0.5503005707, -0.7663980976, -0.9665595206, -1.1445532723, -1.08248284, -1.1032718922, -0.4212382922, 1.0577557045, 0.4231077531, -0.1990096656, -0.441827093, -0.5737593524, -0.9721153002, -1.0480557626, -1.0554714468, -0.9006416953, -0.4126428044, 0.9284757947, 0.6621964315, 0.1050956249, -0.3706016196, -0.689362522, -0.8192331115, -0.562895842, -0.7041304356, -0.9048705061, -0.3296270646, 1.1224441041, 0.5078410765, 0.1930408562, -0.1427608436, -0.2175876433, -0.3771824259, -0.5717928327, -0.695362607, -0.6207421904, -0.1746886588, 1.5199785712, 1.2034349465, 0.9540186937, 0.2987585345, 0.0119413142, -0.1144476763, -0.0822168323, -0.304338223, -0.2052896618, -0.0286989508, 1.9733385641, 1.4915880388, 1.3163119854, 0.8577411837, 1.1418924269, 0.9009633533, 0.7892595659, 0.5524723437, 0.6618879086, 0.7612607049, 2.0692107248, 1.8741272641, 2.011632618, 2.0750814634, 1.9791398289, 2.0629012949, 2.0042800105, 1.9044997854, 1.7566073937, 1.8046081136]}