{"source": [{"position": [-266.02578094372194, 39.8908996299013], "counts": 500000.0}, {"position": [383.9341204458223, -112.22562611762439], "counts": 500000.0}], "output": [0.0, 0.0, 0.0, 0.0, 0.0, 0.0, 0.0, 0.0, 0.0, 0.0, 0.0, 0.0, 0.0, 0.0, 0.0, 0.0, 0.0, 0.0, 0.0, 0.0, 0.0, 0.0, 0.0, 0.0, 0.0, 0.0, 0.0, 0.0, 0.0, 0.4483442456, 0.0516557544, 0.0, 0.0, 0.0, 0.0, 0.0, 0.0, 0.0, 0.0, 0.0, 0.0, 0.0, 0.0, 0.0, 0.0, 0.0, 0.0, 0.0, 0.0, 0.0, 0.0, 0.0, 0.0, 0.0, 0.0, 0.0, 0.0, 0.0, 0.0, 0.0, 0.0, 0.0, 0.2580474797, 0.2419525203], "num_sources": 2, "seg_angles": 64, "input": [2.8001942822, 1.8613981587, 0.9212852518, 0.0714222102, -0.3666199258, -0.4848824397, -0.6522268374, -0.6248438209, -0.2765223614, 0.08948094, 2.3666061645, 1.3639077978, 0.2885111906, -0.3488818507, -0.7600561204, -1.0592310359, -1.0727364837, -0.9486510208, -0.41296753, 0.7573052576, 2.100351815, 1.3450286486, 0.4509181887, -0.6591905118, -0.8530423246, -1.2009327073, -0.9984340117, -0.6654057084, -0.1765626219, 0.4080302008, 1.9932961873, 1.4601452118, -0.028942245, -0.6478622998, -0.7844137318, -0.7215161326, -0.7951437729, -0.6771070105, 0.1865721493, 0.4414590311, 2.3476390104, 1.0523041452, 0.0012520641, -0.2766140763, -1.0080284058, -1.1312369179, -1.0292963457, -0.8834327064, -0.0212646339, 0.6511923984, 1.7250529515, 1.0413539369, -0.2807834973, -0.5543141581, -1.0887616426, -1.1443654935, -1.0603243782, -0.6886652026, 0.0388817916, 0.4370199636, 2.2542271504, 1.3423767363, 0.1547873296, -0.4204210614, -0.9902698377, -1.2067112078, -0.8726359722, -0.2976308029, -0.1329142197, 0.2864073008, 1.9326639094, 1.0379373642, -0.1039790206, -0.7408183897, -0.9816927136, -1.2469581659, -1.1875853329, -0.5337024056, -0.0549174745, 0.419899574, 1.7031962687, 0.9073479401, -0.2710011057, -0.5595905199, -1.1614274053, -1.1208430835, -1.0239850703, -0.5618633926, 0.1970301849, 0.4759536534, 1.3476418356, 0.4344707587, -0.2418098443, -0.5992294974, -0.8786787133, -0.635343479, -0.4512352547, -0.1316017142, 0.7494949642, 1.3460617298]}