{"source": [{"position": [-82.32911531519805, -371.99854404475406], "counts": 500000.0}, {"position": [261.2825209565125, -136.95416840173056], "counts": 500000.0}], "output": [0.0, 0.0, 0.0, 0.0, 0.0, 0.0, 0.0, 0.0, 0.0, 0.0, 0.0, 0.0, 0.0, 0.1092713006, 0.3907286994, 0.0, 0.0, 0.0, 0.0, 0.0, 0.0, 0.0, 0.0, 0.0, 0.0, 0.0, 0.0, 0.4588254117, 0.0411745883, 0.0, 0.0, 0.0, 0.0, 0.0, 0.0, 0.0, 0.0, 0.0, 0.0, 0.0, 0.0, 0.0, 0.0, 0.0, 0.0, 0.0, 0.0, 0.0, 0.0, 0.0, 0.0, 0.0, 0.0, 0.0, 0.0, 0.0, 0.0, 0.0, 0.0, 0.0, 0.0, 0.0, 0.0, 0.0], "num_sources": 2, "seg_angles": 64, "input": [1.2897037893, 2.1647496255, 1.8090823646, 2.0744983056, 1.9300538349, 1.66907139, 2.1782050319, 1.8877544725, 2.067511974, 2.0290724305, 0.5999510965, 0.7364238122, 0.7789539153, 0.8991580907, 0.5733035, 0.8544136451, 0.8657475315, 1.0042250729, 1.6180457671, 1.8590555708, -0.0971507134, 0.0376238102, 0.0410044925, -0.1572268244, -0.1016515106, -0.0669490582, 0.2339287162, 0.6127108498, 1.0484788474, 1.4746775836, -0.6186037582, -0.6314420511, -0.5715008886, -0.4564395385, -0.238128904, -0.3394158151, 0.0596633238, 0.4868440451, 0.9276547057, 1.1624322056, -0.5902570863, -0.8453974018, -0.7430397081, -0.7128372186, -0.7266358414, -0.3339230911, -0.2995617295, 0.1100356604, 0.7195682476, 1.3465745949, -0.727785577, -1.1358896717, -1.0046352729, -0.8870493695, -0.6693582663, -0.7443693694, -0.3489646121, 0.0519786246, 0.3451854649, 1.0586642543, -0.8589342703, -1.2176804551, -1.130211562, -1.0538214671, -0.8627994724, -0.6939735444, -0.4972734085, -0.0830340236, 0.4906484355, 0.9503947832, -0.6733628356, -1.1060500207, -1.0970405702, -1.2070212811, -0.9897198533, -0.7920686747, -0.6672839442, -0.285161092, 0.3130417773, 0.7717010417, -0.6081802707, -1.2701155031, -1.2708695403, -1.2473751186, -1.1139677958, -1.0143034133, -0.722022616, -0.3969110071, 0.2379776997, 0.7089875511, -0.7437463418, -1.3385805747, -1.3408167938, -1.2866757359, -1.2786516012, -1.0553763426, -0.8222770398, -0.556450357, -0.1542728645, 0.4054847329]}