{"source": [{"position": [62.118107734259475, -195.3620758783929], "counts": 500000.0}, {"position": [-162.95874174151865, 114.21667343265179], "counts": 500000.0}], "output": [0.0, 0.0, 0.0, 0.0, 0.0, 0.0, 0.0, 0.0, 0.0, 0.0, 0.0, 0.0, 0.0, 0.0, 0.0, 0.0, 0.0, 0.0, 0.0, 0.4321074722, 0.0678925278, 0.0, 0.0, 0.0, 0.0, 0.0, 0.0, 0.0, 0.0, 0.0, 0.0, 0.0, 0.0, 0.0, 0.0, 0.0, 0.0, 0.0, 0.0, 0.0, 0.0, 0.0, 0.0, 0.0, 0.0, 0.0, 0.0, 0.0, 0.0, 0.0, 0.0, 0.0, 0.0, 0.0, 0.0, 0.0, 0.0, 0.1134535437, 0.3865464563, 0.0, 0.0, 0.0, 0.0, 0.0], "num_sources": 2, "seg_angles": 64, "input": [2.6354900852, 2.2439168067, 1.8122283359, 1.6197158352, 1.1144529018, 1.2158794524, 0.9123000588, 0.8763505818, 0.7935629838, 0.4266974417, 2.8426451905, 2.2334604142, 1.4501565822, 0.8267261776, 0.4323280351, 0.3367712034, 0.3012750229, 0.1202963531, -0.0677426039, -0.0928262219, 2.0042342235, 1.2833095435, 0.7051558702, 0.4236521812, 0.1570154234, -0.4755998506, -0.3046714763, -0.3099385755, -0.6964230673, -0.3671739814, 1.4025298963, 0.7930280618, 0.0640834998, -0.372727497, -0.4168885729, -0.7375528806, -1.0321618782, -0.8892507491, -1.2425827695, -0.4404807051, 1.372569177, 0.5434048808, -0.050090826, -0.5972613027, -0.821545819, -1.155923087, -1.1731739079, -1.2751626975, -1.2275134748, -0.4796778622, 0.9140580882, 0.4064355062, -0.4202749683, -0.7794621696, -1.0623197056, -1.2817803485, -1.4959027285, -1.3763114935, -1.251911963, -0.5572409129, 0.9247113837, 0.2519322724, -0.529729525, -0.852094523, -1.0305171547, -1.448806753, -1.3835623491, -1.5005265467, -1.2580252002, -0.0392913251, 0.8511948766, 0.0196358038, -0.637178729, -0.9992186959, -1.1062819665, -1.1209716691, -1.0849570531, -1.1367877944, -0.9739679261, -0.0003229545, 0.3869956457, -0.0976841604, -0.5311002293, -0.5689507409, -0.6821315507, -0.5169917152, -0.6974267509, -0.4084931119, -0.2072294052, 0.6396978831, 0.5560999446, 0.5877007704, 0.5631074964, 0.3679666848, 0.2196020442, 0.2288703776, 0.4152057675, 0.6189171327, 0.757855793, 1.6105982354]}