{"source": [{"position": [170.663689626066, -365.079313359738], "counts": 500000.0}, {"position": [-67.068915224165, -76.84894671141414], "counts": 500000.0}], "output": [0.0, 0.0, 0.0, 0.0, 0.0, 0.0, 0.0, 0.0, 0.1544360108, 0.3455639892, 0.0, 0.0, 0.0, 0.0, 0.0, 0.0, 0.0, 0.0, 0.0, 0.0, 0.2729167688, 0.2270832312, 0.0, 0.0, 0.0, 0.0, 0.0, 0.0, 0.0, 0.0, 0.0, 0.0, 0.0, 0.0, 0.0, 0.0, 0.0, 0.0, 0.0, 0.0, 0.0, 0.0, 0.0, 0.0, 0.0, 0.0, 0.0, 0.0, 0.0, 0.0, 0.0, 0.0, 0.0, 0.0, 0.0, 0.0, 0.0, 0.0, 0.0, 0.0, 0.0, 0.0, 0.0, 0.0], "num_sources": 2, "seg_angles": 64, "input": [2.016342127, 2.2138950083, 2.0774578586, 1.919000067, 1.8607284081, 2.1040198674, 2.0689185162, 1.9197181661, 1.8184603522, 1.4775523639, 1.6051966745, 1.1085172049, 1.1944538762, 0.860420313, 0.9722602064, 1.0118549058, 0.9257900244, 1.0067481834, 0.9210079383, 0.6624960528, 1.3883901729, 0.8339335683, 0.3450589436, 0.2376440635, 0.3490186705, 0.0921498142, 0.1266169124, 0.0918211882, 0.0333504927, 0.1111178208, 1.2215298583, 0.497989047, 0.0465239887, -0.2288244461, -0.368574931, -0.262906008, -0.2469693462, -0.4315915729, -0.3449285614, -0.3036147521, 1.1120206812, 0.4199840447, -0.2730034169, -0.5454061286, -0.6155252392, -0.7176027173, -0.7428447597, -0.6631336439, -0.6317882853, -0.4777116068, 1.1769517651, 0.2917093531, -0.2052855595, -0.5781037604, -0.8380170514, -0.914183477, -0.9516638169, -0.9672864184, -0.9028664273, -0.6743458648, 1.1139154576, 0.311302757, -0.2554022213, -0.699159416, -0.9062182733, -1.0696106891, -1.0183840829, -1.0391436106, -0.8650116194, -0.7784682659, 1.1528074573, 0.17556991, -0.3897941693, -0.7530655993, -0.8840008844, -1.1226528802, -1.1712739746, -1.1191314861, -0.9923328724, -0.8155923892, 1.0783210228, 0.1672635593, -0.3985981867, -0.7897924168, -0.9407777869, -1.1017215059, -1.1874455036, -1.1946746077, -1.1049498648, -0.8199128199, 0.6526870843, 0.0882272336, -0.6712030799, -0.964133931, -1.1585425478, -1.2074284289, -1.2174831743, -1.2289611245, -1.1384207735, -0.971277004]}