{"source": [{"position": [67.58839706055873, 436.80179553521094], "counts": 500000.0}, {"position": [-230.0544288160354, 71.80501223541229], "counts": 500000.0}], "output": [0.0, 0.0, 0.0, 0.0, 0.0, 0.0, 0.0, 0.0, 0.0, 0.0, 0.0, 0.0, 0.0, 0.0, 0.0, 0.0, 0.0, 0.0, 0.0, 0.0, 0.0, 0.0, 0.0, 0.0, 0.0, 0.0, 0.0, 0.0, 0.0, 0.0, 0.0, 0.0, 0.0, 0.0, 0.0, 0.0, 0.0, 0.0, 0.0, 0.0, 0.0, 0.0, 0.0, 0.0, 0.0, 0.0, 0.2818567766, 0.2181432234, 0.0, 0.0, 0.0, 0.0, 0.0, 0.0, 0.0, 0.0, 0.0, 0.0, 0.0, 0.0, 0.0408251863, 0.4591748137, 0.0, 0.0], "num_sources": 2, "seg_angles": 64, "input": [0.9653790628, 0.352810678, -0.2277944456, -0.6463916964, -0.8718105896, -1.0393814503, -1.1896021999, -1.3874970855, -1.447138111, -1.1549641967, 1.2803529868, 0.5417916943, 0.1630362836, -0.5948687078, -0.7828288952, -0.9438504707, -1.2119363557, -1.1570508422, -1.2677755209, -0.8814719137, 1.379201997, 0.6104101447, 0.0370444077, -0.3369817407, -0.6766167937, -1.0658038171, -1.2266070992, -1.2476486257, -1.2196621078, -0.9448579516, 1.3042087727, 0.7183442397, 0.1537926942, -0.5188747609, -0.632023127, -0.8830366069, -1.1034845118, -1.1636876346, -1.0987083095, -0.9631277221, 1.5204439278, 0.9162567885, 0.1954399424, -0.2090870722, -0.5815124528, -0.7532226292, -0.9278744588, -1.0487630229, -1.1653391819, -0.9680085821, 1.4360421322, 1.1926901821, 0.46452204, -0.2033069788, -0.3709747286, -0.7182814779, -0.7683187158, -0.8733828826, -0.9308226937, -0.9522489398, 1.7571546732, 1.1973536371, 0.5944635923, 0.2354519291, -0.1462652507, -0.5254647467, -0.4942241648, -0.6958912989, -0.7826988513, -0.6103418243, 1.7451808797, 1.2660140215, 0.9420508746, 0.3806419653, 0.1909569436, -0.0393449811, -0.3212691248, -0.3944622462, -0.4923878793, -0.56858657, 2.0428605473, 1.535331444, 1.0642511412, 0.490875442, 0.5539745087, 0.3362929626, 0.2688351536, 0.1985988194, 0.2455502408, -0.1669479646, 2.3978608916, 2.0105745021, 1.4248942673, 1.5368780167, 1.5271750445, 1.4162764027, 1.679255555, 1.304442874, 1.1267520375, 0.892795668]}