{"source": [{"position": [80.93636623273065, -129.8395341220897], "counts": 500000.0}, {"position": [-1.6045503394761997, -22.94396256552226], "counts": 500000.0}], "output": [0.0, 0.0, 0.0, 0.0, 0.0, 0.0, 0.0, 0.0, 0.0, 0.0, 0.0, 0.0, 0.0, 0.0, 0.0, 0.355589172, 0.144410828, 0.0, 0.0, 0.0, 0.0, 0.1610991949, 0.3389008051, 0.0, 0.0, 0.0, 0.0, 0.0, 0.0, 0.0, 0.0, 0.0, 0.0, 0.0, 0.0, 0.0, 0.0, 0.0, 0.0, 0.0, 0.0, 0.0, 0.0, 0.0, 0.0, 0.0, 0.0, 0.0, 0.0, 0.0, 0.0, 0.0, 0.0, 0.0, 0.0, 0.0, 0.0, 0.0, 0.0, 0.0, 0.0, 0.0, 0.0, 0.0], "num_sources": 2, "seg_angles": 64, "input": [1.8192857395, 2.2419104776, 2.3164498405, 2.2954265154, 2.309089925, 2.2878684174, 2.2739275525, 2.1878472305, 2.1982345936, 1.7653386624, 0.9209640859, 1.2763473032, 1.3722063133, 1.4582955302, 1.444550411, 1.4874508251, 1.3967004324, 1.3590886146, 1.3032010936, 0.9909248849, 0.2719026978, 0.6117124118, 0.6109941, 0.6455027511, 0.6721090917, 0.6562003194, 0.7075856453, 0.6241764272, 0.6005714201, 0.4602447044, -0.2145982359, 0.1017648898, 0.0764738344, 0.1038260942, 0.1598817743, 0.1585426889, 0.0994267454, 0.0577284266, 0.0796149506, -0.0131110253, -0.4638879702, -0.3081504269, -0.3015027063, -0.3073946498, -0.2210822433, -0.2217676225, -0.2321581641, -0.2398993565, -0.268224981, -0.2767663548, -0.695063642, -0.5571545249, -0.5503760266, -0.5514362032, -0.4815204218, -0.4914203939, -0.5128024942, -0.5138163667, -0.5087879765, -0.4435597326, -0.8416382733, -0.7318140558, -0.6944096779, -0.7112962741, -0.6724510499, -0.6510227689, -0.6714461568, -0.6880208219, -0.6220094921, -0.5589618372, -0.9102427374, -0.8575952018, -0.8291236593, -0.8302015292, -0.7853835119, -0.7912142214, -0.8269555669, -0.7824801142, -0.7407221977, -0.6422811774, -0.9849713034, -0.9335570088, -0.8955935803, -0.9008839224, -0.8769543377, -0.8817787657, -0.8580927797, -0.8631762902, -0.8151335054, -0.6861982417, -1.0465107575, -1.0037469619, -0.9786147774, -0.9864154292, -0.9736535373, -0.9716282487, -0.9625955203, -0.9288630245, -0.859361664, -0.7818859219]}