{"source": [{"position": [-165.8582049058705, -100.63327414628958], "counts": 500000.0}, {"position": [77.5269153054927, -53.156160538689804], "counts": 500000.0}], "output": [0.0, 0.0, 0.0, 0.0, 0.0, 0.2224905397, 0.2775094603, 0.0, 0.0, 0.0, 0.0, 0.0, 0.0, 0.0, 0.0, 0.0, 0.0, 0.0, 0.0, 0.0, 0.0, 0.0, 0.0, 0.0, 0.0, 0.061013245, 0.438986755, 0.0, 0.0, 0.0, 0.0, 0.0, 0.0, 0.0, 0.0, 0.0, 0.0, 0.0, 0.0, 0.0, 0.0, 0.0, 0.0, 0.0, 0.0, 0.0, 0.0, 0.0, 0.0, 0.0, 0.0, 0.0, 0.0, 0.0, 0.0, 0.0, 0.0, 0.0, 0.0, 0.0, 0.0, 0.0, 0.0, 0.0], "num_sources": 2, "seg_angles": 64, "input": [1.7509439395, 2.0806637827, 1.9495555554, 2.2316893162, 1.7750133372, 2.2001428896, 2.0303203749, 2.1192012705, 2.2673638733, 2.1530484125, 0.8205926473, 0.6815458113, 0.5090566375, 0.5358844136, 0.4140818849, 0.4247271252, 0.5249949651, 0.6221709194, 0.9579614885, 1.7960245017, 0.211259054, 0.1443530799, -0.1130663946, -0.4727436431, -0.3608463831, -0.4895964843, -0.2670427395, -0.0263706678, 0.6297780251, 1.4447880882, 0.0328184636, -0.2913810496, -0.5010931379, -0.6474069518, -0.7700188092, -0.8939848963, -0.5927769213, -0.1122016363, 0.7267110753, 1.5058634107, -0.1545973772, -0.5357766476, -0.7024866586, -0.9373415912, -1.0028346769, -0.8460907228, -0.6122818885, -0.1253718866, 0.461761426, 1.4369390616, -0.3181638689, -0.4720013201, -0.8651835439, -1.0143180298, -1.0418965038, -0.9606540341, -0.7790953571, -0.1792131827, 0.5847969083, 1.1515143262, -0.2237089552, -0.590630783, -0.9123772518, -1.0790103339, -1.0286966582, -0.962658408, -0.6234262967, -0.2249156865, 0.4756786023, 1.2121218161, -0.334943431, -0.5136273554, -0.8677006845, -1.0633358585, -1.0551347253, -0.9201829555, -0.7310164568, -0.305150163, 0.458800453, 1.1428592139, -0.3081009749, -0.7152886798, -1.0666038804, -1.1011051462, -1.1385000894, -1.0090577517, -0.8186236062, -0.3374098565, 0.3200906786, 1.1556478874, -0.4652207994, -0.9354706236, -1.1685799392, -1.2749659649, -1.2413320426, -1.2287783322, -0.9465495439, -0.6479215996, 0.1262813842, 0.858815738]}