{"source": [{"position": [40.28076169442116, 236.59556259008167], "counts": 500000.0}, {"position": [88.13665095177946, -293.0323032687765], "counts": 500000.0}], "output": [0.0, 0.0, 0.0, 0.0, 0.0, 0.0, 0.0, 0.0, 0.0, 0.0, 0.0, 0.0, 0.0, 0.0, 0.0, 0.0, 0.0, 0.0, 0.0120046, 0.4879954, 0.0, 0.0, 0.0, 0.0, 0.0, 0.0, 0.0, 0.0, 0.0, 0.0, 0.0, 0.0, 0.0, 0.0, 0.0, 0.0, 0.0, 0.0, 0.0, 0.0, 0.0, 0.0, 0.0, 0.0, 0.0, 0.0, 0.3588491344, 0.1411508656, 0.0, 0.0, 0.0, 0.0, 0.0, 0.0, 0.0, 0.0, 0.0, 0.0, 0.0, 0.0, 0.0, 0.0, 0.0, 0.0], "num_sources": 2, "seg_angles": 64, "input": [0.2703839686, 0.7543961438, 0.5829877209, 0.5688855745, 0.5381743988, 0.7297195592, 0.8572938142, 1.0286915506, 0.7962867476, 1.7412383089, -0.5290590084, 0.1306632885, 0.0116080824, -0.1202522934, -0.1873067077, -0.1075523996, 0.017534158, 0.1024468846, 0.210000724, 1.3249762329, -1.0612332053, -0.5899739716, -0.6548520621, -0.5330431318, -0.5971316813, -0.539840277, -0.3857836484, -0.4091986308, -0.536908429, 0.8736658842, -1.5435410337, -1.2574383841, -1.0506745356, -0.9383272608, -1.031633614, -0.7007129569, -0.8159770125, -0.8416540456, -0.8478370048, 0.7221218689, -1.5844976902, -1.1306798622, -0.9651963479, -1.2444869479, -1.2719032751, -0.9182092164, -0.907206647, -1.2306346532, -1.0862800832, 0.9300595175, -1.445848613, -1.2425164852, -0.801218969, -1.0676455433, -1.1840672163, -0.9285053468, -0.9433260668, -1.1568682179, -0.6613468584, 0.8536952296, -1.2766830496, -0.5625888967, -0.5077396223, -0.627346422, -0.7001302738, -0.7417431123, -0.725579784, -0.6060432673, -0.445603233, 0.7934660182, -0.6967667184, -0.2745265761, -0.0951620059, 0.3843145954, -0.367304799, 0.0577041011, -0.1778823393, -0.215918362, 0.3893493547, 1.3674514865, 0.0646770196, 0.7175663186, 1.1097263432, 0.945238836, 0.6379248487, 0.9140998572, 0.8590899137, 0.9025802491, 1.2470039949, 1.8277654823, 1.1874651145, 1.5515349468, 1.971501837, 1.7594709733, 1.5221911897, 1.826772159, 1.7548301989, 1.6364441794, 1.911066024, 2.6873230959]}