{"source": [{"position": [150.03730636640003, 204.95074212677306], "counts": 500000.0}, {"position": [-19.979571405183464, 125.41856611548856], "counts": 500000.0}], "output": [0.0, 0.0, 0.0, 0.0, 0.0, 0.0, 0.0, 0.0, 0.0, 0.0, 0.0, 0.0, 0.0, 0.0, 0.0, 0.0, 0.0, 0.0, 0.0, 0.0, 0.0, 0.0, 0.0, 0.0, 0.0, 0.0, 0.0, 0.0, 0.0, 0.0, 0.0, 0.0, 0.0, 0.0, 0.0, 0.0, 0.0, 0.0, 0.0, 0.0, 0.0, 0.2183608953, 0.2816391047, 0.0, 0.0, 0.0, 0.0, 0.0, 0.0, 0.1954362505, 0.3045637495, 0.0, 0.0, 0.0, 0.0, 0.0, 0.0, 0.0, 0.0, 0.0, 0.0, 0.0, 0.0, 0.0], "num_sources": 2, "seg_angles": 64, "input": [-0.6992727536, -1.1603152157, -1.1885245168, -1.1649839717, -1.2122437261, -1.0937247653, -1.0495178249, -0.9469977967, -0.623722715, -0.3898325783, -0.6695661569, -1.1021173403, -1.1038366175, -1.142612272, -1.0971000793, -1.0160148384, -0.9560567379, -0.7975062413, -0.5555228638, -0.2392374439, -0.5507183964, -0.9835193541, -0.9706255771, -1.0435608843, -0.9975303788, -0.9930171683, -0.8466598334, -0.7832456593, -0.460119649, -0.1772185831, -0.563038123, -0.803574183, -0.8134681576, -0.8945984977, -0.8873880353, -0.8612674167, -0.8066809978, -0.6688476477, -0.411728084, -0.1423640455, -0.4065448446, -0.6445203817, -0.6853530863, -0.6545617737, -0.695907724, -0.7095524137, -0.5763117651, -0.4671602222, -0.2630107727, 0.1289125489, -0.2487789479, -0.5220094613, -0.4387428269, -0.4597705127, -0.2304041087, -0.2800622458, -0.2409027936, -0.2457398169, -0.0149695536, 0.1081625548, -0.0436101774, -0.105062409, 0.025959175, -0.0263481861, 0.0191967011, 0.0853028132, 0.0501563065, 0.0228380863, 0.2223056406, 0.4608886938, 0.454080759, 0.5440976883, 0.420952802, 0.58493215, 0.6801567618, 0.6377192104, 0.6130016631, 0.5512270463, 0.7220196556, 0.5820125089, 0.8518807744, 1.2088177677, 1.2392785332, 1.5856970435, 1.225465389, 1.3087879348, 1.2167960573, 1.2689318419, 1.3927716912, 1.3105122841, 1.6661365637, 2.2267253798, 2.1858925506, 2.2764312996, 2.2165449332, 2.2329937273, 2.2107512187, 2.2176766998, 2.1871281874, 1.8840585082]}