{"source": [{"position": [-383.5183145679491, -153.24066820188304], "counts": 500000.0}, {"position": [58.026520283330704, -198.70058616875852], "counts": 500000.0}], "output": [0.0, 0.0, 0.0, 0.064005101, 0.435994899, 0.0, 0.0, 0.0, 0.0, 0.0, 0.0, 0.0, 0.0, 0.0, 0.0, 0.0, 0.0, 0.0, 0.0529435511, 0.4470564489, 0.0, 0.0, 0.0, 0.0, 0.0, 0.0, 0.0, 0.0, 0.0, 0.0, 0.0, 0.0, 0.0, 0.0, 0.0, 0.0, 0.0, 0.0, 0.0, 0.0, 0.0, 0.0, 0.0, 0.0, 0.0, 0.0, 0.0, 0.0, 0.0, 0.0, 0.0, 0.0, 0.0, 0.0, 0.0, 0.0, 0.0, 0.0, 0.0, 0.0, 0.0, 0.0, 0.0, 0.0], "num_sources": 2, "seg_angles": 64, "input": [2.1103061281, 2.1771998671, 2.0567773887, 1.965192986, 2.1742597184, 2.1965161532, 2.490079389, 2.0405440607, 1.9080679519, 1.8847708645, 1.8083470894, 1.5405696669, 1.2636468407, 1.1576107018, 0.9479836627, 1.0581287958, 1.1255452782, 1.0506041965, 0.8377654952, 0.7539890986, 1.0486170465, 0.988434883, 0.7877902393, 0.4663495636, 0.5365358131, 0.3019388619, 0.2719309176, 0.2368346043, 0.0245578878, 0.3727620231, 0.5454720642, 0.4561983514, 0.0939048959, 0.0505042192, -0.0226071243, -0.0647737442, -0.2295600283, -0.34207422, -0.3914279406, 0.2420619687, 0.5746838481, 0.1866571765, -0.1505771932, -0.2011938521, -0.4770578209, -0.6216567805, -0.6296876476, -0.6257635283, -0.665518548, -0.0063036327, 0.2223340867, -0.0593980114, -0.4234472061, -0.5097926166, -0.6247886133, -0.8575324264, -0.8628166161, -0.8328846286, -0.8765795968, 0.1801788087, 0.2475506112, -0.2988001747, -0.435252618, -0.7914201071, -0.9020804946, -0.8984108331, -0.9873171024, -1.0432756911, -0.9695453403, -0.0839183548, -0.044471026, -0.2969567011, -0.7669424085, -0.9048828078, -0.8643599253, -1.0900287291, -1.111372308, -1.0972848713, -0.9298314445, 0.0638088809, -0.1908432364, -0.4015951506, -0.8483209471, -0.9167286229, -1.009995019, -1.1334892977, -1.1877452641, -1.1974708036, -1.0144573225, -0.0853236986, -0.3226833107, -0.7070821656, -0.9648433759, -1.0856329033, -1.21306816, -1.2683226809, -1.2625797333, -1.3032218661, -1.1709411572, -0.1710746557]}