{"source": [{"position": [-274.5464574722608, 200.55982321849035], "counts": 500000.0}, {"position": [276.14433558866426, -268.2709561661403], "counts": 500000.0}], "output": [0.0, 0.0, 0.0, 0.0, 0.0, 0.0, 0.0, 0.0, 0.0, 0.0, 0.0, 0.0, 0.0, 0.0, 0.0, 0.0, 0.0, 0.0, 0.0, 0.0, 0.0, 0.0, 0.0, 0.0, 0.4263503478, 0.0736496522, 0.0, 0.0, 0.0, 0.0, 0.0, 0.0, 0.0, 0.0, 0.0, 0.0, 0.0, 0.0, 0.0, 0.0, 0.0, 0.0, 0.0, 0.0, 0.0, 0.0, 0.0, 0.0, 0.0, 0.0, 0.0, 0.0, 0.0, 0.0, 0.0, 0.0, 0.0, 0.2132109476, 0.2867890524, 0.0, 0.0, 0.0, 0.0, 0.0], "num_sources": 2, "seg_angles": 64, "input": [2.9569961393, 2.0181612237, 1.5036248143, 0.8020899286, 0.7694981792, 0.5782999263, 0.3473511703, 0.2116076713, 0.1129280842, 0.2860301458, 2.077295132, 1.4172199008, 1.121433682, 0.620242031, 0.0700399325, -0.3196353782, -0.5313276247, -0.6411121883, -0.2605802522, 0.476577085, 1.7050100939, 0.8737034486, 0.4800632842, -0.4865419083, -0.7750797294, -1.175083131, -1.2328362508, -1.1567034617, -0.5253100084, 0.2928112145, 1.4952851182, 0.5559217375, -0.3210456284, -0.526421986, -1.295294652, -1.1899537125, -1.2664684583, -1.2664993199, -0.277037011, 0.4987942741, 0.6464822576, 0.2415408629, -0.7463059629, -1.0757697096, -1.2226284369, -1.6738502816, -1.5536002214, -1.2633601997, -0.2410733329, -0.0087240089, 0.8585642538, 0.2765432029, -0.8789725983, -1.2227630871, -1.4235787564, -1.3943936353, -1.3536077268, -1.0512199633, -0.2347636012, 0.5811139482, 1.0061544117, -0.0628555932, -0.5103263698, -1.1471988892, -1.3583299749, -1.4392222133, -1.145949137, -0.6437329044, -0.2866345785, 0.8692772747, 0.6368396054, -0.0696941276, -0.6835723414, -1.0763944115, -0.9454044078, -1.0415342187, -0.6199139118, -0.3809508285, 0.5249322727, 1.1378381452, 1.300485991, -0.0664419564, -0.3665955661, -0.5237032774, -0.5860766548, -0.3311922121, -0.1601808555, 0.4397948774, 1.0886035674, 1.51802409, 0.9153294226, 0.5205302506, 0.576876798, 0.4788789083, 0.5253251696, 0.6799332956, 0.6623763282, 1.200622391, 1.7823151759, 2.2980799348]}