{"source": [{"position": [384.20696054193525, 289.38903135939313], "counts": 500000.0}, {"position": [347.46853805866647, -356.74867211998577], "counts": 500000.0}], "output": [0.0, 0.0, 0.0, 0.0, 0.0, 0.0, 0.0, 0.0, 0.0, 0.0, 0.0, 0.0, 0.0, 0.0, 0.0, 0.0, 0.0, 0.0, 0.0, 0.0, 0.0, 0.0, 0.0, 0.0671108266, 0.4328891734, 0.0, 0.0, 0.0, 0.0, 0.0, 0.0, 0.0, 0.0, 0.0, 0.0, 0.0, 0.0, 0.0, 0.212224618, 0.287775382, 0.0, 0.0, 0.0, 0.0, 0.0, 0.0, 0.0, 0.0, 0.0, 0.0, 0.0, 0.0, 0.0, 0.0, 0.0, 0.0, 0.0, 0.0, 0.0, 0.0, 0.0, 0.0, 0.0, 0.0], "num_sources": 2, "seg_angles": 64, "input": [0.0211272665, 0.1677141419, 0.3122505943, 0.376531802, 0.34547131, 0.6991170971, 0.4575359498, 0.8054479831, 1.1500160114, 2.2605718427, -0.5517742757, -0.3155611085, -0.34400287, -0.1529337491, -0.0208920489, 0.2700690418, 0.0492981228, 0.338092418, 1.2244239403, 2.302975948, -0.7887536215, -0.7793112139, -0.8506559284, -0.4756423783, -0.5443985841, -0.3139950583, -0.2052239558, 0.1994943838, 1.088042117, 2.1242744033, -1.1430472037, -0.9951017679, -1.095947674, -0.9258659214, -0.9809716178, -0.6287127383, -0.4196520271, 0.0001638691, 0.7786093188, 2.1905002817, -1.2575008576, -1.2085440762, -1.0894414643, -1.1115782851, -1.0078466721, -0.6655170683, -0.4501160912, -0.0353555879, 1.0912882154, 2.0915111043, -1.1944925341, -1.174881733, -1.1327361005, -1.187205125, -1.0130099121, -0.8923604315, -0.5565349513, 0.3905267867, 0.7935662909, 2.4152547847, -1.2602658068, -1.105148583, -1.2484047318, -0.9958206023, -0.9382722205, -0.6977379833, -0.494637959, 0.1561755842, 1.1484536959, 2.3008867122, -1.0662252463, -0.9677164854, -0.8748204096, -0.8470329599, -0.7093224195, -0.5489001721, -0.482450094, 0.1091751038, 0.9987348232, 2.1599662108, -0.64212364, -0.4433133502, -0.4220237552, -0.3000998128, -0.446841743, -0.2554586146, 0.1013075111, 0.4514040276, 1.0523522965, 2.1536164982, 0.0243658998, 0.2634895186, -0.0506730498, -0.0113557987, 0.3656613325, 0.6145435117, 0.6816099063, 0.6540945192, 1.1640343912, 1.9744635024]}