{"source": [{"position": [218.5518201713568, 428.48115699501517], "counts": 500000.0}, {"position": [-29.630686509468692, 69.98587298146384], "counts": 500000.0}], "output": [0.0, 0.0, 0.0, 0.0, 0.0, 0.0, 0.0, 0.0, 0.0, 0.0, 0.0, 0.0, 0.0, 0.0, 0.0, 0.0, 0.0, 0.0, 0.0, 0.0, 0.0, 0.0, 0.0, 0.0, 0.0, 0.0, 0.0, 0.0, 0.0, 0.0, 0.0, 0.0, 0.0, 0.0, 0.0, 0.0, 0.0, 0.0, 0.0, 0.0, 0.0, 0.0, 0.0, 0.4021676632, 0.0978323368, 0.0, 0.0, 0.0, 0.0, 0.0, 0.0, 0.0, 0.4602778265, 0.0397221735, 0.0, 0.0, 0.0, 0.0, 0.0, 0.0, 0.0, 0.0, 0.0, 0.0], "num_sources": 2, "seg_angles": 64, "input": [0.2835939867, -0.6862701457, -1.0227218907, -1.0741943259, -1.1655678164, -1.1405561115, -1.1532612412, -1.1246743745, -1.0404955555, -0.9138973084, 0.394106331, -0.422790563, -0.8214328516, -1.0531362444, -1.1099934666, -1.0783400556, -1.0705236724, -1.0435679764, -0.9577264096, -0.9084745393, 0.5275254538, -0.4758530922, -0.7529713279, -0.9883070358, -0.9843172639, -1.0246657864, -0.9930119774, -0.995063068, -0.9207361952, -0.7258266842, 0.4510972624, -0.2162135547, -0.7586880284, -0.7963954663, -0.8609766609, -0.9042027885, -0.8796128902, -0.8524038946, -0.7779658204, -0.7228608912, 0.6570432205, -0.244009286, -0.5695876372, -0.682746394, -0.7383285146, -0.7145665847, -0.754906461, -0.7401748854, -0.6284009829, -0.5755746653, 0.7624007946, -0.1255734779, -0.4110743829, -0.4211104358, -0.394110536, -0.4121522514, -0.4453594441, -0.4719521586, -0.4615280531, -0.4208119865, 0.8965309233, 0.0589476451, -0.1275074564, -0.0510193477, 0.0286117398, -0.0833554906, -0.08255575, -0.0495113038, -0.0590640962, -0.1615844971, 1.0744917977, 0.4139642639, 0.6046567259, 0.5156106949, 0.4707329074, 0.518621786, 0.4633000736, 0.5737728295, 0.3622717149, 0.2522518319, 1.2369879184, 1.304281931, 1.3908346772, 1.2805124767, 1.4498722364, 1.2585768464, 1.2597396266, 1.1189607799, 1.1489001678, 0.9508192875, 1.8820526463, 2.0900782473, 2.276312338, 2.2852477113, 2.2283481586, 2.2313971349, 2.0211306015, 2.0569833233, 1.921547156, 1.5421478063]}