{"source": [{"position": [-388.59674684997884, -311.44272079728165], "counts": 500000.0}, {"position": [-289.907140005526, 373.7416891033382], "counts": 500000.0}], "output": [0.0, 0.0, 0.0, 0.0, 0.0, 0.0, 0.0590580358, 0.4409419642, 0.0, 0.0, 0.0, 0.0, 0.0, 0.0, 0.0, 0.0, 0.0, 0.0, 0.0, 0.0, 0.0, 0.0, 0.0, 0.0, 0.0, 0.0, 0.0, 0.0, 0.0, 0.0, 0.0, 0.0, 0.0, 0.0, 0.0, 0.0, 0.0, 0.0, 0.0, 0.0, 0.0, 0.0, 0.0, 0.0, 0.0, 0.0, 0.0, 0.0, 0.0, 0.0, 0.0, 0.0, 0.0, 0.0, 0.139971334, 0.360028666, 0.0, 0.0, 0.0, 0.0, 0.0, 0.0, 0.0, 0.0], "num_sources": 2, "seg_angles": 64, "input": [1.7749656964, 0.9016191597, 0.5611030307, 0.4977646748, 0.3653764869, 0.1731008268, 0.1411637862, 0.1725015469, 0.3028152652, -0.033463903, 2.2124662914, 0.8784135744, 0.1855109522, -0.0949643608, -0.4060243289, -0.4178944953, -0.424519409, -0.6715207466, -0.5791433877, -0.8586797731, 2.2034202799, 0.8450791944, 0.1444718215, -0.4818699756, -0.6495132671, -0.795086749, -0.9518720691, -0.9030810795, -0.8215098106, -1.002461867, 2.2426713237, 1.2695828698, 0.0125754728, -0.64456035, -0.9660043241, -0.8812750514, -1.0404120211, -0.9383466757, -1.0404612618, -1.3074849598, 2.4283334739, 1.0471065484, 0.0947809632, -0.6707732374, -0.8241535948, -1.0379841958, -1.0697203136, -1.1031631269, -1.3106073244, -1.2832530722, 2.4657087573, 0.7824715091, 0.1446083045, -0.6521735245, -0.8906271653, -1.1511998935, -0.9286924055, -1.1118026235, -1.1041894132, -1.1772983159, 2.4150668383, 0.9467787142, -0.0533984018, -0.1657766486, -0.6513597473, -0.601101775, -0.8858152942, -1.0975075869, -0.9799006643, -1.2526955532, 2.2001597823, 0.9184127318, 0.1063803098, 0.0429543511, -0.3564370951, -0.4932497688, -0.5322796062, -0.5555060558, -0.6637238473, -0.7747812328, 1.8758306179, 1.2836352569, 0.5076385176, 0.4180725317, -0.0511972334, 0.0866336951, -0.3523215309, -0.1775671887, -0.1904325087, -0.3709063678, 1.7130613188, 1.6051030531, 1.1164839386, 0.7352979892, 0.9524791185, 0.6420184914, 0.5491267425, 0.2629243126, 0.1662541939, 0.0398218641]}