{"source": [{"position": [-98.06381539990338, -357.8050979363118], "counts": 500000.0}, {"position": [-141.22470077206287, -87.24439175007929], "counts": 500000.0}], "output": [0.0, 0.0, 0.0, 0.0, 0.0, 0.1816417155, 0.3183582845, 0.0, 0.0, 0.0, 0.0, 0.0, 0.0, 0.3623756817, 0.1376243183, 0.0, 0.0, 0.0, 0.0, 0.0, 0.0, 0.0, 0.0, 0.0, 0.0, 0.0, 0.0, 0.0, 0.0, 0.0, 0.0, 0.0, 0.0, 0.0, 0.0, 0.0, 0.0, 0.0, 0.0, 0.0, 0.0, 0.0, 0.0, 0.0, 0.0, 0.0, 0.0, 0.0, 0.0, 0.0, 0.0, 0.0, 0.0, 0.0, 0.0, 0.0, 0.0, 0.0, 0.0, 0.0, 0.0, 0.0, 0.0, 0.0], "num_sources": 2, "seg_angles": 64, "input": [1.7794699368, 1.7493779367, 1.5424097297, 1.736371826, 1.9672429395, 1.6155119894, 1.7824843392, 1.5004211004, 1.7889995521, 1.4786341161, 1.8187463079, 1.1397190032, 0.7860633585, 0.6555281995, 0.6103925506, 0.6440413096, 0.513050958, 0.6298411879, 0.4379975383, 0.2611974702, 1.6224086327, 1.0428690563, 0.3484593019, 0.1397209165, -0.0087218192, -0.0688525559, -0.1345066663, -0.1422867814, -0.1701834272, -0.4702475077, 1.4729560741, 0.7608887021, 0.2497089546, -0.066000125, -0.3973262778, -0.4639368446, -0.5476314067, -0.5119762409, -0.6733025296, -0.7073815007, 1.5628421836, 0.7070267029, 0.1794967717, -0.2783263391, -0.4869678047, -0.6139312213, -0.768597566, -0.8056951036, -0.8717445701, -0.9498757893, 1.528848879, 0.5922373768, 0.0592671149, -0.3894164064, -0.5052066567, -0.7851063427, -0.8586328065, -0.9614014056, -0.999375607, -1.0504763722, 1.5359487368, 0.662002592, -0.0056637072, -0.4679458423, -0.7207789032, -0.8201913473, -1.0178842385, -1.0531520981, -1.1476583097, -1.1800891774, 1.7456868704, 0.6702274681, -0.1078553766, -0.5112987207, -0.6485352442, -0.9150015087, -1.0271862923, -1.076289989, -1.172576075, -1.2810390546, 1.6047705315, 0.6212772262, -0.218140271, -0.5393675178, -0.8734266729, -0.9417609344, -1.0898836264, -1.1656155075, -1.2119010518, -1.2507688271, 1.3833525065, 0.3800530281, -0.4547194723, -0.8040142056, -0.9500835742, -1.0545334403, -1.1947067081, -1.1844628128, -1.2489592133, -1.2849535818]}