{"source": [{"position": [16.00651854593005, 81.441950885516], "counts": 500000.0}, {"position": [71.87593809452918, 141.82682934843956], "counts": 500000.0}], "output": [0.0, 0.0, 0.0, 0.0, 0.0, 0.0, 0.0, 0.0, 0.0, 0.0, 0.0, 0.0, 0.0, 0.0, 0.0, 0.0, 0.0, 0.0, 0.0, 0.0, 0.0, 0.0, 0.0, 0.0, 0.0, 0.0, 0.0, 0.0, 0.0, 0.0, 0.0, 0.0, 0.0, 0.0, 0.0, 0.0, 0.0, 0.0, 0.0, 0.0, 0.0, 0.0, 0.0, 0.3889138911, 0.1110861089, 0.0, 0.4883672658, 0.0116327342, 0.0, 0.0, 0.0, 0.0, 0.0, 0.0, 0.0, 0.0, 0.0, 0.0, 0.0, 0.0, 0.0, 0.0, 0.0, 0.0], "num_sources": 2, "seg_angles": 64, "input": [-1.1581417306, -1.1091578222, -1.1217128714, -1.0997063378, -1.1156874371, -1.0897445854, -1.0664357304, -0.9336399612, -0.7421404552, 0.0087598106, -1.0987156844, -1.0497530574, -1.0511049807, -1.0275123505, -1.0313789687, -1.0184196077, -0.9867304482, -0.807900191, -0.6595543804, 0.2160067385, -1.0200595288, -0.9706941992, -0.9657696978, -0.9692847118, -0.9389686295, -0.9142830119, -0.8783035714, -0.7820147467, -0.5747210912, 0.1953358198, -0.8991436773, -0.8634499219, -0.8175988278, -0.787000335, -0.8206887798, -0.7926765716, -0.7364550042, -0.6952101098, -0.4712434028, 0.3182638067, -0.7620435568, -0.6614396924, -0.617939025, -0.6457563298, -0.6323850746, -0.5827141161, -0.5825722278, -0.5706011207, -0.3454168585, 0.3516770908, -0.5579727375, -0.3820002431, -0.3296200977, -0.3391720385, -0.3692197515, -0.3215963627, -0.3820910494, -0.3433979548, -0.2128280982, 0.4127438284, -0.1781706092, -0.015520504, -0.0006562779, -0.0167221567, 0.0056502847, 0.1050851144, 0.0853844033, 0.102959085, 0.1370637806, 0.6507656351, 0.1842548387, 0.5981775505, 0.5837242576, 0.6026130674, 0.6618435334, 0.5925269115, 0.5854009494, 0.6276439443, 0.6692451319, 0.7862418045, 0.9220406314, 1.3096621869, 1.3215848792, 1.4056382414, 1.3511251944, 1.2682168066, 1.3051323421, 1.328779227, 1.3586515163, 1.2007542046, 1.819866022, 2.2334963363, 2.1324211188, 2.0481616564, 2.1367360971, 2.1073355181, 2.1887728367, 2.1833703204, 2.0896563009, 1.7220694779]}