{"source": [{"position": [57.74125581472455, -72.90368561971705], "counts": 500000.0}, {"position": [28.52146296812345, -50.50273408596768], "counts": 500000.0}], "output": [0.0, 0.0, 0.0, 0.0, 0.0, 0.0, 0.0, 0.0, 0.0, 0.0, 0.0, 0.0, 0.0, 0.0, 0.0, 0.0, 0.0, 0.0, 0.0, 0.0, 0.0, 0.3817220427, 0.2067254123, 0.411552545, 0.0, 0.0, 0.0, 0.0, 0.0, 0.0, 0.0, 0.0, 0.0, 0.0, 0.0, 0.0, 0.0, 0.0, 0.0, 0.0, 0.0, 0.0, 0.0, 0.0, 0.0, 0.0, 0.0, 0.0, 0.0, 0.0, 0.0, 0.0, 0.0, 0.0, 0.0, 0.0, 0.0, 0.0, 0.0, 0.0, 0.0, 0.0, 0.0, 0.0], "num_sources": 2, "seg_angles": 64, "input": [1.4272568251, 1.8105111431, 1.8157853962, 1.9588136782, 1.9921417632, 1.9429091086, 1.9530929798, 2.0237604353, 2.0727907025, 1.8003910487, 0.5932267164, 0.8906442672, 0.9196317043, 1.0083816727, 1.0317199744, 1.1611258114, 1.0716032647, 1.0619506819, 1.2062256378, 1.5891345634, -0.1129347421, 0.1574377699, 0.2197682014, 0.3027160288, 0.2822009053, 0.358040142, 0.3791503176, 0.4497732572, 0.5673852385, 1.4838341455, -0.4837569771, -0.3183369048, -0.2797985076, -0.2984638956, -0.1764727881, -0.2266874558, -0.1847171429, -0.0322135828, 0.3955220358, 1.4398011261, -0.7305476395, -0.5981416606, -0.5715686431, -0.6077409651, -0.5328250397, -0.4969834228, -0.4506274146, -0.2560127163, 0.2468939827, 1.2715290859, -0.9554904076, -0.8447047305, -0.8228572546, -0.7947434708, -0.7544323154, -0.7453210509, -0.6506570347, -0.439840064, 0.2162039176, 1.3003172549, -1.0322508906, -0.9565868539, -0.9656387706, -0.9572234328, -0.8794353589, -0.8638021899, -0.7275493855, -0.4205610772, 0.2700078034, 1.2650584135, -1.123100306, -1.0745588287, -1.0759318796, -1.0398447176, -1.0244944075, -0.9630853965, -0.7595414653, -0.5299015319, 0.1183612244, 1.1623180842, -1.1664938475, -1.1412786873, -1.0867640095, -1.0921996534, -1.0783063779, -1.0043207347, -0.8633840111, -0.4817764028, 0.0753782174, 1.1127623425, -1.1938743802, -1.1992243372, -1.1594175003, -1.1696603998, -1.1152309184, -1.0345779676, -0.9342023601, -0.6746815217, -0.1671375892, 0.9163561487]}