{"source": [{"position": [-53.307186117010275, -8.62229135940246], "counts": 500000.0}, {"position": [163.7392047034658, -296.83408302126713], "counts": 500000.0}], "output": [0.0, 0.1833011503, 0.3166988497, 0.0, 0.0, 0.0, 0.0, 0.0, 0.0, 0.0, 0.0, 0.0, 0.0, 0.0, 0.0, 0.0, 0.0, 0.0, 0.0, 0.0, 0.0, 0.4327158839, 0.0672841161, 0.0, 0.0, 0.0, 0.0, 0.0, 0.0, 0.0, 0.0, 0.0, 0.0, 0.0, 0.0, 0.0, 0.0, 0.0, 0.0, 0.0, 0.0, 0.0, 0.0, 0.0, 0.0, 0.0, 0.0, 0.0, 0.0, 0.0, 0.0, 0.0, 0.0, 0.0, 0.0, 0.0, 0.0, 0.0, 0.0, 0.0, 0.0, 0.0, 0.0, 0.0], "num_sources": 2, "seg_angles": 64, "input": [2.2291230594, 1.4073676351, 0.7216820242, 0.3694985951, 0.2336814906, -0.0374163769, -0.2349519729, -0.2516323801, -0.3246051652, -0.3969588718, 2.3957551976, 1.4845895643, 0.6931125554, 0.3047883131, 0.0027541924, -0.3719380158, -0.52183109, -0.7150018109, -0.7194752815, -0.750806554, 2.350265845, 1.6227832527, 0.7939834185, 0.224969463, -0.141233842, -0.4836288742, -0.6235779809, -0.7852569964, -0.8560414004, -0.862116374, 2.3127022545, 1.4046042722, 0.6649682225, 0.2893881077, -0.2082009783, -0.6440151251, -0.7539178882, -0.8552641226, -0.9384676068, -0.8040234316, 2.2460446221, 1.4868946607, 0.640758238, 0.0657796774, -0.2204585182, -0.6075554037, -0.8210597642, -0.9446983479, -0.9531883448, -0.8361221667, 2.0107444497, 1.3911468581, 0.5720099758, 0.0536506155, -0.339713952, -0.5788323733, -0.8697213942, -0.9271917403, -0.9031004762, -0.8518032279, 1.9276281483, 1.2471868173, 0.5511155561, -0.0099397192, -0.3665953434, -0.6862160657, -0.792322419, -0.9731086867, -0.9861445056, -0.8442015394, 2.0792492148, 1.264602823, 0.4854827132, -0.0083548447, -0.3612628156, -0.6819573558, -0.8775212429, -0.9569500031, -0.9352286929, -0.8229359077, 1.9746042254, 1.0667637308, 0.2991831447, -0.0759726206, -0.4847866151, -0.7959825292, -0.9622299873, -0.935109099, -1.0200155601, -0.8823022917, 1.5297350167, 0.9111632414, 0.1647634194, -0.3490097417, -0.691219691, -0.9001915919, -0.9836777798, -1.0185102141, -1.0264852738, -0.9124846255]}