{"source": [{"position": [76.17619008669902, 61.653775747111375], "counts": 500000.0}, {"position": [3.9223349402395313, 36.791511094498084], "counts": 500000.0}], "output": [0.0, 0.0, 0.0, 0.0, 0.0, 0.0, 0.0, 0.0, 0.0, 0.0, 0.0, 0.0, 0.0, 0.0, 0.0, 0.0, 0.0, 0.0, 0.0, 0.0, 0.0, 0.0, 0.0, 0.0, 0.0, 0.0, 0.0, 0.0, 0.0, 0.0, 0.0, 0.0, 0.0, 0.0, 0.0, 0.0, 0.0, 0.0, 0.0346453887, 0.4653546113, 0.0, 0.0, 0.0, 0.0, 0.0, 0.0, 0.0409160438, 0.4590839562, 0.0, 0.0, 0.0, 0.0, 0.0, 0.0, 0.0, 0.0, 0.0, 0.0, 0.0, 0.0, 0.0, 0.0, 0.0, 0.0], "num_sources": 2, "seg_angles": 64, "input": [-1.1624127153, -1.1129752379, -1.1117186516, -1.0872338071, -1.0466904755, -0.9835691059, -0.9357300988, -0.8167525797, -0.6714324089, -0.3810250692, -1.116168959, -1.0575695342, -1.0317023569, -0.9887582378, -0.9867678416, -0.934691249, -0.8615084599, -0.6832080647, -0.5352024645, -0.2758263761, -1.0547159921, -1.014945961, -0.9346283493, -0.9353440101, -0.8961168535, -0.8527631175, -0.7572550755, -0.6169279523, -0.4404249782, -0.2482208238, -1.013001836, -0.9208395209, -0.8997919823, -0.8377089809, -0.7881309256, -0.7415539849, -0.624957697, -0.4866893345, -0.3451652091, -0.1217657964, -0.800986746, -0.7576023579, -0.6748649507, -0.6724982353, -0.6353916544, -0.5550432865, -0.4497039745, -0.3337668558, -0.1454749726, -0.004966984, -0.6317731549, -0.5240951045, -0.4566193074, -0.4181807968, -0.3754018952, -0.317631836, -0.186765918, -0.11485124, 0.0039501805, 0.1836716455, -0.3490793925, -0.1188095561, -0.0489473784, -0.0263640377, -0.011163208, 0.0427662827, 0.1361644743, 0.2417249447, 0.3546133184, 0.4041968909, 0.0748726621, 0.4418182767, 0.4782973361, 0.5200430841, 0.5651281891, 0.619682147, 0.5580714689, 0.695738407, 0.7845260812, 0.7403504053, 0.7604413651, 1.1755601707, 1.2209340029, 1.267457696, 1.3066644244, 1.3779910792, 1.3241069432, 1.3403611539, 1.4640385327, 1.3631131424, 1.8178117161, 2.0605554024, 2.1075252216, 2.165929768, 2.3293818296, 2.2811582616, 2.1647972431, 2.3626167048, 2.2335329073, 1.9522815585]}