{"source": [{"position": [441.2372817306942, 201.33221602840413], "counts": 500000.0}, {"position": [-143.92752865833873, -4.5679858037312036], "counts": 500000.0}], "output": [0.3384134427, 0.1615865573, 0.0, 0.0, 0.0, 0.0, 0.0, 0.0, 0.0, 0.0, 0.0, 0.0, 0.0, 0.0, 0.0, 0.0, 0.0, 0.0, 0.0, 0.0, 0.0, 0.0, 0.0, 0.0, 0.0, 0.0, 0.0, 0.0, 0.0, 0.0, 0.0, 0.0, 0.0, 0.0, 0.0, 0.0, 0.319844808, 0.180155192, 0.0, 0.0, 0.0, 0.0, 0.0, 0.0, 0.0, 0.0, 0.0, 0.0, 0.0, 0.0, 0.0, 0.0, 0.0, 0.0, 0.0, 0.0, 0.0, 0.0, 0.0, 0.0, 0.0, 0.0, 0.0, 0.0], "num_sources": 2, "seg_angles": 64, "input": [1.5326559763, 0.78044493, -0.1201440965, -0.4650621363, -0.7685950378, -0.9648741219, -1.1137977771, -1.0040486334, -0.7170812138, -0.7324064286, 2.2669120946, 1.2466104393, 0.2488584324, -0.0615060258, -0.5754306773, -0.8858239401, -0.842039076, -0.8203029635, -0.538900199, -0.4240715396, 2.4127975825, 1.2159003377, 0.3611731419, -0.1085424313, -0.5118831666, -0.7680984198, -0.7700215411, -0.8355370778, -0.5938877278, -0.4727162015, 2.0622691493, 1.1800712635, 0.4678720296, -0.0177088487, -0.5126301537, -0.7087150996, -0.8616853089, -0.6195330707, -0.6775429989, -0.6083035812, 2.1332430591, 1.4861065158, 0.7520519727, -0.0589336154, -0.4459707859, -0.819662722, -0.8795654489, -0.8623033912, -0.7178389437, -0.5842498959, 1.9888391574, 1.4281363352, 0.6038669823, 0.1242545756, -0.4825059256, -0.6970002908, -0.9859718234, -0.7982411313, -0.5791321189, -0.400158388, 2.0349592497, 1.3229216004, 0.6335198606, 0.0122431199, -0.3179942649, -0.5859398938, -0.9042959845, -0.7474462995, -0.6094258838, -0.5251434875, 2.2354700258, 1.5660040231, 0.7395677421, 0.1807369897, -0.3834733224, -0.6315768585, -0.7517385531, -0.9514432188, -0.7109314536, -0.5330373705, 2.5488423796, 1.4507471773, 0.7788756123, 0.3076360215, -0.3293226327, -0.7801091941, -0.9106653218, -0.8620875769, -0.652633817, -0.6259680328, 2.3352063169, 1.8011999262, 0.9452981118, 0.370146094, -0.2120123724, -0.5338329128, -0.5874111394, -0.6590206866, -0.7310269421, -0.6064770314]}