{"source": [{"position": [194.1396825116977, -183.29970996773895], "counts": 500000.0}, {"position": [382.71657626613467, 227.0529062820556], "counts": 500000.0}], "output": [0.0, 0.0, 0.0, 0.0, 0.0, 0.0, 0.0, 0.0, 0.0, 0.0, 0.0, 0.0, 0.0, 0.0, 0.0, 0.0, 0.0, 0.0, 0.0, 0.0, 0.0, 0.0, 0.0, 0.0, 0.3537716079, 0.1462283921, 0.0, 0.0, 0.0, 0.0, 0.0, 0.0, 0.0, 0.0, 0.0, 0.0, 0.0, 0.2729569404, 0.2270430596, 0.0, 0.0, 0.0, 0.0, 0.0, 0.0, 0.0, 0.0, 0.0, 0.0, 0.0, 0.0, 0.0, 0.0, 0.0, 0.0, 0.0, 0.0, 0.0, 0.0, 0.0, 0.0, 0.0, 0.0, 0.0], "num_sources": 2, "seg_angles": 64, "input": [0.4177308095, 0.6913384846, 0.7579454338, 0.8218129932, 0.8259325813, 0.704872731, 1.4000922114, 1.4667981362, 1.3149429475, 1.7912279133, -0.3480014807, -0.148135264, -0.0210141377, 0.1907926985, 0.3699784254, 0.3598738479, 0.5169629868, 0.6071582604, 0.9247250693, 2.3259648381, -0.709265675, -0.423629465, -0.6145051874, -0.2876450892, -0.4976578597, -0.118282956, 0.0790233642, 0.3837711742, 0.8825113767, 2.1890597482, -0.998244871, -0.9805675651, -0.9286776984, -0.8869422186, -0.5859410213, -0.5808407899, -0.1762491664, 0.2268340743, 0.7731702244, 2.0259623045, -1.197651504, -1.0784100281, -1.1159600096, -0.9341200154, -0.9707332886, -0.9104275218, -0.3353382412, 0.1200095495, 1.0466085936, 2.1629906743, -1.2540793929, -1.2953285593, -1.1831843129, -1.1599748384, -0.9729315611, -0.8000366589, -0.2898602471, 0.0559844552, 1.3335978862, 2.3689257973, -1.3176761242, -1.1934366736, -1.1917491118, -1.0654287394, -0.9879326687, -0.7433389028, -0.4092800052, 0.1689252531, 1.07094899, 1.7750333598, -1.2461404866, -1.0505032646, -1.126095283, -1.0118566436, -1.0499689651, -0.7498473399, -0.5077817485, 0.1508946556, 0.9525676385, 1.9836407978, -0.9438978291, -0.9044008436, -0.7435073292, -0.8034255023, -0.5657968178, -0.5178648358, -0.2610503099, 0.4139107159, 0.9053333866, 1.9126661583, -0.5077330092, -0.3792556987, -0.298292331, -0.2175143525, -0.1064463924, -0.1906095729, 0.1093345215, 0.481311817, 1.002526956, 1.8307735651]}