{"source": [{"position": [-59.24990039316027, -279.79537041094983], "counts": 500000.0}, {"position": [-109.99213944090567, 1.3150137688886803], "counts": 500000.0}], "output": [0.4391139122, 0.0, 0.0, 0.0, 0.0, 0.0, 0.0, 0.0, 0.0, 0.0, 0.0, 0.0, 0.0, 0.0627920892, 0.4372079108, 0.0, 0.0, 0.0, 0.0, 0.0, 0.0, 0.0, 0.0, 0.0, 0.0, 0.0, 0.0, 0.0, 0.0, 0.0, 0.0, 0.0, 0.0, 0.0, 0.0, 0.0, 0.0, 0.0, 0.0, 0.0, 0.0, 0.0, 0.0, 0.0, 0.0, 0.0, 0.0, 0.0, 0.0, 0.0, 0.0, 0.0, 0.0, 0.0, 0.0, 0.0, 0.0, 0.0, 0.0, 0.0, 0.0, 0.0, 0.0, 0.0608860878], "num_sources": 2, "seg_angles": 64, "input": [2.2157420475, 1.5344403414, 1.0314818877, 0.5493687908, 0.2971718298, 0.1636690702, 0.0853739927, -0.2302427217, -0.1407825464, -0.3947379925, 2.4176700976, 1.537438589, 1.1486165277, 0.4292167778, 0.2041153883, 0.2370324587, -0.0156968978, -0.3389234583, -0.4084397322, -0.4286790129, 2.1365860404, 1.4755275287, 0.978989504, 0.3462159904, 0.0808490472, -0.0658650378, -0.4210369743, -0.5781255704, -0.6709253496, -0.7336305283, 2.1356406778, 1.3527467439, 0.6351861638, 0.091531803, -0.1329913574, -0.3410405857, -0.4742320386, -0.6479025112, -0.8595703678, -0.9710403368, 2.0462017398, 1.2090040692, 0.6287959647, 0.0168579652, -0.2133260037, -0.5171909582, -0.6352807714, -0.7568836675, -0.9980869208, -1.0906154006, 1.8712318816, 1.3434185912, 0.4275762933, -0.1432071213, -0.4657042232, -0.5845852419, -0.7387066927, -0.8920062106, -0.9964252563, -1.1265090758, 2.0449921406, 1.1013808084, 0.3564604735, -0.0524829466, -0.4440952033, -0.5967369348, -0.8544546523, -0.9504237914, -1.0532044555, -1.2082133293, 2.1957085681, 1.1423784663, 0.4401597032, -0.1067140506, -0.5481084267, -0.7150301459, -0.8359575992, -1.0522046457, -1.1951318824, -1.1971467724, 1.8642449882, 0.7240679291, 0.2032362077, -0.1697491051, -0.5189188329, -0.8812157874, -0.963093598, -1.054890661, -1.2114130249, -1.230788608, 1.5593461647, 0.6864985786, 0.041611263, -0.4721996597, -0.8240849829, -0.9692774843, -1.0437138844, -1.1878218425, -1.2885525357, -1.3497676887]}