{"source": [{"position": [-203.34939971441923, -440.311278115591], "counts": 500000.0}, {"position": [45.0327568198698, 41.14669869141959], "counts": 500000.0}], "output": [0.0, 0.0, 0.0, 0.0, 0.0, 0.0, 0.0, 0.0, 0.0, 0.0, 0.0, 0.2034628456, 0.2965371544, 0.0, 0.0, 0.0, 0.0, 0.0, 0.0, 0.0, 0.0, 0.0, 0.0, 0.0, 0.0, 0.0, 0.0, 0.0, 0.0, 0.0, 0.0, 0.0, 0.0, 0.0, 0.0, 0.0, 0.0, 0.0, 0.0, 0.2294994023, 0.2705005977, 0.0, 0.0, 0.0, 0.0, 0.0, 0.0, 0.0, 0.0, 0.0, 0.0, 0.0, 0.0, 0.0, 0.0, 0.0, 0.0, 0.0, 0.0, 0.0, 0.0, 0.0, 0.0, 0.0], "num_sources": 2, "seg_angles": 64, "input": [-1.1066169642, -1.0049535089, -0.9594438029, -0.9118568658, -0.7950984726, -0.6862322781, -0.395276438, -0.0317451858, 0.4541406961, 1.5613488014, -1.1046664625, -1.0555603705, -1.0104193341, -0.9380262031, -0.9115602462, -0.6454546775, -0.4034498461, 0.0553064727, 0.6928129818, 1.8644134954, -1.0468507275, -1.1764393132, -1.1037369084, -1.0201832391, -0.9389457313, -0.7819078663, -0.458998866, 0.0012526847, 0.7068210283, 1.5799906396, -0.9828846768, -1.1062227117, -1.1793723892, -1.0900073092, -0.9133589445, -0.8500191196, -0.4689921931, -0.0261755666, 0.7143291057, 1.6994793886, -0.9891247226, -1.037958267, -1.0486497668, -1.0610142616, -0.9748630887, -0.7651329486, -0.529744907, 0.0139686508, 0.7354077171, 1.7907201931, -0.8953489145, -0.8864745278, -1.0028422439, -0.9217157163, -0.8944397623, -0.751705317, -0.4877805896, 0.0621778198, 0.8719042423, 1.761466642, -0.6871244015, -0.6764058264, -0.7380117193, -0.6631878063, -0.6575452487, -0.5561008461, -0.458412387, 0.0880254051, 0.8128213911, 1.6394539706, -0.2099033199, -0.3041648436, -0.3043061129, -0.2188348401, -0.2811755662, -0.1226524799, -0.1374563759, 0.1505304795, 0.9647953401, 1.8267912798, 0.3296877368, 0.5397780643, 0.5189067404, 0.4117670075, 0.5622661095, 0.5300365916, 0.6613393309, 0.6586886403, 0.9689032407, 1.9789833993, 1.3603895245, 1.5147785947, 1.447233992, 1.6638791157, 1.6232064333, 1.5589499882, 1.7120728193, 1.8322417907, 1.7418277624, 1.7036377187]}