{"source": [{"position": [160.40369163095633, 13.843977432842584], "counts": 500000.0}, {"position": [-73.82582935974669, 183.72192824849614], "counts": 500000.0}], "output": [0.0, 0.0, 0.0, 0.0, 0.0, 0.0, 0.0, 0.0, 0.0, 0.0, 0.0, 0.0, 0.0, 0.0, 0.0, 0.0, 0.0, 0.0, 0.0, 0.0, 0.0, 0.0, 0.0, 0.0, 0.0, 0.0, 0.0, 0.0, 0.0, 0.0, 0.0, 0.0, 0.061528109, 0.438471891, 0.0, 0.0, 0.0, 0.0, 0.0, 0.0, 0.0, 0.0, 0.0, 0.0, 0.0, 0.0, 0.0, 0.0, 0.0, 0.0, 0.0, 0.0540472136, 0.4459527864, 0.0, 0.0, 0.0, 0.0, 0.0, 0.0, 0.0, 0.0, 0.0, 0.0, 0.0], "num_sources": 2, "seg_angles": 64, "input": [-0.601448084, -1.1733752503, -1.4680571023, -1.4724845299, -1.3048140882, -1.2983367198, -0.9823384921, -0.6842211814, -0.0377642114, 0.7851468144, -0.3325362243, -1.0913472258, -1.3139352906, -1.2317933349, -1.0879820299, -0.9578849637, -0.6059448064, -0.2064476287, 0.3461617834, 0.9040709747, -0.179315157, -1.1677456122, -1.278227157, -1.2541894922, -1.0757918351, -0.8519919039, -0.5793245345, -0.095341404, 0.5728201892, 1.0211577403, -0.2653925221, -0.9247447887, -1.3407208948, -1.201029539, -1.0378851136, -0.709107535, -0.6307277903, -0.1081399427, 0.6068626653, 1.3446041863, -0.2647091819, -0.991486943, -1.1310062989, -1.0239784485, -0.8857656079, -0.6615860262, -0.2742549977, 0.0842518432, 0.7457055095, 1.3812525171, -0.1642486923, -0.8704456982, -0.8436586768, -0.8093067622, -0.7848608283, -0.4232200002, -0.0587185221, 0.4529865656, 0.9360145399, 1.4998331357, -0.168299545, -0.8305531327, -0.5661829196, -0.5328072814, -0.4324851301, -0.1426809212, 0.1435887819, 0.5420887596, 1.1237974319, 1.7344756708, 0.1457507033, -0.5443989172, -0.4153176185, -0.1969768869, -0.0643889444, 0.1336134356, 0.5060064, 0.7890868329, 1.610534967, 2.1379042149, 0.014790671, 0.0414860498, 0.1615906588, 0.1632814518, 0.4565198556, 0.7764953294, 0.9467054401, 1.2124893527, 1.9099864965, 2.3585885744, 0.651194656, 0.7783396521, 0.9275906731, 0.9429377833, 1.2772605502, 1.385996424, 1.5565735253, 1.6965750762, 2.1754821164, 2.650124368]}