{"source": [{"position": [-54.537972694725774, 203.8298543745478], "counts": 500000.0}, {"position": [-169.0554189105113, -402.9755145625991], "counts": 500000.0}], "output": [0.0, 0.0, 0.0, 0.0, 0.0, 0.0, 0.0, 0.0, 0.0, 0.0, 0.0, 0.0230149853, 0.4769850147, 0.0, 0.0, 0.0, 0.0, 0.0, 0.0, 0.0, 0.0, 0.0, 0.0, 0.0, 0.0, 0.0, 0.0, 0.0, 0.0, 0.0, 0.0, 0.0, 0.0, 0.0, 0.0, 0.0, 0.0, 0.0, 0.0, 0.0, 0.0, 0.0, 0.0, 0.0, 0.0, 0.0, 0.0, 0.0, 0.0, 0.0, 0.1684869028, 0.3315130972, 0.0, 0.0, 0.0, 0.0, 0.0, 0.0, 0.0, 0.0, 0.0, 0.0, 0.0, 0.0], "num_sources": 2, "seg_angles": 64, "input": [1.2485595141, 0.0681073756, -0.0785423604, 0.0645405532, 0.0075816302, -0.2262411558, -0.0556953917, -0.491070661, -0.1613379711, -0.1734189742, 1.2673734304, 0.1274943542, -0.2812561458, -0.4282534252, -0.5046907258, -0.1330759756, -0.4603303044, -0.5749866417, -0.6672999799, -0.8604562005, 1.3661555334, -0.6896770046, -0.6422649008, -0.8650832413, -0.6915846396, -0.7707069163, -0.6942248831, -0.9635848334, -1.0370450133, -1.2457282085, 1.1448277925, -0.5881963014, -0.9625386948, -0.8009028057, -0.8220388233, -1.0085461359, -1.1569277111, -0.9450361696, -0.9761168464, -1.3161529609, 1.0401117976, -0.8762745077, -0.9226357312, -1.004615045, -0.7875024441, -0.886391874, -0.9386178156, -1.0473601458, -1.041731602, -1.4122432542, 1.2663570658, -0.6485263572, -0.7740498933, -0.6690528235, -0.6548291687, -0.9265124731, -0.8927195529, -1.0076581913, -0.9873530314, -1.1431998776, 1.159147085, 0.0868663307, -0.3055483057, -0.3384813851, -0.1417534064, -0.5619052178, -0.3279860527, -0.682705836, -0.3838983835, -0.9543095807, 1.1734680761, 0.4947775733, 0.5618705417, 0.1706815082, 0.0303900603, 0.3954550812, 0.4763104956, 0.1882331538, -0.04347908, -0.3096438649, 1.8644792028, 1.3815159329, 1.0368587501, 1.054352239, 0.7593838588, 0.9592073266, 0.9867246014, 0.8954672862, 0.9985910276, 0.256225526, 2.4495225758, 2.4686568981, 2.047795112, 1.8414618025, 1.7829201567, 1.9773593682, 1.8614907474, 2.2711221717, 1.6100174584, 1.102535909]}