{"source": [{"position": [249.10290052309173, -44.235109935238754], "counts": 500000.0}, {"position": [-172.31391564210477, 200.00978595080193], "counts": 500000.0}], "output": [0.0, 0.0, 0.0, 0.0, 0.0, 0.0, 0.0, 0.0, 0.0, 0.0, 0.0, 0.0, 0.0, 0.0, 0.0, 0.0, 0.0, 0.0, 0.0, 0.0, 0.0, 0.0, 0.0, 0.0, 0.0, 0.0, 0.0, 0.0, 0.0, 0.0, 0.3950651488, 0.1049348512, 0.0, 0.0, 0.0, 0.0, 0.0, 0.0, 0.0, 0.0, 0.0, 0.0, 0.0, 0.0, 0.0, 0.0, 0.0, 0.0, 0.0, 0.0, 0.0, 0.0, 0.0, 0.0, 0.0, 0.3781510599, 0.1218489401, 0.0, 0.0, 0.0, 0.0, 0.0, 0.0, 0.0], "num_sources": 2, "seg_angles": 64, "input": [1.2293801438, 0.232734022, -0.2229674099, -0.6033622712, -0.6914342943, -0.681804517, -0.8703826412, -0.6320198984, -0.2433244186, 0.7178507442, 0.6358959564, -0.4466316694, -0.8732028032, -1.4110878018, -1.4675310931, -1.3846010129, -1.1344022672, -0.8087450973, 0.1180222934, 0.9220711257, 0.7887760103, -0.5151908037, -1.0171673177, -1.3705921998, -1.5203079584, -1.2594324272, -0.8269154029, -0.3052996976, 0.546888375, 1.0524483265, 0.54020229, -0.450101289, -1.0798630007, -1.2602924425, -1.434791614, -1.2739234676, -1.0112526961, -0.3762328605, 0.3307410421, 1.2901891524, 0.3815844529, -0.2429397472, -0.9940619726, -1.1692262891, -1.1804705597, -0.8955020796, -0.8169775751, -0.37831772, 0.5873654457, 1.2272127265, 0.2930293824, -0.1030487583, -0.9646190534, -0.8454796986, -0.9624357001, -0.9789465912, -0.7206739147, 0.1471189552, 0.6985720689, 1.3285653072, 0.3913212306, -0.2777378559, -1.2108573636, -0.9874655026, -0.8377843779, -0.5916305078, -0.3173197515, 0.2957986805, 0.9635583846, 1.6028249392, 0.5295399273, -0.3622657825, -0.593643427, -0.7012279817, -0.4116228391, -0.129945034, 0.2942288854, 0.8513136188, 1.4131721866, 1.7767945299, 0.5828229185, 0.0019576855, -0.2022130106, -0.0492212286, 0.3693432213, 0.4945319612, 1.001222462, 1.0087497922, 1.7785328045, 2.2153998245, 0.6059589904, 0.5249416815, 0.5288452637, 0.9035752229, 0.9499648445, 1.2810857472, 1.2360317116, 1.7374173591, 2.2008529675, 3.4900600342]}