{"source": [{"position": [-32.93761053297725, -29.173854945445694], "counts": 500000.0}, {"position": [108.15235332204823, 88.89920399476503], "counts": 500000.0}], "output": [0.0, 0.0, 0.0, 0.0, 0.0, 0.0, 0.0, 0.308240016, 0.191759984, 0.0, 0.0, 0.0, 0.0, 0.0, 0.0, 0.0, 0.0, 0.0, 0.0, 0.0, 0.0, 0.0, 0.0, 0.0, 0.0, 0.0, 0.0, 0.0, 0.0, 0.0, 0.0, 0.0, 0.0, 0.0, 0.0, 0.0, 0.0, 0.0, 0.0, 0.4960388652, 0.0039611348, 0.0, 0.0, 0.0, 0.0, 0.0, 0.0, 0.0, 0.0, 0.0, 0.0, 0.0, 0.0, 0.0, 0.0, 0.0, 0.0, 0.0, 0.0, 0.0, 0.0, 0.0, 0.0, 0.0], "num_sources": 2, "seg_angles": 64, "input": [1.8704516669, 1.672252867, 1.7679012539, 1.5800089442, 1.6351226729, 1.5997070087, 1.5407489745, 1.4678997581, 1.6304424838, 1.7397339479, 1.7586214476, 0.8772127001, 0.4836613812, 0.3746877248, 0.4020793006, 0.3190077108, 0.447245575, 0.5353669773, 0.5842147648, 0.6299755729, 1.9639432134, 0.8280106229, 0.0060111819, -0.293017662, -0.3515424016, -0.3570485866, -0.3571738913, -0.1725493104, -0.1249415143, -0.0520157793, 1.8533956929, 0.7041711115, -0.0647342325, -0.5843155855, -0.8646020954, -0.886288807, -0.8574520695, -0.7506989112, -0.4179930015, -0.2507170363, 1.7191168743, 0.6599996023, -0.2002086086, -0.707751987, -1.0417349016, -1.1059704355, -1.0020989628, -0.9591308603, -0.7398316876, -0.4053276283, 1.7548366903, 0.6495703669, -0.2627237166, -0.7015013194, -1.0344772116, -1.1922252676, -1.1799049245, -1.0129017677, -0.8792133964, -0.4735726444, 1.6358076832, 0.7291203313, -0.1536710532, -0.6983055286, -1.0070985877, -1.1857305059, -1.1644222096, -1.1352880905, -0.9083503511, -0.703393362, 1.5964911046, 0.7310931795, -0.0855615094, -0.5856590829, -0.8770255284, -1.1214505951, -1.1919975236, -1.1881714141, -1.0118142159, -0.7397983778, 1.712385329, 0.6131494024, -0.0217922373, -0.3339543617, -0.7021782686, -0.8365087076, -0.9691832902, -1.092887407, -1.0097479855, -0.7716268236, 1.9382825324, 0.7840142479, 0.2425405879, -0.203218515, -0.4228791482, -0.5582930479, -0.7259842153, -0.7352163986, -0.7605373537, -0.8528705874]}