{"source": [{"position": [-40.216054366495115, -336.6061035857655], "counts": 500000.0}, {"position": [-24.714936204791446, -65.49176992869477], "counts": 500000.0}], "output": [0.0, 0.0, 0.0, 0.0, 0.0, 0.0, 0.0, 0.0, 0.0, 0.0, 0.0, 0.0, 0.3377988526, 0.1622011474, 0.105611114, 0.394388886, 0.0, 0.0, 0.0, 0.0, 0.0, 0.0, 0.0, 0.0, 0.0, 0.0, 0.0, 0.0, 0.0, 0.0, 0.0, 0.0, 0.0, 0.0, 0.0, 0.0, 0.0, 0.0, 0.0, 0.0, 0.0, 0.0, 0.0, 0.0, 0.0, 0.0, 0.0, 0.0, 0.0, 0.0, 0.0, 0.0, 0.0, 0.0, 0.0, 0.0, 0.0, 0.0, 0.0, 0.0, 0.0, 0.0, 0.0, 0.0], "num_sources": 2, "seg_angles": 64, "input": [1.8404165886, 2.2386655948, 2.157212603, 2.1102909222, 2.1346738922, 2.1009819644, 2.1099473429, 2.0160800182, 1.9050829786, 1.6704348026, 1.2279708798, 1.3017308243, 1.3229036963, 1.4156791291, 1.2548948474, 1.2662318706, 1.3856305662, 1.3752401651, 1.2867045149, 0.837201855, 0.932248856, 0.5505061195, 0.5807297875, 0.6556550923, 0.5378913517, 0.5947461782, 0.6243296417, 0.4626694433, 0.5444511577, 0.2455739599, 0.7070287259, -0.0164139733, 0.1373754624, 0.0454875903, 0.0511071927, 0.0643601835, 0.0394702263, 0.048529118, -0.0053834298, -0.2382888786, 0.6254112412, -0.2363626596, -0.347544351, -0.3923390796, -0.3241394491, -0.3201972313, -0.3894780951, -0.3752423689, -0.4858366619, -0.5277786385, 0.5773688517, -0.2856412508, -0.5856533232, -0.6760931221, -0.6343033652, -0.6106108636, -0.5763378197, -0.696294145, -0.6806116109, -0.8079333287, 0.4747254055, -0.4620167777, -0.7036559378, -0.7863232085, -0.8091241197, -0.7926654735, -0.8320734402, -0.8315688181, -0.844504419, -0.926424644, 0.4318284607, -0.5956882864, -0.8530227443, -0.9190980088, -0.9186128576, -0.9177109655, -0.9401110346, -0.9677562127, -1.0205837984, -1.0047205482, 0.4454836085, -0.6667983956, -0.894943622, -1.0077231832, -0.9862670482, -1.0427567885, -1.0188364672, -1.061305516, -1.0770153629, -1.0746535815, 0.2329412837, -0.6879484179, -0.977020549, -1.0745044274, -1.1104522991, -1.0825318188, -1.0870897663, -1.1025261151, -1.1174712439, -1.159904451]}