{"source": [{"position": [-83.99937223634751, -0.3247520585487635], "counts": 500000.0}, {"position": [3.6886468274004414, 323.97900222789553], "counts": 500000.0}], "output": [0.480310086, 0.019689914, 0.0, 0.0, 0.0, 0.0, 0.0, 0.0, 0.0, 0.0, 0.0, 0.0, 0.0, 0.0, 0.0, 0.0, 0.0, 0.0, 0.0, 0.0, 0.0, 0.0, 0.0, 0.0, 0.0, 0.0, 0.0, 0.0, 0.0, 0.0, 0.0, 0.0, 0.0, 0.0, 0.0, 0.0, 0.0, 0.0, 0.0, 0.0, 0.0, 0.0, 0.0, 0.0, 0.0, 0.0, 0.0, 0.0579831169, 0.4420168831, 0.0, 0.0, 0.0, 0.0, 0.0, 0.0, 0.0, 0.0, 0.0, 0.0, 0.0, 0.0, 0.0, 0.0, 0.0], "num_sources": 2, "seg_angles": 64, "input": [1.592362277, 0.6157580811, 0.0616827079, -0.2942434287, -0.6221666938, -0.8811900147, -1.0935446377, -1.1142627651, -1.219149945, -1.2584309209, 1.9248059542, 1.0885961241, 0.4510606869, -0.1130258702, -0.3935188037, -0.6940705886, -0.9112086615, -1.0024359638, -1.1662347209, -1.2435182852, 1.7357020444, 1.3366980624, 0.4767294863, 0.0285263251, -0.4563848521, -0.5650446754, -0.8281810988, -0.9987276782, -1.0497550647, -1.1721695733, 1.9311072864, 1.3318470605, 0.495993062, 0.0776179956, -0.3724068055, -0.5956087388, -0.7976210271, -0.9141692114, -1.0093391947, -1.1570270012, 2.1287923989, 1.3783128457, 0.6093742618, 0.0999279714, -0.2882726906, -0.6484094622, -0.8131191203, -0.8866807133, -1.0138671766, -1.1261530673, 1.963396518, 1.3968874609, 0.8355868558, 0.228859847, -0.2687436773, -0.5794733301, -0.5916373052, -0.8372358624, -0.9777083984, -1.030140979, 1.9486076239, 1.5325661843, 0.7678332097, 0.2220613806, -0.1767417935, -0.362136849, -0.5884555052, -0.7425375366, -0.882106453, -0.9426415887, 2.2047164177, 1.5107628493, 0.8663201012, 0.4140432507, -0.0521869251, -0.221582703, -0.5099320344, -0.6095216383, -0.7493170385, -0.9413933536, 2.3501176654, 1.7009259098, 0.8737862314, 0.4868557745, 0.081118209, -0.1232372654, -0.3470093123, -0.5069718857, -0.5978653122, -0.804230213, 2.1455973943, 1.5457221097, 0.7520679826, 0.4093256977, 0.1679256749, -0.1133128044, -0.1730290902, -0.3270566508, -0.4404525393, -0.5733824841]}