{"source": [{"position": [430.98790565708236, 3.228804317689883], "counts": 500000.0}, {"position": [27.888752523063637, 42.69915084293026], "counts": 500000.0}], "output": [0.0, 0.0, 0.0, 0.0, 0.0, 0.0, 0.0, 0.0, 0.0, 0.0, 0.0, 0.0, 0.0, 0.0, 0.0, 0.0, 0.0, 0.0, 0.0, 0.0, 0.0, 0.0, 0.0, 0.0, 0.0, 0.0, 0.0, 0.0, 0.0, 0.0, 0.0, 0.0, 0.4618461272, 0.0381538728, 0.0, 0.0, 0.0, 0.0, 0.0, 0.0, 0.0, 0.0, 0.4467000278, 0.0532999722, 0.0, 0.0, 0.0, 0.0, 0.0, 0.0, 0.0, 0.0, 0.0, 0.0, 0.0, 0.0, 0.0, 0.0, 0.0, 0.0, 0.0, 0.0, 0.0, 0.0], "num_sources": 2, "seg_angles": 64, "input": [-1.2160313437, -1.2276666016, -1.1973533199, -1.1589674823, -1.121975718, -1.0416821092, -0.8830293614, -0.6297115404, -0.0870974378, 1.0183696988, -1.1995782373, -1.151083964, -1.1359279594, -1.1026863099, -1.0510262255, -0.9920231298, -0.8021501052, -0.4682907745, 0.0924636674, 1.1434975991, -1.1675926045, -1.1056516657, -1.0734276885, -1.0612334295, -1.0183617839, -0.8991870217, -0.7840872597, -0.430139976, 0.2708052127, 1.3464802102, -1.0886027239, -1.0111117721, -0.9765102668, -0.9335186834, -0.8972053678, -0.8256288073, -0.698365951, -0.2875270245, 0.3622080075, 1.3113425403, -0.9834941563, -0.9280017456, -0.8322659043, -0.7956533334, -0.7741714939, -0.7338031699, -0.5726708137, -0.2655191791, 0.2541492994, 1.3018977459, -0.816828985, -0.6828159332, -0.6673048364, -0.6156494405, -0.5035109945, -0.5433364362, -0.4254229911, -0.1731335409, 0.499716767, 1.5780983284, -0.5826085329, -0.3750220121, -0.3414161696, -0.310358311, -0.2476385689, -0.1843417497, -0.0907661661, 0.0720725691, 0.4478062562, 1.6158181564, -0.1399549555, 0.0695903017, 0.1298609285, 0.2278354935, 0.1310796506, 0.3597473997, 0.4222764218, 0.5100285684, 0.6194710755, 1.6525724536, 0.3937341239, 0.7592945243, 0.7314033863, 0.9190264356, 0.9421624449, 1.0509798573, 1.113919905, 1.1512922524, 1.2677436865, 1.7946458181, 1.3054970821, 1.5125233776, 1.6126166025, 1.8645789199, 1.8823917483, 1.7881348902, 1.8527035353, 1.8615590847, 2.0645523981, 2.0041746412]}