{"source": [{"position": [50.5802951016436, -408.8833987183029], "counts": 500000.0}, {"position": [323.17031003425063, -292.67208734754047], "counts": 500000.0}], "output": [0.0, 0.0, 0.0, 0.0, 0.0, 0.0, 0.0, 0.0, 0.0, 0.0, 0.0, 0.0, 0.0, 0.0, 0.0, 0.0, 0.0, 0.3731678351, 0.1268321649, 0.0, 0.0, 0.0, 0.0, 0.0, 0.2479884781, 0.2520115219, 0.0, 0.0, 0.0, 0.0, 0.0, 0.0, 0.0, 0.0, 0.0, 0.0, 0.0, 0.0, 0.0, 0.0, 0.0, 0.0, 0.0, 0.0, 0.0, 0.0, 0.0, 0.0, 0.0, 0.0, 0.0, 0.0, 0.0, 0.0, 0.0, 0.0, 0.0, 0.0, 0.0, 0.0, 0.0, 0.0, 0.0, 0.0], "num_sources": 2, "seg_angles": 64, "input": [1.6293555091, 2.2590516371, 2.2337741099, 1.9978615363, 1.9558107867, 2.0472603414, 2.0179477898, 1.9813930549, 2.060076808, 1.4409976439, 0.5942422113, 0.8841005664, 1.0833376513, 1.075214121, 1.2243615513, 1.2463029025, 1.2328900031, 1.0607559623, 1.4339951251, 1.4454224619, 0.0700799168, 0.2226870309, 0.2342624444, 0.3143743096, 0.3439986335, 0.3294243719, 0.4307262212, 0.6569367092, 0.6713411875, 1.4067783284, -0.4103703399, -0.1155711673, -0.2230447652, -0.3496281155, -0.250386973, 0.0303878213, 0.0126016462, 0.0992885398, 0.2404133158, 0.9721113985, -0.9408303994, -0.6254230716, -0.6736571307, -0.366527604, -0.4519445506, -0.4242320969, -0.3334137984, -0.1381805678, 0.4440620892, 0.8172137606, -0.9426716396, -0.9090206197, -0.8607243997, -0.8399327, -0.8030401831, -0.674034024, -0.5689447071, -0.195678395, 0.1017201343, 0.9148730637, -1.0534940678, -1.018612991, -0.9553383215, -0.9564009514, -0.9069256034, -0.7562181274, -0.5346284519, -0.3655691485, 0.009932643, 1.0112934993, -1.2117646649, -1.0028327251, -1.0535938362, -1.0136595525, -1.0411735251, -0.8745737069, -0.7251036641, -0.4588824703, -0.038383788, 0.6562252763, -1.2264974178, -1.1461889605, -1.2204685752, -1.0574500436, -1.0896692321, -0.9266203999, -0.8187937249, -0.5050936115, -0.0905013847, 0.6914023657, -1.2720297145, -1.259240721, -1.2168069516, -1.2231598417, -1.147337421, -1.1257489241, -0.9254075052, -0.6524000414, -0.3333260746, 0.7148669091]}