{"source": [{"position": [-143.0754484609648, 307.327864092558], "counts": 500000.0}, {"position": [-170.55381907181277, 344.04562895060786], "counts": 500000.0}], "output": [0.0, 0.0, 0.0, 0.0, 0.0, 0.0, 0.0, 0.0, 0.0, 0.0, 0.0, 0.0, 0.0, 0.0, 0.0, 0.0, 0.0, 0.0, 0.0, 0.0, 0.0, 0.0, 0.0, 0.0, 0.0, 0.0, 0.0, 0.0, 0.0, 0.0, 0.0, 0.0, 0.0, 0.0, 0.0, 0.0, 0.0, 0.0, 0.0, 0.0, 0.0, 0.0, 0.0, 0.0, 0.0, 0.0, 0.0, 0.0, 0.0, 0.0, 0.0, 0.0, 0.4370507904, 0.5629492096, 0.0, 0.0, 0.0, 0.0, 0.0, 0.0, 0.0, 0.0, 0.0, 0.0], "num_sources": 2, "seg_angles": 64, "input": [0.705740291, -0.2980664337, -0.8014865284, -0.9825988794, -1.098097505, -1.1249173771, -1.1892182428, -1.1281227109, -1.2132852955, -1.1811903464, 1.0813747167, -0.1745624826, -0.633776891, -1.0193229748, -1.0892816288, -1.0674127987, -1.0647556975, -1.0927086889, -1.156151944, -1.170630289, 0.830014192, -0.1313734082, -0.6809592371, -0.8746370694, -0.938084225, -0.9633529145, -1.0336274444, -1.0568242335, -1.0102970444, -1.1012009504, 0.9658581537, -0.110835375, -0.6459180301, -0.8274753072, -0.8162557341, -0.8124131569, -0.8900989649, -0.9758049593, -0.9422335835, -0.9918059881, 1.2691228287, -0.03856695, -0.458409888, -0.7241529778, -0.7441214088, -0.5922515487, -0.6621103089, -0.6926524349, -0.7333480675, -0.7943738378, 1.1488166706, -0.0305808135, -0.446759649, -0.3816220833, -0.4652444118, -0.3181068872, -0.4661244968, -0.5711237595, -0.6035283824, -0.653722734, 1.3517231338, 0.0355236099, -0.0781153867, -0.0606462504, -0.1446197105, 0.0240704528, -0.0360658901, -0.0035104812, -0.1581589875, -0.3003053984, 1.2039576655, 0.2826413588, 0.5176329031, 0.4015974294, 0.3806925466, 0.5337058865, 0.3340519816, 0.3452357114, 0.2271901005, 0.0830238317, 1.2977849726, 1.2632890916, 1.2903059044, 1.2235407026, 1.0870722353, 1.3142746205, 1.119639501, 1.1680237934, 1.0509864159, 0.6279965462, 1.7061822619, 1.7956837258, 2.002484521, 2.1649603453, 2.114431335, 2.2805288471, 2.0412669378, 2.0095291157, 1.8333121106, 1.3337406377]}