{"source": [{"position": [55.566393679778734, -317.1693173896615], "counts": 500000.0}, {"position": [-194.4357325308065, -435.5728939169753], "counts": 500000.0}], "output": [0.0, 0.0, 0.0, 0.0, 0.0, 0.0, 0.0, 0.0, 0.0, 0.0, 0.0, 0.1382706589, 0.3617293411, 0.0, 0.0, 0.0, 0.0, 0.1167048043, 0.3832951957, 0.0, 0.0, 0.0, 0.0, 0.0, 0.0, 0.0, 0.0, 0.0, 0.0, 0.0, 0.0, 0.0, 0.0, 0.0, 0.0, 0.0, 0.0, 0.0, 0.0, 0.0, 0.0, 0.0, 0.0, 0.0, 0.0, 0.0, 0.0, 0.0, 0.0, 0.0, 0.0, 0.0, 0.0, 0.0, 0.0, 0.0, 0.0, 0.0, 0.0, 0.0, 0.0, 0.0, 0.0, 0.0], "num_sources": 2, "seg_angles": 64, "input": [1.8921624239, 2.204230651, 2.1242080696, 2.1380670746, 2.1078379913, 2.04051568, 1.980364087, 2.0558351675, 1.9533624286, 1.8616217487, 0.9403146107, 1.4088604825, 1.3989964051, 1.7149200633, 1.3874379538, 1.414687667, 1.2733398164, 1.4194360797, 1.2120629457, 0.8832813165, 0.8478100613, 0.6786376822, 0.6044332231, 0.6249749681, 0.7817689038, 0.6847582842, 0.7328712642, 0.6983713075, 0.3840690984, 0.4523737888, 0.4125561162, 0.1592659825, 0.1195679688, 0.3125203092, 0.0768446557, -0.1426647122, 0.0987586903, 0.1123597738, 0.0765982722, 0.3489421334, 0.2644005954, -0.3507202538, -0.3275437157, -0.3398618207, -0.3810977321, -0.2425413806, -0.4655591549, -0.3414474688, -0.4494842372, -0.1810685905, 0.0073542016, -0.3761831972, -0.5778827229, -0.6019182609, -0.6641825429, -0.6785200642, -0.6071925017, -0.5998780103, -0.6227274141, -0.3198627972, -0.0634805791, -0.3997984954, -0.747493206, -0.6912967933, -0.9017351786, -0.9168647467, -0.8648441071, -0.9087711362, -0.7646549977, -0.4118385187, -0.1216683878, -0.6246613782, -0.8842515592, -0.9031357774, -1.0106514667, -0.9819863135, -1.0078774084, -1.0629267169, -0.9344040208, -0.3928227879, -0.3990439337, -0.6838661225, -0.9591354498, -1.0033103838, -1.1135767279, -1.1238947398, -1.1194508604, -1.0989712737, -1.0262675938, -0.6515050665, -0.2998973378, -0.899100458, -1.0590052577, -1.0813582257, -1.1451134624, -1.190860853, -1.1769352871, -1.2230981291, -1.1437926066, -0.6270960213]}