{"source": [{"position": [-324.37196187961723, -123.2551432856582], "counts": 500000.0}, {"position": [206.53864689001807, 114.18313071921095], "counts": 500000.0}], "output": [0.0, 0.0, 0.0, 0.1505925596, 0.3494074404, 0.0, 0.0, 0.0, 0.0, 0.0, 0.0, 0.0, 0.0, 0.0, 0.0, 0.0, 0.0, 0.0, 0.0, 0.0, 0.0, 0.0, 0.0, 0.0, 0.0, 0.0, 0.0, 0.0, 0.0, 0.0, 0.0, 0.0, 0.0, 0.0, 0.0, 0.0, 0.0, 0.427943312, 0.072056688, 0.0, 0.0, 0.0, 0.0, 0.0, 0.0, 0.0, 0.0, 0.0, 0.0, 0.0, 0.0, 0.0, 0.0, 0.0, 0.0, 0.0, 0.0, 0.0, 0.0, 0.0, 0.0, 0.0, 0.0, 0.0], "num_sources": 2, "seg_angles": 64, "input": [-0.3015584591, -0.3335184545, -0.5979522718, -0.291712235, -0.3006465813, -0.0574511197, 0.3570970952, 0.8855041568, 1.7661892362, 2.6775654278, 0.3569157863, -0.3589009203, -0.6806376479, -0.9272632737, -1.1672681068, -0.7931639034, -0.5283770336, -0.0047428898, 1.0901383599, 1.6510176853, 0.5205591614, -0.4775140011, -1.0442823874, -1.3211459348, -1.3245655736, -1.1460194306, -0.6075611615, -0.2670690238, 0.7518877544, 1.582901116, 0.4106479293, -0.1004916962, -0.6986974445, -1.1006871704, -1.2279104599, -1.4707498631, -1.0401212541, -0.2881979947, 0.3543664102, 1.6408733174, 0.2579667512, -0.1425367618, -0.9202162205, -1.1077393005, -1.3732491958, -1.3688699656, -1.1287022652, -0.0554879873, 0.9474096469, 1.527435686, 0.0694916627, -0.1437403602, -0.965908094, -1.2394266983, -1.2074987183, -1.2999207775, -0.8172542146, -0.1751220174, 0.647950877, 1.2492662887, 0.6180523475, 0.0648701442, -0.6625209462, -1.1346427488, -1.164936645, -1.1061970226, -0.8884935026, -0.6415969326, 0.4916632604, 1.6375183724, 0.5531774562, 0.0349557615, -0.4432817752, -0.7528843494, -0.8151098687, -0.8698425139, -0.9799720951, -0.4463644252, 0.6098100414, 1.576742244, 1.2985135199, 1.091305164, 0.5859245559, 0.0090357105, -0.3996372436, -0.265714219, -0.6071762928, -0.4463977447, 0.2463490767, 1.382621432, 2.5909411762, 1.8236713648, 1.9105717479, 1.5016139732, 1.005665859, 0.8426480721, 0.8492042618, 0.841494584, 0.5313698516, 1.1857428692]}