{"source": [{"position": [356.1195878820989, 107.53064273352055], "counts": 500000.0}, {"position": [317.69470691918343, -45.946416569022176], "counts": 500000.0}], "output": [0.0, 0.0, 0.0, 0.0, 0.0, 0.0, 0.0, 0.0, 0.0, 0.0, 0.0, 0.0, 0.0, 0.0, 0.0, 0.0, 0.0, 0.0, 0.0, 0.0, 0.0, 0.0, 0.0, 0.0, 0.0, 0.0, 0.0, 0.0, 0.0, 0.0, 0.2314942897, 0.2685057103, 0.0, 0.0, 0.0065120097, 0.4934879903, 0.0, 0.0, 0.0, 0.0, 0.0, 0.0, 0.0, 0.0, 0.0, 0.0, 0.0, 0.0, 0.0, 0.0, 0.0, 0.0, 0.0, 0.0, 0.0, 0.0, 0.0, 0.0, 0.0, 0.0, 0.0, 0.0, 0.0, 0.0], "num_sources": 2, "seg_angles": 64, "input": [-0.6684308497, -0.6795921618, -0.6064425241, -0.4701455463, -0.4194648863, -0.0888681918, 0.1171529719, 0.2764105986, 0.9142079801, 1.8388431068, -1.0726699646, -1.0048134397, -0.9303621425, -0.7103070391, -0.5754285699, -0.2990408902, -0.2017463883, 0.5301738969, 1.282652087, 2.2849037618, -1.1501702518, -0.9973691377, -0.913376755, -0.7105573419, -0.5587292458, -0.2995467151, 0.0889982157, 0.4882795621, 1.4520243372, 2.1359323516, -1.0978639303, -1.0276292385, -0.9017985468, -0.758561638, -0.5779603976, -0.263827636, 0.0061135068, 0.361691668, 1.3839946535, 1.9936700447, -1.1231130239, -1.0423371402, -0.9523104585, -0.8330897896, -0.6086637982, -0.2725500563, 0.218203954, 0.6279025202, 1.2500600987, 2.234872977, -1.1330795551, -0.9878525519, -0.887034037, -0.7528783489, -0.5179392467, -0.263023763, 0.1008162523, 0.380184033, 1.3227543006, 2.1728678629, -1.092175293, -0.9993651716, -0.9654774358, -0.7517746206, -0.6816497275, -0.2252024725, 0.066661259, 0.849218791, 1.4657344863, 2.2662847313, -1.0290118857, -0.9784384952, -0.9397263042, -0.7279735548, -0.6423316447, -0.2721702693, 0.1979612808, 0.7524127558, 1.1411979074, 2.2042290319, -0.9782840964, -0.8453868906, -0.7887749421, -0.6221134508, -0.4757229421, -0.2754027505, -0.034651857, 0.8169589679, 1.3152209243, 2.1534686484, -0.4409305764, -0.2315973653, -0.298449392, -0.3331689669, 0.0100780643, 0.0907532328, 0.3854126448, 0.5335136328, 1.0550331421, 2.2215050608]}