{"source": [{"position": [-75.65578353519398, 38.74535349788245], "counts": 500000.0}, {"position": [464.62597543596485, 93.80140164292978], "counts": 500000.0}], "output": [0.0, 0.0, 0.0, 0.0, 0.0, 0.0, 0.0, 0.0, 0.0, 0.0, 0.0, 0.0, 0.0, 0.0, 0.0, 0.0, 0.0, 0.0, 0.0, 0.0, 0.0, 0.0, 0.0, 0.0, 0.0, 0.0, 0.0, 0.0, 0.0, 0.0, 0.0, 0.0, 0.0, 0.0, 0.4854409657, 0.0145590343, 0.0, 0.0, 0.0, 0.0, 0.0, 0.0, 0.0, 0.0, 0.0, 0.0, 0.0, 0.0, 0.0, 0.0, 0.0, 0.0, 0.0, 0.0, 0.0, 0.0, 0.0, 0.0, 0.0, 0.4105068265, 0.0894931735, 0.0, 0.0, 0.0], "num_sources": 2, "seg_angles": 64, "input": [1.533370358, 0.5818671372, -0.0341389677, -0.5801911666, -0.9217773233, -1.0855749499, -1.1883920782, -1.0914835693, -1.0866909716, -0.9893591783, 1.7299066681, 0.9393547259, 0.1613459879, -0.2936527812, -0.6918705596, -0.9408065876, -1.003399698, -1.0032594829, -1.0641232194, -0.8572700971, 1.8555700164, 0.8852141602, 0.2279387468, -0.3670459483, -0.7130800908, -0.8103493465, -1.0310292005, -1.0214427555, -0.914900892, -0.8174076229, 1.9199427604, 1.0829706761, 0.3473699245, -0.2737512576, -0.6247155908, -0.8036481778, -1.0056048151, -0.9338026304, -0.8705959939, -0.8881327674, 2.1467355207, 1.0474399856, 0.4096240055, -0.3360298651, -0.6270160132, -0.8319706749, -0.8068692832, -0.9581350213, -0.9264834483, -0.8198146407, 2.0922753835, 1.0362071703, 0.3312135699, -0.2355636461, -0.6419199192, -0.776309954, -0.8921815426, -0.8966500573, -0.8222775061, -0.8440539871, 2.0406961484, 1.1662480702, 0.4216941223, -0.2591624548, -0.5518391683, -0.7616052549, -0.8512885399, -0.82565883, -0.8015173321, -0.7277987077, 1.8578928844, 1.2877435604, 0.4893971053, -0.22797941, -0.555933172, -0.6314482642, -0.6859463813, -0.6796250168, -0.5152733074, -0.5086409881, 2.0561533101, 1.1593318602, 0.635396992, 0.0034066102, -0.0220314421, -0.1121105068, -0.1835357661, 0.0074791936, 0.0684094973, -0.021023867, 2.0747633617, 1.5222670513, 1.4818463476, 1.4738412175, 1.2460403912, 1.3424879349, 1.0935317223, 1.0837532969, 1.2901649826, 1.1142992311]}