{"source": [{"position": [-10.784706162171588, 21.440385094387135], "counts": 500000.0}, {"position": [301.8046247099599, 245.4281330729635], "counts": 500000.0}], "output": [0.0, 0.0, 0.0, 0.0, 0.0, 0.0, 0.0, 0.0, 0.0, 0.0, 0.0, 0.0, 0.0, 0.0, 0.0, 0.0, 0.0, 0.0, 0.0, 0.0, 0.0, 0.0, 0.0, 0.0, 0.0, 0.0, 0.0, 0.0, 0.0, 0.0, 0.0, 0.0, 0.0, 0.0, 0.0, 0.0, 0.0, 0.0, 0.0228374068, 0.4771625932, 0.0, 0.0, 0.0, 0.0, 0.0, 0.0, 0.0, 0.0, 0.0, 0.0, 0.0, 0.0, 0.1264172059, 0.3735827941, 0.0, 0.0, 0.0, 0.0, 0.0, 0.0, 0.0, 0.0, 0.0, 0.0], "num_sources": 2, "seg_angles": 64, "input": [0.060004346, -0.7289293928, -0.9630864738, -1.0292896693, -1.0389651775, -1.0407195594, -1.0328749338, -1.018200363, -1.0149570902, -0.9571648979, 0.2352548775, -0.6085277619, -0.8672319054, -0.940239211, -0.9817769581, -0.9845218578, -0.9647916282, -0.975571737, -0.9416231416, -0.9450335532, 0.2775662232, -0.5523661994, -0.808969263, -0.8738485913, -0.9106761459, -0.9130150237, -0.8843155893, -0.9059055386, -0.8687805653, -0.8710367607, 0.3881550683, -0.4444098726, -0.7014078821, -0.7563256802, -0.8021590522, -0.8060225693, -0.7926288032, -0.7850421391, -0.8225319398, -0.8236239443, 0.6085967598, -0.3310791682, -0.5514687527, -0.6043377726, -0.6553076416, -0.6683014816, -0.6657291998, -0.6792239129, -0.6927990488, -0.7057529687, 0.7529158262, -0.1693735485, -0.3233550023, -0.362986355, -0.4044949664, -0.4075518951, -0.4370129291, -0.4975517334, -0.4947730464, -0.541906295, 0.958193066, 0.1390278538, 0.0334225028, 0.0277960378, -0.0981628624, -0.1152928052, -0.0764101154, -0.1844673486, -0.2485252329, -0.301644339, 1.2012297368, 0.6237075835, 0.5928840921, 0.5245210655, 0.481291345, 0.4727523474, 0.4152582807, 0.2603557558, 0.2298023455, -0.0076869857, 1.5117264655, 1.4838170984, 1.540631804, 1.4293706894, 1.3217200031, 1.1803549625, 1.0950199829, 1.05750731, 0.9389145683, 0.5862843585, 2.2114005127, 2.5047041671, 2.4623153544, 2.4150564652, 2.3110810276, 2.1116612367, 1.9211556014, 1.9604864695, 1.7609830889, 1.4948399995]}