{"source": [{"position": [303.52032439880287, -87.92845203257873], "counts": 500000.0}, {"position": [-286.1297529435198, -102.69257266463012], "counts": 500000.0}], "output": [0.0, 0.0, 0.0, 0.2450515904, 0.2549484096, 0.0, 0.0, 0.0, 0.0, 0.0, 0.0, 0.0, 0.0, 0.0, 0.0, 0.0, 0.0, 0.0, 0.0, 0.0, 0.0, 0.0, 0.0, 0.0, 0.0, 0.0, 0.0, 0.0, 0.0, 0.4360943175, 0.0639056825, 0.0, 0.0, 0.0, 0.0, 0.0, 0.0, 0.0, 0.0, 0.0, 0.0, 0.0, 0.0, 0.0, 0.0, 0.0, 0.0, 0.0, 0.0, 0.0, 0.0, 0.0, 0.0, 0.0, 0.0, 0.0, 0.0, 0.0, 0.0, 0.0, 0.0, 0.0, 0.0, 0.0], "num_sources": 2, "seg_angles": 64, "input": [2.2291590959, 1.861099344, 1.8698899082, 1.7017411947, 1.7702367305, 1.479819613, 1.7648256751, 2.0298152157, 1.8242767644, 2.6479426444, 1.4513746604, 0.6051993191, 0.1745712468, -0.5138368912, -0.809274227, -0.5811895381, -0.4254401266, 0.1296386388, 0.7818553677, 1.488261791, 1.1215333717, 0.3011868503, -0.3837356443, -0.7054516231, -0.9571107567, -0.9002196331, -0.8649325547, -0.4309446822, 0.5477688999, 1.1717844612, 1.2332973338, 0.173822152, -0.2430383886, -1.0320602079, -1.2299639171, -1.0738948431, -0.8764841715, -0.4801965757, 0.2668186168, 0.6168093731, 0.9340761916, 0.4210343496, -0.3600549963, -0.8849643858, -0.9775424644, -0.9491878719, -0.7918622635, -0.4036876814, -0.1767270092, 0.854133363, 1.7722918957, 0.5637264466, -0.4741460766, -0.757900338, -1.1342355161, -0.8079539795, -0.9229276195, -0.235747202, 0.1539381347, 0.6108120515, 1.5056803097, 0.2539500028, -0.5798266164, -0.81748095, -1.2942298172, -1.1857093158, -0.7162239276, -0.5074895407, 0.4353260756, 0.8475190889, 0.8806130582, 0.3739336164, -0.1953732356, -0.5494666459, -1.0463605192, -1.2515781028, -1.044974414, -0.5531073606, 0.0720633796, 1.0164756561, 0.8116012692, 0.0514942366, -0.177091711, -0.9957132187, -1.0336500593, -1.2219898878, -0.9630118727, -0.5699337132, 0.3216723683, 0.6642803035, 0.2690974436, 0.0412233498, -0.8484916164, -1.4183334433, -1.6268525953, -1.265582887, -1.0796562224, -0.7439413844, -0.358354487, 0.3314638699]}