{"source": [{"position": [66.6849905501727, 105.72659095669064], "counts": 500000.0}, {"position": [-87.55009574564181, 66.59565102113613], "counts": 500000.0}], "output": [0.0, 0.0, 0.0, 0.0, 0.0, 0.0, 0.0, 0.0, 0.0, 0.0, 0.0, 0.0, 0.0, 0.0, 0.0, 0.0, 0.0, 0.0, 0.0, 0.0, 0.0, 0.0, 0.0, 0.0, 0.0, 0.0, 0.0, 0.0, 0.0, 0.0, 0.0, 0.0, 0.0, 0.0, 0.0, 0.0, 0.0, 0.0, 0.0, 0.0, 0.0, 0.0, 0.3658561996, 0.1341438004, 0.0, 0.0, 0.0, 0.0, 0.0, 0.0, 0.0, 0.0, 0.0, 0.0, 0.0, 0.0, 0.0, 0.3118854707, 0.1881145293, 0.0, 0.0, 0.0, 0.0, 0.0], "num_sources": 2, "seg_angles": 64, "input": [0.167060459, -0.4844993015, -0.8461222382, -1.0694406723, -1.1983844749, -1.3678115001, -1.2714723443, -1.1564383329, -0.8271819005, -0.2385463661, 0.4053750311, -0.2235494903, -0.6230740903, -0.9502812963, -1.1445260892, -1.2634839695, -1.2179195736, -1.0009291784, -0.6357609041, -0.1197543212, 0.4835043088, -0.0062415736, -0.5970988814, -0.874158039, -1.0827375192, -1.2236556051, -1.1686703525, -0.9931115724, -0.7268350263, -0.0660156321, 0.5539392934, -0.0598904446, -0.4769544298, -0.7874465933, -1.050162687, -1.0778101001, -1.1591675659, -0.8836948093, -0.690089285, -0.0067379645, 0.7029834063, 0.2420534439, -0.402120701, -0.595718486, -0.9181200064, -1.0138243451, -1.0623239144, -0.8442897045, -0.5517535135, 0.143739126, 0.6841199629, 0.1300330291, -0.1513819181, -0.5704807253, -0.7244301827, -0.8781757713, -0.9000225137, -0.6978115278, -0.4897740847, 0.140285478, 1.1029569801, 0.6434723202, -0.0601913754, -0.265953728, -0.4261280567, -0.4970302753, -0.4661513305, -0.5005517788, -0.2954100708, 0.4012316448, 1.2690811507, 0.9025539177, 0.4556599018, 0.1532484261, 0.1278516157, 0.0977950842, 0.0496030163, 0.0082441026, 0.0743141883, 0.3610120808, 1.5965273697, 1.2545672371, 1.1086836182, 1.0029063972, 1.0310422723, 0.8866578747, 0.9576209959, 0.9402153341, 0.8196512217, 0.9197942604, 2.0723226531, 2.2723410234, 2.3165187511, 2.1685028237, 2.0936663174, 2.264180971, 2.0195474751, 2.090937378, 2.0593915731, 1.7061046203]}