{"source": [{"position": [206.7063337487461, -294.74139781875226], "counts": 500000.0}, {"position": [362.6941488547676, 321.99061226457474], "counts": 500000.0}], "output": [0.0, 0.0, 0.0, 0.0, 0.0, 0.0, 0.0, 0.0, 0.0, 0.0, 0.0, 0.0, 0.0, 0.0, 0.0, 0.0, 0.0, 0.0, 0.0, 0.0, 0.0, 0.0, 0.385108849, 0.114891151, 0.0, 0.0, 0.0, 0.0, 0.0, 0.0, 0.0, 0.0, 0.0, 0.0, 0.0, 0.0, 0.0, 0.0, 0.0, 0.3024132091, 0.1975867909, 0.0, 0.0, 0.0, 0.0, 0.0, 0.0, 0.0, 0.0, 0.0, 0.0, 0.0, 0.0, 0.0, 0.0, 0.0, 0.0, 0.0, 0.0, 0.0, 0.0, 0.0, 0.0, 0.0], "num_sources": 2, "seg_angles": 64, "input": [0.5066839644, 0.4786973174, 0.7441893996, 0.8257512728, 0.5996950471, 1.2983034136, 1.2340073428, 1.5745722174, 1.5674641365, 1.955750783, -0.2277099881, -0.0545246937, 0.0258469084, 0.2042770331, 0.2350125184, 0.1574562184, 0.6372083799, 0.8966915321, 1.086898051, 2.1065474822, -0.7735968831, -0.3980622107, -0.3070659848, -0.2998660195, -0.4204909503, -0.1941585144, -0.0944320647, 0.0812170803, 0.7747604156, 2.4491390831, -0.9808620144, -0.7932843015, -0.898256852, -0.8449057868, -0.8153853384, -0.6504786491, -0.4123247937, 0.0875457861, 0.9819538176, 2.30424347, -1.26406747, -1.1419880971, -0.9295017007, -1.121703696, -1.0180396272, -0.9634188858, -0.6688544485, -0.0435221319, 0.6784813993, 2.4062524227, -1.2718561872, -1.0416598664, -1.1009370183, -1.2287397911, -1.0871448168, -1.0121044171, -0.8009884213, -0.2166554432, 0.6583676229, 2.0072821813, -1.2826370809, -1.1548598789, -1.1658312726, -1.0612950456, -1.0672114881, -0.9432668387, -0.8504653325, -0.1850984289, 0.8141807209, 1.9850657873, -1.0447434437, -1.0385020259, -0.9594711314, -0.8678997813, -0.9514930176, -0.7471264339, -0.4945180528, -0.2567573602, 0.9589350997, 1.8430444901, -0.7091994694, -0.6579379551, -0.4415829727, -0.5179253713, -0.6503960357, -0.30448802, -0.2827746445, 0.1318726111, 1.0420821764, 2.0641237139, 0.0552499909, -0.0221296622, 0.1265095291, 0.0589832521, -0.2170386385, 0.0987648345, 0.3174341046, 0.249082311, 1.0268508205, 1.6147607072]}