{"source": [{"position": [188.6822117006929, -285.24204281230163], "counts": 500000.0}, {"position": [232.389490948039, -395.82335011582035], "counts": 500000.0}], "output": [0.0, 0.0, 0.0, 0.0, 0.0, 0.0, 0.0, 0.0, 0.0, 0.0, 0.0, 0.0, 0.0, 0.0, 0.0, 0.0, 0.0, 0.0, 0.0, 0.0, 0.0, 0.3198889743, 0.6801110257, 0.0, 0.0, 0.0, 0.0, 0.0, 0.0, 0.0, 0.0, 0.0, 0.0, 0.0, 0.0, 0.0, 0.0, 0.0, 0.0, 0.0, 0.0, 0.0, 0.0, 0.0, 0.0, 0.0, 0.0, 0.0, 0.0, 0.0, 0.0, 0.0, 0.0, 0.0, 0.0, 0.0, 0.0, 0.0, 0.0, 0.0, 0.0, 0.0, 0.0, 0.0], "num_sources": 2, "seg_angles": 64, "input": [1.5344571843, 1.9839202273, 1.8453930888, 1.809911489, 1.7566018436, 1.817119176, 1.9155157733, 1.8289540618, 1.6308116809, 1.6833532655, 0.7158370967, 1.0791873897, 1.0435967668, 1.0699011632, 1.1079118498, 0.8289020993, 0.9581764216, 1.1251089346, 0.9706265407, 1.280010761, 0.0020641769, 0.2811843776, 0.3841666386, 0.2105229403, 0.3104568807, 0.4366785633, 0.3600806076, 0.2588622983, 0.3569766504, 1.5030211149, -0.5605880089, -0.3532711615, -0.2514392444, -0.2394115651, -0.2456754049, -0.0965846736, 0.055018646, -0.0922164411, 0.3291709632, 1.3106134047, -0.7250649909, -0.7281495312, -0.7490216434, -0.589550937, -0.4892395762, -0.5732306722, -0.2619227814, -0.3798579057, 0.5030834523, 1.5830283152, -0.8834709432, -0.8273631449, -0.8187042644, -0.8178283825, -0.6822202324, -0.7393280242, -0.637280757, -0.3994004549, 0.2508468574, 1.6450457012, -1.1269956292, -0.9873951715, -0.9818119506, -0.8959681808, -0.9374106294, -0.9076761363, -0.7394100346, -0.4479629274, 0.3165263813, 1.3846603468, -1.1723763339, -1.073033284, -1.0954285151, -1.0571461296, -1.0350822934, -1.0508040441, -0.8246198116, -0.5347973599, 0.2364024086, 1.3832146804, -1.2377989084, -1.1688393012, -1.168189632, -1.1045996136, -1.0775092482, -0.9703334967, -0.6695594541, -0.4311185488, 0.0876099157, 1.2793987877, -1.268635451, -1.2499863061, -1.1943476095, -1.2244833747, -1.2010978242, -1.1224213382, -0.8430984459, -0.5307377903, -0.0706714081, 1.0882360004]}