{"source": [{"position": [-12.877249121758645, -180.54134278623323], "counts": 500000.0}, {"position": [257.23043454998606, 417.05215925735877], "counts": 500000.0}], "output": [0.0, 0.0, 0.0, 0.0, 0.0, 0.0, 0.0, 0.0, 0.0, 0.0, 0.0, 0.0, 0.0, 0.0, 0.0, 0.3626449937, 0.1373550063, 0.0, 0.0, 0.0, 0.0, 0.0, 0.0, 0.0, 0.0, 0.0, 0.0, 0.0, 0.0, 0.0, 0.0, 0.0, 0.0, 0.0, 0.0, 0.0, 0.0, 0.0, 0.0, 0.0, 0.0, 0.0, 0.314716023, 0.185283977, 0.0, 0.0, 0.0, 0.0, 0.0, 0.0, 0.0, 0.0, 0.0, 0.0, 0.0, 0.0, 0.0, 0.0, 0.0, 0.0, 0.0, 0.0, 0.0, 0.0], "num_sources": 2, "seg_angles": 64, "input": [1.4154298378, 1.9811752223, 2.1079783912, 2.1945705077, 2.429891732, 2.0350697335, 2.408952918, 2.2773612224, 2.4788185332, 2.5470267088, 0.6667875572, 1.1431671865, 1.2628050979, 1.2387054321, 1.2887945989, 1.3009732351, 1.4102997989, 1.4333243405, 1.8076456645, 1.7463801101, 0.0615066938, 0.2417592053, 0.2616713197, 0.5374445867, 0.5395556304, 0.4618502204, 0.6091971975, 0.5452925883, 0.7735838644, 0.9154807291, -0.4295303935, -0.187850193, -0.2423007018, -0.2917359825, -0.3520932468, -0.1551159672, 0.0442504022, 0.0076909178, 0.2769249871, 0.399286887, -0.6893320909, -0.8248436532, -0.6146652267, -0.5810414076, -0.6261391472, -0.5969321483, -0.681318121, -0.5817633202, -0.3758711986, -0.091103566, -0.9020101118, -0.9615457782, -0.7665488354, -0.8424199088, -0.8901782487, -0.9612568903, -0.8955897079, -0.6294715553, -0.4872911151, -0.0447654568, -1.0406009375, -1.0319508005, -0.7832572164, -0.9882509699, -0.854736908, -0.7901280394, -0.912493495, -0.8632938895, -0.686339678, -0.2849752437, -0.757032012, -0.9649984816, -0.8822278712, -0.9206877719, -0.848426341, -0.729326726, -0.6737942901, -0.7369821309, -0.723422368, -0.4909253433, -0.4547202543, -0.5944747767, -0.6133027767, -0.7203431948, -0.7510228868, -0.7496731134, -0.7831679453, -0.5260489178, -0.5527266195, -0.5539524818, -0.368020947, -0.4759657649, -0.3026910116, -0.3673052049, -0.3315268745, -0.4023439304, -0.4764537192, -0.26346002, -0.4305243432, -0.4663637891]}