{"source": [{"position": [243.01598597964218, 368.00031325848397], "counts": 500000.0}, {"position": [-4.720863366589074, 22.510296512351797], "counts": 500000.0}], "output": [0.0, 0.0, 0.0, 0.0, 0.0, 0.0, 0.0, 0.0, 0.0, 0.0, 0.0, 0.0, 0.0, 0.0, 0.0, 0.0, 0.0, 0.0, 0.0, 0.0, 0.0, 0.0, 0.0, 0.0, 0.0, 0.0, 0.0, 0.0, 0.0, 0.0, 0.0, 0.0, 0.0, 0.0, 0.0, 0.0, 0.0, 0.0, 0.0, 0.0, 0.0, 0.0, 0.4724030516, 0.0275969484, 0.0, 0.0, 0.0, 0.0, 0.0, 0.0, 0.447162422, 0.052837578, 0.0, 0.0, 0.0, 0.0, 0.0, 0.0, 0.0, 0.0, 0.0, 0.0, 0.0, 0.0], "num_sources": 2, "seg_angles": 64, "input": [-0.9782449249, -0.9431701952, -0.9381992565, -0.9460731556, -0.9461459437, -0.9490705014, -0.9354483685, -0.9233878929, -0.9056309652, -0.8837851099, -0.9216352236, -0.8887775434, -0.8728886142, -0.8970286765, -0.8821734328, -0.8911463734, -0.8733761474, -0.8784208117, -0.8522117515, -0.8366667348, -0.8630715381, -0.8193358535, -0.7755723094, -0.7781882463, -0.7967740881, -0.794955172, -0.7721878953, -0.7818352679, -0.780535888, -0.765088941, -0.7922580396, -0.6708357507, -0.6440251726, -0.6960693855, -0.6810779077, -0.7075389931, -0.6654726615, -0.6730472118, -0.6804418567, -0.6945390173, -0.6382631445, -0.4992116616, -0.5055835363, -0.4783035675, -0.4938945696, -0.4834606295, -0.5139314871, -0.5050944575, -0.5414693613, -0.5950993506, -0.4521395235, -0.2573823004, -0.2254263843, -0.2228010685, -0.2087735621, -0.2615502482, -0.2831206098, -0.2447358266, -0.2988762439, -0.4174581865, -0.1570014565, 0.1298456093, 0.1705200248, 0.2326117843, 0.2292842691, 0.1442484894, 0.090890573, 0.0391564701, 0.0155355244, -0.1935918965, 0.3033147926, 0.5963101131, 0.7399350839, 0.6972820415, 0.7204664503, 0.644808571, 0.597602278, 0.5739617558, 0.454993214, 0.2432571215, 1.0266525075, 1.3709369062, 1.4610765385, 1.482911415, 1.4814125009, 1.5365348472, 1.4313118029, 1.2839900467, 1.1957291489, 0.8888407385, 1.9627973455, 2.3226991555, 2.4092686724, 2.2945011863, 2.3730004581, 2.2237836627, 2.2473043601, 2.1350656793, 2.0238398284, 1.6778209254]}