{"source": [{"position": [281.78228187479493, 200.78532222608706], "counts": 500000.0}, {"position": [8.65736287432149, -20.224986231449453], "counts": 500000.0}], "output": [0.0, 0.0, 0.0, 0.0, 0.0, 0.0, 0.0, 0.0, 0.0, 0.0, 0.0, 0.0, 0.0, 0.0, 0.0, 0.0, 0.0, 0.0, 0.0, 0.0, 0.4401347838, 0.0598652162, 0.0, 0.0, 0.0, 0.0, 0.0, 0.0, 0.0, 0.0, 0.0, 0.0, 0.0, 0.0, 0.0, 0.0, 0.0, 0.0, 0.3469373043, 0.1530626957, 0.0, 0.0, 0.0, 0.0, 0.0, 0.0, 0.0, 0.0, 0.0, 0.0, 0.0, 0.0, 0.0, 0.0, 0.0, 0.0, 0.0, 0.0, 0.0, 0.0, 0.0, 0.0, 0.0, 0.0], "num_sources": 2, "seg_angles": 64, "input": [1.3812144962, 1.7515017496, 1.9236876603, 2.114809843, 2.2313326418, 2.2301382348, 2.3509125522, 2.4753387066, 2.5936202843, 2.2963541601, 0.4433839539, 0.8905637305, 1.0190391782, 1.1181767846, 1.223665858, 1.366955881, 1.4924623034, 1.5781054081, 1.5994773857, 1.5308556936, -0.0544571372, 0.2340580215, 0.3264640839, 0.3915153106, 0.4788532948, 0.5553397738, 0.6631757766, 0.7324018692, 0.7535566727, 1.0270424664, -0.4356894379, -0.2779409943, -0.1840791461, -0.0978185877, -0.0333961014, 0.0610371164, 0.1085232351, 0.1784021346, 0.2044859431, 0.7910153921, -0.6686828081, -0.5809989383, -0.5007277913, -0.4792609832, -0.3994146529, -0.3217857084, -0.320605252, -0.2627089886, -0.181244131, 0.4473315086, -0.8433127425, -0.7740334426, -0.7121094745, -0.6863669889, -0.6850619203, -0.6179256556, -0.5548971266, -0.5138096552, -0.415099725, 0.3632178588, -0.9534171053, -0.8598592229, -0.8311801392, -0.822852995, -0.7726432772, -0.7461237228, -0.7166811651, -0.635878069, -0.5032140152, 0.2337005123, -0.9773623592, -0.940738372, -0.9132671624, -0.8948922929, -0.8824457648, -0.83286015, -0.818594341, -0.7603664929, -0.6158424659, 0.1842587809, -0.9930557323, -0.9420594642, -0.9363313051, -0.9210752251, -0.9059614297, -0.8979457378, -0.8769831131, -0.8407244951, -0.6851146211, -0.0020848428, -0.9758251085, -0.9382090047, -0.933104585, -0.9313123882, -0.8971328275, -0.916843699, -0.8960856591, -0.8769018636, -0.7523279049, -0.1472507478]}