{"source": [{"position": [317.10645189557863, 334.6109654004141], "counts": 500000.0}, {"position": [23.463015802118377, 443.37961938892676], "counts": 500000.0}], "output": [0.0, 0.0, 0.0, 0.0, 0.0, 0.0, 0.0, 0.0, 0.0, 0.0, 0.0, 0.0, 0.0, 0.0, 0.0, 0.0, 0.0, 0.0, 0.0, 0.0, 0.0, 0.0, 0.0, 0.0, 0.0, 0.0, 0.0, 0.0, 0.0, 0.0, 0.0, 0.0, 0.0, 0.0, 0.0, 0.0, 0.0, 0.0, 0.0, 0.0, 0.3632408398, 0.1367591602, 0.0, 0.0, 0.0, 0.0, 0.0, 0.2692609118, 0.2307390882, 0.0, 0.0, 0.0, 0.0, 0.0, 0.0, 0.0, 0.0, 0.0, 0.0, 0.0, 0.0, 0.0, 0.0, 0.0], "num_sources": 2, "seg_angles": 64, "input": [-1.242597202, -1.2243371687, -1.1103308311, -1.2423009166, -1.1876091567, -1.0623299393, -0.8674276427, -0.7079033164, -0.38584791, 0.215200781, -1.2488102027, -1.190175921, -1.2081507534, -1.0838294652, -1.0693215162, -0.9174286886, -0.7970208393, -0.5657560081, -0.0944800999, 0.5187725903, -1.0939990448, -1.1081020964, -1.1043264256, -1.0527311032, -0.9899994971, -0.8800708687, -0.7281993798, -0.4592403292, -0.1489935301, 0.6784680396, -1.085963739, -1.0061075081, -0.8985073972, -0.9383241206, -0.9324872344, -0.8573964415, -0.5843607733, -0.3962842983, -0.155688765, 0.4154101719, -0.9118941961, -0.7375552308, -0.7224826289, -0.481643062, -0.7676230116, -0.6644926696, -0.4876849346, -0.4608305862, 0.0692524143, 0.6740538944, -0.7040555863, -0.5508178253, -0.6169971575, -0.4949716021, -0.4160661927, -0.4763930081, -0.3791227793, -0.203548476, 0.1933843128, 0.6878673511, -0.4485896934, -0.0593876, -0.2572708756, -0.1364750125, -0.0612724549, -0.0763785715, -0.1336830473, 0.0131580175, 0.636634348, 0.9164058831, 0.0931682134, 0.364345157, 0.6320083159, 0.5458935416, 0.3312179776, 0.3682952569, 0.3918355035, 0.2921844822, 0.9749882877, 1.1290034011, 0.7194637773, 1.0435913845, 1.2354985836, 1.402658112, 1.0079319523, 1.1163134399, 0.910143253, 0.9293766492, 1.6393021414, 1.1981445686, 1.8412794851, 2.3089272255, 2.1429632182, 2.2597705462, 1.996125139, 2.0787459922, 1.7419911337, 1.9706562291, 2.3678847921, 1.8233607689]}