{"source": [{"position": [133.64326828699095, -353.5865903022502], "counts": 500000.0}, {"position": [1.3586367096667509, 54.983216587347336], "counts": 500000.0}], "output": [0.0, 0.0, 0.0, 0.0, 0.0, 0.0, 0.0, 0.0, 0.0, 0.0, 0.0, 0.0, 0.0, 0.0, 0.0, 0.0, 0.0, 0.0, 0.0, 0.1595711027, 0.3404288973, 0.0, 0.0, 0.0, 0.0, 0.0, 0.0, 0.0, 0.0, 0.0, 0.0, 0.0, 0.0, 0.0, 0.0, 0.0, 0.0, 0.0, 0.0, 0.0, 0.0, 0.0, 0.0, 0.0, 0.0, 0.0, 0.0, 0.1258215248, 0.3741784752, 0.0, 0.0, 0.0, 0.0, 0.0, 0.0, 0.0, 0.0, 0.0, 0.0, 0.0, 0.0, 0.0, 0.0, 0.0], "num_sources": 2, "seg_angles": 64, "input": [-0.8621448134, -0.78389177, -0.8276622618, -0.7082503148, -0.7511550194, -0.7448657488, -0.7753233219, -0.7714679871, -0.7853100968, -0.8731113498, -0.9637618734, -0.8706836539, -0.8281863797, -0.7808895267, -0.7457819594, -0.8022163341, -0.8068531005, -0.8015409545, -0.7341794927, -0.857764109, -0.9655116169, -0.8548923263, -0.7899417484, -0.8025400562, -0.7506909649, -0.7530631061, -0.7985142496, -0.8124125703, -0.8632218617, -0.8779540103, -0.8771250043, -0.807207681, -0.7346729834, -0.7591578591, -0.7178034803, -0.7042372887, -0.7891406824, -0.6887299078, -0.7697576074, -0.7538992437, -0.7804888347, -0.607679209, -0.5452316871, -0.4422281262, -0.5382047876, -0.549018972, -0.5636196541, -0.5925567833, -0.5991627736, -0.4771273581, -0.5208592304, -0.3757396144, -0.2204230515, -0.3312866205, -0.2959370293, -0.3163374495, -0.3690383471, -0.2952600056, -0.3590869789, -0.3052259297, -0.2488579665, -0.04356343, 0.1333908088, 0.1061966513, 0.03941782, 0.1448764857, 0.0317105043, 0.0119641271, 0.1065911389, 0.0618557363, 0.1867910882, 0.5727104885, 0.5539713557, 0.7020040927, 0.6922993231, 0.6506211715, 0.6129549502, 0.5520765245, 0.4472684874, 0.4315350321, 0.8600574301, 1.3310140161, 1.4090724931, 1.4620701641, 1.514291833, 1.6167104463, 1.3443445406, 1.3927678377, 1.4163759287, 1.0974828697, 1.7559551212, 2.2458217842, 2.151426585, 2.4372632962, 2.3433751861, 2.1677238216, 2.3062537149, 2.1966421356, 2.2664624854, 1.9691006799]}