{"source": [{"position": [-3.3237597227004043, -123.95544611393952], "counts": 500000.0}, {"position": [215.93575683228613, 153.61233323294], "counts": 500000.0}], "output": [0.0, 0.0, 0.0, 0.0, 0.0, 0.0, 0.0, 0.0, 0.0, 0.0, 0.0, 0.0, 0.0, 0.0, 0.0, 0.1365306207, 0.3634693793, 0.0, 0.0, 0.0, 0.0, 0.0, 0.0, 0.0, 0.0, 0.0, 0.0, 0.0, 0.0, 0.0, 0.0, 0.0, 0.0, 0.0, 0.0, 0.0, 0.0, 0.0, 0.3509086197, 0.1490913803, 0.0, 0.0, 0.0, 0.0, 0.0, 0.0, 0.0, 0.0, 0.0, 0.0, 0.0, 0.0, 0.0, 0.0, 0.0, 0.0, 0.0, 0.0, 0.0, 0.0, 0.0, 0.0, 0.0, 0.0], "num_sources": 2, "seg_angles": 64, "input": [1.2923587508, 1.6095910634, 1.9760873095, 1.9139557953, 1.9993959811, 2.0074266354, 2.069873813, 2.2467433824, 2.5617777121, 2.5450903979, 0.4311640109, 0.9531024968, 1.1398172201, 0.9958183533, 1.1616721456, 1.2657855861, 1.454997598, 1.6026632928, 1.9202202816, 2.0598059952, -0.2575619314, -0.0657748759, 0.0750306038, 0.1860982309, 0.3010265295, 0.3753820837, 0.4436259688, 1.0024972322, 1.124326336, 1.295546427, -0.7842513569, -0.3416715709, -0.2654516094, -0.3390405816, -0.2268775272, -0.0497965686, 0.0118396494, 0.2703911403, 0.7186525366, 0.6664632958, -0.9401767763, -0.8398465971, -0.8373188337, -0.5660234105, -0.520972316, -0.4943494501, -0.4478926978, -0.2035748977, 0.3064138501, 0.3214463558, -1.2733678278, -0.9959412115, -1.0922996716, -0.9442938919, -0.8328303181, -0.7002616021, -0.5251985391, -0.4584565152, -0.1225977321, 0.2357962721, -1.3839558725, -1.1541199009, -1.0714742305, -1.0845386336, -0.9830933634, -0.9276377784, -0.7158767655, -0.5805978502, -0.3166695218, -0.0902080682, -1.1749253619, -1.0724629683, -0.9533116693, -1.0596481012, -1.0071182469, -1.0430672296, -0.9093194545, -0.6561232935, -0.4130886932, -0.1791304597, -0.9595493341, -0.8317026715, -0.7673818921, -0.5595833341, -0.7487599965, -0.7424394401, -0.5934062972, -0.71542744, -0.5303456346, -0.1607630787, -0.5489429217, -0.3204910032, -0.3611966385, -0.2728056197, -0.2113849746, -0.2172061362, -0.2268247938, -0.4393989818, -0.166549595, -0.2655287762]}