{"source": [{"position": [-34.80359055848427, -66.43575907775407], "counts": 500000.0}, {"position": [-42.384918138664325, -60.65903654344276], "counts": 500000.0}], "output": [0.0, 0.0, 0.0, 0.0, 0.0, 0.0, 0.0, 0.0, 0.0, 0.1060937431, 0.3939062569, 0.4576550655, 0.0423449345, 0.0, 0.0, 0.0, 0.0, 0.0, 0.0, 0.0, 0.0, 0.0, 0.0, 0.0, 0.0, 0.0, 0.0, 0.0, 0.0, 0.0, 0.0, 0.0, 0.0, 0.0, 0.0, 0.0, 0.0, 0.0, 0.0, 0.0, 0.0, 0.0, 0.0, 0.0, 0.0, 0.0, 0.0, 0.0, 0.0, 0.0, 0.0, 0.0, 0.0, 0.0, 0.0, 0.0, 0.0, 0.0, 0.0, 0.0, 0.0, 0.0, 0.0, 0.0], "num_sources": 2, "seg_angles": 64, "input": [1.74636645, 1.974152128, 2.0431128219, 2.1059568818, 2.0027808728, 1.9981402284, 1.8081057886, 1.8837280617, 1.7416798481, 1.459172072, 1.5536025477, 1.0832888223, 1.1665013625, 1.1225270245, 1.1303312664, 1.0531294179, 1.0504583171, 1.0541753415, 0.9985054974, 0.6050575362, 1.4249034504, 0.5755194949, 0.322831176, 0.4701028161, 0.4442316665, 0.3465477173, 0.3133029998, 0.2509859888, 0.1635155688, -0.0742678594, 1.4135385017, 0.3914813024, -0.0143816833, -0.0852707926, -0.1676271215, -0.2148967973, -0.1569563344, -0.2854936698, -0.2973334406, -0.457222513, 1.3301671401, 0.2139144891, -0.2115405924, -0.4648607784, -0.5209784743, -0.5276950205, -0.556716144, -0.5934643585, -0.6253503847, -0.7719094352, 1.3253204795, 0.1351221183, -0.3935019651, -0.5807740561, -0.7077784446, -0.786412481, -0.801388739, -0.7846963786, -0.8653159555, -0.9837196777, 1.1279316593, 0.1160694758, -0.4972535376, -0.7585134981, -0.8999500847, -0.9028210251, -0.9278117248, -0.9366201455, -0.9835300911, -1.0465607146, 1.0594901058, 0.1703012436, -0.5223461145, -0.844271062, -0.9280153961, -1.0077472935, -1.0426531496, -1.0353103784, -1.0708276112, -1.111253021, 1.0971699744, 0.0705151543, -0.5631265141, -0.8641913086, -1.021099234, -1.0682377191, -1.1187190928, -1.13370358, -1.1382923225, -1.1561988476, 0.8469000113, -0.1477507895, -0.6559981313, -0.9058135841, -1.0759610311, -1.1580234404, -1.1687745169, -1.1765447347, -1.1851735964, -1.2079884328]}