{"source": [{"position": [202.76476143198576, -130.2591705847611], "counts": 500000.0}, {"position": [34.024611242768614, 90.83680878244492], "counts": 500000.0}], "output": [0.0, 0.0, 0.0, 0.0, 0.0, 0.0, 0.0, 0.0, 0.0, 0.0, 0.0, 0.0, 0.0, 0.0, 0.0, 0.0, 0.0, 0.0, 0.0, 0.0, 0.0, 0.0, 0.0, 0.0, 0.0, 0.0, 0.4082050528, 0.0917949472, 0.0, 0.0, 0.0, 0.0, 0.0, 0.0, 0.0, 0.0, 0.0, 0.0, 0.0, 0.0, 0.0, 0.0, 0.0, 0.0, 0.3252772715, 0.1747227285, 0.0, 0.0, 0.0, 0.0, 0.0, 0.0, 0.0, 0.0, 0.0, 0.0, 0.0, 0.0, 0.0, 0.0, 0.0, 0.0, 0.0, 0.0], "num_sources": 2, "seg_angles": 64, "input": [-0.6599380734, -0.558004472, -0.6102269279, -0.5565315835, -0.4688349571, -0.4562232119, -0.351074778, -0.3732895225, -0.0550046863, 1.0433528238, -1.0938574613, -0.910693297, -0.8658922736, -0.9136721603, -0.8809336054, -0.8759583964, -0.7520548565, -0.7249979767, -0.1746376942, 1.3168432379, -1.2176803051, -1.1143880138, -1.0886216215, -1.0389279102, -1.0564079843, -0.9436805349, -0.892695656, -0.6865277408, -0.1144050723, 1.3553497314, -1.257214157, -1.1532935368, -1.0952477537, -1.026836346, -1.0477922076, -0.9401261196, -0.9537534504, -0.6360438518, -0.078532427, 1.3057766185, -1.2409409987, -1.0668924961, -1.0319903757, -0.9870813955, -0.8614896683, -0.8199171477, -0.5582121035, -0.382599911, 0.1825927224, 1.3192565835, -0.9438215293, -0.8228947876, -0.8366197276, -0.6889366133, -0.7658514447, -0.6305711843, -0.4204693943, -0.2151197468, 0.0977280912, 1.4730211216, -0.7607114265, -0.5733621655, -0.5064156097, -0.2132708443, -0.3198289763, -0.2377526302, -0.0585813811, 0.154787776, 0.5193647366, 1.5128079685, -0.3378022477, -0.1276133436, 0.1975013883, 0.0577271472, 0.2420559856, 0.4640256945, 0.3922131063, 0.6241691985, 0.8667617827, 1.6919788442, 0.3766700879, 0.6965673559, 0.7686066878, 0.7450251456, 0.9965042821, 0.985282234, 1.1463445264, 1.3411901734, 1.4740918489, 2.0144840707, 1.0981956464, 1.446264456, 1.5288031524, 1.6434249772, 1.7709484183, 1.8691688736, 1.911013226, 1.9092539578, 2.2843652478, 2.2092288456]}