{"source": [{"position": [354.45826051311917, -19.60463093286288], "counts": 500000.0}, {"position": [-71.99225849679081, 1.0558013692226194], "counts": 500000.0}], "output": [0.4253146535, 0.0, 0.0, 0.0, 0.0, 0.0, 0.0, 0.0, 0.0, 0.0, 0.0, 0.0, 0.0, 0.0, 0.0, 0.0, 0.0, 0.0, 0.0, 0.0, 0.0, 0.0, 0.0, 0.0, 0.0, 0.0, 0.0, 0.0, 0.0, 0.0, 0.0, 0.281398269, 0.218601731, 0.0, 0.0, 0.0, 0.0, 0.0, 0.0, 0.0, 0.0, 0.0, 0.0, 0.0, 0.0, 0.0, 0.0, 0.0, 0.0, 0.0, 0.0, 0.0, 0.0, 0.0, 0.0, 0.0, 0.0, 0.0, 0.0, 0.0, 0.0, 0.0, 0.0, 0.0746853465], "num_sources": 2, "seg_angles": 64, "input": [1.9146959822, 0.823988245, 0.0769192313, -0.286181666, -0.656684527, -0.7650431317, -0.9113050901, -0.9693122405, -0.8632021272, -0.8131679664, 2.2295186922, 1.4153561638, 0.5185677861, -0.0232535595, -0.5231301646, -0.686446127, -0.9051486255, -0.7452242599, -0.8013305606, -0.730632707, 2.4118770222, 1.4024782791, 0.7180905959, 0.0322226972, -0.4472599236, -0.5412360265, -0.6874943086, -0.731794847, -0.707100986, -0.6880388361, 2.4035337976, 1.428897616, 0.7879045243, 0.0996660291, -0.2548098751, -0.5393734106, -0.7169431073, -0.7566609756, -0.6612532819, -0.7113084334, 2.1966165533, 1.5398529318, 0.6791795536, 0.0168560432, -0.2109380331, -0.5810341788, -0.7271553904, -0.7444483668, -0.6561945848, -0.5769094298, 2.1104470903, 1.6505195432, 0.5170594821, -0.0242362514, -0.3111661026, -0.5450699967, -0.6012780113, -0.6616987161, -0.6639719523, -0.6058942604, 2.5165102876, 1.4970704121, 0.7198151265, 0.1073513779, -0.3404129155, -0.5719147605, -0.732273908, -0.7176590984, -0.6958088717, -0.5165506211, 2.3165844857, 1.3035077472, 0.5971065527, 0.076724722, -0.3831631551, -0.5967145504, -0.7556051352, -0.8821936416, -0.7223630355, -0.6566463118, 2.1229415445, 1.3790537816, 0.6032670268, 0.0556522683, -0.4374877723, -0.7222871575, -0.843480331, -0.7232189902, -0.7093651369, -0.6940881515, 1.7938278995, 0.8479650755, 0.2485266207, -0.2546549102, -0.6578030372, -0.8819282741, -1.0054578659, -0.9836707245, -0.8285669522, -0.8135054404]}