{"source": [{"position": [428.4999523388695, 140.67263716013355], "counts": 500000.0}, {"position": [-94.01450464317921, 240.26084349451875], "counts": 500000.0}], "output": [0.0, 0.0, 0.0, 0.0, 0.0, 0.0, 0.0, 0.0, 0.0, 0.0, 0.0, 0.0, 0.0, 0.0, 0.0, 0.0, 0.0, 0.0, 0.0, 0.0, 0.0, 0.0, 0.0, 0.0, 0.0, 0.0, 0.0, 0.0, 0.0, 0.0, 0.0, 0.0, 0.0, 0.0, 0.0, 0.3844855282, 0.1155144718, 0.0, 0.0, 0.0, 0.0, 0.0, 0.0, 0.0, 0.0, 0.0, 0.0, 0.0, 0.0, 0.0, 0.0, 0.1004003089, 0.3995996911, 0.0, 0.0, 0.0, 0.0, 0.0, 0.0, 0.0, 0.0, 0.0, 0.0, 0.0], "num_sources": 2, "seg_angles": 64, "input": [0.070196476, -0.907720393, -1.3390140087, -1.3579894957, -1.3603993707, -1.2709815088, -1.0465055329, -0.7817374513, -0.6158319271, -0.2546987835, 0.0666683423, -0.7121821259, -1.1711796114, -1.3292713135, -1.2898463867, -0.9960239973, -0.8786442924, -0.6933777679, -0.2621081667, -0.0331809985, -0.0114206891, -0.7051236582, -1.1230691671, -1.1449490335, -1.2621949799, -1.0621944222, -0.8434233067, -0.5518837115, -0.2734656719, 0.189218863, 0.2290544386, -0.6328344962, -1.0978782132, -1.0342510325, -1.025402738, -0.8573815417, -0.8890384167, -0.4351984708, -0.2942199411, 0.3323897898, 0.1798037118, -0.725151844, -1.014069212, -1.0490604878, -0.9856054723, -0.860230686, -0.6698172491, -0.2019540397, -0.1158293471, 0.6164850626, 0.4091076848, -0.6095834714, -0.7713142597, -0.6501953852, -0.578562357, -0.4720355954, -0.2846605665, -0.1721995277, 0.2376350922, 0.5312102291, 0.3556317032, -0.464222026, -0.4786838428, -0.4504481943, -0.2033366474, -0.0475278486, 0.1480061224, 0.0453808542, 0.527976026, 0.5441977924, 0.3747185073, 0.1799035119, 0.005673885, 0.0510004393, 0.0217921537, 0.2128899203, 0.4915917479, 0.7922813371, 0.9484698131, 1.2200924688, 0.7428570511, 0.7069184204, 0.6433168371, 0.9340765344, 0.8067613206, 0.9442513751, 1.1604308376, 1.2477854459, 1.6841197081, 1.6451568257, 1.9201147736, 1.7944998047, 2.0374019909, 2.1590843229, 1.949947766, 2.2380261115, 2.3363237721, 2.2727512009, 2.2810090628, 2.0629015483]}