{"source": [{"position": [92.33207348566933, 120.74265280271491], "counts": 500000.0}, {"position": [90.4702388510311, -47.10770512599164], "counts": 500000.0}], "output": [0.0, 0.0, 0.0, 0.0, 0.0, 0.0, 0.0, 0.0, 0.0, 0.0, 0.0, 0.0, 0.0, 0.0, 0.0, 0.0, 0.0, 0.0, 0.0, 0.0, 0.0, 0.0, 0.0, 0.0, 0.0, 0.0, 0.0, 0.4449705892, 0.0550294108, 0.0, 0.0, 0.0, 0.0, 0.0, 0.0, 0.0, 0.0, 0.0, 0.0, 0.0, 0.0, 0.3249061273, 0.1750938727, 0.0, 0.0, 0.0, 0.0, 0.0, 0.0, 0.0, 0.0, 0.0, 0.0, 0.0, 0.0, 0.0, 0.0, 0.0, 0.0, 0.0, 0.0, 0.0, 0.0, 0.0], "num_sources": 2, "seg_angles": 64, "input": [-0.0474432058, 0.1122632212, 0.2273085328, 0.2344444709, 0.3529451324, 0.2483837094, 0.4357146623, 0.6953386954, 1.0328750518, 1.7928630951, -0.8093010708, -0.7293971995, -0.4500166063, -0.4857911334, -0.4588865746, -0.3853030808, -0.0627915215, 0.1608393007, 0.8992265439, 2.254120239, -1.1398746027, -0.9930347563, -1.0258781122, -0.9571374131, -0.8808426002, -0.7531826785, -0.3191409496, 0.195221816, 1.0502092686, 2.2300264038, -1.317791694, -1.1785533861, -1.1549542483, -1.0856556037, -0.9779703359, -0.7655083105, -0.2755159803, 0.1727474682, 1.0712315364, 2.2995505839, -1.3251245275, -1.1976424362, -1.1665103502, -1.1086502598, -0.9895924325, -0.6842335255, -0.3311146144, 0.3192460007, 0.9833511109, 2.3516958076, -1.2154321562, -1.1547007657, -1.0263603107, -0.9993322122, -0.8408729542, -0.6046247002, -0.4117404906, 0.081619141, 1.0494583605, 2.2898485081, -1.1196934809, -0.9851314524, -0.8528459026, -0.905439265, -0.7527310129, -0.5246715188, -0.2322278186, 0.1460004985, 1.1366476526, 2.1518722782, -0.9057689111, -0.7077290297, -0.6845958048, -0.5707701313, -0.4424445993, -0.3033342486, 0.0600203591, 0.3491854139, 1.2974492562, 2.0826930548, -0.5828410826, -0.411969082, -0.3265695539, -0.3217009903, -0.1061399552, 0.0941570253, 0.2113189344, 0.709765534, 1.3868526327, 2.1833814835, -0.1638737636, 0.0664673384, -0.0070184323, 0.1250509188, 0.1993175039, 0.5070349292, 0.5505453198, 0.9691544585, 1.3865704751, 2.0633851085]}