{"source": [{"position": [-144.4872736831701, 151.0113497178431], "counts": 500000.0}, {"position": [147.33075936807063, 33.085455173348805], "counts": 500000.0}], "output": [0.0, 0.0, 0.0, 0.0, 0.0, 0.0, 0.0, 0.0, 0.0, 0.0, 0.0, 0.0, 0.0, 0.0, 0.0, 0.0, 0.0, 0.0, 0.0, 0.0, 0.0, 0.0, 0.0, 0.0, 0.0, 0.0, 0.0, 0.0, 0.0, 0.0, 0.0, 0.0, 0.0, 0.0, 0.3749596275, 0.1250403725, 0.0, 0.0, 0.0, 0.0, 0.0, 0.0, 0.0, 0.0, 0.0, 0.0, 0.0, 0.0, 0.0, 0.0, 0.0, 0.0, 0.0, 0.0, 0.0, 0.1124250557, 0.3875749443, 0.0, 0.0, 0.0, 0.0, 0.0, 0.0, 0.0], "num_sources": 2, "seg_angles": 64, "input": [-0.1646255616, -0.7871737924, -1.1925442358, -1.3289649248, -1.4206141467, -1.2725619721, -0.9829611132, -0.6656511854, -0.2216422647, 0.7481110589, 0.0523663757, -0.7188335354, -0.9974495205, -1.155980153, -1.1702254647, -1.0827602084, -0.7611410508, -0.2503085794, 0.6717805826, 1.2629625586, 0.220619604, -0.479191865, -0.8805162695, -1.1383638292, -1.1324951448, -0.9718339557, -0.6389903504, -0.1575097587, 0.6183099051, 1.278535166, 0.1560453425, -0.4975079233, -0.8714130806, -1.0402068741, -1.0875237971, -0.8685078153, -0.609450167, -0.1724597435, 0.6577302695, 1.3587764012, 0.0650207897, -0.5545210894, -0.9825665207, -1.0376018182, -1.175065758, -0.8437669718, -0.6983622792, -0.0888341821, 0.7435974298, 1.5517750672, 0.1390500722, -0.4567963453, -0.815374738, -0.9632146081, -1.0859556149, -0.7518227038, -0.3859383715, 0.1187199087, 0.9315292714, 1.2630935053, 0.1988176015, -0.4722126738, -0.8622290002, -0.9954715132, -0.8430453705, -0.7024815724, -0.2710573574, 0.2528558404, 0.9696228593, 1.6487009179, 0.095365763, -0.3320991595, -0.7235344747, -0.7805052021, -0.696633137, -0.2606182073, 0.0636014713, 0.7862966598, 1.1996963511, 1.8609926965, 0.3259220507, -0.1490863421, -0.111936639, -0.0946034437, -0.044180333, 0.2438131527, 0.6872497972, 0.9759012354, 1.7643568172, 2.2811840641, 1.1870894166, 1.3085229677, 1.2408861025, 1.4245216796, 1.7348251514, 1.4004665416, 1.5540191791, 1.8010135831, 2.2114387991, 2.8437397028]}