{"source": [{"position": [206.9775250806323, 287.1868801172788], "counts": 500000.0}, {"position": [183.20180772254614, 164.17398590273444], "counts": 500000.0}], "output": [0.0, 0.0, 0.0, 0.0, 0.0, 0.0, 0.0, 0.0, 0.0, 0.0, 0.0, 0.0, 0.0, 0.0, 0.0, 0.0, 0.0, 0.0, 0.0, 0.0, 0.0, 0.0, 0.0, 0.0, 0.0, 0.0, 0.0, 0.0, 0.0, 0.0, 0.0, 0.0, 0.0, 0.0, 0.0, 0.0, 0.0, 0.0, 0.0, 0.2786928619, 0.2213071381, 0.1804930946, 0.3195069054, 0.0, 0.0, 0.0, 0.0, 0.0, 0.0, 0.0, 0.0, 0.0, 0.0, 0.0, 0.0, 0.0, 0.0, 0.0, 0.0, 0.0, 0.0, 0.0, 0.0, 0.0], "num_sources": 2, "seg_angles": 64, "input": [-1.2726123249, -1.2362656214, -1.2042959028, -1.1932619086, -1.0782318616, -0.9546641257, -0.6360644175, -0.2953521053, 0.3805133302, 1.1828017498, -1.2557876601, -1.2239780772, -1.1823371121, -1.1544763205, -0.9659213517, -0.8942519748, -0.6138157903, -0.0317563608, 0.6880871571, 1.5140419653, -1.2060630235, -1.1546768234, -1.1492878129, -1.0647111487, -1.0197368137, -0.8821473674, -0.5683264008, 0.0321851324, 0.6696192418, 1.731584635, -1.1609728884, -1.0963707655, -1.0976579241, -0.9988194056, -0.9549898882, -0.8112635277, -0.5751711369, -0.0991500136, 0.6823894032, 1.6113586862, -1.0417195949, -0.9659189084, -0.9621205097, -0.9262035495, -0.8447007235, -0.753910056, -0.4406264048, -0.1503274139, 0.6074053147, 1.690925952, -0.9377375136, -0.8401522231, -0.7983804897, -0.760018345, -0.6447985127, -0.5322017507, -0.4306147896, -0.1186895841, 0.7070713976, 1.4666763632, -0.7000838629, -0.4352701467, -0.3487703133, -0.4502238896, -0.4073647647, -0.2565293648, -0.2772553273, 0.0474130358, 0.6672394075, 1.6614291704, -0.2457917919, -0.0213508614, 0.0989063338, -0.070024998, 0.0282885499, 0.113055063, 0.040621724, 0.3058356527, 0.6619713095, 1.7249486181, 0.432242575, 0.6608371734, 0.7921472337, 0.9276262943, 0.7652698528, 0.9725151163, 0.6653053551, 0.9333091776, 0.9066192469, 1.5405060191, 1.2497980482, 1.6707884637, 1.6238121234, 1.916278598, 1.6981662186, 1.6470773881, 1.8651546736, 1.6342751045, 1.7014739501, 1.4756317405]}