{"source": [{"position": [183.66841560757646, -175.44775036518013], "counts": 500000.0}, {"position": [53.538570789991354, 407.4980017592295], "counts": 500000.0}], "output": [0.0, 0.0, 0.0, 0.0, 0.0, 0.0, 0.0, 0.0, 0.0, 0.0, 0.0, 0.0, 0.0, 0.0, 0.0, 0.0, 0.0, 0.0, 0.0, 0.0, 0.0, 0.0, 0.0, 0.0, 0.3834355079, 0.1165644921, 0.0, 0.0, 0.0, 0.0, 0.0, 0.0, 0.0, 0.0, 0.0, 0.0, 0.0, 0.0, 0.0, 0.0, 0.0, 0.0, 0.0, 0.0, 0.0, 0.0, 0.1653206683, 0.3346793317, 0.0, 0.0, 0.0, 0.0, 0.0, 0.0, 0.0, 0.0, 0.0, 0.0, 0.0, 0.0, 0.0, 0.0, 0.0, 0.0], "num_sources": 2, "seg_angles": 64, "input": [0.3343944657, 1.1492280187, 1.0519720478, 0.8897861205, 1.5583508479, 1.3674393188, 0.8046203117, 0.9671322261, 1.2631755216, 1.297164005, -0.2359635392, 0.0670846172, 0.2609974691, 0.2171548223, 0.2467015584, 0.1495716748, -0.0509069057, 0.2972645838, 0.4916079321, 1.1419591391, -1.0955631363, -0.6858092385, -0.8178781963, -0.4990465094, -0.5737821299, -0.5874258427, -0.8084462964, -0.471001705, 0.3182238609, 1.587765367, -1.1234768063, -1.2672967134, -0.9157538846, -0.914974902, -1.0087201278, -0.8946431005, -0.7559046278, -0.3235633193, 0.2630399107, 1.7333708179, -1.5045390497, -1.2176288083, -1.0130724226, -1.2273542638, -1.2301362166, -1.1883251835, -0.7955218432, -0.1912453995, 0.3483880926, 1.7353929525, -1.4353275402, -1.3876918967, -1.2443317531, -1.1532325341, -1.0908714822, -0.7091299533, -0.8161409066, -0.2469757121, 0.5598309425, 1.8689974825, -1.4048260175, -1.1040811172, -1.0859648968, -0.9815734419, -0.7720982153, -0.6664802133, -0.3723884055, -0.017585778, 0.7946775841, 2.0007953932, -1.1204552342, -0.6645071907, -0.7941300126, -0.5785184915, -0.4855651444, -0.3588453389, -0.0594570176, 0.3702672685, 1.0537008411, 2.0939748595, -0.4828965774, -0.0644013776, -0.5489048413, -0.3224620917, 0.1138690385, 0.1183719528, 0.2617854334, 0.9771460286, 1.5920226959, 2.3165052999, -0.3183923292, 0.2402620932, 0.2742784727, 0.3724135965, 0.292553442, 0.3595480991, 0.9393510017, 0.9417425833, 1.9160844509, 2.6852514373]}