{"source": [{"position": [-86.39853280125838, 288.3336496661288], "counts": 500000.0}, {"position": [46.066953724422014, -109.7216285631596], "counts": 500000.0}], "output": [0.0, 0.0, 0.0, 0.0, 0.0, 0.0, 0.0, 0.0, 0.0, 0.0, 0.0, 0.0, 0.0, 0.0, 0.0, 0.0, 0.0, 0.0, 0.0, 0.0, 0.4755337522, 0.0244662478, 0.0, 0.0, 0.0, 0.0, 0.0, 0.0, 0.0, 0.0, 0.0, 0.0, 0.0, 0.0, 0.0, 0.0, 0.0, 0.0, 0.0, 0.0, 0.0, 0.0, 0.0, 0.0, 0.0, 0.0, 0.0, 0.0, 0.0, 0.0, 0.0172687052, 0.4827312948, 0.0, 0.0, 0.0, 0.0, 0.0, 0.0, 0.0, 0.0, 0.0, 0.0, 0.0, 0.0], "num_sources": 2, "seg_angles": 64, "input": [2.2003661405, 2.239038548, 1.9972895067, 2.0396640921, 1.9310534069, 1.8393882632, 2.0786244403, 2.16723759, 1.8837164154, 1.6504975174, 1.4928488656, 1.2413646062, 1.0109836897, 1.0839945888, 1.147997896, 0.9682009835, 1.1715367844, 0.869872252, 0.9514560514, 1.2567295952, 0.6002008315, 0.1504170816, 0.1797359482, 0.1105462612, 0.2283070253, 0.3421574498, 0.1217515784, 0.0611427919, 0.1942393228, 1.0334131794, -0.1121205506, -0.3367793983, -0.4900652122, -0.405356699, -0.4167090094, -0.5500535651, -0.3813434369, -0.3904014438, -0.347162376, 0.9623690046, -0.72460298, -0.7214370391, -0.8811696663, -0.8239663849, -0.8827376279, -0.9563109027, -0.8762576659, -0.827474316, -0.3278303783, 0.913334973, -0.7227544837, -1.1089610885, -1.1308658171, -1.0354046808, -1.0459257597, -1.0539420266, -1.0244665363, -0.9446844387, -0.4441269751, 0.8863542597, -0.7533507602, -1.1648564502, -1.0373725534, -0.9554693037, -1.030755856, -0.9563919512, -1.1016132402, -0.8934938038, -0.2628424577, 1.1262121857, -1.0205740341, -1.0256803831, -0.8374621979, -0.8756606719, -0.8734285247, -0.8904665538, -0.9180304164, -0.7289345393, -0.0812583955, 1.1518010838, -0.8617033407, -0.8432376817, -0.7625226254, -0.6869589622, -0.5402509767, -0.5566911895, -0.6027111865, -0.4222635493, 0.0415572746, 1.4709047557, -0.4459436152, -0.5210413886, -0.5487325087, -0.4812571468, -0.2807118455, -0.475531701, -0.3030882867, -0.0878553402, 0.4559090351, 1.5388386211]}