{"source": [{"position": [-184.32477077786265, 15.7917344737172], "counts": 500000.0}, {"position": [199.61117758439826, -241.08997860419214], "counts": 500000.0}], "output": [0.0647316987, 0.0, 0.0, 0.0, 0.0, 0.0, 0.0, 0.0, 0.0, 0.0, 0.0, 0.0, 0.0, 0.0, 0.0, 0.0, 0.0, 0.0, 0.0, 0.0, 0.0, 0.0, 0.0, 0.4779413435, 0.0220586565, 0.0, 0.0, 0.0, 0.0, 0.0, 0.0, 0.0, 0.0, 0.0, 0.0, 0.0, 0.0, 0.0, 0.0, 0.0, 0.0, 0.0, 0.0, 0.0, 0.0, 0.0, 0.0, 0.0, 0.0, 0.0, 0.0, 0.0, 0.0, 0.0, 0.0, 0.0, 0.0, 0.0, 0.0, 0.0, 0.0, 0.0, 0.0, 0.4352683013], "num_sources": 2, "seg_angles": 64, "input": [2.9304033359, 2.1448891554, 1.4427390091, 1.05311342, 0.4079794469, 0.2715899432, 0.0791209226, -0.1543584064, 0.0725717009, -0.1183557153, 2.7299767062, 1.8440085582, 1.0598071301, 0.7961754943, 0.4724407936, -0.1342880001, -0.234939924, -0.3653661075, -0.436411157, 0.1189348686, 2.1695438839, 1.7952248361, 0.7771357517, 0.2229488793, -0.2549536831, -0.5985199343, -0.610790692, -0.6401489089, -0.6103808175, 0.2283551171, 2.1592726989, 1.2167879187, 0.5413949485, -0.128738238, -0.7069598159, -0.7211092473, -0.9803778606, -1.0071146412, -0.5889250135, -0.0037807013, 1.8648896193, 1.1745092925, 0.2809734258, -0.1202331725, -0.771017692, -0.8449918865, -1.1895178822, -0.8456007264, -0.698561056, -0.0181466612, 1.5091276192, 0.9290263348, 0.363699909, -0.285408617, -0.7791830399, -0.9753135444, -0.9892943848, -0.9276749357, -0.7351766452, -0.069802763, 1.5658466262, 1.3296765637, 0.2979385237, -0.4806421481, -0.8222509528, -1.0733646566, -1.2601233035, -1.1658303446, -0.6075585587, -0.0163382294, 1.5323605883, 0.8856340507, 0.0298829742, -0.394764413, -0.852598636, -1.1714317309, -1.1978757341, -1.1523820582, -0.6502873581, -0.2483063971, 1.6233639484, 0.5948460332, -0.1808483904, -0.6371785266, -1.0153613364, -1.1465133556, -1.2847868418, -0.971531897, -0.658284481, 0.0414240881, 1.3149602236, 0.3036018205, -0.4635645504, -0.715148344, -0.9318720795, -1.0429516482, -1.1327463993, -0.8433101387, -0.531146419, 0.0182646396]}