{"source": [{"position": [-147.38750670784438, -212.97399575170002], "counts": 500000.0}, {"position": [-49.83686018511903, -137.23078141178422], "counts": 500000.0}], "output": [0.0, 0.0, 0.0, 0.0, 0.0, 0.0, 0.0, 0.0, 0.0, 0.0831077997, 0.4168922003, 0.0, 0.2741372972, 0.2258627028, 0.0, 0.0, 0.0, 0.0, 0.0, 0.0, 0.0, 0.0, 0.0, 0.0, 0.0, 0.0, 0.0, 0.0, 0.0, 0.0, 0.0, 0.0, 0.0, 0.0, 0.0, 0.0, 0.0, 0.0, 0.0, 0.0, 0.0, 0.0, 0.0, 0.0, 0.0, 0.0, 0.0, 0.0, 0.0, 0.0, 0.0, 0.0, 0.0, 0.0, 0.0, 0.0, 0.0, 0.0, 0.0, 0.0, 0.0, 0.0, 0.0, 0.0], "num_sources": 2, "seg_angles": 64, "input": [1.7612766256, 2.0275889104, 2.0795796396, 1.8936845488, 2.3079437884, 2.0468309679, 2.012014782, 1.8628371551, 1.7758606931, 1.5350683554, 1.4323210566, 1.0955994374, 1.216575368, 1.2519970352, 1.201479883, 1.2694451164, 1.2989462843, 1.1670163648, 1.0015623898, 0.8158429515, 1.0897483497, 0.529925464, 0.4898104917, 0.5566612119, 0.5719435631, 0.4629795359, 0.5128433747, 0.3507472298, 0.3823716484, 0.0196226948, 0.9352660337, 0.1042065112, 0.0434000563, -0.001962061, -0.1664421045, -0.0710127849, -0.0833252445, -0.1307928678, -0.2344270435, -0.2867504069, 1.2303261204, -0.1124373901, -0.240775135, -0.3856120806, -0.5552113008, -0.4356029985, -0.4710459576, -0.4207993408, -0.5752634613, -0.6163210042, 0.9451419819, -0.0892156355, -0.5309959235, -0.6513618277, -0.7005619907, -0.6638522768, -0.6504569348, -0.7153447287, -0.7583454032, -0.9119332067, 1.018070461, -0.1985536084, -0.5157931177, -0.7966327953, -0.861777916, -0.8377822659, -0.901257558, -0.8660109577, -0.892074857, -0.9566882073, 0.8941494021, -0.1242379056, -0.7097156956, -0.9157313654, -0.9907182903, -0.9696682837, -0.9740548762, -1.0453356373, -1.0345148838, -1.0656385924, 1.0184797834, -0.269858608, -0.7871973393, -0.9758968241, -1.0701517405, -1.1201530463, -1.0840959553, -1.1143246509, -1.149036073, -1.164817903, 0.8160431371, -0.3188614665, -0.8577299024, -1.0612937455, -1.0445211317, -1.1251696813, -1.1623214112, -1.2068143273, -1.215057428, -1.1818712468]}