{"source": [{"position": [-250.93414065469082, 5.749526405876435], "counts": 500000.0}, {"position": [-123.90541615974043, -101.22967868308947], "counts": 500000.0}], "output": [0.3833280522, 0.0, 0.0, 0.0, 0.0, 0.0, 0.0112415706, 0.4887584294, 0.0, 0.0, 0.0, 0.0, 0.0, 0.0, 0.0, 0.0, 0.0, 0.0, 0.0, 0.0, 0.0, 0.0, 0.0, 0.0, 0.0, 0.0, 0.0, 0.0, 0.0, 0.0, 0.0, 0.0, 0.0, 0.0, 0.0, 0.0, 0.0, 0.0, 0.0, 0.0, 0.0, 0.0, 0.0, 0.0, 0.0, 0.0, 0.0, 0.0, 0.0, 0.0, 0.0, 0.0, 0.0, 0.0, 0.0, 0.0, 0.0, 0.0, 0.0, 0.0, 0.0, 0.0, 0.0, 0.1166719478], "num_sources": 2, "seg_angles": 64, "input": [1.906392527, 1.3239318904, 1.2016643648, 1.0607488324, 1.0410377361, 0.8263938219, 0.615153121, 0.5408307012, 0.5578360535, 0.2511377545, 2.1907227658, 1.3652728058, 0.7459995766, 0.3842520684, 0.2540710087, 0.1696547498, -0.0987754531, 0.0075372529, -0.0114283138, -0.2837000355, 2.0075011693, 1.0815025909, 0.4560526264, 0.0181128458, -0.0495820082, -0.2854897037, -0.358610621, -0.524468184, -0.6310113877, -0.7269794619, 1.902986647, 1.3327055999, 0.3705396363, -0.100047203, -0.3505644956, -0.5827923417, -0.663348199, -0.7991487763, -0.7902756578, -0.9991730192, 2.0725311752, 1.3445102582, 0.5009683362, -0.0514399088, -0.4052058826, -0.7401176595, -0.7963853399, -0.9134008003, -0.9247655089, -1.031461247, 2.1783874364, 1.3093398752, 0.3277531325, -0.1305559587, -0.5215603065, -0.7018524176, -0.8913449316, -0.9862749085, -1.1224287418, -1.1080709176, 2.24511458, 1.3038364956, 0.3773388087, -0.1275277369, -0.5494907973, -0.8212506878, -0.9003336157, -1.0204930508, -1.0709152374, -1.1427478092, 1.9284596576, 1.0390508389, 0.3577196898, -0.1439389444, -0.5100970071, -0.7957362622, -1.0103335524, -1.0735722169, -1.0792273118, -1.2055658452, 1.8195593206, 0.9822141373, 0.3552585978, -0.2950418099, -0.6079909705, -0.9403262144, -1.0055292769, -1.0982587197, -1.1657183433, -1.2341363582, 1.6839933855, 0.7273421627, -0.0292532639, -0.4151411181, -0.7179461665, -0.9521325911, -1.0871865004, -1.1345232451, -1.1876104723, -1.2631315185]}