{"source": [{"position": [102.45317338846777, 81.63545346620279], "counts": 500000.0}, {"position": [-142.28002004985467, -130.40473877360807], "counts": 500000.0}], "output": [0.0, 0.0, 0.0, 0.0, 0.0, 0.0, 0.0, 0.2216556577, 0.2783443423, 0.0, 0.0, 0.0, 0.0, 0.0, 0.0, 0.0, 0.0, 0.0, 0.0, 0.0, 0.0, 0.0, 0.0, 0.0, 0.0, 0.0, 0.0, 0.0, 0.0, 0.0, 0.0, 0.0, 0.0, 0.0, 0.0, 0.0, 0.0, 0.0, 0.0735023451, 0.4264976549, 0.0, 0.0, 0.0, 0.0, 0.0, 0.0, 0.0, 0.0, 0.0, 0.0, 0.0, 0.0, 0.0, 0.0, 0.0, 0.0, 0.0, 0.0, 0.0, 0.0, 0.0, 0.0, 0.0, 0.0], "num_sources": 2, "seg_angles": 64, "input": [-0.152032539, -0.0692517868, 0.0252107789, -0.0932696041, 0.0061579139, 0.1200693766, 0.5431687751, 0.821555621, 1.955571433, 2.7155686447, 0.0672892116, -0.7790772864, -0.8383503533, -0.8169259516, -0.5858612511, -0.3983333373, -0.0811133897, 0.5768905299, 1.4636042973, 2.094607506, -0.0583923801, -0.7388481998, -1.1020570327, -1.1117240175, -0.9717018138, -0.7442391954, -0.6898872036, 0.0037239377, 0.7856277843, 2.0264742659, 0.0009763342, -0.6101128569, -1.238944341, -1.4267592728, -1.3409244914, -1.2142990547, -0.7994758816, -0.1500939146, 0.5468938107, 1.6088493547, 0.0434666303, -0.4067896104, -1.1993438729, -1.37827333, -1.4592703483, -1.3780581256, -0.9249097134, -0.5155861986, 0.4928195424, 1.6171961423, 0.1981645881, -0.5195612946, -1.1173414123, -1.2018112765, -1.4631137804, -1.2841997006, -1.0824446357, -0.4609840853, 0.0483307042, 1.341690282, 0.3883852021, -0.3048344665, -0.5175855146, -1.0685733852, -1.2383226737, -1.2011176339, -0.9646570453, -0.5374022386, 0.3142347869, 1.1500714123, 0.6548335602, 0.1247973215, -0.2627239267, -0.590631815, -0.6356773701, -0.8725143797, -0.9650274647, -0.6418938639, 0.2535863165, 1.1624947075, 1.0874539047, 1.1404505537, 0.3973681055, -0.0582269537, 0.2636862522, -0.0086619662, -0.2443164507, -0.2240341144, 0.0687187774, 1.3058061412, 2.3216434943, 1.9552531683, 1.4963609877, 1.3685007417, 1.3316361341, 0.9328354933, 0.8903055179, 0.8038372426, 1.071444858, 1.1519516581]}