{"source": [{"position": [-50.57458620715369, -6.5735249277064876], "counts": 500000.0}, {"position": [6.889536742800506, -160.85252339789267], "counts": 500000.0}], "output": [0.0, 0.341723801, 0.158276199, 0.0, 0.0, 0.0, 0.0, 0.0, 0.0, 0.0, 0.0, 0.0, 0.0, 0.0, 0.0, 0.0, 0.2819947823, 0.2180052177, 0.0, 0.0, 0.0, 0.0, 0.0, 0.0, 0.0, 0.0, 0.0, 0.0, 0.0, 0.0, 0.0, 0.0, 0.0, 0.0, 0.0, 0.0, 0.0, 0.0, 0.0, 0.0, 0.0, 0.0, 0.0, 0.0, 0.0, 0.0, 0.0, 0.0, 0.0, 0.0, 0.0, 0.0, 0.0, 0.0, 0.0, 0.0, 0.0, 0.0, 0.0, 0.0, 0.0, 0.0, 0.0, 0.0], "num_sources": 2, "seg_angles": 64, "input": [2.2943653423, 1.6211669492, 0.8577748908, 0.5809697645, 0.2962225427, 0.0893920867, -0.0378961284, -0.08971863, -0.1491217911, -0.2918905974, 2.2725775595, 1.5942440722, 1.102604579, 0.5038884119, 0.1442321515, -0.0175781715, -0.2210339254, -0.4033620513, -0.4523562434, -0.685601711, 2.2799650017, 1.6107673194, 0.8767370245, 0.443057882, 0.0422382477, -0.2383744787, -0.3954752216, -0.5831495851, -0.7518304951, -0.8324575636, 2.1927051206, 1.5064031454, 0.7454360805, 0.2266876583, -0.0439827661, -0.3835885964, -0.4891420543, -0.7098779484, -0.8735603555, -0.9841568537, 2.0157973942, 1.3576391384, 0.7325572411, 0.1256254569, -0.2040109577, -0.4800997951, -0.6976008424, -0.8863581226, -0.9602263671, -1.0704379544, 2.0901491223, 1.342576106, 0.6134816158, 0.0079723085, -0.3406562289, -0.5211621889, -0.8191828854, -0.9834638931, -0.9900596319, -1.1258810088, 1.873575751, 1.1742334006, 0.3866411218, -0.0667786055, -0.3542338932, -0.6502466079, -0.9094716477, -1.0190116111, -1.0867175018, -1.1903464064, 1.7499152059, 1.0692651741, 0.4309153586, -0.0856519609, -0.4419795314, -0.7129591062, -0.887591108, -1.0252037417, -1.1477149119, -1.204192466, 1.7100281738, 1.0183709839, 0.2610336723, -0.2351845017, -0.5278162432, -0.7797613056, -0.9508177534, -1.0643304155, -1.1642550009, -1.2082262433, 1.3729312886, 0.5968467327, -0.0529941037, -0.3568076912, -0.6813842547, -0.9543072649, -1.0825333359, -1.177973954, -1.2188255483, -1.2603793166]}