{"source": [{"position": [198.68984089597896, -155.00434550273283], "counts": 500000.0}, {"position": [-189.92297591516413, 5.409548920936116], "counts": 500000.0}], "output": [0.3549772109, 0.0, 0.0, 0.0, 0.0, 0.0, 0.0, 0.0, 0.0, 0.0, 0.0, 0.0, 0.0, 0.0, 0.0, 0.0, 0.0, 0.0, 0.0, 0.0, 0.0, 0.0, 0.0, 0.0, 0.0, 0.374128037, 0.125871963, 0.0, 0.0, 0.0, 0.0, 0.0, 0.0, 0.0, 0.0, 0.0, 0.0, 0.0, 0.0, 0.0, 0.0, 0.0, 0.0, 0.0, 0.0, 0.0, 0.0, 0.0, 0.0, 0.0, 0.0, 0.0, 0.0, 0.0, 0.0, 0.0, 0.0, 0.0, 0.0, 0.0, 0.0, 0.0, 0.0, 0.1450227891], "num_sources": 2, "seg_angles": 64, "input": [3.2427146705, 2.1978982621, 1.6817230938, 1.1494882545, 0.6903346836, 0.4774733006, 0.4733241112, 0.2058229435, 0.3492287682, 0.1221601767, 3.0225283294, 2.0912464602, 1.2363264116, 0.4195592123, 0.0326974084, -0.1884280082, -0.3116114534, -0.44217214, -0.3973215888, 0.3609757189, 2.1548557387, 1.4608891701, 0.9032795309, -0.0854358203, -0.4289302746, -0.4703718672, -0.7734223135, -0.6909551045, 0.1246689233, 0.5706899882, 1.7831606883, 1.1203495061, 0.2056538056, -0.1206177835, -0.4719227772, -0.9224399939, -0.9078298137, -0.8386619561, -0.3489366418, 0.5392498496, 1.4280045201, 0.8379359452, -0.0656287719, -0.6001909027, -0.8933772811, -0.8268834089, -0.8958779982, -0.5471363637, -0.2397609401, 0.4074110796, 1.5765650456, 0.7043399592, -0.1244421521, -0.7470420235, -1.0021907252, -1.1341623013, -1.0031314165, -0.6645565051, -0.4662493114, 0.2188722189, 1.3787093082, 0.7291275981, 0.0661249889, -0.7522104922, -0.9713966213, -0.9828908923, -0.9951024, -0.8737319869, -0.216973306, 0.4954911053, 1.5469686233, 0.5870566408, -0.0291509469, -0.8296751071, -0.7926193222, -1.1363683166, -1.0079431923, -0.820108162, -0.3167025167, 0.343494768, 1.0996103094, 0.8211559726, -0.3639262929, -0.9218785178, -1.1547182445, -1.2065509488, -0.9699016706, -0.9446469401, -0.4045728736, 0.340779789, 0.9830827576, 0.211082292, -0.8517689569, -1.1490605264, -1.4822009532, -1.4010798566, -1.3968342676, -1.1967103246, -0.7525303226, 0.1388296695]}