{"source": [{"position": [-391.1049028238697, 73.76282930535857], "counts": 500000.0}, {"position": [-113.8311032086962, -6.20322031618686], "counts": 500000.0}], "output": [0.2227337458, 0.2772662542, 0.0, 0.0, 0.0, 0.0, 0.0, 0.0, 0.0, 0.0, 0.0, 0.0, 0.0, 0.0, 0.0, 0.0, 0.0, 0.0, 0.0, 0.0, 0.0, 0.0, 0.0, 0.0, 0.0, 0.0, 0.0, 0.0, 0.0, 0.0, 0.0, 0.0, 0.0, 0.0, 0.0, 0.0, 0.0, 0.0, 0.0, 0.0, 0.0, 0.0, 0.0, 0.0, 0.0, 0.0, 0.0, 0.0, 0.0, 0.0, 0.0, 0.0, 0.0, 0.0, 0.0, 0.0, 0.0, 0.0, 0.0, 0.0, 0.0, 0.0, 0.4493858576, 0.0506141424], "num_sources": 2, "seg_angles": 64, "input": [1.9249371779, 1.0050903061, 0.282988349, -0.1550837246, -0.435168453, -0.668934146, -0.7534548478, -0.8913666776, -0.9115676867, -1.0263880389, 2.2315396335, 1.1247031708, 0.6468864163, 0.1110464793, -0.32633282, -0.5488966142, -0.7184324563, -0.8734903236, -0.9567588156, -1.0431369925, 2.1781062682, 1.4722005916, 0.7301868342, 0.3178290381, -0.1763948741, -0.5083710351, -0.7222890823, -0.8612614249, -0.9918972705, -1.0183480713, 2.0378369562, 1.385002091, 0.8173256111, 0.2075549584, -0.0960689241, -0.3914111725, -0.6786594623, -0.850386341, -0.968279793, -1.051281814, 2.2302580085, 1.4911757267, 0.8974668001, 0.2320101699, -0.1106091555, -0.4663858889, -0.663371482, -0.8166845968, -0.9219208399, -1.0054382852, 2.1785095461, 1.3741289233, 0.760834978, 0.1386345185, -0.1899391635, -0.4732746962, -0.6878730504, -0.8484681863, -0.8935627206, -1.0024785882, 2.2878851719, 1.5471100704, 0.6820803815, 0.3221265853, -0.1683805657, -0.5276900561, -0.6506090581, -0.8116857272, -0.9479791735, -1.0106087129, 2.0800283753, 1.4206464017, 0.6495297383, 0.1864622416, -0.2440994077, -0.5486536439, -0.6353468881, -0.8850519786, -0.9306656542, -1.0195088332, 2.0262532518, 1.371399619, 0.6255698308, -0.0217148245, -0.2593379191, -0.5764382446, -0.6996379889, -0.8596430829, -0.9757673592, -0.9721515901, 1.618277998, 1.0298864662, 0.3600730081, 0.0823861026, -0.2553464886, -0.4324976, -0.6796575177, -0.6694930735, -0.7360866086, -0.8442482831]}