{"source": [{"position": [30.62796585125087, -12.28526384798513], "counts": 500000.0}, {"position": [21.145377269195333, -76.11749483622934], "counts": 500000.0}], "output": [0.0, 0.0, 0.0, 0.0, 0.0, 0.0, 0.0, 0.0, 0.0, 0.0, 0.0, 0.0, 0.0, 0.0, 0.0, 0.0, 0.0, 0.0, 0.1199778541, 0.3800221459, 0.0, 0.0, 0.0, 0.0, 0.0, 0.0, 0.0, 0.0, 0.4427861592, 0.0572138408, 0.0, 0.0, 0.0, 0.0, 0.0, 0.0, 0.0, 0.0, 0.0, 0.0, 0.0, 0.0, 0.0, 0.0, 0.0, 0.0, 0.0, 0.0, 0.0, 0.0, 0.0, 0.0, 0.0, 0.0, 0.0, 0.0, 0.0, 0.0, 0.0, 0.0, 0.0, 0.0, 0.0, 0.0], "num_sources": 2, "seg_angles": 64, "input": [0.6089020682, 0.846804519, 1.0046618106, 0.9977051235, 1.0991772742, 1.2902331181, 1.3144368883, 1.4877122992, 1.8212121388, 2.1649827402, -0.3384216889, -0.1698772959, 0.0010780803, 0.028543036, 0.1136461562, 0.2599862502, 0.4710737101, 0.9234715206, 1.5546047011, 2.2793662504, -0.7289710257, -0.5780492577, -0.4224436975, -0.3942944799, -0.2180360495, -0.0122532176, 0.1893748893, 0.7048169644, 1.3894146799, 2.0882998081, -0.935256899, -0.7942757865, -0.6598689999, -0.5405616563, -0.44387835, -0.2288506598, 0.0180788379, 0.5924098068, 1.1596186858, 2.0539401959, -1.0240086851, -0.8868362989, -0.8145706206, -0.7309461517, -0.5812643862, -0.3854182113, -0.0438166926, 0.3482112953, 1.0055507324, 2.0111379741, -1.1003161855, -1.0167518246, -0.9312191801, -0.8542710762, -0.6935266448, -0.4975796517, -0.1402463134, 0.258574202, 0.8912838012, 1.913474936, -1.1490549202, -1.0730209839, -1.0374621454, -0.9010063436, -0.7859189983, -0.5902914791, -0.2908554084, 0.1616064889, 0.7696734562, 1.8488549395, -1.1993317718, -1.1277866546, -1.0603948369, -0.9698858888, -0.8655466209, -0.6562735852, -0.3259320121, 0.1108605355, 0.8003547942, 1.748017961, -1.2398280086, -1.1637909348, -1.1021146219, -1.0587309946, -0.9026730442, -0.741252896, -0.3924462639, 0.03703165, 0.582079782, 1.7032712127, -1.2523109288, -1.2275174763, -1.1762749298, -1.0865355619, -0.9930297234, -0.8785321114, -0.6100979116, -0.2763289955, 0.3265608944, 1.3199408302]}