{"source": [{"position": [-0.2908649112042084, -318.9998673943351], "counts": 500000.0}, {"position": [264.5630873043, -238.2065759713979], "counts": 500000.0}], "output": [0.0, 0.0, 0.0, 0.0, 0.0, 0.0, 0.0, 0.0, 0.0, 0.0, 0.0, 0.0, 0.0, 0.0, 0.0, 0.0046437713, 0.4953562287, 0.0, 0.0, 0.0, 0.0, 0.0, 0.0, 0.0, 0.2332578731, 0.2667421269, 0.0, 0.0, 0.0, 0.0, 0.0, 0.0, 0.0, 0.0, 0.0, 0.0, 0.0, 0.0, 0.0, 0.0, 0.0, 0.0, 0.0, 0.0, 0.0, 0.0, 0.0, 0.0, 0.0, 0.0, 0.0, 0.0, 0.0, 0.0, 0.0, 0.0, 0.0, 0.0, 0.0, 0.0, 0.0, 0.0, 0.0, 0.0], "num_sources": 2, "seg_angles": 64, "input": [1.8801900158, 2.0199612125, 1.9454382233, 2.0923002745, 2.3190658876, 2.1005134192, 2.3099860784, 2.1604656408, 2.1100806638, 1.9628488245, 0.7579421368, 1.3663126744, 1.2426102203, 1.1739553681, 0.9923687322, 1.167586051, 1.1349532133, 1.1771377393, 1.3510817646, 1.3758633862, 0.0477352527, 0.2771221182, 0.1326736957, 0.3399253222, 0.3572093858, 0.1240566124, 0.4704839794, 0.5047238498, 0.7259951057, 1.0796802487, -0.4291827278, -0.2652825013, -0.0897010655, -0.1479951672, -0.0488343029, -0.1702393847, -0.0716445235, 0.2541368485, 0.3790359799, 0.9269446245, -0.7541503697, -0.6530974055, -0.63898826, -0.3862689223, -0.4743611525, -0.4332256152, -0.3603216904, -0.0802258346, 0.2344745867, 0.6874302273, -0.8713050259, -0.852688586, -0.7906708575, -0.7681248155, -0.7720769829, -0.6722649867, -0.4257233016, -0.2235114993, 0.0363113767, 0.4068600721, -1.0593042445, -0.9750965736, -0.9798543546, -0.9234754142, -0.8916740705, -0.776280533, -0.6534578305, -0.3447164145, 0.0483703093, 0.5324878587, -1.1441094805, -1.093767943, -1.0625603214, -1.0124113326, -0.9365638392, -0.8281560241, -0.681583096, -0.5064628695, -0.020512868, 0.358840795, -1.1532192861, -1.1826185385, -1.1492666643, -1.1588540049, -1.022797064, -0.946256828, -0.834059843, -0.5292864255, -0.118694621, 0.4417615841, -1.2932943099, -1.1929071433, -1.2079766134, -1.148057546, -1.1580180041, -1.0539618711, -0.9155121023, -0.5862883086, -0.2806170563, 0.1946370586]}