{"source": [{"position": [-430.06955062691236, -160.37824548100542], "counts": 500000.0}, {"position": [206.02364303485763, 146.84433428173375], "counts": 500000.0}], "output": [0.0, 0.0, 0.0, 0.1821238667, 0.3178761333, 0.0, 0.0, 0.0, 0.0, 0.0, 0.0, 0.0, 0.0, 0.0, 0.0, 0.0, 0.0, 0.0, 0.0, 0.0, 0.0, 0.0, 0.0, 0.0, 0.0, 0.0, 0.0, 0.0, 0.0, 0.0, 0.0, 0.0, 0.0, 0.0, 0.0, 0.0, 0.0, 0.0, 0.3462619488, 0.1537380512, 0.0, 0.0, 0.0, 0.0, 0.0, 0.0, 0.0, 0.0, 0.0, 0.0, 0.0, 0.0, 0.0, 0.0, 0.0, 0.0, 0.0, 0.0, 0.0, 0.0, 0.0, 0.0, 0.0, 0.0], "num_sources": 2, "seg_angles": 64, "input": [-0.6025214821, -0.5436521275, -0.5208693651, -0.6088303895, -0.6759124001, -0.341262871, 0.2155042837, 0.4345836029, 1.3042368081, 1.9679601434, -0.1210548368, -0.4044209309, -1.1813934441, -1.3570073642, -1.1547808071, -1.1509739167, -0.390117022, -0.1186224863, 0.8737423273, 2.0088234431, -0.1055412439, -0.5087441669, -1.14004163, -1.3862496906, -1.2194871865, -0.9499212572, -0.8174918928, -0.3304383737, 0.5462006729, 1.4040061872, 0.2305496279, -0.6036046629, -0.9125213277, -1.1182784766, -1.2721599712, -1.194864968, -0.9477479128, -0.2492935469, 0.4735021827, 1.5106248492, 0.0563930043, -0.5652531933, -0.9730922034, -1.3409811911, -1.1932088018, -1.3290405834, -0.8342369125, -0.272151894, 0.6159962617, 1.5087923877, 0.4577794737, -0.5342386496, -0.8542623845, -0.9969353966, -1.1107445408, -1.109380077, -0.9892923035, -0.3066573839, 0.4018605536, 1.7180592462, 0.5100085734, -0.2208204914, -0.6098003952, -0.9843501838, -1.152766549, -1.0093205473, -1.0498232864, -0.2472471675, 0.7081529651, 1.3777015463, 0.6349990801, 0.7188770414, -0.1665060524, -0.5626284408, -0.7794714791, -0.6638226032, -0.7626092087, -0.0937136844, 0.4776257347, 1.3903152613, 1.4257328315, 1.3992870807, 0.6413780791, 0.4700771407, 0.7382299979, -0.0917718493, -0.1149765918, 0.0500069513, 0.2239568893, 1.3692360941, 2.5720739132, 2.1592801204, 1.806863412, 1.3781506164, 1.4698198616, 1.2331823334, 0.93647645, 0.8992851675, 1.1230980361, 1.4044795633]}