{"source": [{"position": [-143.66583171346358, 432.77722767964445], "counts": 500000.0}, {"position": [-110.02934034089229, -177.692274069944], "counts": 500000.0}], "output": [0.0, 0.0, 0.0, 0.0, 0.0, 0.0, 0.0, 0.0, 0.0, 0.0, 0.3236732434, 0.1763267566, 0.0, 0.0, 0.0, 0.0, 0.0, 0.0, 0.0, 0.0, 0.0, 0.0, 0.0, 0.0, 0.0, 0.0, 0.0, 0.0, 0.0, 0.0, 0.0, 0.0, 0.0, 0.0, 0.0, 0.0, 0.0, 0.0, 0.0, 0.0, 0.0, 0.0, 0.0, 0.0, 0.0, 0.0, 0.0, 0.0, 0.0, 0.0, 0.0, 0.367623676, 0.132376324, 0.0, 0.0, 0.0, 0.0, 0.0, 0.0, 0.0, 0.0, 0.0, 0.0, 0.0], "num_sources": 2, "seg_angles": 64, "input": [2.0325519844, 1.6480295413, 1.5161513371, 1.4584815775, 1.6209472568, 1.4862473881, 1.4074353544, 1.409483285, 1.603117227, 1.0519801895, 1.9190020825, 0.9529130307, 0.9093218213, 0.8012928878, 0.8461085035, 0.3900329976, 0.3644168647, 0.785838847, 0.6408653419, 0.1215548517, 1.9743485965, 0.592274743, 0.1546416569, -0.160479029, -0.2518889868, -0.1333445119, -0.087734173, -0.2522547794, -0.0957765483, -0.4849140445, 1.7446903746, 0.2315461249, -0.3788305083, -0.5425423039, -0.732101028, -0.6112489146, -0.7226952307, -0.6283157057, -0.7941661707, -0.9516346727, 1.654659147, 0.1360427153, -0.7379264055, -0.7885996115, -0.926394421, -0.9752867235, -0.8151969733, -0.8365090773, -0.8272620637, -1.1930168891, 1.7491106062, 0.2856673478, -0.4963008892, -0.9245638868, -1.1042546332, -0.9865137425, -1.0869131782, -1.1078853777, -1.2258746903, -1.2585693483, 1.717098657, 0.2284230312, -0.4841810406, -0.7143238923, -0.9896493893, -1.0268302974, -1.0006690164, -1.291017814, -1.2461872912, -1.4014817416, 2.0345348544, 0.6918883105, -0.0059737376, -0.5504377672, -0.9283050045, -0.8111257599, -0.9513857629, -0.9614516797, -1.0661988484, -1.1485559877, 2.1981244009, 0.6597351176, 0.0088271143, -0.2839722939, -0.5066088101, -0.5515582744, -0.492060794, -0.5811144262, -0.6332409491, -0.8053385531, 1.9069656638, 0.9923705703, 0.229215656, -0.0845397855, -0.0473896673, -0.14705782, -0.2000072813, -0.3153236355, -0.3246585271, -0.486296691]}