{"source": [{"position": [405.635587527406, -112.69769354914138], "counts": 500000.0}, {"position": [-127.22985524243141, 408.65213071142796], "counts": 500000.0}], "output": [0.0, 0.0, 0.0, 0.0, 0.0, 0.0, 0.0, 0.0, 0.0, 0.0, 0.0, 0.0, 0.0, 0.0, 0.0, 0.0, 0.0, 0.0, 0.0, 0.0, 0.0, 0.0, 0.0, 0.0, 0.0, 0.0, 0.0, 0.0, 0.0, 0.3801674013, 0.1198325987, 0.0, 0.0, 0.0, 0.0, 0.0, 0.0, 0.0, 0.0, 0.0, 0.0, 0.0, 0.0, 0.0, 0.0, 0.0, 0.0, 0.0, 0.0, 0.0, 0.0, 0.4628028861, 0.0371971139, 0.0, 0.0, 0.0, 0.0, 0.0, 0.0, 0.0, 0.0, 0.0, 0.0, 0.0], "num_sources": 2, "seg_angles": 64, "input": [0.8033084994, 0.0239179664, -0.333557688, -0.4232788567, -0.3100251325, -0.3261421072, -0.3171057224, -0.2187535401, -0.021923763, 0.593107087, 0.0786604631, -0.8554536697, -1.2085188076, -1.5066419144, -1.2238031467, -1.2666606249, -0.8234647177, -0.6306544883, 0.5607631547, 0.9533578131, -0.0635881775, -1.2413270524, -1.282342036, -1.4400211005, -1.3037890631, -1.2626640675, -0.7273876102, -0.2741186795, 0.1464370088, 0.8990027388, -0.350184669, -1.1700575229, -1.481225913, -1.3701579222, -1.2463697922, -1.0416064608, -0.8030196262, -0.4316317597, 0.3001356477, 0.8418756708, -0.4004264091, -1.2953768737, -1.2005466454, -1.2182338541, -0.9452719502, -0.3303061581, -0.3439947823, 0.0447420331, 0.8415841123, 0.9086731416, -0.1148736789, -1.015150303, -1.1127560508, -1.1162687253, -0.7734318894, -0.5885338, -0.5612779796, 0.1548843726, 0.6270064678, 1.2532367069, -0.1602425306, -0.8588812701, -0.7135885983, -0.8790515253, -0.3245488471, -0.3533554022, 0.2084566568, 0.4122475772, 0.8861597098, 1.561031344, -0.040479907, -0.5862521343, -0.3062469427, -0.1669110142, -0.1395379006, 0.3176587003, 0.9842669705, 0.8089927122, 1.8030013623, 2.2236574249, 0.0110868119, 0.1931388413, 0.2009113087, 0.0621972478, 0.484268611, 0.623451355, 1.0150314327, 1.6457611092, 2.1278259374, 2.2062546728, 0.2650733319, 0.5846402218, 0.9918594251, 0.8414194623, 1.1224418818, 1.1135424675, 1.7107072746, 1.894651741, 2.4650179101, 2.7055744182]}