{"source": [{"position": [-81.10366071547986, 392.7126127571514], "counts": 500000.0}, {"position": [-58.806804526755386, 79.64144487232751], "counts": 500000.0}], "output": [0.0, 0.0, 0.0, 0.0, 0.0, 0.0, 0.0, 0.0, 0.0, 0.0, 0.0, 0.0, 0.0, 0.0, 0.0, 0.0, 0.0, 0.0, 0.0, 0.0, 0.0, 0.0, 0.0, 0.0, 0.0, 0.0, 0.0, 0.0, 0.0, 0.0, 0.0, 0.0, 0.0, 0.0, 0.0, 0.0, 0.0, 0.0, 0.0, 0.0, 0.0, 0.0, 0.0, 0.0, 0.0, 0.0, 0.0, 0.0, 0.0, 0.0, 0.4627760306, 0.0372239694, 0.0, 0.0, 0.2607150271, 0.2392849729, 0.0, 0.0, 0.0, 0.0, 0.0, 0.0, 0.0, 0.0], "num_sources": 2, "seg_angles": 64, "input": [0.9368272748, -0.120810545, -0.6571970074, -0.8640831103, -1.0453407172, -1.1591342496, -1.1872174595, -1.1919267136, -1.197995836, -1.2324468158, 1.1102915175, 0.0425908103, -0.5008425794, -0.8002895442, -1.0256501507, -1.0746257512, -1.1705946301, -1.1263662574, -1.1527332069, -1.1945432656, 1.2300087534, 0.1186537295, -0.5010475196, -0.7764016338, -0.9589864483, -0.9702286523, -1.042518008, -1.0771452391, -1.0798700509, -1.1525270618, 1.1772128548, 0.1602374191, -0.3670781559, -0.7159993406, -0.9514920669, -0.9166388058, -0.9432432534, -0.966508511, -1.0170512814, -1.0430065585, 1.277434446, 0.2771908515, -0.3675645066, -0.6502850389, -0.7672692815, -0.7260248114, -0.7918783345, -0.7688597222, -0.8354798641, -1.0084635525, 1.2305662439, 0.3896593898, -0.2636895924, -0.4680337469, -0.5593750096, -0.5899963434, -0.5571667237, -0.6159808072, -0.616725419, -0.736045281, 1.478351115, 0.3655442795, -0.0264582005, -0.1392363018, -0.1796019991, -0.1103820753, -0.2451138072, -0.2565115335, -0.3418688274, -0.4778216217, 1.505384867, 0.5790476375, 0.3003586645, 0.2848775872, 0.3759419063, 0.4375308105, 0.2372401904, 0.360574557, 0.2684232829, -0.0092801323, 1.5070728612, 1.1336013524, 1.2340278142, 1.0102953454, 1.0449079871, 0.9823121377, 1.0723137492, 1.0583048444, 0.8922670741, 0.5692667131, 1.7372641887, 1.8095553754, 1.9331854201, 2.0776781414, 2.0582252352, 1.8812498908, 1.8677857304, 1.929553799, 1.6923526426, 1.65548447]}