{"source": [{"position": [-8.535832587103153, 32.91108570140081], "counts": 500000.0}, {"position": [283.77762181837863, 164.48179642472672], "counts": 500000.0}], "output": [0.0, 0.0, 0.0, 0.0, 0.0, 0.0, 0.0, 0.0, 0.0, 0.0, 0.0, 0.0, 0.0, 0.0, 0.0, 0.0, 0.0, 0.0, 0.0, 0.0, 0.0, 0.0, 0.0, 0.0, 0.0, 0.0, 0.0, 0.0, 0.0, 0.0, 0.0, 0.0, 0.0, 0.0, 0.0, 0.0, 0.0, 0.3246907771, 0.1753092229, 0.0, 0.0, 0.0, 0.0, 0.0, 0.0, 0.0, 0.0, 0.0, 0.0, 0.0, 0.2075657519, 0.2924342481, 0.0, 0.0, 0.0, 0.0, 0.0, 0.0, 0.0, 0.0, 0.0, 0.0, 0.0, 0.0], "num_sources": 2, "seg_angles": 64, "input": [-0.5681296648, -1.0325417221, -1.0233894278, -1.0425322579, -1.0569110039, -1.0302863547, -1.0122997635, -0.9741645768, -0.9232114816, -0.8417996939, -0.4656723658, -0.9467508387, -0.9576594058, -0.9848861973, -0.954255492, -0.9420138503, -0.9379550604, -0.8712633772, -0.8239142775, -0.803893197, -0.4438911855, -0.861199334, -0.8968124516, -0.8710712283, -0.8576589084, -0.8791226964, -0.8334385345, -0.8400235613, -0.7459043275, -0.7191639527, -0.3505558256, -0.7319784582, -0.7940064958, -0.7545546485, -0.768022744, -0.7730487006, -0.6753380128, -0.6677534562, -0.6366075716, -0.6564140035, -0.2615478043, -0.612933152, -0.5926098947, -0.5755325426, -0.5703765599, -0.5824055226, -0.5538866347, -0.5469085843, -0.498677692, -0.509803879, -0.0786667585, -0.3592999783, -0.36539648, -0.3258440433, -0.3290072162, -0.3038517412, -0.2546144994, -0.2701575342, -0.2770157948, -0.3334086744, 0.1213375157, 0.0685442032, 0.0122274592, 0.0890901667, 0.0896127601, 0.1040017085, 0.0914978299, 0.0960004688, 0.0452685707, -0.0309221029, 0.5116839887, 0.5672547016, 0.7048537589, 0.6363386268, 0.5992482263, 0.5957905315, 0.5972385338, 0.576004483, 0.5394244713, 0.3527313407, 1.0574321299, 1.380245373, 1.5027769711, 1.4681173074, 1.4356668916, 1.373147584, 1.3684199781, 1.3559612137, 1.3570889548, 0.9746158565, 1.8885454839, 2.299203827, 2.3520833106, 2.2713333601, 2.2948276896, 2.2444285057, 2.2207439083, 2.1414251627, 2.110785125, 1.6879652163]}