{"source": [{"position": [-377.6046341816432, -17.284103810942955], "counts": 500000.0}, {"position": [131.34110224779172, -322.263114334134], "counts": 500000.0}], "output": [0.2670425366, 0.2329574634, 0.0, 0.0, 0.0, 0.0, 0.0, 0.0, 0.0, 0.0, 0.0, 0.0, 0.0, 0.0, 0.0, 0.0, 0.0, 0.0, 0.0, 0.0289978006, 0.4710021994, 0.0, 0.0, 0.0, 0.0, 0.0, 0.0, 0.0, 0.0, 0.0, 0.0, 0.0, 0.0, 0.0, 0.0, 0.0, 0.0, 0.0, 0.0, 0.0, 0.0, 0.0, 0.0, 0.0, 0.0, 0.0, 0.0, 0.0, 0.0, 0.0, 0.0, 0.0, 0.0, 0.0, 0.0, 0.0, 0.0, 0.0, 0.0, 0.0, 0.0, 0.0, 0.0, 0.0], "num_sources": 2, "seg_angles": 64, "input": [2.8690067129, 2.0862603028, 2.0524952495, 1.6702564536, 1.6896961441, 1.2366733791, 1.4261740362, 1.2210827721, 0.7156305224, 0.6719914661, 2.1150234279, 1.8609127072, 1.6419676418, 1.2988598582, 1.1175902553, 0.5527098094, 0.4163227869, 0.1900057146, 0.4025428466, 0.0954404653, 1.7789234797, 1.1582990098, 0.6579588803, 0.5441883226, 0.3928129226, 0.0447191234, -0.0769517082, -0.427237958, -0.1201475326, 0.2969167897, 1.6087042059, 1.2448093033, 0.7479023023, 0.3152669228, -0.1001476256, -0.5085988935, -0.4938567198, -0.6628960432, -0.6701314947, -0.0147240526, 1.0712424544, 0.6144499382, 0.0902225865, -0.5453493623, -0.565793374, -0.5101146691, -0.9138941349, -0.9599300825, -0.5900173857, 0.3194756966, 0.879492547, 0.6188538321, 0.0043789411, -0.566579176, -0.7496800126, -0.905867509, -0.9312325927, -1.1145068389, -0.9837529379, 0.1949122247, 0.9965158507, 0.393063594, -0.2031087543, -0.7755072964, -0.8125230872, -1.0721599969, -1.1275412614, -1.2334293, -0.8021872495, -0.0243525773, 0.8044379933, 0.1161709433, -0.2434255907, -0.7272686379, -0.9887851185, -1.1206484734, -1.2558251995, -1.1014857452, -0.9707667844, 0.3026141264, 0.7440220846, 0.1503491525, -0.7374948977, -1.0761963719, -1.0314642741, -1.4138904469, -1.3349807845, -1.3095401189, -0.9995252558, 0.0147458883, 0.2464582055, -0.363771727, -0.5956188992, -1.1827377406, -1.2721969608, -1.4046996348, -1.4201682952, -1.353070633, -1.0936735772, -0.2230950794]}