{"source": [{"position": [297.30420245135207, -353.63004850375125], "counts": 500000.0}, {"position": [-44.173345072474405, 164.1606395732793], "counts": 500000.0}], "output": [0.0, 0.0, 0.0, 0.0, 0.0, 0.0, 0.0, 0.0, 0.0, 0.0, 0.0, 0.0, 0.0, 0.0, 0.0, 0.0, 0.0, 0.0, 0.0, 0.0, 0.0, 0.0, 0.0, 0.4396026211, 0.0603973789, 0.0, 0.0, 0.0, 0.0, 0.0, 0.0, 0.0, 0.0, 0.0, 0.0, 0.0, 0.0, 0.0, 0.0, 0.0, 0.0, 0.0, 0.0, 0.0, 0.0, 0.0, 0.0, 0.0, 0.0, 0.0, 0.1612658872, 0.3387341128, 0.0, 0.0, 0.0, 0.0, 0.0, 0.0, 0.0, 0.0, 0.0, 0.0, 0.0, 0.0], "num_sources": 2, "seg_angles": 64, "input": [0.8321515935, -0.0612037684, -0.4008167978, -0.4240528863, -0.3951835916, -0.4079439341, -0.6829321597, -0.6788803075, -0.6027134386, -0.7205344294, 0.7316108613, -0.3804089289, -0.5896746594, -0.7702642941, -0.8474758851, -0.8406977355, -0.8667361519, -0.8393716624, -0.8777297119, -0.7204000429, 0.3951383402, -0.7174586681, -0.8920681324, -0.9254151168, -1.0535387742, -1.0234947914, -1.1383618346, -0.7759396776, -0.9822177338, -0.587050131, 0.1703802945, -0.964883617, -1.0543137074, -1.0361666649, -1.0845647323, -0.9673692444, -1.0784322844, -0.9609558275, -0.6694757338, -0.5317071467, 0.2788720509, -0.8829621424, -0.9892738826, -0.7166918178, -1.017186958, -0.9024019635, -0.9402011713, -0.7878823127, -0.4857157309, -0.077706501, -0.0126398401, -0.890976701, -0.7138062953, -0.5493707001, -0.7210197811, -0.7005197777, -0.7287767008, -0.5905213188, -0.1099618744, -0.0172255985, 0.0639124132, -0.3089460922, -0.5286403347, -0.3518353331, -0.192263548, -0.4179428557, -0.0971939375, -0.1228203486, 0.3198370724, 0.555179051, 0.2924992512, 0.2028323776, 0.1397032908, 0.2687813934, 0.2849190309, 0.4006069187, 0.5364101546, 0.5209410194, 0.7319803433, 0.801665181, 0.9077752879, 1.1253667953, 0.9932429647, 1.1566500247, 1.3160468604, 1.1808906374, 1.2738260617, 1.3551768607, 1.6916901759, 1.9235489313, 1.4220503807, 2.0337971307, 2.0168543322, 1.8473764252, 1.9900307944, 1.9851580112, 2.5667210799, 2.4357924458, 2.417494765, 2.2380071186]}