{"source": [{"position": [206.93555519455853, 5.164881055729517], "counts": 500000.0}, {"position": [-227.6806395229147, 278.8575377974147], "counts": 500000.0}], "output": [0.0, 0.0, 0.0, 0.0, 0.0, 0.0, 0.0, 0.0, 0.0, 0.0, 0.0, 0.0, 0.0, 0.0, 0.0, 0.0, 0.0, 0.0, 0.0, 0.0, 0.0, 0.0, 0.0, 0.0, 0.0, 0.0, 0.0, 0.0, 0.0, 0.0, 0.0, 0.0, 0.3729118197, 0.1270881803, 0.0, 0.0, 0.0, 0.0, 0.0, 0.0, 0.0, 0.0, 0.0, 0.0, 0.0, 0.0, 0.0, 0.0, 0.0, 0.0, 0.0, 0.0, 0.0, 0.0, 0.012814955, 0.487185045, 0.0, 0.0, 0.0, 0.0, 0.0, 0.0, 0.0, 0.0], "num_sources": 2, "seg_angles": 64, "input": [-0.5195288712, -0.7401662287, -1.1214519243, -1.5490882897, -1.2455033288, -1.1657075498, -0.7793632895, -0.5410252206, 0.1666055935, 1.2149890904, -0.1335468167, -0.7443021919, -0.9261406343, -1.2103683228, -0.9475038905, -1.0543252681, -0.5700107191, -0.0986961441, 0.6291238242, 1.3485259614, -0.2591106263, -0.7132042882, -1.0047383524, -1.0083549448, -1.1729710972, -1.0329720479, -0.4660749245, 0.2230513694, 0.9457214676, 1.4900676412, -0.1561149487, -0.5949669434, -0.9159072086, -1.1612194605, -1.0588279391, -0.7373144116, -0.4134062246, 0.1337110944, 0.9347904218, 1.6343479175, -0.0134157597, -0.5449646187, -0.8229476893, -1.137803607, -1.0801807944, -0.7144148864, -0.2161653051, 0.3459854525, 1.1464360796, 1.6960589181, -0.3449647331, -0.4099573728, -0.8252301357, -0.7939753411, -0.8577968517, -0.4312592072, -0.3876778053, 0.0241086934, 1.0991093032, 1.8599837236, -0.022934803, -0.4530175846, -0.9123227425, -0.8351877598, -0.8489651945, -0.5336559711, 0.1595221192, 0.4597551737, 1.2538066097, 2.0049301175, 0.0077591973, -0.6338872325, -0.6844696073, -0.7262306727, -0.3417018967, -0.0547666852, 0.150740993, 1.2530209705, 1.7740988246, 2.4128294719, -0.1781135776, -0.5579263861, -0.2554801309, -0.1853871228, -0.0628659863, 0.1670597454, 0.7113035884, 1.279339677, 1.9431551975, 2.3901668708, 0.1171209544, -0.1215495794, 0.3344672827, 0.2053462289, 0.4477571951, 0.5652872972, 0.6832305309, 1.4096676665, 2.3966370533, 3.0115098306]}