{"source": [{"position": [42.04996885944893, -284.9136713443554], "counts": 500000.0}, {"position": [125.12975852697184, 404.0687361464405], "counts": 500000.0}], "output": [0.0, 0.0, 0.0, 0.0, 0.0, 0.0, 0.0, 0.0, 0.0, 0.0, 0.0, 0.0, 0.0, 0.0, 0.0, 0.0, 0.0, 0.253725583, 0.246274417, 0.0, 0.0, 0.0, 0.0, 0.0, 0.0, 0.0, 0.0, 0.0, 0.0, 0.0, 0.0, 0.0, 0.0, 0.0, 0.0, 0.0, 0.0, 0.0, 0.0, 0.0, 0.0, 0.0, 0.0, 0.0, 0.0294592608, 0.4705407392, 0.0, 0.0, 0.0, 0.0, 0.0, 0.0, 0.0, 0.0, 0.0, 0.0, 0.0, 0.0, 0.0, 0.0, 0.0, 0.0, 0.0, 0.0], "num_sources": 2, "seg_angles": 64, "input": [1.1197005443, 1.7603967817, 2.2460935981, 2.0045183403, 2.0085876509, 2.1310048548, 2.1377242972, 1.9315751234, 1.7768928699, 2.6708099705, 0.1700665489, 0.6580023518, 1.4438017191, 0.9596431627, 1.0007008233, 1.0680535998, 0.8795676014, 0.6158065207, 1.042937055, 2.1353588233, -0.3880188924, -0.1217155782, -0.1528933908, -0.0023558231, 0.1855887143, 0.1480671343, 0.2262824839, 0.0369883928, 0.1545678156, 1.0292083044, -1.2165951292, -0.7298916436, -0.4419332101, -0.3022626551, -0.2325353942, -1.0105493116, -0.5738875255, -0.395392104, -0.3457776508, 0.8785204377, -1.2347813161, -0.9381897364, -0.7920468066, -0.3233091792, -0.8876032293, -1.0069509296, -1.0475413019, -0.9891884466, -0.3023939968, 0.6763761458, -1.5736025504, -1.2572702489, -1.0014359843, -0.8306176798, -1.0083778726, -1.2652144658, -1.24386052, -0.7960843602, -0.9863461264, 0.6136664226, -1.795642409, -1.3158697336, -0.9391642846, -0.7252309839, -1.1466634485, -1.1511263579, -0.7248933778, -0.914305332, -0.6242541887, 0.4041143461, -1.0523556941, -0.7519199022, -0.9744879866, -0.6867525471, -0.5416821863, -0.7235291452, -0.6748088303, -0.7247756673, -0.5898570843, 0.5336385772, -0.5414642692, -0.093418149, -0.1123397225, -0.2679078965, 0.0851480169, 0.2380051754, 0.0526723325, -0.3367227001, -0.3939888272, 0.6969266173, 0.0977382521, 0.4628038795, 0.4923859525, 0.3481361941, 0.5443372783, 0.4792591164, 0.3486417182, 0.6860495822, 0.9237826364, 1.0976360195]}