{"source": [{"position": [165.67906412455915, 467.51090651535634], "counts": 500000.0}, {"position": [-39.9596099935939, 302.37101310998685], "counts": 500000.0}], "output": [0.0, 0.0, 0.0, 0.0, 0.0, 0.0, 0.0, 0.0, 0.0, 0.0, 0.0, 0.0, 0.0, 0.0, 0.0, 0.0, 0.0, 0.0, 0.0, 0.0, 0.0, 0.0, 0.0, 0.0, 0.0, 0.0, 0.0, 0.0, 0.0, 0.0, 0.0, 0.0, 0.0, 0.0, 0.0, 0.0, 0.0, 0.0, 0.0, 0.0, 0.0, 0.0, 0.0, 0.0, 0.2345409876, 0.2654590124, 0.0, 0.0, 0.0, 0.3308217031, 0.1691782969, 0.0, 0.0, 0.0, 0.0, 0.0, 0.0, 0.0, 0.0, 0.0, 0.0, 0.0, 0.0, 0.0], "num_sources": 2, "seg_angles": 64, "input": [-0.7329087448, -1.0683675947, -1.1247265216, -1.1240463557, -1.0944965216, -1.1142952595, -1.1533146951, -1.045022549, -0.9015951109, -0.4279907479, -0.5890721777, -0.9187993452, -1.0935252788, -0.9902337682, -0.925889296, -0.9438015241, -0.9932372121, -1.0142728064, -0.9222446316, -0.4026331574, -0.5740358626, -0.8953224757, -0.935275704, -0.9956410653, -0.8652090347, -0.8923289281, -0.9037783865, -0.8156761634, -0.7655489217, -0.371878148, -0.4665549073, -0.781546437, -0.8002942525, -0.7745673295, -0.8451201735, -0.7450761797, -0.8139304022, -0.6987315766, -0.7066479975, -0.2649743586, -0.2700311957, -0.6950785077, -0.629026998, -0.6027765694, -0.6863680535, -0.440788048, -0.5543063257, -0.6668923237, -0.4871477941, -0.1614958363, -0.1140671457, -0.2927050108, -0.3248660695, -0.3401222721, -0.3603804958, -0.2957736976, -0.4163833907, -0.3840207129, -0.215720379, -0.035810795, 0.106008436, 0.2189548369, 0.1426711383, 0.010363513, 0.149303709, 0.1513072943, 0.0733704344, -0.1090554242, 0.3060811078, 0.224945786, 0.5085192358, 0.5407948891, 0.646573836, 0.6890547886, 0.5942265163, 0.6988223424, 0.4502342572, 0.579656259, 0.4762699182, 0.6107290377, 0.9539976594, 1.2037942941, 1.5585844131, 1.5998619862, 1.4582016968, 1.5623050473, 1.3349140568, 1.3760671692, 1.2736220635, 1.3555354814, 1.8756254165, 2.2577967277, 2.0238046232, 2.41144009, 2.0566001307, 2.0525045924, 2.0540147631, 2.1685064566, 2.1694048549, 1.6509597895]}