{"source": [{"position": [244.71645237994252, -129.7800367336028], "counts": 500000.0}, {"position": [115.53222249132205, -106.30759881690332], "counts": 500000.0}], "output": [0.0, 0.0, 0.0, 0.0, 0.0, 0.0, 0.0, 0.0, 0.0, 0.0, 0.0, 0.0, 0.0, 0.0, 0.0, 0.0, 0.0, 0.0, 0.0, 0.0, 0.0, 0.0, 0.0, 0.0, 0.2883447056, 0.2116552944, 0.0, 0.4834016519, 0.0165983481, 0.0, 0.0, 0.0, 0.0, 0.0, 0.0, 0.0, 0.0, 0.0, 0.0, 0.0, 0.0, 0.0, 0.0, 0.0, 0.0, 0.0, 0.0, 0.0, 0.0, 0.0, 0.0, 0.0, 0.0, 0.0, 0.0, 0.0, 0.0, 0.0, 0.0, 0.0, 0.0, 0.0, 0.0, 0.0], "num_sources": 2, "seg_angles": 64, "input": [1.2114728355, 1.3722885849, 1.4280536099, 1.5291358024, 1.3607028245, 1.6518032804, 1.5432975363, 1.6024119142, 1.613154529, 1.7675467558, 0.1163793935, 0.4227620865, 0.4553931751, 0.504009573, 0.4369672595, 0.5348529762, 0.5523483184, 0.6355284866, 0.8138493149, 1.7200814695, -0.4587089999, -0.3119762639, -0.2409646763, -0.2087696323, -0.1759134589, -0.1692608701, 0.0101452609, 0.4300821622, 0.9993778651, 1.8168340626, -0.7580780421, -0.6409409007, -0.6110079416, -0.6249468581, -0.5822186777, -0.5277172455, -0.3431774239, 0.3249188637, 1.0403998984, 1.8692735047, -0.9946024735, -0.9281764096, -0.9103219987, -0.8306245091, -0.7710228185, -0.6049038652, -0.3145068463, 0.1781751453, 0.8093341323, 1.8722137567, -1.1188545889, -1.086532184, -0.9412004779, -0.9177583014, -0.8951956534, -0.7028975292, -0.3503808944, 0.2532028986, 0.9984542853, 1.7111950153, -1.1394535023, -1.1458047538, -1.0973200268, -1.0320523738, -0.884640162, -0.6634445632, -0.2761944779, 0.1496626014, 0.8078153358, 1.8910811864, -1.1833382197, -1.18847657, -1.1179431264, -1.0175837696, -0.8522198146, -0.7210090834, -0.3551164362, 0.030691791, 0.7576296472, 1.6452103156, -1.2364397061, -1.186586009, -1.1495716901, -1.0106375575, -0.9159091582, -0.7611887325, -0.4330183756, 0.1522442006, 0.8950717279, 1.781490258, -1.2631783899, -1.2350978187, -1.1694120678, -1.143734001, -1.0445179075, -0.81431604, -0.517481043, -0.1365377637, 0.6147019739, 1.4016370666]}