{"source": [{"position": [34.47272619491748, 433.6319074384289], "counts": 500000.0}, {"position": [-44.463242200656865, 34.04438416252711], "counts": 500000.0}], "output": [0.0, 0.0, 0.0, 0.0, 0.0, 0.0, 0.0, 0.0, 0.0, 0.0, 0.0, 0.0, 0.0, 0.0, 0.0, 0.0, 0.0, 0.0, 0.0, 0.0, 0.0, 0.0, 0.0, 0.0, 0.0, 0.0, 0.0, 0.0, 0.0, 0.0, 0.0, 0.0, 0.0, 0.0, 0.0, 0.0, 0.0, 0.0, 0.0, 0.0, 0.0, 0.0, 0.0, 0.0, 0.0, 0.0, 0.0, 0.4040286, 0.0959714, 0.0, 0.0, 0.0, 0.0, 0.0, 0.0, 0.0, 0.0, 0.3280329301, 0.1719670699, 0.0, 0.0, 0.0, 0.0, 0.0], "num_sources": 2, "seg_angles": 64, "input": [1.2958451557, 0.3355896878, -0.2389357892, -0.6987911448, -0.8686812407, -1.0481334353, -1.1051945379, -1.2103662814, -1.2220648142, -1.1905932661, 1.3832073869, 0.5548619695, -0.1001247051, -0.5538030966, -0.760659229, -0.976081692, -1.0554715594, -1.1267101365, -1.1934979893, -1.1962539831, 1.4924037658, 0.7020912311, 0.0120155737, -0.4121150795, -0.7275247996, -0.9085875452, -1.0650965897, -1.1272132306, -1.1737277848, -1.1505450594, 1.5036946614, 0.6986973504, 0.0540605241, -0.4408594944, -0.7034298348, -0.863150693, -0.9866081542, -1.0618735321, -1.1256992974, -1.134523125, 1.6737960379, 0.7573770074, 0.0763052876, -0.3262039695, -0.6485897856, -0.8034055152, -0.9245207105, -1.000671912, -1.0168648763, -1.0322680289, 1.6846294573, 0.9330668181, 0.1769175296, -0.2677159695, -0.5981805863, -0.7435492749, -0.8035219683, -0.8313855454, -0.8231792523, -0.9365142454, 1.7740395109, 0.9343600493, 0.2993677592, -0.2424115568, -0.3785883472, -0.5667612164, -0.5714387383, -0.649166818, -0.7393300848, -0.8053762498, 1.853164594, 0.9882006298, 0.4715640048, 0.0439555222, -0.0034029522, -0.0565444341, -0.1861038393, -0.3517390385, -0.2626781455, -0.4667027417, 1.7720477339, 1.1121133554, 0.7469850072, 0.7833538894, 0.5839052204, 0.646209732, 0.5175732266, 0.3786778514, 0.4497911432, 0.2051477788, 2.0087799056, 1.7984517601, 1.7783726272, 1.7696226957, 1.7335626889, 1.8191083531, 1.5552488355, 1.4787110085, 1.4416760761, 1.1845825191]}