{"source": [{"position": [-23.416842563760977, -32.429176436413435], "counts": 500000.0}, {"position": [291.05570606984884, -391.7021521056296], "counts": 500000.0}], "output": [0.0, 0.0, 0.0, 0.0, 0.0, 0.0, 0.0, 0.0, 0.0, 0.1851326071, 0.3148673929, 0.0, 0.0, 0.0, 0.0, 0.0, 0.0, 0.0, 0.0, 0.0, 0.0, 0.0, 0.2453930052, 0.2546069948, 0.0, 0.0, 0.0, 0.0, 0.0, 0.0, 0.0, 0.0, 0.0, 0.0, 0.0, 0.0, 0.0, 0.0, 0.0, 0.0, 0.0, 0.0, 0.0, 0.0, 0.0, 0.0, 0.0, 0.0, 0.0, 0.0, 0.0, 0.0, 0.0, 0.0, 0.0, 0.0, 0.0, 0.0, 0.0, 0.0, 0.0, 0.0, 0.0, 0.0], "num_sources": 2, "seg_angles": 64, "input": [2.0563856725, 2.1420703852, 2.3127182865, 2.0694051295, 1.8984311088, 1.9227599317, 1.826064266, 1.8215620847, 1.741500895, 1.371515952, 1.7575885779, 1.3112065145, 1.2398857417, 1.1465417346, 1.0519837405, 1.0562901138, 0.9433329245, 0.8699758259, 0.7981272593, 0.5681047722, 1.6199454106, 0.6331203382, 0.3275410635, 0.3383657784, 0.3081059994, 0.2336669658, 0.2426664502, 0.1645638081, 0.0728207866, 0.0114956963, 1.4530537053, 0.4425725593, -0.0896278689, -0.1642282062, -0.162475982, -0.2690744915, -0.2909824995, -0.3698779797, -0.4143048665, -0.4428001048, 1.2872042112, 0.3487803192, -0.2858824945, -0.5096341523, -0.5517222332, -0.5740935165, -0.5558644244, -0.663929189, -0.6161125805, -0.677687598, 1.1676646389, 0.1864018179, -0.3619799491, -0.632632592, -0.7425106525, -0.7863192777, -0.8259044591, -0.7921153207, -0.8063504657, -0.8014022935, 1.1772578669, 0.1334773802, -0.4445477439, -0.778232301, -0.914718557, -0.9371988176, -0.9616685525, -0.9540507863, -0.9254439565, -0.8845430799, 1.0659196665, 0.0134179249, -0.5313263775, -0.8130934147, -1.0118122884, -1.0558745025, -1.0254035189, -1.0405180034, -0.973886179, -0.9576736808, 0.9991921563, 0.0344677039, -0.5713045941, -0.8474564265, -1.0097234672, -1.0465541437, -1.1155712321, -1.0774317936, -1.0529036637, -0.9797342237, 0.6801110197, -0.1882086883, -0.7189273347, -0.9651344325, -1.0329500921, -1.1489220697, -1.1460073774, -1.1404660597, -1.1189568063, -1.0895068207]}