{"source": [{"position": [-55.22710422020176, -64.61398424065005], "counts": 500000.0}, {"position": [340.3054591322027, -192.54400661880044], "counts": 500000.0}], "output": [0.0, 0.0, 0.0, 0.0, 0.0, 0.0, 0.0, 0.0, 0.1018929958, 0.3981070042, 0.0, 0.0, 0.0, 0.0, 0.0, 0.0, 0.0, 0.0, 0.0, 0.0, 0.0, 0.0, 0.0, 0.0, 0.0, 0.0, 0.1223179226, 0.3776820774, 0.0, 0.0, 0.0, 0.0, 0.0, 0.0, 0.0, 0.0, 0.0, 0.0, 0.0, 0.0, 0.0, 0.0, 0.0, 0.0, 0.0, 0.0, 0.0, 0.0, 0.0, 0.0, 0.0, 0.0, 0.0, 0.0, 0.0, 0.0, 0.0, 0.0, 0.0, 0.0, 0.0, 0.0, 0.0, 0.0], "num_sources": 2, "seg_angles": 64, "input": [1.7981325654, 2.2034928693, 2.1091918222, 2.0109800764, 2.006102628, 1.9614196383, 1.9703149601, 1.9243464799, 1.957336531, 1.6896998051, 1.5659331261, 0.9925576557, 1.0082792615, 0.9413836001, 0.9059088138, 0.8709122452, 0.7579252177, 0.7913883614, 0.9150853546, 0.7600146111, 1.4804175068, 0.5517154098, 0.1210475886, -0.0817194399, 0.1112738945, 0.1505003698, 0.0902433879, 0.0631678457, 0.2246911769, 0.1814687538, 1.3812656796, 0.3808450571, -0.2629649353, -0.3969171226, -0.5011735108, -0.5393294657, -0.4277804245, -0.3998910225, -0.1947890025, -0.2467152173, 1.4287628402, 0.2908673459, -0.2110184261, -0.6280738359, -0.6896294891, -0.7861769813, -0.7594499712, -0.6137116667, -0.5145084799, -0.5422628124, 1.2094584998, 0.4068600058, -0.2695158728, -0.7466632564, -0.9691380947, -0.8860145168, -0.8775206797, -0.8187396802, -0.6353506982, -0.6711505181, 1.2710808869, 0.3177273384, -0.3535105576, -0.7426226482, -0.9477267447, -1.0713599522, -1.0361948108, -0.941215717, -0.7263500013, -0.6854273221, 1.3242557523, 0.2579643636, -0.3924461265, -0.8105701518, -0.9948142409, -1.0667634677, -1.0353321434, -1.0368420526, -0.8779527729, -0.8269778336, 1.1774948662, 0.2604013196, -0.5222767578, -0.8850859861, -1.0225676459, -1.1156912279, -1.1018094813, -1.0279515919, -0.9240005034, -0.7860685677, 1.121763461, -0.0992030974, -0.6263114564, -0.8685938044, -1.1240578684, -1.2256507601, -1.2302025735, -1.2082220502, -1.0402378952, -0.9194360415]}