{"source": [{"position": [268.79704612706263, -298.9182965182389], "counts": 500000.0}, {"position": [-339.7599146740116, 339.0622367364263], "counts": 500000.0}], "output": [0.0, 0.0, 0.0, 0.0, 0.0, 0.0, 0.0, 0.0, 0.0, 0.0, 0.0, 0.0, 0.0, 0.0, 0.0, 0.0, 0.0, 0.0, 0.0, 0.0, 0.0, 0.0, 0.0, 0.2699637501, 0.2300362499, 0.0, 0.0, 0.0, 0.0, 0.0, 0.0, 0.0, 0.0, 0.0, 0.0, 0.0, 0.0, 0.0, 0.0, 0.0, 0.0, 0.0, 0.0, 0.0, 0.0, 0.0, 0.0, 0.0, 0.0, 0.0, 0.0, 0.0, 0.0, 0.0, 0.0, 0.0, 0.4947655755, 0.0052344245, 0.0, 0.0, 0.0, 0.0, 0.0, 0.0], "num_sources": 2, "seg_angles": 64, "input": [2.7724940737, 2.2206073854, 1.7848738828, 1.888368588, 1.0416313588, 1.1571864632, 0.7201903952, 0.8130406504, 0.627857874, 0.4536462824, 1.796942577, 1.4333147214, 0.790114653, 0.471642581, 0.309831433, 0.0825314783, -0.081726785, -0.3098594698, -0.1000374931, 0.4924182813, 1.2116295346, 0.9367957474, 0.2516591138, 0.0795534979, -0.6444087138, -0.6152380372, -0.9461702454, -0.6704078524, -0.2805000331, 0.6672704796, 0.5535347196, 0.0744371156, -0.4432216912, -0.8341698392, -1.3679118093, -1.3661718381, -1.0513572655, -1.0168459625, -0.4064523665, 0.4136516365, 0.422760465, -0.1119043547, -0.6602912381, -1.2030974495, -1.1905245608, -1.4674314511, -1.2322131585, -0.7253834364, -0.1857673588, 0.5311418705, -0.1456074288, -0.4417920985, -0.7434344235, -1.2334170983, -1.547625892, -1.5978585484, -1.3020618261, -0.6743209359, -0.1411453041, 1.5627411774, 0.0197282036, -0.2739515146, -1.1704065625, -1.4653303782, -1.5816735182, -1.2270894883, -1.1768918307, -0.6135263508, 0.1538730001, 0.8674141477, -0.0003528848, -0.7348440614, -1.0513537054, -1.1726860252, -1.1183179613, -0.7575679289, -0.6225217925, -0.1731983613, 0.4790976822, 1.5989158014, -0.0339220398, -0.5311282196, -0.5457580316, -0.7506734301, -0.2467582745, -0.3528757182, -0.0527631971, 0.4162447567, 1.2394173912, 1.8007901826, 0.3326003347, 0.3025728405, 0.5353133945, 0.0268138628, 0.2058462579, 0.5419266727, 0.6948853329, 0.9800871285, 2.2610798626, 2.3734723506]}