{"source": [{"position": [329.49452532274086, 18.258088134897758], "counts": 500000.0}, {"position": [-203.42442370754924, -91.36467500763887], "counts": 500000.0}], "output": [0.0, 0.0, 0.0, 0.0, 0.3500947311, 0.1499052689, 0.0, 0.0, 0.0, 0.0, 0.0, 0.0, 0.0, 0.0, 0.0, 0.0, 0.0, 0.0, 0.0, 0.0, 0.0, 0.0, 0.0, 0.0, 0.0, 0.0, 0.0, 0.0, 0.0, 0.0, 0.0, 0.0, 0.2180751936, 0.2819248064, 0.0, 0.0, 0.0, 0.0, 0.0, 0.0, 0.0, 0.0, 0.0, 0.0, 0.0, 0.0, 0.0, 0.0, 0.0, 0.0, 0.0, 0.0, 0.0, 0.0, 0.0, 0.0, 0.0, 0.0, 0.0, 0.0, 0.0, 0.0, 0.0, 0.0], "num_sources": 2, "seg_angles": 64, "input": [1.4282181162, 1.0897827601, 0.8720979514, 0.8514591859, 1.1598973192, 0.8383348055, 1.5013514478, 1.4906904131, 2.2729212276, 3.1269562745, 1.5959527279, 0.4928665095, -0.2916202565, -0.325528108, -0.4919461324, -0.2856532739, 0.1625676038, 0.350064698, 1.2054697274, 1.2486959804, 1.7136953518, 0.6685790354, -0.1299768027, -0.5186339107, -0.8026784407, -1.0763646935, -0.7109529745, -0.345655573, 0.6101386029, 0.5559632055, 1.8598718726, 0.5425571908, 0.1312828912, -0.8813207021, -1.0877125722, -1.2088082339, -1.0344518713, -0.746594314, -0.231360971, 0.3978873116, 1.624530945, 0.8403144715, -0.2274251059, -0.5525677477, -0.9499189073, -0.9878000982, -0.9420434823, -0.5153087441, -0.3772034668, 0.3205787241, 1.487669083, 0.974401808, -0.2589362971, -0.5986437474, -0.7679913243, -1.1044255948, -0.9062269597, -0.7560821821, 0.03443751, 0.1548173653, 1.360602061, 0.7552802998, -0.113023882, -0.6905767485, -0.8546087566, -1.0282049361, -0.9883531384, -0.5564877955, -0.0399172981, 0.5860654833, 2.0224856101, 0.7409982837, -0.2822231171, -0.7900847349, -1.0494699153, -1.0212116269, -0.9436381415, -1.1180217658, -0.2625864642, 0.4737359023, 1.9233784505, 1.1378663362, -0.1088823715, -0.8026967049, -1.1907510186, -1.3505473616, -1.0864632663, -0.9063786286, -0.2342583542, 0.2185110013, 1.1543902216, 0.3138050254, -0.3142742773, -0.973864062, -1.3000411354, -1.4516794181, -1.331070889, -1.3725030812, -0.6706382956, -0.3448811186]}