{"source": [{"position": [412.6292891089699, 177.02561896354462], "counts": 500000.0}, {"position": [-22.705725285282128, -285.0972641735962], "counts": 500000.0}], "output": [0.0, 0.0, 0.0, 0.0, 0.0, 0.0, 0.0, 0.0, 0.0, 0.0, 0.0, 0.0, 0.0, 0.0, 0.0, 0.4047592022, 0.0952407978, 0.0, 0.0, 0.0, 0.0, 0.0, 0.0, 0.0, 0.0, 0.0, 0.0, 0.0, 0.0, 0.0, 0.0, 0.0, 0.0, 0.0, 0.0, 0.0, 0.4359795638, 0.0640204362, 0.0, 0.0, 0.0, 0.0, 0.0, 0.0, 0.0, 0.0, 0.0, 0.0, 0.0, 0.0, 0.0, 0.0, 0.0, 0.0, 0.0, 0.0, 0.0, 0.0, 0.0, 0.0, 0.0, 0.0, 0.0, 0.0], "num_sources": 2, "seg_angles": 64, "input": [0.8301145535, 1.3789287521, 1.4090367572, 1.4376724398, 1.6942578055, 1.4470200558, 1.8746946714, 2.1452993802, 2.7875046571, 2.7274005868, 0.1120765975, 0.5396891106, 0.6401215169, 0.9630249582, 0.8426349039, 1.3704386685, 1.2228314851, 1.5549767608, 2.0058430137, 2.4667980212, -0.3910006372, -0.1211528186, 0.1278496059, 0.2234205767, 0.4394367831, 0.3097516105, 0.5341337537, 0.8525132262, 1.5222598358, 1.5683576059, -0.6902239895, -0.6248735447, -0.5132086612, -0.4532475552, -0.1702092718, -0.0502067075, -0.0139485915, 0.4466864751, 0.786897222, 1.2740241487, -0.8165077172, -0.7698254959, -0.5771338625, -0.6864169008, -0.6943249684, -0.450303074, -0.2378562909, -0.0788583074, 0.5594838808, 0.9348603624, -1.0412750025, -0.9164700841, -1.0149842997, -1.1018723257, -0.9745158409, -0.7609995048, -0.3034601936, 0.0034226897, 0.0257587814, 0.3893841305, -0.9658476009, -1.335962047, -1.2279103836, -1.2819258315, -1.1530985943, -0.9283666515, -0.7267587692, -0.3060260596, -0.0492892118, 0.539444639, -1.1322342591, -1.2237200106, -1.3026514353, -1.2192840861, -1.1783598451, -0.5858947548, -0.9483599734, -0.4845397004, -0.1790287541, 0.4647003644, -0.7379858146, -0.9659597668, -1.1445261642, -1.1490700564, -1.0246544606, -0.9946447237, -0.91191709, -0.6136446282, -0.3339184188, 0.1301023811, -0.0639393299, -0.4351375365, -0.5608335745, -0.4295138769, -0.3930610568, -0.2754133054, -0.3257396583, -0.3448423404, -0.2588882896, 0.0629709368]}