{"source": [{"position": [10.105301282679495, 126.59732574579242], "counts": 500000.0}, {"position": [176.83066139278958, -424.65387928451634], "counts": 500000.0}], "output": [0.0, 0.0, 0.0, 0.0, 0.0, 0.0, 0.0, 0.0, 0.0, 0.0, 0.0, 0.0, 0.0, 0.0, 0.0, 0.0, 0.0, 0.0, 0.0, 0.0, 0.490453746, 0.009546254, 0.0, 0.0, 0.0, 0.0, 0.0, 0.0, 0.0, 0.0, 0.0, 0.0, 0.0, 0.0, 0.0, 0.0, 0.0, 0.0, 0.0, 0.0, 0.0, 0.0, 0.0, 0.0, 0.0, 0.0, 0.0, 0.405671965, 0.094328035, 0.0, 0.0, 0.0, 0.0, 0.0, 0.0, 0.0, 0.0, 0.0, 0.0, 0.0, 0.0, 0.0, 0.0, 0.0], "num_sources": 2, "seg_angles": 64, "input": [-0.7600455875, -0.5987320655, -0.5633014089, -0.5568018868, -0.5396570464, -0.6222007554, -0.6054384379, -0.4110149773, -0.5432939365, -0.3701277012, -0.9312475713, -0.817548961, -0.780892315, -0.7746087656, -0.6841721392, -0.6665564139, -0.6535590928, -0.6297867309, -0.6975479707, -0.3967603267, -1.1641363434, -0.9338440383, -0.8781600139, -0.7987170348, -0.8460389228, -0.7312593853, -0.7355647254, -0.8245235013, -0.895281524, -0.495842859, -1.1161339534, -0.9055947404, -0.7993740011, -0.8008123994, -0.7818184181, -0.8538632182, -0.8121296389, -0.8051337013, -0.7660284263, -0.4681825955, -1.0709647229, -0.7370661209, -0.7800513254, -0.7721802257, -0.6749730593, -0.6891808669, -0.7029984387, -0.7134529516, -0.5414387164, -0.2411265962, -0.8244816802, -0.5464834732, -0.5442181642, -0.4084595058, -0.2142363649, -0.5245659455, -0.2561631915, -0.4808505001, -0.2547689347, -0.1466525539, -0.5014335761, -0.0648693907, 0.0291566234, 0.0078763956, -0.0217245481, 0.1080190238, 0.0695170704, 0.2053526538, 0.0376131507, 0.1960056411, -0.0425794682, 0.6006617682, 0.5234812503, 0.4327318273, 0.4857576729, 0.5159502538, 0.5188560658, 0.421474782, 0.6889662923, 0.9024417804, 0.6896343313, 1.1709585938, 1.3787424641, 1.1886218061, 1.2207744788, 1.4373697751, 1.2788778496, 1.3993829438, 1.3957279076, 1.5047891118, 1.9699872617, 2.3140357907, 2.2325587695, 1.7822426702, 2.1768688574, 2.3361119385, 2.4666642731, 2.4518231078, 2.1958843237, 2.4357353459]}