{"source": [{"position": [-94.24301820947446, -11.968856201352924], "counts": 500000.0}, {"position": [-231.20480173228154, -218.33080326865564], "counts": 500000.0}], "output": [0.0, 0.3566388628, 0.1433611372, 0.0, 0.0, 0.0, 0.0, 0.1458145223, 0.3541854777, 0.0, 0.0, 0.0, 0.0, 0.0, 0.0, 0.0, 0.0, 0.0, 0.0, 0.0, 0.0, 0.0, 0.0, 0.0, 0.0, 0.0, 0.0, 0.0, 0.0, 0.0, 0.0, 0.0, 0.0, 0.0, 0.0, 0.0, 0.0, 0.0, 0.0, 0.0, 0.0, 0.0, 0.0, 0.0, 0.0, 0.0, 0.0, 0.0, 0.0, 0.0, 0.0, 0.0, 0.0, 0.0, 0.0, 0.0, 0.0, 0.0, 0.0, 0.0, 0.0, 0.0, 0.0, 0.0], "num_sources": 2, "seg_angles": 64, "input": [2.0198446447, 1.2460800454, 0.8650539661, 0.5087666699, 0.2392996441, 0.0730855707, 0.0316394447, -0.0882843076, -0.0659668093, -0.1058595525, 2.0292845685, 1.2152888402, 0.7568231952, 0.1273723359, 0.0310847885, -0.1781236925, -0.4331992843, -0.4607460698, -0.5715146446, -0.7588090891, 2.1756314431, 1.3144835962, 0.5878659694, 0.0501942663, -0.1151476692, -0.3787995975, -0.6175578745, -0.7318731502, -0.8498288469, -0.9103361245, 2.2888172007, 1.3660758369, 0.6231862202, 0.0476778822, -0.2949832735, -0.4958066878, -0.6428850824, -0.8715036447, -0.9187800125, -0.9820679714, 2.0853370807, 1.3409021385, 0.5872615036, 0.0651168401, -0.2606583104, -0.6313239243, -0.7207247384, -0.8883575403, -0.9803582266, -1.0784337607, 2.2191509759, 1.3586524791, 0.599226101, 0.1414920571, -0.3247709462, -0.6382443895, -0.8180361503, -0.914984023, -0.9935065636, -1.0963245867, 2.1584761555, 1.2518438373, 0.6663488171, 0.18080124, -0.3349641496, -0.6319780741, -0.8359159091, -0.973658303, -0.996751724, -1.1024424201, 2.2337116017, 1.3376255058, 0.4696406325, 0.0236169041, -0.3107104993, -0.6031613764, -0.8365514191, -0.9525275109, -1.0786080249, -1.1141867051, 2.1876769267, 1.2994312883, 0.4523920022, -0.0766366703, -0.3539339996, -0.7136390271, -0.872079995, -1.0301356716, -1.0882836277, -1.1293613307, 1.753250603, 0.7712084913, 0.1610158838, -0.2772282337, -0.6259872701, -0.8345437601, -0.9663316123, -1.083544931, -1.1562602259, -1.1445161789]}