{"source": [{"position": [-264.3117656474837, 253.17047722890138], "counts": 500000.0}, {"position": [158.37329584776006, -34.086641992397354], "counts": 500000.0}], "output": [0.0, 0.0, 0.0, 0.0, 0.0, 0.0, 0.0, 0.0, 0.0, 0.0, 0.0, 0.0, 0.0, 0.0, 0.0, 0.0, 0.0, 0.0, 0.0, 0.0, 0.0, 0.0, 0.0, 0.0, 0.0, 0.0, 0.0, 0.0, 0.0, 0.0796853937, 0.4203146063, 0.0, 0.0, 0.0, 0.0, 0.0, 0.0, 0.0, 0.0, 0.0, 0.0, 0.0, 0.0, 0.0, 0.0, 0.0, 0.0, 0.0, 0.0, 0.0, 0.0, 0.0, 0.0, 0.0, 0.0, 0.0, 0.3903665741, 0.1096334259, 0.0, 0.0, 0.0, 0.0, 0.0, 0.0], "num_sources": 2, "seg_angles": 64, "input": [0.6883505477, 0.3164149133, -0.0290968654, -0.2004800111, -0.265104508, -0.1547701455, 0.0673959743, 0.2745823371, 0.7473012027, 1.0426730588, -0.169034727, -0.6328811461, -0.7681028312, -0.9545957895, -1.0279331811, -0.8262838307, -0.4302409337, 0.2362121812, 0.9183692055, 1.5799341209, -0.2502370118, -0.827283167, -1.1223033929, -1.0186974941, -1.0973761278, -0.8759539484, -0.4436194964, 0.1733095958, 0.8875037083, 2.0404849547, -0.2257781836, -0.5034145132, -0.9513181831, -1.0919066371, -0.9496731235, -0.7911835537, -0.293064762, 0.4026732344, 1.0140607123, 2.1667144643, -0.3289949194, -0.8516505009, -1.0041339484, -1.1618161684, -1.0057273476, -0.7492612899, -0.3212881696, 0.2385851716, 1.1516894557, 1.8108067228, -0.5160904736, -0.7273008353, -1.1320607166, -1.1429246886, -1.155724249, -0.7143043263, -0.3233073238, 0.2506290248, 1.1478369965, 2.1350592056, -0.4245558137, -0.6882624468, -0.9251208944, -1.1453146076, -1.0593974169, -0.5843188227, -0.0191746757, 0.5057489783, 1.4486420516, 2.2742100832, -0.4129941779, -0.6739027251, -1.0945264688, -0.9361424568, -0.6709806693, -0.3397494884, -0.0179584328, 0.8132944008, 1.5422142105, 2.3158645362, -0.3721443953, -0.881577981, -0.6218477028, -0.6166175649, -0.2894079035, -0.174065332, 0.2767493782, 1.1388500399, 1.8421801931, 2.6543034651, -0.4220132169, -0.4205179977, -0.390009343, -0.2395574156, -0.1056168851, 0.1683171601, 0.6396284836, 1.2626833107, 1.9740042123, 2.4134160642]}