{"source": [{"position": [-163.80424051621347, 205.75998344893617], "counts": 500000.0}, {"position": [1.5757142221711784, -54.97742377276374], "counts": 500000.0}], "output": [0.0, 0.0, 0.0, 0.0, 0.0, 0.0, 0.0, 0.0, 0.0, 0.0, 0.0, 0.0, 0.0, 0.0, 0.0, 0.0, 0.3540700937, 0.1459299063, 0.0, 0.0, 0.0, 0.0, 0.0, 0.0, 0.0, 0.0, 0.0, 0.0, 0.0, 0.0, 0.0, 0.0, 0.0, 0.0, 0.0, 0.0, 0.0, 0.0, 0.0, 0.0, 0.0, 0.0, 0.0, 0.0, 0.0, 0.0, 0.0, 0.0, 0.0, 0.0, 0.0, 0.0, 0.0, 0.0, 0.0757263918, 0.4242736082, 0.0, 0.0, 0.0, 0.0, 0.0, 0.0, 0.0, 0.0], "num_sources": 2, "seg_angles": 64, "input": [2.1534450394, 2.2928241676, 2.2789314047, 2.4144617458, 2.2869276272, 2.2466795597, 2.0777900151, 2.2764356694, 2.0778157891, 1.7363003589, 1.3339961334, 1.6231167438, 1.4967017424, 1.4870432536, 1.3528694852, 1.3418420401, 1.3350361224, 1.369018206, 1.2791622272, 0.8062325268, 0.6647732202, 0.7210682759, 0.7062190152, 0.5821511418, 0.5618948361, 0.5115833228, 0.6538075989, 0.4893050124, 0.382606666, 0.1191700867, 0.1189985865, 0.2867814007, 0.1289684176, 0.0755711976, 0.0835312763, 0.0407206717, 0.0718616203, -0.0054238756, -0.1465303124, -0.3355286417, -0.1768541758, -0.1830812263, -0.2901287727, -0.3509826399, -0.441034107, -0.4440846309, -0.4766398051, -0.4560868162, -0.5052432928, -0.6647691494, -0.4014237677, -0.3995890995, -0.4676504746, -0.5859693004, -0.6138055447, -0.6753436867, -0.63089765, -0.6756286043, -0.6395678105, -0.9038676043, -0.5115941459, -0.6527052087, -0.7551387574, -0.7954881667, -0.820335547, -0.8053686079, -0.7762002879, -0.7470138108, -0.8889407901, -0.976341909, -0.5686628229, -0.7571522306, -0.8463496933, -0.8847383732, -0.8906504706, -0.8907003983, -0.8948700031, -0.8205076948, -0.8508811908, -1.0262694296, -0.6637015805, -0.7679156168, -0.8147968692, -0.7857728654, -0.7107412977, -0.845894751, -0.8091340681, -0.7979854982, -0.79202809, -0.9241786996, -0.7459837661, -0.6891302526, -0.6843421848, -0.6341077334, -0.6465387499, -0.6609136605, -0.6415828908, -0.7068489613, -0.7271338746, -0.7868702668]}