{"source": [{"position": [3.5472804354442924, -147.95748308724478], "counts": 500000.0}, {"position": [-110.82017982134985, -131.54044147851903], "counts": 500000.0}], "output": [0.0, 0.0, 0.0, 0.0, 0.0, 0.0, 0.0, 0.0, 0.0656413066, 0.4343586934, 0.0, 0.0, 0.0, 0.0, 0.0, 0.0, 0.3779197223, 0.1220802777, 0.0, 0.0, 0.0, 0.0, 0.0, 0.0, 0.0, 0.0, 0.0, 0.0, 0.0, 0.0, 0.0, 0.0, 0.0, 0.0, 0.0, 0.0, 0.0, 0.0, 0.0, 0.0, 0.0, 0.0, 0.0, 0.0, 0.0, 0.0, 0.0, 0.0, 0.0, 0.0, 0.0, 0.0, 0.0, 0.0, 0.0, 0.0, 0.0, 0.0, 0.0, 0.0, 0.0, 0.0, 0.0, 0.0], "num_sources": 2, "seg_angles": 64, "input": [1.8889368323, 1.989566136, 1.9670140126, 2.32383638, 2.2674562316, 2.2249847173, 2.2571927359, 2.1072644614, 1.975336599, 1.7873715787, 1.2162506288, 1.1492091279, 1.3232856622, 1.1898660945, 1.2345593807, 1.4499344066, 1.4841695659, 1.2466862672, 1.1699819675, 0.840878604, 0.8921803354, 0.6632244655, 0.5839647841, 0.4072971706, 0.5212866131, 0.6487649094, 0.5632472838, 0.4048221078, 0.3193807077, 0.2021223989, 0.7409182298, 0.4333616329, 0.0975667592, -0.0640915707, 0.0226845607, -0.021643848, -0.0759022837, -0.0595845278, -0.1025650337, -0.3632006053, 0.677443543, 0.1040610465, -0.2226670598, -0.3721543002, -0.3318060173, -0.4112791345, -0.4760490559, -0.4879172929, -0.6430116418, -0.7646707387, 0.4477944894, 0.0822493717, -0.3951015614, -0.509599475, -0.7110382274, -0.7008735132, -0.699363142, -0.7721436806, -0.7248289293, -0.9207639919, 0.3216353689, -0.1885415931, -0.5077666772, -0.6685340728, -0.7662716611, -0.8471572775, -0.848269755, -1.0018503749, -0.9060851562, -0.9809350418, 0.202677265, -0.3085727105, -0.5465616502, -0.753372759, -0.9063396663, -0.9398415072, -1.0371968593, -1.0579859941, -1.052995212, -1.0991364062, 0.0450711442, -0.3100429607, -0.6400566673, -0.7983074806, -0.9708616407, -1.0228037424, -1.0447477057, -1.1173029112, -1.172904474, -1.1533229321, 0.041488747, -0.4778677463, -0.7516731502, -0.9703519531, -1.0524132213, -1.0712927374, -1.121134412, -1.1942214332, -1.1554448391, -1.2446043121]}