{"source": [{"position": [88.39803645481776, 207.99468058326084], "counts": 500000.0}, {"position": [-217.86078604208254, -7.789602372775514], "counts": 500000.0}], "output": [0.3179790546, 0.1820209454, 0.0, 0.0, 0.0, 0.0, 0.0, 0.0, 0.0, 0.0, 0.0, 0.0, 0.0, 0.0, 0.0, 0.0, 0.0, 0.0, 0.0, 0.0, 0.0, 0.0, 0.0, 0.0, 0.0, 0.0, 0.0, 0.0, 0.0, 0.0, 0.0, 0.0, 0.0, 0.0, 0.0, 0.0, 0.0, 0.0, 0.0, 0.0, 0.0, 0.0, 0.0, 0.0467165648, 0.4532834352, 0.0, 0.0, 0.0, 0.0, 0.0, 0.0, 0.0, 0.0, 0.0, 0.0, 0.0, 0.0, 0.0, 0.0, 0.0, 0.0, 0.0, 0.0, 0.0], "num_sources": 2, "seg_angles": 64, "input": [0.5681392365, -0.168711413, -0.5996355832, -1.0640943993, -1.2620013296, -1.4041537865, -1.4589268752, -1.4656566382, -1.2430200907, -0.2299936475, 0.8468365542, 0.2341435852, -0.412486056, -0.7336096586, -1.1585578656, -1.1802227127, -1.3780123346, -1.3710102665, -0.9765727671, -0.2068293372, 1.0001208578, 0.1944559765, -0.2390895549, -0.5336304123, -1.0574721166, -1.4105810761, -1.2795263497, -1.3255749707, -0.9816507426, -0.0041932073, 1.0468389108, 0.6047598531, -0.1708550897, -0.4370692304, -0.8292427811, -1.2203304575, -1.2637173964, -1.1491257631, -0.9362753643, -0.0787715384, 1.2043018846, 0.8334173809, -0.0733001314, -0.3065551706, -0.6724717598, -0.939874135, -1.1383635145, -1.2194713996, -0.8583493298, -0.0318429238, 1.0623217103, 0.6938605211, 0.4443991776, -0.254772594, -0.4891906696, -0.7396341359, -0.924549606, -0.9597418415, -0.8246203164, -0.095496264, 1.6395913958, 1.0819873672, 0.5953023004, -0.0144429663, -0.2761731941, -0.2986002243, -0.4022501053, -0.6132767573, -0.5567622488, 0.1388118204, 2.0093517658, 1.6716227599, 0.8799750907, 0.6896180616, 0.2715030505, 0.2989479172, -0.2350595423, -0.2242341014, -0.1345255195, 0.1668123525, 2.2065906619, 2.051456164, 1.7239078393, 1.2530470952, 0.838152843, 0.5940878484, 0.5166331946, 0.0536511325, 0.1882734557, 0.3614888493, 2.5845597915, 2.1113205134, 1.8914705533, 1.3153061046, 1.3568371202, 1.2148381, 1.0167315422, 0.596574683, 0.84105067, 0.6210615713]}