{"source": [{"position": [70.40753803611953, 331.60786870593466], "counts": 500000.0}, {"position": [-106.13919336484415, 13.545170056526505], "counts": 500000.0}], "output": [0.0, 0.0, 0.0, 0.0, 0.0, 0.0, 0.0, 0.0, 0.0, 0.0, 0.0, 0.0, 0.0, 0.0, 0.0, 0.0, 0.0, 0.0, 0.0, 0.0, 0.0, 0.0, 0.0, 0.0, 0.0, 0.0, 0.0, 0.0, 0.0, 0.0, 0.0, 0.0, 0.0, 0.0, 0.0, 0.0, 0.0, 0.0, 0.0, 0.0, 0.0, 0.0, 0.0, 0.0, 0.0, 0.0655220541, 0.4344779459, 0.0, 0.0, 0.0, 0.0, 0.0, 0.0, 0.0, 0.0, 0.0, 0.0, 0.0, 0.0, 0.0, 0.0, 0.0, 0.1464539712, 0.3535460288], "num_sources": 2, "seg_angles": 64, "input": [1.3760805078, 0.573698726, 0.0430969924, -0.5029431398, -0.7479504273, -1.0832042161, -1.1399599849, -1.2083199782, -1.2731463412, -1.0202142716, 1.5718940189, 0.952124318, 0.2947720663, -0.1187204015, -0.5904706026, -0.8528207659, -0.9666698848, -1.1536219929, -1.2533704624, -0.9972970663, 1.8480836586, 1.1463479638, 0.4915899782, -0.2329330783, -0.487012996, -0.7624654701, -0.9885518141, -1.0831726526, -1.1608448017, -0.9816361103, 1.7106700916, 1.1404868823, 0.4467239489, -0.0609440982, -0.3353653332, -0.7532139949, -1.0026535055, -0.9725774131, -1.1207887995, -0.9354381225, 1.9598668804, 1.2874347216, 0.5765263845, 0.0807604903, -0.3446649019, -0.6568896495, -0.8463481858, -0.9932133481, -1.0963570832, -0.8931052115, 1.9317249193, 1.4073212253, 0.6073405017, 0.2264791917, -0.2835819743, -0.4715311987, -0.6749311877, -0.9175197352, -1.0748063926, -0.8671054561, 2.1282942938, 1.5593546472, 0.7078735518, 0.319734624, -0.3674374098, -0.375885853, -0.6774245353, -0.8229260756, -0.8990888369, -0.9297304634, 2.3741098107, 1.5156154551, 0.9422039479, 0.3580134404, -0.0362163458, -0.3172311602, -0.4532714974, -0.6354779838, -0.8220132437, -0.7866270003, 2.2884515185, 1.7128822741, 1.0644555386, 0.4543436453, 0.2078518541, -0.1244262507, -0.271352065, -0.4381142552, -0.5886566006, -0.7100622726, 2.1680421036, 1.55281261, 1.1249619852, 0.7841050545, 0.5009724722, 0.2632808412, 0.1671963974, 0.2190024407, 0.2301813322, -0.1544594065]}