{"source": [{"position": [-180.7907510790809, 250.5907107700958], "counts": 500000.0}, {"position": [30.20870514350594, -303.5003033500176], "counts": 500000.0}], "output": [0.0, 0.0, 0.0, 0.0, 0.0, 0.0, 0.0, 0.0, 0.0, 0.0, 0.0, 0.0, 0.0, 0.0, 0.0, 0.0, 0.0, 0.4947398892, 0.0052601108, 0.0, 0.0, 0.0, 0.0, 0.0, 0.0, 0.0, 0.0, 0.0, 0.0, 0.0, 0.0, 0.0, 0.0, 0.0, 0.0, 0.0, 0.0, 0.0, 0.0, 0.0, 0.0, 0.0, 0.0, 0.0, 0.0, 0.0, 0.0, 0.0, 0.0, 0.0, 0.0, 0.0, 0.0, 0.0, 0.3169886583, 0.1830113417, 0.0, 0.0, 0.0, 0.0, 0.0, 0.0, 0.0, 0.0], "num_sources": 2, "seg_angles": 64, "input": [3.195389081, 2.7869004039, 1.7015980303, 1.6599165248, 1.5175073574, 1.3977431682, 0.9938280181, 1.0007520391, 1.218107396, 0.344347203, 2.512314626, 1.6397860161, 0.7142186671, 0.88433839, 0.2981479885, 0.5500765318, 0.2740806077, 0.1539110839, -0.0777962218, -0.0667680307, 1.958816337, 1.0891983873, 0.4005838628, 0.1953174349, -0.4540403167, -0.4717348827, -0.5664510186, -0.5672105297, -0.3948797541, -0.6080542224, 1.6465608231, 0.4843850257, 0.0129615415, -0.6586967172, -1.0529087531, -0.9185795258, -0.7783292955, -0.6753841958, -1.1384996467, -1.0362334778, 0.9334311281, 0.3486933443, -0.4669019773, -0.9011301642, -0.9717092315, -0.9451021614, -1.3043013113, -1.187188727, -1.1788495388, -1.2038705997, 0.3832668403, -0.2009069671, -0.8540892532, -1.0220042276, -1.043692451, -1.2836921525, -1.2691692031, -1.0502845763, -1.1873310853, -1.2750030903, 0.4791818478, -0.2154752254, -0.9347641072, -1.03916873, -1.1243602821, -1.2380489315, -1.0227140625, -0.8102076486, -1.1537538089, -0.946011287, 0.6399676757, -0.1426112513, -0.7158519249, -0.6183471536, -0.726756972, -0.6733511949, -0.7934364007, -0.8741121862, -0.7598382387, -0.4655362758, 0.4229266586, -0.0180196408, 0.3304110509, 0.2567390992, 0.0348680281, 0.2506453402, -0.2390580093, 0.1437255151, 0.0610103251, -0.2545676359, 0.8801746161, 1.1107627045, 0.739665556, 1.0724401122, 0.8460529684, 0.9902209649, 0.6205639603, 0.7105024176, 0.5673508998, 1.1233966749]}