{"source": [{"position": [96.5087916022202, -29.78343740200642], "counts": 500000.0}, {"position": [252.79667717835014, -199.44382669710546], "counts": 500000.0}], "output": [0.0, 0.0, 0.0, 0.0, 0.0, 0.0, 0.0, 0.0, 0.0, 0.0, 0.0, 0.0, 0.0, 0.0, 0.0, 0.0, 0.0, 0.0, 0.0, 0.0, 0.0, 0.0, 0.0, 0.0, 0.0, 0.4019252113, 0.0980747887, 0.0, 0.0245042408, 0.4754957592, 0.0, 0.0, 0.0, 0.0, 0.0, 0.0, 0.0, 0.0, 0.0, 0.0, 0.0, 0.0, 0.0, 0.0, 0.0, 0.0, 0.0, 0.0, 0.0, 0.0, 0.0, 0.0, 0.0, 0.0, 0.0, 0.0, 0.0, 0.0, 0.0, 0.0, 0.0, 0.0, 0.0, 0.0], "num_sources": 2, "seg_angles": 64, "input": [0.3697985134, 0.654162354, 0.7805663375, 0.6919975448, 0.7864286496, 0.964392271, 0.8221612689, 1.0459139819, 1.355812708, 1.7538897808, -0.5816215814, -0.4591626881, -0.3603552944, -0.2689843854, -0.1777240488, -0.0641615265, 0.1081822164, 0.5259488604, 1.2766739446, 2.1771656488, -0.8901034956, -0.8159580371, -0.7381249067, -0.5673294837, -0.4609351084, -0.3537862322, 0.0289361889, 0.5270974759, 1.328375899, 1.9538602992, -1.0033148814, -0.9271993234, -0.8325388787, -0.764825103, -0.5718344004, -0.3656119733, -0.0066276233, 0.5288439055, 1.4072303915, 2.0764961079, -1.0779318871, -0.9644633663, -0.9023045613, -0.8201703565, -0.6709638327, -0.3659125029, -0.0333878349, 0.6430789868, 1.1148551123, 2.1170292477, -1.1277331199, -1.0308360462, -0.9889051989, -0.8206240479, -0.6884994178, -0.4416794964, -0.0676828584, 0.4849905126, 1.197644779, 1.9609450758, -1.1463042822, -1.06777674, -0.9674412444, -0.9300522563, -0.7129251252, -0.4289607495, -0.0772642033, 0.4894859414, 1.3692804231, 1.9808995671, -1.1551436708, -1.1003241223, -1.0264810176, -0.8729568154, -0.6850727054, -0.427958549, -0.06530352, 0.5168261409, 1.3379133141, 2.0725969255, -1.159148376, -1.0971229525, -1.0324371449, -0.8828035261, -0.7887836276, -0.4618071481, -0.056675515, 0.3232954378, 1.1933344296, 2.0266753787, -1.1924272306, -1.1508283385, -1.123451039, -0.9775312541, -0.8774010037, -0.7221954552, -0.3103832789, 0.0271228996, 0.9589474116, 1.7293984594]}