{"source": [{"position": [-12.848062304663678, -44.169302632206914], "counts": 500000.0}, {"position": [-186.63477872802966, 438.9720485055277], "counts": 500000.0}], "output": [0.0, 0.0, 0.0, 0.0, 0.0, 0.0, 0.0, 0.0, 0.0, 0.0, 0.0, 0.0, 0.0, 0.4416685539, 0.0583314461, 0.0, 0.0, 0.0, 0.0, 0.0, 0.0, 0.0, 0.0, 0.0, 0.0, 0.0, 0.0, 0.0, 0.0, 0.0, 0.0, 0.0, 0.0, 0.0, 0.0, 0.0, 0.0, 0.0, 0.0, 0.0, 0.0, 0.0, 0.0, 0.0, 0.0, 0.0, 0.0, 0.0, 0.0, 0.0, 0.0, 0.0, 0.4525854558, 0.0474145442, 0.0, 0.0, 0.0, 0.0, 0.0, 0.0, 0.0, 0.0, 0.0, 0.0], "num_sources": 2, "seg_angles": 64, "input": [1.9395654472, 2.1967824871, 2.3022101554, 2.4440448976, 2.129588619, 2.1437247422, 2.0972101802, 2.0746608298, 1.9283142567, 1.6764900538, 1.2670460498, 1.5462773786, 1.4577951905, 1.5968226426, 1.4699196569, 1.4001487202, 1.2627287254, 1.2622723096, 1.2681371391, 0.7411241542, 0.8331682187, 0.6147800589, 0.6256865865, 0.592426097, 0.7036022993, 0.5544564912, 0.6159539242, 0.5374603973, 0.403211737, 0.1185463592, 0.6146259095, 0.0172972885, 0.0450463073, 0.0752155134, 0.083364917, -0.0632299057, 0.0620332249, -0.0242121554, -0.1820268723, -0.334753, 0.3768198584, -0.2376164717, -0.3722525982, -0.3985033889, -0.3364318221, -0.3850542258, -0.3766889383, -0.4561301306, -0.4680089242, -0.6929390352, 0.2542114924, -0.5695054334, -0.6306767506, -0.5868980537, -0.6106407547, -0.5915544555, -0.6668134296, -0.6198734613, -0.7072637868, -0.8367478673, 0.1960899788, -0.6959700884, -0.728161156, -0.8371665306, -0.7836345032, -0.7940947574, -0.8609362998, -0.8676851145, -0.8837052095, -0.9468800689, 0.0471205548, -0.7709377669, -0.8495675089, -0.9115711105, -0.8674531992, -0.8655267293, -0.8473505031, -0.9042565236, -0.9350193024, -1.0149022019, 0.1459162926, -0.7680450347, -0.8400613016, -0.9042823045, -0.9038769157, -0.9297334766, -0.9067341657, -0.9002011631, -0.9709681425, -1.0491803453, -0.0064875969, -0.7832863977, -0.876367333, -0.8627393934, -0.8639365664, -0.9183141486, -0.903766065, -0.9032195645, -0.9588090555, -0.9592481367]}