{"source": [{"position": [115.29427550394725, 100.5794712454779], "counts": 500000.0}, {"position": [20.765138294259497, 33.0122557790327], "counts": 500000.0}], "output": [0.0, 0.0, 0.0, 0.0, 0.0, 0.0, 0.0, 0.0, 0.0, 0.0, 0.0, 0.0, 0.0, 0.0, 0.0, 0.0, 0.0, 0.0, 0.0, 0.0, 0.0, 0.0, 0.0, 0.0, 0.0, 0.0, 0.0, 0.0, 0.0, 0.0, 0.0, 0.0, 0.0, 0.0, 0.0, 0.0, 0.0, 0.0, 0.0, 0.346619903, 0.153380097, 0.0, 0.3595934975, 0.1404065025, 0.0, 0.0, 0.0, 0.0, 0.0, 0.0, 0.0, 0.0, 0.0, 0.0, 0.0, 0.0, 0.0, 0.0, 0.0, 0.0, 0.0, 0.0, 0.0, 0.0], "num_sources": 2, "seg_angles": 64, "input": [-1.1879644188, -1.1726596688, -1.1509901619, -1.1103947761, -1.0811474323, -1.0146351041, -0.9021274877, -0.6444096428, -0.1352137255, 0.8457596427, -1.1518539705, -1.1430295638, -1.1082258449, -1.0992288767, -1.0524272954, -0.9513301002, -0.8084723709, -0.520497018, 0.0504986617, 1.0110283569, -1.111236842, -1.0586355371, -1.0624760823, -1.0402700505, -0.9892393743, -0.8697486859, -0.736121471, -0.3884543572, 0.0827453606, 1.1045640554, -1.0588795421, -1.0022090031, -0.9627978229, -0.9618023695, -0.895883798, -0.8235958557, -0.6631396708, -0.4047631362, 0.2191865715, 1.2736662152, -0.9584657779, -0.9009612104, -0.8398433232, -0.8371601232, -0.7879231948, -0.6924799877, -0.6037805622, -0.3334424715, 0.1950396499, 1.2868258262, -0.8022977188, -0.6977385708, -0.6581905305, -0.6185759333, -0.5995267576, -0.4840826798, -0.4193599235, -0.2719390738, 0.3342167588, 1.4006016785, -0.5215067997, -0.3787972067, -0.3428991141, -0.300641232, -0.2730180584, -0.1803286556, -0.0716781904, 0.0145306173, 0.4808234733, 1.4881413507, -0.1488513493, 0.0537064132, 0.1483609338, 0.2056268855, 0.2915795642, 0.2854290516, 0.3551039984, 0.4197494256, 0.6723303525, 1.5034952642, 0.3690969229, 0.8470736904, 0.8562183209, 0.9549424967, 1.0725254093, 1.1759166085, 1.0947568865, 1.1343581767, 1.1847462382, 1.8160852769, 1.400354198, 1.6821828963, 1.819116823, 1.8932519584, 1.948191421, 2.0009883057, 1.9624544034, 2.021028844, 2.1252295483, 1.90582097]}