{"source": [{"position": [10.569187773789917, -22.65595440060669], "counts": 500000.0}, {"position": [276.7489355785159, 130.5604329655752], "counts": 500000.0}], "output": [0.0, 0.0, 0.0, 0.0, 0.0, 0.0, 0.0, 0.0, 0.0, 0.0, 0.0, 0.0, 0.0, 0.0, 0.0, 0.0, 0.0, 0.0, 0.0, 0.0, 0.276939046, 0.223060954, 0.0, 0.0, 0.0, 0.0, 0.0, 0.0, 0.0, 0.0, 0.0, 0.0, 0.0, 0.0, 0.0, 0.0, 0.2549961512, 0.2450038488, 0.0, 0.0, 0.0, 0.0, 0.0, 0.0, 0.0, 0.0, 0.0, 0.0, 0.0, 0.0, 0.0, 0.0, 0.0, 0.0, 0.0, 0.0, 0.0, 0.0, 0.0, 0.0, 0.0, 0.0, 0.0, 0.0], "num_sources": 2, "seg_angles": 64, "input": [1.3143129952, 1.7664915755, 1.8556292916, 1.9680217707, 2.0101880557, 2.1887047766, 2.3712585167, 2.355864363, 2.4851781415, 2.2679602735, 0.5501340518, 0.8754782733, 1.0246645223, 1.0792692247, 1.1930417757, 1.341120701, 1.4120655308, 1.4952435451, 1.4777885142, 1.6364344223, -0.1077167642, 0.2414209158, 0.2804680596, 0.4192492461, 0.4376667371, 0.4594478042, 0.679066069, 0.7125346916, 0.7859825802, 1.2228254264, -0.4938278208, -0.2722147192, -0.2162581461, -0.1443441267, -0.135774055, 0.0379995101, 0.0095192893, 0.0682977382, 0.2021259134, 0.9942210522, -0.7282880126, -0.6237579157, -0.5380711068, -0.505708092, -0.4309607911, -0.3736184489, -0.3240757062, -0.2735128313, -0.0719899554, 0.8074335179, -0.9036847557, -0.812472458, -0.7532858543, -0.7551337153, -0.6764595242, -0.6306273317, -0.6024003389, -0.4812326659, -0.2217239073, 0.694209015, -0.975912308, -0.9187985879, -0.8888566287, -0.87305319, -0.8316140801, -0.8116076722, -0.7502735812, -0.6141622077, -0.3872815637, 0.5480559853, -1.0516609223, -0.9946232637, -0.9762696108, -0.9452506592, -0.9008360179, -0.9121883216, -0.8221503474, -0.7615821454, -0.4695879479, 0.4439012146, -1.0429738153, -0.9969367015, -0.9853198487, -0.9873008781, -0.9498165745, -0.9242958438, -0.8985681245, -0.8311431164, -0.5450297606, 0.3581728728, -0.9990751619, -0.9603199814, -0.9577035428, -0.9481970742, -0.9302989455, -0.9245970089, -0.9131813943, -0.8155364347, -0.6413125882, 0.1430069337]}