{"source": [{"position": [-23.852011054285768, -165.28787483861672], "counts": 500000.0}, {"position": [348.94229590188, 258.0606016631071], "counts": 500000.0}], "output": [0.0, 0.0, 0.0, 0.0, 0.0, 0.0, 0.0, 0.0, 0.0, 0.0, 0.0, 0.0, 0.0, 0.0, 0.2299050487, 0.2700949513, 0.0, 0.0, 0.0, 0.0, 0.0, 0.0, 0.0, 0.0, 0.0, 0.0, 0.0, 0.0, 0.0, 0.0, 0.0, 0.0, 0.0, 0.0, 0.0, 0.0, 0.0, 0.0, 0.2569055857, 0.2430944143, 0.0, 0.0, 0.0, 0.0, 0.0, 0.0, 0.0, 0.0, 0.0, 0.0, 0.0, 0.0, 0.0, 0.0, 0.0, 0.0, 0.0, 0.0, 0.0, 0.0, 0.0, 0.0, 0.0, 0.0], "num_sources": 2, "seg_angles": 64, "input": [1.4520268059, 1.458412028, 1.7432803746, 1.8822102406, 2.0716508348, 2.2005966348, 2.0571840622, 2.4405677627, 2.5565546608, 2.6139084767, 0.7457793823, 0.8217527373, 1.1908602805, 1.1974694806, 1.2054661797, 1.3502303454, 1.4507771387, 1.6769524164, 1.9006029825, 1.7907135159, 0.3066576321, 0.1387669044, 0.1093609423, 0.2613981473, 0.2306309479, 0.4188056618, 0.5771533046, 0.7541191972, 1.1789819345, 1.2025028365, -0.2525803172, -0.2596181952, -0.2346774045, -0.2498828388, -0.0770752635, -0.3171850134, -0.0082045575, 0.2370845036, 0.5282386412, 0.6594054618, -0.4886189625, -0.7357096887, -0.7641987075, -0.6533160555, -0.618659723, -0.5485596874, -0.1979506758, -0.1066516538, 0.0926154654, 0.378594739, -0.5475571207, -0.9905658663, -0.8940154603, -0.9382573902, -1.0223770974, -0.7652156622, -0.6895330701, -0.3385020174, -0.1451103663, -0.0618392495, -0.7052313937, -1.1088370571, -1.084076136, -1.079608205, -1.1034441225, -0.931620227, -0.8781907166, -0.7780132532, -0.5477132554, -0.1895573116, -0.4407901337, -1.0859256473, -1.1251397912, -1.0331670462, -1.1188816945, -1.0586791487, -0.8618430286, -0.8843822826, -0.524242811, -0.3483337391, -0.3812972885, -0.8364578467, -0.8763243056, -0.8750201884, -0.7520132756, -0.8639634725, -0.8300804097, -0.700163971, -0.8085866246, -0.3014645211, 0.0520895688, -0.6451808328, -0.5333974176, -0.4460749953, -0.6593212174, -0.4771971555, -0.5380324634, -0.5544440122, -0.4255769265, -0.6352662593]}