{"source": [{"position": [179.94262633737074, 102.32131364876705], "counts": 500000.0}, {"position": [-345.13013540802854, 339.3246080572936], "counts": 500000.0}], "output": [0.0, 0.0, 0.0, 0.0, 0.0, 0.0, 0.0, 0.0, 0.0, 0.0, 0.0, 0.0, 0.0, 0.0, 0.0, 0.0, 0.0, 0.0, 0.0, 0.0, 0.0, 0.0, 0.0, 0.0, 0.0, 0.0, 0.0, 0.0, 0.0, 0.0, 0.0, 0.0, 0.0, 0.0, 0.0, 0.0, 0.0, 0.3667565714, 0.1332434286, 0.0, 0.0, 0.0, 0.0, 0.0, 0.0, 0.0, 0.0, 0.0, 0.0, 0.0, 0.0, 0.0, 0.0, 0.0, 0.0, 0.0, 0.456802697, 0.043197303, 0.0, 0.0, 0.0, 0.0, 0.0, 0.0], "num_sources": 2, "seg_angles": 64, "input": [-0.8224856194, -0.9059047325, -1.1809915378, -1.245276204, -1.1714591705, -1.094357342, -0.8339763301, -0.5486982551, -0.0075659292, 0.7923914682, -0.3872023567, -0.8186096631, -1.0741708462, -1.1606511494, -1.0970231663, -0.9492062196, -0.6307108405, -0.0502519503, 0.5362628621, 1.2401914562, -0.5133685628, -0.7417776522, -0.9934838439, -1.1597322992, -1.0944851993, -0.9836155038, -0.4551867483, -0.3350279674, 0.3647623425, 1.3385744158, -0.3726140732, -0.8394634294, -0.9743084241, -1.0865105498, -0.9400389492, -0.8425336293, -0.606563557, -0.1166774125, 0.4831652834, 1.424109315, -0.2579176741, -0.761885443, -0.9957758229, -1.0018426904, -1.0692114239, -0.7885928041, -0.5083023871, -0.0636378542, 0.5473424508, 1.3657807566, -0.2863028538, -0.5754274041, -0.866991829, -0.9222841228, -0.8229907845, -0.7967696459, -0.3503889283, 0.0824251719, 0.6085511559, 1.3640407967, -0.211055861, -0.6337771253, -0.739070317, -0.8813482418, -0.8205829554, -0.6068005719, -0.2515448809, 0.0912628337, 0.6158321963, 1.5716355482, 0.0035870606, -0.2315131712, -0.3760959363, -0.6092972008, -0.4422079234, -0.3768920532, -0.0028273127, 0.5087776573, 0.992188103, 1.8561568653, 0.3296803557, 0.5406876775, 0.4369235797, 0.4363303285, 0.4736075332, 0.6160037831, 0.4263724177, 0.8845720568, 1.1665499543, 2.0466136863, 1.6110859052, 1.9187435596, 1.6833795799, 2.0232303623, 2.0230395557, 1.7383418519, 1.5738924729, 2.2391054018, 2.0783861148, 2.2516804165]}