{"source": [{"position": [-89.47455096154843, -65.69097906280035], "counts": 500000.0}, {"position": [-410.5479144555283, -88.60253910704935], "counts": 500000.0}], "output": [0.0, 0.0, 0.4174644989, 0.0825355011, 0.0, 0.0, 0.2746132452, 0.2253867548, 0.0, 0.0, 0.0, 0.0, 0.0, 0.0, 0.0, 0.0, 0.0, 0.0, 0.0, 0.0, 0.0, 0.0, 0.0, 0.0, 0.0, 0.0, 0.0, 0.0, 0.0, 0.0, 0.0, 0.0, 0.0, 0.0, 0.0, 0.0, 0.0, 0.0, 0.0, 0.0, 0.0, 0.0, 0.0, 0.0, 0.0, 0.0, 0.0, 0.0, 0.0, 0.0, 0.0, 0.0, 0.0, 0.0, 0.0, 0.0, 0.0, 0.0, 0.0, 0.0, 0.0, 0.0, 0.0, 0.0], "num_sources": 2, "seg_angles": 64, "input": [1.9254631541, 1.497233087, 1.4647871467, 1.2569899501, 1.3211136319, 1.10283824, 1.2303779379, 1.2206017913, 1.1812199552, 0.8971047491, 1.8152291019, 1.020650181, 0.6426821003, 0.3738384514, 0.2657584924, 0.204784031, 0.1525076116, 0.1386787615, 0.1762872391, -0.1832503392, 2.0156231492, 1.0501706516, 0.4826732039, -0.0913982415, -0.260867726, -0.355766957, -0.4194910428, -0.4481122954, -0.4936851447, -0.6749171651, 2.0444434388, 1.1178081156, 0.2880024486, -0.172471545, -0.4376749206, -0.6340595568, -0.6976364837, -0.7060991256, -0.8284872131, -0.9142033945, 2.0456020008, 1.0442613259, 0.3609102216, -0.1766953579, -0.534167998, -0.772274121, -0.859837092, -0.9728459367, -1.0041769049, -1.0537682543, 1.9754593041, 1.0346848119, 0.3916715852, -0.1180020595, -0.5263037293, -0.7686863316, -0.9132216887, -1.0030112125, -1.07355849, -1.1551286325, 1.8355271781, 1.0377887239, 0.3616083907, -0.2175056112, -0.6023973837, -0.805517985, -0.9620687994, -1.0459150877, -1.0982317999, -1.1642675624, 1.8810737808, 1.0863332771, 0.2550248322, -0.2542159953, -0.6509251112, -0.8413974173, -0.9970675185, -1.0156560778, -1.1320291798, -1.2139006067, 1.8511424856, 0.8660342904, 0.2752529547, -0.1810179252, -0.6709219405, -0.8670721729, -1.0049261817, -1.0945424759, -1.159436923, -1.2158525577, 1.4755520991, 0.6539951978, -0.0173353413, -0.4594043626, -0.8028906919, -0.9366603386, -1.0883887648, -1.1287667693, -1.1941795592, -1.2464979809]}