{"source": [{"position": [-10.304267589942185, -129.5909798922551], "counts": 500000.0}, {"position": [-81.38657388329982, -56.36688381965231], "counts": 500000.0}], "output": [0.0, 0.0, 0.0, 0.0, 0.0, 0.0, 0.4150417507, 0.0849582493, 0.0, 0.0, 0.0, 0.0, 0.0, 0.0, 0.0, 0.4041100912, 0.0958899088, 0.0, 0.0, 0.0, 0.0, 0.0, 0.0, 0.0, 0.0, 0.0, 0.0, 0.0, 0.0, 0.0, 0.0, 0.0, 0.0, 0.0, 0.0, 0.0, 0.0, 0.0, 0.0, 0.0, 0.0, 0.0, 0.0, 0.0, 0.0, 0.0, 0.0, 0.0, 0.0, 0.0, 0.0, 0.0, 0.0, 0.0, 0.0, 0.0, 0.0, 0.0, 0.0, 0.0, 0.0, 0.0, 0.0, 0.0], "num_sources": 2, "seg_angles": 64, "input": [1.9753210805, 2.0600980518, 2.0235092915, 2.0704647481, 2.0384245942, 1.9254009871, 1.9452927489, 1.8380448476, 1.9932565131, 1.6587051991, 1.8094885442, 1.4607456915, 1.1406343073, 1.0137577695, 1.0347299704, 0.903801504, 0.8211093738, 0.8450172439, 0.7224092144, 0.421841269, 1.488497715, 0.9263506176, 0.551534723, 0.2992475866, 0.2163439198, 0.1168275134, 0.1594596983, 0.0781260427, 0.0103736653, -0.2376042233, 1.1241972262, 0.7729386759, 0.325914444, -0.1518328274, -0.2922992371, -0.2851213216, -0.3349038367, -0.3023134675, -0.4714134748, -0.6167948101, 1.085511975, 0.4560632451, 0.0993902157, -0.2257590039, -0.3972084986, -0.5592827069, -0.704570977, -0.667269848, -0.7660611524, -0.8837669248, 0.9703999769, 0.3685240468, -0.0420904646, -0.3740825769, -0.5951859693, -0.776643986, -0.8692466187, -0.8711925921, -0.9652089056, -1.049080507, 0.8536997767, 0.3083882992, -0.2667493153, -0.4833382928, -0.7246740222, -0.9103045742, -1.0037922382, -1.044857879, -1.0820489645, -1.1549044434, 0.7865185069, 0.1911905662, -0.2591331223, -0.5724502887, -0.8477068306, -0.9552183134, -1.0175606633, -1.1193271505, -1.1883675379, -1.2282558692, 0.8470648075, 0.1433027272, -0.3437714759, -0.66456068, -0.9049700579, -1.0191690966, -1.0965298126, -1.1473449414, -1.242850256, -1.2761300035, 0.6322412915, -0.1457604415, -0.558770281, -0.8089650903, -0.9524167799, -1.0956274185, -1.149126249, -1.247640159, -1.2727027255, -1.2902013078]}