{"source": [{"position": [9.268168030792935, -65.34601029407217], "counts": 500000.0}, {"position": [88.8198446568151, 33.70512120048276], "counts": 500000.0}], "output": [0.0, 0.0, 0.0, 0.0, 0.0, 0.0, 0.0, 0.0, 0.0, 0.0, 0.0, 0.0, 0.0, 0.0, 0.0, 0.0, 0.0, 0.2824405872, 0.2175594128, 0.0, 0.0, 0.0, 0.0, 0.0, 0.0, 0.0, 0.0, 0.0, 0.0, 0.0, 0.0, 0.0, 0.0, 0.0, 0.0, 0.152833738, 0.347166262, 0.0, 0.0, 0.0, 0.0, 0.0, 0.0, 0.0, 0.0, 0.0, 0.0, 0.0, 0.0, 0.0, 0.0, 0.0, 0.0, 0.0, 0.0, 0.0, 0.0, 0.0, 0.0, 0.0, 0.0, 0.0, 0.0, 0.0], "num_sources": 2, "seg_angles": 64, "input": [0.8815075558, 1.3099193205, 1.253065597, 1.3111857417, 1.4680570215, 1.6195013079, 1.8622402649, 2.088760029, 2.4784823637, 2.5959281938, 0.2776231875, 0.532886129, 0.6078075669, 0.7341948643, 0.8370433011, 1.1080061785, 1.3043193777, 1.6407759225, 1.9237948409, 2.0551132643, -0.4495656031, -0.0101974075, 0.0011986289, 0.1185671065, 0.3300813623, 0.4245612289, 0.6871838631, 0.936570137, 1.3048593887, 1.6291617133, -0.8068099142, -0.5732496152, -0.3743786525, -0.4119516543, -0.2358258822, -0.0910420463, 0.129179287, 0.5576549055, 0.8319857279, 1.1879079917, -1.1027121246, -0.8601692531, -0.8117698726, -0.7307816801, -0.6037559585, -0.3331042758, -0.2121250116, 0.1483875849, 0.6343431903, 1.1478801145, -1.2138726249, -1.1237891233, -1.0203481023, -1.005419534, -0.8380579657, -0.6009735598, -0.4860646546, -0.1181339058, 0.3576704904, 0.7940943813, -1.3495901528, -1.2107143841, -1.1828914461, -1.1671974196, -0.9827134596, -0.8891987946, -0.599678644, -0.3028675289, 0.141278013, 0.9977231859, -1.4282809439, -1.3247309003, -1.3153959421, -1.16281603, -1.1259783369, -1.0119540893, -0.7434865894, -0.4116609752, 0.0007407617, 0.8519460655, -1.2750968477, -1.1455908852, -1.0702382696, -1.0994802085, -1.095541719, -1.0001701115, -0.835863082, -0.5070453612, -0.117388332, 0.6925284431, -0.7627643687, -0.5763178322, -0.5555452718, -0.3993845091, -0.4104752272, -0.3861280975, -0.346497959, -0.2679344199, -0.1618028899, 0.4408038509]}