{"source": [{"position": [85.88432954651343, -67.11841728129383], "counts": 500000.0}, {"position": [-168.40905119051052, -149.2092204828911], "counts": 500000.0}], "output": [0.0, 0.0, 0.0, 0.0, 0.0, 0.0, 0.0, 0.3074920399, 0.1925079601, 0.0, 0.0, 0.0, 0.0, 0.0, 0.0, 0.0, 0.0, 0.0, 0.0, 0.0, 0.0, 0.0, 0.0, 0.0, 0.0, 0.3784488122, 0.1215511878, 0.0, 0.0, 0.0, 0.0, 0.0, 0.0, 0.0, 0.0, 0.0, 0.0, 0.0, 0.0, 0.0, 0.0, 0.0, 0.0, 0.0, 0.0, 0.0, 0.0, 0.0, 0.0, 0.0, 0.0, 0.0, 0.0, 0.0, 0.0, 0.0, 0.0, 0.0, 0.0, 0.0, 0.0, 0.0, 0.0, 0.0], "num_sources": 2, "seg_angles": 64, "input": [1.6486865953, 2.1616745929, 1.794162209, 1.9908016622, 2.3123653604, 2.2756185756, 2.1016293154, 2.2291667755, 2.0919061489, 1.8778723902, 0.8822659939, 0.7607002373, 0.6496362165, 0.463315575, 0.7781989515, 0.7832599963, 0.8552602558, 0.905771502, 1.0123563114, 1.8118545731, 0.2104697779, 0.1027935962, -0.0164126461, -0.2908888838, -0.2154340915, -0.1776948551, -0.0498771039, 0.2624351791, 0.7881856382, 1.4843806613, -0.123010549, -0.4298152612, -0.595588225, -0.7576146726, -0.7584789672, -0.7121523916, -0.39414509, -0.0245700014, 0.4512115408, 1.2349787757, -0.0827997286, -0.522809974, -0.7493609718, -0.9387625279, -0.8518686025, -0.7787733198, -0.6534203879, -0.2013809196, 0.5411548726, 1.1602323466, -0.1564816998, -0.5468055966, -0.7875405446, -1.0234460867, -1.0603153637, -0.9584916504, -0.8682877844, -0.3258794906, 0.3784585897, 1.11586547, -0.2037584066, -0.7814264736, -0.8687892604, -1.0089414584, -1.0545409848, -1.012216933, -0.6979766158, -0.3178769217, 0.3789599354, 1.1394022015, -0.4084425103, -0.7623319876, -0.9843387953, -1.0355816746, -1.0875313056, -1.0456187703, -0.7973988598, -0.365164202, 0.325042011, 1.1876306436, -0.3201330083, -0.7363490765, -0.9721767186, -1.088570875, -1.1827750571, -0.9826679657, -0.8237750707, -0.4023276285, 0.2087243357, 1.0403717796, -0.6295668079, -0.8192538435, -1.0745421567, -1.2824802073, -1.3058548212, -1.1685813833, -0.9614794369, -0.7276361318, -0.0960542026, 0.6614663454]}