{"source": [{"position": [95.36177333192057, 96.9645924396705], "counts": 500000.0}, {"position": [-17.263332979482414, 13.637350711905698], "counts": 500000.0}], "output": [0.0, 0.0, 0.0, 0.0, 0.0, 0.0, 0.0, 0.0, 0.0, 0.0, 0.0, 0.0, 0.0, 0.0, 0.0, 0.0, 0.0, 0.0, 0.0, 0.0, 0.0, 0.0, 0.0, 0.0, 0.0, 0.0, 0.0, 0.0, 0.0, 0.0, 0.0, 0.0, 0.0, 0.0, 0.0, 0.0, 0.0, 0.0, 0.0, 0.0, 0.4575570324, 0.0424429676, 0.0, 0.0, 0.0, 0.0, 0.0, 0.0, 0.0, 0.0, 0.0, 0.0, 0.0, 0.0, 0.0, 0.0, 0.0, 0.4050969903, 0.0949030097, 0.0, 0.0, 0.0, 0.0, 0.0], "num_sources": 2, "seg_angles": 64, "input": [0.8265515415, 0.0213221517, -0.4797282001, -0.7795959985, -0.9791811436, -1.0432381892, -1.0897802477, -1.0673721273, -0.9964778372, -0.9152836309, 1.1477514328, 0.3041138142, -0.3156280667, -0.6400902564, -0.863046455, -0.9573041111, -1.0199550708, -1.0094753211, -0.9515492473, -0.8334580993, 1.3543715106, 0.46395968, -0.2250139018, -0.6219223978, -0.8037120844, -0.9321992018, -0.9889405586, -0.9828778969, -0.9264560627, -0.8246890861, 1.4913865432, 0.5934484056, -0.0504158066, -0.5188200865, -0.777756609, -0.8780584297, -0.9751931953, -0.9517079628, -0.8991197188, -0.793260386, 1.6075098094, 0.7001146003, 0.0635659861, -0.4212388485, -0.6789049712, -0.8235345895, -0.9156630487, -0.9180182972, -0.8459397749, -0.7767167584, 1.7887135917, 0.861274064, 0.1500469834, -0.325812949, -0.6031857531, -0.7498943451, -0.8480367458, -0.8268293382, -0.7426462149, -0.711192135, 2.0357668362, 1.096924804, 0.2371465847, -0.1748365526, -0.463093924, -0.568573401, -0.6445473157, -0.6981266127, -0.6835270151, -0.5973357702, 2.2249896131, 1.3045335675, 0.4564396914, -0.0037708499, -0.1493911199, -0.2887087908, -0.3775790932, -0.4245454903, -0.4068836297, -0.4401313286, 2.3512935834, 1.4484916145, 0.8860922771, 0.6231714102, 0.5985160764, 0.408354503, 0.2239742043, 0.1444241471, 0.072637079, 0.0072463132, 2.4896496685, 2.2537332413, 2.1329288363, 1.9260370747, 1.7345513298, 1.5393720151, 1.3522377878, 1.3457474795, 1.0386692557, 0.8929129416]}