{"source": [{"position": [-172.19304637093748, -466.2172828000868], "counts": 500000.0}, {"position": [20.903030886925066, 31.734260661629673], "counts": 500000.0}], "output": [0.0, 0.0, 0.0, 0.0, 0.0, 0.0, 0.0, 0.0, 0.0, 0.0, 0.0, 0.0, 0.301888292, 0.198111708, 0.0, 0.0, 0.0, 0.0, 0.0, 0.0, 0.0, 0.0, 0.0, 0.0, 0.0, 0.0, 0.0, 0.0, 0.0, 0.0, 0.0, 0.0, 0.0, 0.0, 0.0, 0.0, 0.0, 0.0, 0.0, 0.0, 0.0, 0.0, 0.4664431131, 0.0335568869, 0.0, 0.0, 0.0, 0.0, 0.0, 0.0, 0.0, 0.0, 0.0, 0.0, 0.0, 0.0, 0.0, 0.0, 0.0, 0.0, 0.0, 0.0, 0.0, 0.0], "num_sources": 2, "seg_angles": 64, "input": [-1.1156746713, -1.0299601257, -1.0364897531, -1.0265851628, -0.9814019714, -0.9337193895, -0.8285844176, -0.5777938972, -0.1597148825, 0.8056831661, -1.0522328467, -1.0755275413, -1.0428238496, -1.0505785391, -0.98675708, -0.9412960447, -0.7915044615, -0.4946163411, 0.0035118709, 1.0520021683, -1.0373787506, -1.0778572781, -1.0060599129, -1.0490774826, -1.0217843211, -0.9640636787, -0.8156029917, -0.5629818964, 0.0058608542, 1.0510977003, -0.9711666788, -0.9870450262, -0.9465451174, -0.941732861, -0.9494767702, -0.8843250472, -0.7800919301, -0.5141001688, 0.0225222547, 1.231794, -0.879616873, -0.897657054, -0.8912679102, -0.8302107843, -0.8113993692, -0.7499779304, -0.7306288695, -0.4570981693, 0.1829508475, 1.2419338618, -0.6999292374, -0.6663888447, -0.65750929, -0.6411700353, -0.6277956042, -0.5980981064, -0.43599388, -0.3683089176, 0.3677354962, 1.2661255588, -0.4807081909, -0.3288661444, -0.2943254477, -0.307611772, -0.2752817534, -0.2674491205, -0.1934771596, -0.0515398997, 0.3316926304, 1.3884638976, -0.0673619129, 0.1209822618, 0.1638346076, 0.1816860574, 0.3183537374, 0.2903402655, 0.3088786925, 0.4366757974, 0.4335486529, 1.600156199, 0.5363460295, 0.8016050246, 0.9150564042, 0.9491096566, 1.0626174571, 1.1152048366, 1.271116034, 1.1471638255, 1.1540362698, 1.6714514, 1.3583452835, 1.8497945201, 1.7945246635, 1.8797963604, 1.9828835656, 2.0390606951, 2.1338769026, 2.0905857927, 2.133604839, 2.1522130244]}