{"source": [{"position": [-323.9994609794113, -115.58697714297625], "counts": 500000.0}, {"position": [-3.095846551009655, 419.988590004696], "counts": 500000.0}], "output": [0.0, 0.0, 0.0, 0.2547657447, 0.2452342553, 0.0, 0.0, 0.0, 0.0, 0.0, 0.0, 0.0, 0.0, 0.0, 0.0, 0.0, 0.0, 0.0, 0.0, 0.0, 0.0, 0.0, 0.0, 0.0, 0.0, 0.0, 0.0, 0.0, 0.0, 0.0, 0.0, 0.0, 0.0, 0.0, 0.0, 0.0, 0.0, 0.0, 0.0, 0.0, 0.0, 0.0, 0.0, 0.0, 0.0, 0.0, 0.0, 0.0, 0.4624591433, 0.0375408567, 0.0, 0.0, 0.0, 0.0, 0.0, 0.0, 0.0, 0.0, 0.0, 0.0, 0.0, 0.0, 0.0, 0.0], "num_sources": 2, "seg_angles": 64, "input": [0.4380433473, 0.4616533267, 0.3905650003, 0.046720002, -0.029641339, -0.1963126308, -0.1567190385, 0.0741920888, 0.0669634453, -0.4065607144, 0.9448010339, 0.3732935854, -0.1347773012, -0.4667636034, -0.879288138, -0.9099428542, -0.9821073581, -0.9455023091, -1.0317085298, -1.207082635, 0.97028363, 0.5031188018, -0.0137328489, -0.4100704027, -0.8439882418, -1.0314774229, -1.2190756782, -1.2957947666, -1.3218401914, -1.4130657921, 1.4682295623, 0.9700433452, -0.0199946082, -0.4238312219, -0.9165825433, -1.1194303809, -1.1754203416, -1.2143387391, -1.3806865619, -1.5387535396, 1.5478055452, 0.9222311833, 0.0671344664, -0.261888245, -0.5214201374, -0.9657291932, -1.0642322155, -1.1416800617, -1.3903044252, -1.4019480761, 1.477419791, 0.9452614451, 0.2661228947, -0.0835195602, -0.4074056674, -0.5104302962, -0.8504093509, -1.0275134796, -1.0618125557, -1.4480367703, 2.0064300131, 1.1957235266, 0.5726173928, 0.2633558418, -0.0695141948, -0.5533205724, -0.4789812199, -0.7204961691, -0.6686216025, -1.0531006346, 2.1933925389, 1.4554050514, 0.6120991985, 0.468440111, 0.2238263278, -0.1708568364, -0.1993998525, -0.2612320936, -0.3138847281, -0.8354659346, 2.6903231748, 2.3551933664, 1.1644043655, 0.8029748243, 0.6506817552, 0.270199636, 0.0466917263, 0.0988459518, -0.0082574067, -0.1694840286, 2.686471059, 1.9187519339, 1.471665283, 1.3535469627, 0.8442144599, 0.6554428142, 0.7554362507, 0.8729096139, 0.4143893399, 0.3461200268]}