{"source": [{"position": [-49.119167840337084, -57.994028577714765], "counts": 500000.0}, {"position": [-59.38087980729277, -93.78118741683669], "counts": 500000.0}], "output": [0.0, 0.0, 0.0, 0.0, 0.0, 0.0, 0.0, 0.0, 0.0789847582, 0.4210152418, 0.3747905902, 0.1252094098, 0.0, 0.0, 0.0, 0.0, 0.0, 0.0, 0.0, 0.0, 0.0, 0.0, 0.0, 0.0, 0.0, 0.0, 0.0, 0.0, 0.0, 0.0, 0.0, 0.0, 0.0, 0.0, 0.0, 0.0, 0.0, 0.0, 0.0, 0.0, 0.0, 0.0, 0.0, 0.0, 0.0, 0.0, 0.0, 0.0, 0.0, 0.0, 0.0, 0.0, 0.0, 0.0, 0.0, 0.0, 0.0, 0.0, 0.0, 0.0, 0.0, 0.0, 0.0, 0.0], "num_sources": 2, "seg_angles": 64, "input": [1.6466406091, 1.8407996888, 1.9251963299, 1.8146281425, 1.8791478439, 1.817202294, 1.8344854932, 1.7321299358, 1.7017312003, 1.4325260275, 1.6936724014, 1.0688704434, 1.0306143315, 0.9206594423, 0.9008002539, 0.9701627972, 0.9233249961, 0.9183861022, 0.822698023, 0.4473393734, 1.5306858839, 0.6305297259, 0.2982781996, 0.2790540072, 0.2545838219, 0.2391640967, 0.2061585133, 0.1016254986, 0.116436306, -0.129496034, 1.5560369094, 0.5263505426, -0.0434614408, -0.2423033913, -0.3393923743, -0.2550296605, -0.3779672693, -0.3271187254, -0.3941726991, -0.5663163251, 1.500649164, 0.4904030153, -0.161676252, -0.4190273597, -0.5956215424, -0.5993557256, -0.622377046, -0.6944142507, -0.7305359134, -0.8239600602, 1.6031564145, 0.3375182501, -0.1478808548, -0.61890504, -0.7850675392, -0.7787078833, -0.8883184754, -0.8727383545, -0.9183598302, -0.9703807559, 1.5098676557, 0.284501353, -0.2498656203, -0.7079971182, -0.8464489413, -0.9495470748, -0.9748449275, -0.9802967328, -1.034389233, -1.0794444469, 1.4545688497, 0.3307701845, -0.3364630645, -0.6858763769, -0.9193285308, -1.0241953978, -1.0346917398, -1.0345202787, -1.1267730496, -1.1702731855, 1.4134023865, 0.3285390616, -0.3282739589, -0.6840301319, -0.9439205239, -1.0612544926, -1.1002990721, -1.1486502283, -1.1780004247, -1.205557026, 1.0933706474, 0.0866023207, -0.5750919514, -0.8716610612, -1.0173807387, -1.1102246744, -1.1652397445, -1.2137638144, -1.2114818669, -1.220898306]}