{"source": [{"position": [-7.8681550846643145, 44.30679559123715], "counts": 500000.0}, {"position": [-293.5902144102517, -322.33644845493734], "counts": 500000.0}], "output": [0.0, 0.0, 0.0, 0.0, 0.0, 0.0, 0.0, 0.0, 0.262476257, 0.237523743, 0.0, 0.0, 0.0, 0.0, 0.0, 0.0, 0.0, 0.0, 0.0, 0.0, 0.0, 0.0, 0.0, 0.0, 0.0, 0.0, 0.0, 0.0, 0.0, 0.0, 0.0, 0.0, 0.0, 0.0, 0.0, 0.0, 0.0, 0.0, 0.0, 0.0, 0.0, 0.0, 0.0, 0.0, 0.0, 0.0, 0.0, 0.0, 0.0, 0.1049060964, 0.3950939036, 0.0, 0.0, 0.0, 0.0, 0.0, 0.0, 0.0, 0.0, 0.0, 0.0, 0.0, 0.0, 0.0], "num_sources": 2, "seg_angles": 64, "input": [-0.5041549936, -0.872410745, -0.8855595071, -0.885864135, -0.8882199923, -0.8829710329, -0.8918974086, -0.8658429497, -0.8949282366, -0.9223914772, -0.4039868488, -0.8674946934, -0.8962002969, -0.9046668441, -0.8727112334, -0.9060271033, -0.9198566172, -0.882399772, -0.8940257609, -0.9688534226, -0.4443831968, -0.7745567509, -0.7983997188, -0.8324517352, -0.8641093382, -0.847300305, -0.8668952046, -0.8607148314, -0.9166229013, -0.9958342687, -0.4044311671, -0.668998743, -0.6985629893, -0.7030319882, -0.7574493296, -0.7853282502, -0.7950774254, -0.8452050183, -0.8604581058, -0.9047012291, -0.221908097, -0.4683849208, -0.5398779987, -0.5639768561, -0.5093088693, -0.561204373, -0.6092616353, -0.6467616978, -0.6858213644, -0.8384405634, 0.0111291211, -0.2233274472, -0.2674342237, -0.2689775331, -0.2773879825, -0.3178206923, -0.3288860001, -0.3710311595, -0.3838174503, -0.6275725004, 0.2557811899, 0.1324608295, 0.2188916362, 0.1518472321, 0.0850653479, 0.0569141378, 0.0092107374, 0.0004404019, -0.0436994988, -0.3067674857, 0.6410040716, 0.6463780763, 0.7370086329, 0.7260722527, 0.6896141659, 0.7492353044, 0.6666844208, 0.5713659547, 0.5114491613, 0.1961639926, 1.2229625435, 1.3893217386, 1.5502048771, 1.3800148596, 1.3448956335, 1.4493055588, 1.411625879, 1.3872068167, 1.235814842, 0.9439035997, 2.0046002332, 2.1595537782, 2.1980300867, 2.4028076371, 2.1874743202, 2.2761090215, 2.1984988502, 2.1304896183, 1.9878571468, 1.7792502093]}