{"source": [{"position": [-101.91476400599046, 231.56506834495408], "counts": 500000.0}, {"position": [53.47927686754023, 7.481105915904137], "counts": 500000.0}], "output": [0.0, 0.0, 0.0, 0.0, 0.0, 0.0, 0.0, 0.0, 0.0, 0.0, 0.0, 0.0, 0.0, 0.0, 0.0, 0.0, 0.0, 0.0, 0.0, 0.0, 0.0, 0.0, 0.0, 0.0, 0.0, 0.0, 0.0, 0.0, 0.0, 0.0, 0.0, 0.0, 0.0, 0.2921499377, 0.2078500623, 0.0, 0.0, 0.0, 0.0, 0.0, 0.0, 0.0, 0.0, 0.0, 0.0, 0.0, 0.0, 0.0, 0.0, 0.0, 0.0, 0.0, 0.3884522911, 0.1115477089, 0.0, 0.0, 0.0, 0.0, 0.0, 0.0, 0.0, 0.0, 0.0, 0.0], "num_sources": 2, "seg_angles": 64, "input": [-0.9024124648, -1.1203472049, -1.118387805, -1.0129703968, -0.9435818754, -0.700653873, -0.356160952, 0.0836757544, 0.8356677932, 1.5606481861, -0.8412062327, -0.9885080329, -1.0234581561, -0.91322436, -0.8076224548, -0.5092057201, -0.1917954594, 0.3938043167, 1.141420928, 1.8502416228, -0.8108982642, -1.007027231, -0.9733913605, -0.8958266403, -0.7798922396, -0.4649555617, -0.078901381, 0.5629730829, 1.288793228, 2.0822959139, -0.8531748454, -0.9682797489, -0.9541723307, -0.8805877765, -0.6596474319, -0.4416912621, -0.1197876682, 0.5127051867, 1.2128622366, 2.1107489874, -0.8093907038, -0.9166491543, -0.9161822516, -0.7958075816, -0.6564402198, -0.3219209533, 0.0522985117, 0.5548596383, 1.3328327953, 1.9804337291, -0.7916547033, -0.9309952045, -0.9277401698, -0.7683885679, -0.5808253128, -0.2427646491, 0.0929936386, 0.6101589453, 1.4138323034, 2.1146000506, -0.7945259774, -0.9151203616, -0.8986970031, -0.7053013347, -0.5843471455, -0.1089378998, 0.24003726, 0.7438452197, 1.4468437295, 2.218320944, -0.7604244384, -0.8679326535, -0.752166996, -0.607661703, -0.4554128819, -0.1046423917, 0.1792192167, 0.7370532122, 1.4443092969, 2.36324825, -0.786394783, -0.6268245987, -0.5555746222, -0.4128939716, -0.2944251056, -0.1003921561, 0.3163230449, 0.9201576134, 1.5880383003, 2.4699208193, -0.4468595906, -0.2247903983, -0.28246432, -0.1836954498, -0.0061949511, 0.0273860593, 0.374423054, 0.8462741892, 1.5104407996, 2.2385210773]}