{"source": [{"position": [90.9664820551318, -478.42878168282624], "counts": 500000.0}, {"position": [-479.3997551077541, 131.09109352898642], "counts": 500000.0}], "output": [0.0, 0.0, 0.0, 0.0, 0.0, 0.0, 0.0, 0.0, 0.0, 0.0, 0.0, 0.0, 0.0, 0.0, 0.0, 0.0, 0.0, 0.0430683086, 0.4569316914, 0.0, 0.0, 0.0, 0.0, 0.0, 0.0, 0.0, 0.0, 0.0, 0.0, 0.0, 0.0, 0.0, 0.0, 0.0, 0.0, 0.0, 0.0, 0.0, 0.0, 0.0, 0.0, 0.0, 0.0, 0.0, 0.0, 0.0, 0.0, 0.0, 0.0, 0.0, 0.0, 0.0, 0.0, 0.0, 0.0, 0.0, 0.0, 0.0, 0.0, 0.0, 0.0, 0.3594283101, 0.1405716899, 0.0], "num_sources": 2, "seg_angles": 64, "input": [2.6364501321, 2.3638358366, 1.9702578338, 1.7809961116, 0.9937855663, 1.2484940824, 0.9434096158, 1.1917265849, 1.0351280981, 0.5023693525, 2.5245311921, 2.0116658534, 1.4033058939, 1.0472167176, 0.7302737129, 0.632904539, 0.4233324689, 0.2610478779, 0.2491106623, 0.2909706841, 2.0732377658, 1.6747435452, 1.1711510943, 0.7838495637, 0.2459163823, -0.0664744725, -0.0838471483, -0.1040007443, -0.4774428201, -0.1863686537, 1.3494047324, 0.8516762777, 0.6393337748, 0.1710503188, -0.1065485606, -0.3120422722, -0.4267372127, -0.5629733957, -0.8318519248, -0.3246498224, 1.3752283535, 0.6381325554, 0.3756843641, -0.2978715905, -0.6912366769, -0.7338249814, -0.7191728995, -1.029316007, -1.1286420695, -0.7103612219, 1.2576090997, 0.4990807908, 0.320866747, -0.7320256034, -0.7807430762, -0.8637750505, -1.1329289581, -1.2217209846, -1.3130699706, -0.5819618359, 1.0160791405, 0.5569706346, -0.1832747331, -0.6389663126, -0.886408301, -1.1787637021, -1.2355221281, -1.5527309255, -1.3758950149, -0.643147544, 0.6650223256, 0.3666171539, -0.7142294572, -0.6084099464, -0.8891008068, -1.2722017509, -1.3111104978, -1.4453829986, -1.3517463253, -0.6152996194, 0.689034209, 0.1396080249, -0.521880285, -0.624835124, -1.0223092527, -1.2112309898, -1.2053267529, -1.0639684934, -1.1471413873, -0.7637445302, 0.2710498407, 0.0378442107, -0.3285228986, -0.3220051289, -0.3304221899, -0.6095517304, -0.55485361, -0.4742172572, -0.4460545547, 0.5378384804]}