{"source": [{"position": [-162.93721795282357, -18.640359594011606], "counts": 500000.0}, {"position": [51.70744783046445, 316.80804888585106], "counts": 500000.0}], "output": [0.0, 0.4198769783, 0.0801230217, 0.0, 0.0, 0.0, 0.0, 0.0, 0.0, 0.0, 0.0, 0.0, 0.0, 0.0, 0.0, 0.0, 0.0, 0.0, 0.0, 0.0, 0.0, 0.0, 0.0, 0.0, 0.0, 0.0, 0.0, 0.0, 0.0, 0.0, 0.0, 0.0, 0.0, 0.0, 0.0, 0.0, 0.0, 0.0, 0.0, 0.0, 0.0, 0.0, 0.0, 0.0, 0.0, 0.0, 0.3239757952, 0.1760242048, 0.0, 0.0, 0.0, 0.0, 0.0, 0.0, 0.0, 0.0, 0.0, 0.0, 0.0, 0.0, 0.0, 0.0, 0.0, 0.0], "num_sources": 2, "seg_angles": 64, "input": [1.2248643655, 0.7808752694, -0.1876246439, -0.5120407262, -0.5050086462, -0.6933850651, -0.901744022, -0.9628487724, -0.8992540879, -0.6090988709, 1.530165796, 0.5494462434, -0.0046839378, -0.3839510297, -0.6387985165, -0.8902771132, -1.0452208371, -1.2320340715, -1.3298623215, -1.0429136448, 1.562805148, 0.9910740235, 0.1322214819, -0.3972760851, -0.5307426145, -0.9401747313, -1.1462713147, -1.2794690762, -1.3627533029, -0.9997547601, 1.6175716975, 1.1099613363, 0.501639819, -0.1595270282, -0.6110775079, -0.8804622938, -1.057056167, -1.1352933475, -1.1896616201, -0.8817065527, 1.8380380447, 1.3680163731, 0.4859934095, 0.0302215808, -0.3626583649, -0.7097077901, -0.796850176, -1.0867528863, -1.0770168589, -0.9103849931, 2.0256562411, 1.3986444285, 0.5686861281, 0.1528371268, -0.3748893134, -0.5911616837, -0.8339402465, -1.0836198195, -1.1570292135, -0.924947021, 1.858468246, 1.3373986992, 0.9135189669, 0.3006705114, -0.1191493803, -0.3759358347, -0.6874626818, -0.8035890518, -0.7963152896, -0.8557742502, 2.0544863153, 1.5735905711, 1.0599954651, 0.5973999776, 0.0705680153, -0.2414004465, -0.4334373698, -0.5570256922, -0.6494375662, -0.705579599, 2.4080561888, 1.7524149577, 1.2659298439, 0.7462235588, 0.2503942228, 0.0692896124, -0.1208993412, -0.2143784669, -0.2143095694, -0.5138378958, 2.5852614659, 1.7449754115, 1.4760051142, 0.8885161243, 0.5753986592, 0.3193020534, 0.1238904519, 0.0470467939, -0.0271889672, -0.2528672614]}