{"source": [{"position": [-294.5347478604788, -93.43597970142024], "counts": 500000.0}, {"position": [245.6471994051335, 300.33556803085213], "counts": 500000.0}], "output": [0.0, 0.0, 0.0, 0.435491863, 0.064508137, 0.0, 0.0, 0.0, 0.0, 0.0, 0.0, 0.0, 0.0, 0.0, 0.0, 0.0, 0.0, 0.0, 0.0, 0.0, 0.0, 0.0, 0.0, 0.0, 0.0, 0.0, 0.0, 0.0, 0.0, 0.0, 0.0, 0.0, 0.0, 0.0, 0.0, 0.0, 0.0, 0.0, 0.0, 0.0, 0.0, 0.4915596731, 0.0084403269, 0.0, 0.0, 0.0, 0.0, 0.0, 0.0, 0.0, 0.0, 0.0, 0.0, 0.0, 0.0, 0.0, 0.0, 0.0, 0.0, 0.0, 0.0, 0.0, 0.0, 0.0], "num_sources": 2, "seg_angles": 64, "input": [0.8535726674, -0.0112678207, -0.1487917279, -0.2373073686, -0.0733440216, -0.2280950454, 0.1159416119, 0.5176435825, 0.7922393072, 1.4962998732, 0.9278766582, 0.2935982324, -0.3195983047, -0.9951204889, -1.0661126693, -1.1177090018, -1.0858003868, -0.7854208626, -0.0417688965, 0.6307931349, 1.2340661114, 0.4376151157, -0.2336599272, -0.739629482, -1.2421428607, -1.335498701, -1.3732548238, -0.9017190828, -0.5712294934, -0.1002718912, 1.4839234457, 0.4739888882, -0.2049599027, -0.8869789149, -1.1893098601, -1.2783739012, -1.3837313032, -1.0468771261, -0.4886466067, 0.1347705705, 1.5261704493, 0.5290575933, -0.0166902148, -0.675133729, -1.1447832992, -1.4662290509, -1.3293751544, -1.2718319316, -0.5686472491, 0.2229426532, 1.7655919532, 0.768461857, -0.0560555753, -0.4263588706, -0.7850288017, -1.2863804491, -1.2555637529, -1.0872232098, -0.5224947549, 0.099553741, 1.6129939545, 1.2725810201, 0.6601034035, -0.2009021318, -0.6529644493, -0.9285557572, -1.2554690932, -1.1781628478, -0.4511259929, 0.1603524745, 1.890039334, 1.5895714662, 0.7376037153, -0.1630848172, -0.2984429147, -0.568238019, -0.7765646271, -1.0299386445, -0.389065658, -0.0485636211, 2.586854882, 2.0234320344, 1.4814655596, 0.4396348764, 0.1512693498, -0.0268038779, -0.1377081754, -0.1308121091, -0.3454872228, -0.016102011, 2.8890490631, 2.5421233988, 1.5526442746, 1.3257127882, 0.6637119371, 0.3314431709, 0.4749963835, 0.5540610822, 0.3674255039, -0.0347686334]}