{"source": [{"position": [-317.7564912900228, 247.87055541764877], "counts": 500000.0}, {"position": [-31.730065699520434, -4.14764158337201], "counts": 500000.0}], "output": [0.0, 0.338019925, 0.161980075, 0.0, 0.0, 0.0, 0.0, 0.0, 0.0, 0.0, 0.0, 0.0, 0.0, 0.0, 0.0, 0.0, 0.0, 0.0, 0.0, 0.0, 0.0, 0.0, 0.0, 0.0, 0.0, 0.0, 0.0, 0.0, 0.0, 0.0, 0.0, 0.0, 0.0, 0.0, 0.0, 0.0, 0.0, 0.0, 0.0, 0.0, 0.0, 0.0, 0.0, 0.0, 0.0, 0.0, 0.0, 0.0, 0.0, 0.0, 0.0, 0.0, 0.0, 0.0, 0.0, 0.0, 0.0, 0.3739136117, 0.1260863883, 0.0, 0.0, 0.0, 0.0, 0.0], "num_sources": 2, "seg_angles": 64, "input": [1.8586552209, 1.0784129785, 0.2544619912, -0.240037906, -0.4972020079, -0.6923654156, -0.8218670989, -0.9096173027, -0.9566081079, -1.0283617723, 2.1284623066, 1.3634167665, 0.5760216081, 0.1317420298, -0.3252520185, -0.5635939291, -0.6776127807, -0.8667333974, -0.9104114127, -0.9854017774, 2.210383176, 1.4302398448, 0.6629983938, 0.1473779867, -0.2299286437, -0.5575169929, -0.7055579413, -0.846369703, -0.9025041263, -0.9669647212, 2.2376034959, 1.4614799813, 0.6464554639, 0.1955025204, -0.2224858936, -0.511874067, -0.6905481774, -0.8073134011, -0.9071426901, -0.9835036425, 2.1942251238, 1.4119723496, 0.7259515942, 0.1704792493, -0.1938187838, -0.5195192963, -0.6854442601, -0.8254408624, -0.9071922132, -0.9761925965, 2.3120248163, 1.4158965655, 0.7164537972, 0.165040798, -0.2000538865, -0.4834595981, -0.6841766659, -0.8220061291, -0.9080724172, -0.9938426406, 2.1677821498, 1.4731594957, 0.7482350007, 0.1190157767, -0.2978242843, -0.5020777451, -0.6682751209, -0.8038811346, -0.8746172559, -0.9742252342, 2.1462947791, 1.3703831029, 0.668701476, 0.1315322798, -0.2406386287, -0.4743584076, -0.6576626821, -0.7935223281, -0.8638039448, -0.9406926892, 2.2050286888, 1.28586842, 0.5906027228, 0.13893451, -0.2768214811, -0.4853718427, -0.6936333018, -0.7268535301, -0.8200185994, -0.8946034318, 1.8560510693, 1.066388085, 0.4213377534, -0.0604142295, -0.2952266577, -0.5200844718, -0.6254860305, -0.7430522336, -0.7751268703, -0.8703069558]}