{"source": [{"position": [361.83194043970656, 39.66921826349227], "counts": 500000.0}, {"position": [-76.41813222698578, -197.74799383796264], "counts": 500000.0}], "output": [0.0, 0.0, 0.0, 0.0, 0.0, 0.0, 0.0, 0.0, 0.0, 0.0, 0.0, 0.0, 0.3781001127, 0.1218998873, 0.0, 0.0, 0.0, 0.0, 0.0, 0.0, 0.0, 0.0, 0.0, 0.0, 0.0, 0.0, 0.0, 0.0, 0.0, 0.0, 0.0, 0.0, 0.0, 0.443857841, 0.056142159, 0.0, 0.0, 0.0, 0.0, 0.0, 0.0, 0.0, 0.0, 0.0, 0.0, 0.0, 0.0, 0.0, 0.0, 0.0, 0.0, 0.0, 0.0, 0.0, 0.0, 0.0, 0.0, 0.0, 0.0, 0.0, 0.0, 0.0, 0.0, 0.0], "num_sources": 2, "seg_angles": 64, "input": [1.3152074617, 1.3798355459, 1.496955504, 1.614982153, 1.5225376784, 1.7462262743, 1.6268410385, 1.9332503264, 2.7842739487, 3.0499558108, 0.5271166352, 0.6816026423, 0.9239191251, 0.7830458584, 0.982134391, 0.9026090274, 1.323458187, 1.6957514276, 1.6917008234, 2.018392677, 0.6425700334, -0.0846979976, 0.1431631057, -0.0354781985, 0.3107024138, 0.2021500675, 0.5591222386, 0.9190563553, 1.2186582858, 1.3304948477, 0.2403572627, -0.3759241386, -0.4398739696, -0.402979431, -0.492635407, -0.0901040033, 0.1968868147, 0.3420930747, 0.76570579, 0.9921923827, 0.4282538305, -0.6717912134, -0.7787869573, -0.7481023621, -0.7848340333, -0.4874360288, -0.3674070598, 0.0344198154, 0.2115789509, 0.5061964189, 0.1447423156, -0.744483026, -1.1007988288, -0.8336643841, -0.98065985, -0.6260395264, -0.4145245295, -0.3465254911, -0.0456393113, 0.3835467312, 0.0536102928, -0.7265552493, -1.2529360801, -1.1893609235, -1.1632872139, -1.0128148984, -0.8168314545, -0.4601647794, -0.1551027847, 0.2958803925, 0.2643230986, -1.0373282528, -1.19698037, -1.3748750689, -1.3285659223, -0.8462054399, -0.995674928, -0.5262651907, 0.0760673807, 0.0819380363, 0.1416286794, -0.7565280749, -1.2941157192, -1.3706431016, -1.2966478514, -1.2571084475, -0.9103263169, -0.5858802011, -0.4073306852, -0.1078963378, 0.440545858, -0.7100097593, -1.1497823901, -1.2620773334, -1.08727808, -1.1572100502, -1.0482413397, -0.910579195, -0.5654347148, -0.1132571075]}