{"source": [{"position": [-56.98090969582712, -45.630865981657585], "counts": 500000.0}, {"position": [-147.48777309963896, 384.69644758706755], "counts": 500000.0}], "output": [0.0, 0.0, 0.0, 0.0, 0.0, 0.0, 0.0610590572, 0.4389409428, 0.0, 0.0, 0.0, 0.0, 0.0, 0.0, 0.0, 0.0, 0.0, 0.0, 0.0, 0.0, 0.0, 0.0, 0.0, 0.0, 0.0, 0.0, 0.0, 0.0, 0.0, 0.0, 0.0, 0.0, 0.0, 0.0, 0.0, 0.0, 0.0, 0.0, 0.0, 0.0, 0.0, 0.0, 0.0, 0.0, 0.0, 0.0, 0.0, 0.0, 0.0, 0.0, 0.0, 0.1354493711, 0.3645506289, 0.0, 0.0, 0.0, 0.0, 0.0, 0.0, 0.0, 0.0, 0.0, 0.0, 0.0], "num_sources": 2, "seg_angles": 64, "input": [1.9206172408, 1.7740647104, 1.5593570929, 1.4138724235, 1.3281367962, 1.2824540365, 1.1524970544, 1.2230618133, 0.9812024003, 0.8728607666, 2.025486999, 0.9740701416, 0.5142073255, 0.4251775528, 0.4166033574, 0.308362665, 0.2099379517, 0.1842041228, 0.0469050257, -0.107848293, 2.0543008107, 0.8293954884, 0.2088829956, -0.1847548089, -0.353280406, -0.2891543139, -0.3639235138, -0.5350745861, -0.545236599, -0.6862540365, 2.0799171873, 0.9455254359, 0.0806632588, -0.3367197331, -0.6435464734, -0.7207562504, -0.7869728478, -0.8580412856, -0.8686275072, -0.9705994773, 2.0787936503, 0.9711299894, 0.1384428971, -0.3481906293, -0.6506477688, -0.8711608799, -0.927677398, -0.9663030726, -1.0726941198, -1.1469539195, 2.1475590091, 0.9174815692, 0.2350336319, -0.4406497559, -0.7268554568, -0.9495733906, -0.9827729636, -1.0585149082, -1.1138018932, -1.2313288398, 1.8130044295, 0.8418640981, 0.0059303437, -0.3420936969, -0.6826702255, -0.8530466181, -0.9715960287, -1.072394501, -1.1501556651, -1.1603726944, 1.9874522783, 0.9638861179, 0.2336463035, -0.3417699312, -0.5443907431, -0.8152466173, -0.9540579079, -0.9972142192, -1.0590548975, -1.1780419656, 1.8534631109, 0.9603049274, 0.2705497316, -0.1862174905, -0.5402746948, -0.6852726889, -0.8239011862, -0.8998698762, -0.9869779645, -1.0505895562, 1.6597766358, 0.8248960967, 0.1312839692, -0.2485329736, -0.529006566, -0.627529738, -0.7780364551, -0.8615963911, -0.8835899717, -0.8848470505]}