{"source": [{"position": [-429.6213821643377, 18.04073133784215], "counts": 500000.0}, {"position": [-7.3077417525476385, 174.8473531697809], "counts": 500000.0}], "output": [0.2862612398, 0.0, 0.0, 0.0, 0.0, 0.0, 0.0, 0.0, 0.0, 0.0, 0.0, 0.0, 0.0, 0.0, 0.0, 0.0, 0.0, 0.0, 0.0, 0.0, 0.0, 0.0, 0.0, 0.0, 0.0, 0.0, 0.0, 0.0, 0.0, 0.0, 0.0, 0.0, 0.0, 0.0, 0.0, 0.0, 0.0, 0.0, 0.0, 0.0, 0.0, 0.0, 0.0, 0.0, 0.0, 0.0, 0.0, 0.0, 0.2872637242, 0.2127362758, 0.0, 0.0, 0.0, 0.0, 0.0, 0.0, 0.0, 0.0, 0.0, 0.0, 0.0, 0.0, 0.0, 0.2137387602], "num_sources": 2, "seg_angles": 64, "input": [-0.2816585577, -0.5426282388, -0.7965789459, -1.0159093619, -1.1528659891, -1.1858371192, -1.2638008579, -1.3033947689, -1.3024429201, -1.4283503447, 0.0172243837, -0.3669135565, -0.6160061942, -0.7811831063, -0.843081563, -0.9508084256, -1.1395117536, -1.1960306905, -1.2237357262, -1.2718335616, 0.0762085347, -0.223752421, -0.462366709, -0.6607717164, -0.8314231973, -1.0514211082, -1.0503637064, -1.2075789786, -1.1339858492, -1.2869027001, 0.0244137417, -0.0493044362, -0.312878147, -0.5640513955, -0.6901451057, -0.849621366, -0.8552154491, -0.9285660464, -1.0558420811, -1.1992992148, 0.3333236419, 0.230650658, -0.2514030331, -0.2214266615, -0.4811144927, -0.5827726772, -0.6172962121, -0.7674188064, -0.8678984513, -1.0717073827, 0.3798142638, 0.333592791, 0.2526279449, 0.0218433839, -0.3070684223, -0.3503993721, -0.4389566284, -0.5439138976, -0.4284694708, -0.7783987366, 0.8197020216, 0.6496650142, 0.4960608003, 0.2302024115, 0.1837066672, 0.0450170912, 0.1581309654, 0.0508239915, -0.2034203691, -0.5014073516, 1.0089688589, 1.2566768867, 0.9407275399, 0.7777252517, 0.7000159163, 0.4791012813, 0.4023490352, 0.3427639831, 0.213250368, -0.0564202236, 1.4785042686, 1.8679690297, 1.6428373302, 1.3828559677, 1.1257614622, 1.1799967989, 0.8983553113, 0.8950848646, 0.9653063082, 0.5181482608, 2.3818133201, 2.2981322074, 2.1609039264, 1.9174366508, 1.8140405938, 1.8860175546, 2.0246841242, 1.8149722116, 1.5039846632, 1.3641612167]}