{"source": [{"position": [-22.13335257159909, -6.2541749209058874], "counts": 500000.0}, {"position": [372.67228229818954, 83.90095355035328], "counts": 500000.0}], "output": [0.0, 0.0, 0.0974587858, 0.4025412142, 0.0, 0.0, 0.0, 0.0, 0.0, 0.0, 0.0, 0.0, 0.0, 0.0, 0.0, 0.0, 0.0, 0.0, 0.0, 0.0, 0.0, 0.0, 0.0, 0.0, 0.0, 0.0, 0.0, 0.0, 0.0, 0.0, 0.0, 0.0, 0.0, 0.0, 0.3722084739, 0.1277915261, 0.0, 0.0, 0.0, 0.0, 0.0, 0.0, 0.0, 0.0, 0.0, 0.0, 0.0, 0.0, 0.0, 0.0, 0.0, 0.0, 0.0, 0.0, 0.0, 0.0, 0.0, 0.0, 0.0, 0.0, 0.0, 0.0, 0.0, 0.0], "num_sources": 2, "seg_angles": 64, "input": [2.1527202035, 1.18770474, 0.4866029937, -0.0034975162, -0.22021003, -0.4038448015, -0.522766001, -0.5891827574, -0.6472445278, -0.6468297302, 2.4367665934, 1.4544553468, 0.5707804382, 0.0958836784, -0.232884252, -0.5709251103, -0.7094555453, -0.7793043687, -0.8137382292, -0.8789995556, 2.391081706, 1.52017448, 0.7343675055, 0.1694438246, -0.2367367523, -0.5124948272, -0.7045331377, -0.7876107723, -0.8238241661, -0.8338405102, 2.2625487147, 1.550060756, 0.6970393035, 0.1353208855, -0.2322699636, -0.5400741223, -0.6805904205, -0.7778727472, -0.8293909023, -0.8687249355, 2.3496246062, 1.4457659385, 0.7054419033, 0.1443099978, -0.2573748696, -0.54236844, -0.7007626157, -0.8150445277, -0.8365833685, -0.8517723551, 2.3029772375, 1.4300203864, 0.6394435705, 0.0487693494, -0.3050617078, -0.556838991, -0.6850265151, -0.8080604942, -0.8371360465, -0.8621403485, 2.2942857158, 1.3352393501, 0.5940357929, 0.0116620531, -0.3300647564, -0.5564172998, -0.739652301, -0.8122669293, -0.8695860469, -0.8836956637, 2.0787109917, 1.2470979323, 0.4865943709, -0.0482079372, -0.3999718827, -0.6162709698, -0.760153102, -0.837067947, -0.8610964591, -0.8869741516, 1.9598000536, 1.2541627728, 0.3948668108, -0.1354931616, -0.4306259443, -0.6542326041, -0.7618511004, -0.8484940508, -0.8846967364, -0.9090618068, 1.6480596219, 0.8497748722, 0.1441139649, -0.2793485681, -0.5238945888, -0.6737473553, -0.8527796267, -0.90013309, -0.9195623743, -0.9293460461]}