{"source": [{"position": [-93.89845990160552, 186.71925243023702], "counts": 500000.0}, {"position": [-477.64973833371505, 117.96070307408975], "counts": 500000.0}], "output": [0.0, 0.0, 0.0, 0.0, 0.0, 0.0, 0.0, 0.0, 0.0, 0.0, 0.0, 0.0, 0.0, 0.0, 0.0, 0.0, 0.0, 0.0, 0.0, 0.0, 0.0, 0.0, 0.0, 0.0, 0.0, 0.0, 0.0, 0.0, 0.0, 0.0, 0.0, 0.0, 0.0, 0.0, 0.0, 0.0, 0.0, 0.0, 0.0, 0.0, 0.0, 0.0, 0.0, 0.0, 0.0, 0.0, 0.0, 0.0, 0.0, 0.0, 0.0, 0.0, 0.126917904, 0.373082096, 0.0, 0.0, 0.0, 0.0, 0.0, 0.0, 0.0, 0.2330870962, 0.2669129038, 0.0], "num_sources": 2, "seg_angles": 64, "input": [1.3699227986, -0.0013357928, -0.6023857159, -0.8728665235, -1.0720174387, -1.1403889697, -1.180958211, -1.2850756319, -1.2584746128, -1.2910734958, 1.6491109073, 0.3443482219, -0.3511241472, -0.6602665837, -0.8861807813, -1.0424183273, -1.0820824603, -1.2242253968, -1.214247402, -1.2967583972, 1.4375698631, 0.2859094245, -0.3465103011, -0.6574818541, -0.8870965525, -0.9750409179, -1.0659772657, -1.0972609797, -1.1321723276, -1.2264781613, 1.6988409099, 0.4211590855, -0.3146457467, -0.6128567162, -0.7584052504, -0.8983266419, -0.9329802552, -0.9826425474, -1.0432673244, -1.2011633319, 1.5582600144, 0.4755350712, -0.3746052597, -0.4277914225, -0.6656556616, -0.6967614684, -0.8192762201, -0.8350429797, -0.9036862905, -0.9966868956, 1.6020906667, 0.4655228621, -0.1104209253, -0.3607230236, -0.3724922897, -0.5502295077, -0.6484104323, -0.674425826, -0.7059809088, -0.9044889545, 1.4806465985, 0.5364912243, 0.1271988614, -0.0487290775, -0.185606811, -0.2798681534, -0.325373094, -0.3375997388, -0.4111961837, -0.6561751658, 1.6325536872, 0.779715186, 0.430968295, 0.3316250701, 0.2472716119, 0.0048828276, 0.2369486368, 0.2006373891, 0.0028696901, -0.2207922632, 1.4601587553, 1.2737254934, 1.0888023911, 0.9100134799, 0.9037317043, 0.8063488766, 0.659256657, 0.8354981984, 0.5493607771, 0.2316675634, 2.0184505088, 1.7433704144, 1.8021859759, 1.6888264314, 1.8386600906, 1.9508312977, 1.7233922106, 1.6518108571, 1.5721529088, 1.0778811201]}