{"source": [{"position": [150.64600599424827, 314.8122946741135], "counts": 500000.0}, {"position": [-166.67034250903887, 70.58326237798634], "counts": 500000.0}], "output": [0.0, 0.0, 0.0, 0.0, 0.0, 0.0, 0.0, 0.0, 0.0, 0.0, 0.0, 0.0, 0.0, 0.0, 0.0, 0.0, 0.0, 0.0, 0.0, 0.0, 0.0, 0.0, 0.0, 0.0, 0.0, 0.0, 0.0, 0.0, 0.0, 0.0, 0.0, 0.0, 0.0, 0.0, 0.0, 0.0, 0.0, 0.0, 0.0, 0.0, 0.0, 0.0, 0.0, 0.2730975406, 0.2269024594, 0.0, 0.0, 0.0, 0.0, 0.0, 0.0, 0.0, 0.0, 0.0, 0.0, 0.0, 0.0, 0.0, 0.0, 0.040194063, 0.459805937, 0.0, 0.0, 0.0], "num_sources": 2, "seg_angles": 64, "input": [0.7662517751, 0.1282078179, -0.4003052047, -0.9239112616, -1.116352514, -1.2252121614, -1.2028606212, -1.2783434022, -1.1313586646, -0.5318099825, 1.2269905793, 0.3015941016, -0.1536147259, -0.5510247955, -0.8942966609, -1.0252296134, -1.266999391, -1.2131342253, -0.9665697302, -0.4977810085, 1.023162476, 0.542295069, -0.0363610784, -0.5411922599, -0.7589990988, -1.0718424764, -1.1585848777, -1.1260649697, -0.9597008343, -0.648739234, 1.3198282698, 0.6138052693, 0.0806155836, -0.2790612778, -0.6436021689, -1.0218694457, -1.0621644215, -1.1441577423, -1.0074565946, -0.6886706441, 1.3247074384, 0.864029727, 0.1013917687, -0.3317655654, -0.6112630014, -0.9307735405, -0.9266574247, -1.1335870422, -0.981126685, -0.493822741, 1.7980303214, 0.7997561107, 0.2501110103, -0.2643237557, -0.4329140057, -0.7102449275, -0.8887446161, -0.967043598, -0.9607935899, -0.4980682684, 1.6058269424, 1.1384010762, 0.4295095347, -0.210636301, -0.3502241575, -0.6977052198, -0.7366860769, -0.8332259563, -0.7943845839, -0.3519751957, 1.5826328319, 1.1130278299, 0.6802706476, -0.0026157463, -0.1775208577, -0.266836837, -0.4229702287, -0.53072339, -0.3901388989, -0.2453243433, 2.2741661337, 1.5310064568, 0.8077573296, 0.6738996046, 0.4636626019, 0.4543618723, 0.2794145048, 0.2509639257, 0.2591086073, 0.2034831857, 2.1927590997, 1.8525990971, 1.9175497726, 1.8809626688, 1.8750961337, 1.7777336956, 1.9659727473, 1.4264272734, 1.6176566835, 1.2743400663]}