{"source": [{"position": [407.437811696135, 21.410969157534442], "counts": 500000.0}, {"position": [401.6325575918485, -211.6773220782765], "counts": 500000.0}], "output": [0.0, 0.0, 0.0, 0.0, 0.0, 0.0, 0.0, 0.0, 0.0, 0.0, 0.0, 0.0, 0.0, 0.0, 0.0, 0.0, 0.0, 0.0, 0.0, 0.0, 0.0, 0.0, 0.0, 0.0, 0.0, 0.0, 0.0, 0.4703221828, 0.0296778172, 0.0, 0.0, 0.0, 0.2326096005, 0.2673903995, 0.0, 0.0, 0.0, 0.0, 0.0, 0.0, 0.0, 0.0, 0.0, 0.0, 0.0, 0.0, 0.0, 0.0, 0.0, 0.0, 0.0, 0.0, 0.0, 0.0, 0.0, 0.0, 0.0, 0.0, 0.0, 0.0, 0.0, 0.0, 0.0, 0.0], "num_sources": 2, "seg_angles": 64, "input": [-0.1653484069, 0.1231892201, 0.1185571178, -0.0493102427, 0.3833959935, 0.3604587052, 0.4455578325, 0.7072313931, 1.0885986699, 1.9590017897, -0.6490431322, -0.4919092846, -0.5196874918, -0.2804401536, -0.3146529909, -0.1795572475, 0.1886903278, 0.5570891347, 1.2401895188, 1.8818751808, -0.9639892593, -0.9066311111, -0.6106112909, -0.6218664838, -0.3496576549, -0.3761031976, -0.0403092524, 0.6646995232, 1.4533705005, 2.2555787478, -1.0360426692, -1.0120746604, -0.9198412198, -0.870293016, -0.5386793945, -0.3739048537, 0.0345038675, 0.740852618, 1.3648457236, 2.4101557427, -1.165789317, -1.0214374651, -0.970100981, -0.7452816194, -0.5350963885, -0.2934695914, -0.09001336, 0.729820824, 1.4146635015, 2.1878792518, -1.1425654029, -1.0162820892, -0.8839383929, -0.8667028052, -0.5105710499, -0.1656911773, 0.0647361722, 0.8166007269, 1.2034477848, 1.9619077258, -1.1755775958, -1.0147383698, -0.9276801203, -0.8652403648, -0.6201544063, -0.4581244695, 0.1186880918, 0.6320914793, 1.2341354969, 2.4366584804, -1.1320733834, -1.0953537149, -0.9348550766, -0.8644665861, -0.5680911195, -0.461509184, 0.2028664498, 0.7959556934, 1.3126625542, 2.2685259444, -1.1727666323, -1.0366164552, -0.9845707064, -0.9691807751, -0.5925023077, -0.4648634322, -0.1579230249, 0.4054064721, 1.1381892144, 1.9078236993, -1.1220096035, -1.0397175401, -0.9360764809, -0.7873038635, -0.7209725957, -0.5160139739, -0.269937444, 0.2256646829, 0.9422772165, 1.5873688109]}