{"source": [{"position": [441.58362750674013, 145.70140671245622], "counts": 500000.0}, {"position": [6.183851394474032, -62.69577323816223], "counts": 500000.0}], "output": [0.0, 0.0, 0.0, 0.0, 0.0, 0.0, 0.0, 0.0, 0.0, 0.0, 0.0, 0.0, 0.0, 0.0, 0.0, 0.0, 0.0, 0.4992874664, 0.0007125336, 0.0, 0.0, 0.0, 0.0, 0.0, 0.0, 0.0, 0.0, 0.0, 0.0, 0.0, 0.0, 0.0, 0.0, 0.0, 0.0, 0.376852404, 0.123147596, 0.0, 0.0, 0.0, 0.0, 0.0, 0.0, 0.0, 0.0, 0.0, 0.0, 0.0, 0.0, 0.0, 0.0, 0.0, 0.0, 0.0, 0.0, 0.0, 0.0, 0.0, 0.0, 0.0, 0.0, 0.0, 0.0, 0.0], "num_sources": 2, "seg_angles": 64, "input": [1.570627809, 2.1107767739, 2.0521771426, 2.1594915949, 2.1079373834, 2.2325286754, 2.1310408935, 2.3310959417, 2.2592515536, 1.9595560756, 0.8163657294, 1.2193712787, 1.3009713408, 1.3090489973, 1.3323578491, 1.5066551342, 1.4487155146, 1.4679781426, 1.5196096716, 1.2745430194, 0.2169072646, 0.4758641562, 0.6081796393, 0.6623186327, 0.6629847399, 0.7131973702, 0.6999671069, 0.7443625943, 0.8418619632, 0.5870873362, -0.2921148628, -0.0244279197, 0.0239959368, 0.0622027098, 0.1647164868, 0.2541007964, 0.2408262375, 0.3464247891, 0.3897840381, 0.2445215484, -0.5323682346, -0.4808932699, -0.3481308149, -0.3184155403, -0.2040674238, -0.2855829319, -0.2036799624, -0.1071905443, -0.0494056091, -0.0896042541, -0.8439053235, -0.7441416118, -0.6200895025, -0.6328801817, -0.5078370016, -0.4389570843, -0.4571851663, -0.4245046923, -0.3569651069, -0.30983225, -0.9224747397, -0.8223197953, -0.8252875143, -0.8045894911, -0.7863377499, -0.7315708091, -0.6405809377, -0.6034941761, -0.5614908319, -0.4760762162, -1.0731395496, -0.9899990215, -0.925938785, -0.9068305051, -0.9131555777, -0.8180223333, -0.7784642217, -0.7710105793, -0.71076874, -0.6174370618, -1.0910834625, -1.0296519443, -1.0051487549, -0.968106548, -0.974306927, -0.9675816175, -0.9410763289, -0.8350088416, -0.8012521733, -0.6558531275, -1.0097096436, -0.9604229432, -0.9359019717, -0.9176361434, -0.8961023865, -0.9182609561, -0.8265836523, -0.8584892059, -0.7623915229, -0.7436677919]}