{"source": [{"position": [-224.81759114780243, 380.5536108231001], "counts": 500000.0}, {"position": [111.99145070172119, 438.938395415261], "counts": 500000.0}], "output": [0.0, 0.0, 0.0, 0.0, 0.0, 0.0, 0.0, 0.0, 0.0, 0.0, 0.0, 0.0, 0.0, 0.0, 0.0, 0.0, 0.0, 0.0, 0.0, 0.0, 0.0, 0.0, 0.0, 0.0, 0.0, 0.0, 0.0, 0.0, 0.0, 0.0, 0.0, 0.0, 0.0, 0.0, 0.0, 0.0, 0.0, 0.0, 0.0, 0.0, 0.0, 0.0, 0.0, 0.0, 0.0, 0.2722817855, 0.2277182145, 0.0, 0.0, 0.0, 0.0, 0.0, 0.0, 0.282392074, 0.217607926, 0.0, 0.0, 0.0, 0.0, 0.0, 0.0, 0.0, 0.0, 0.0], "num_sources": 2, "seg_angles": 64, "input": [-0.0987707437, -0.6024022865, -0.925494808, -1.0680343727, -1.2449358063, -1.2255229695, -1.2223400749, -1.1705773417, -1.0435364544, -0.6151338657, 0.2568257788, -0.4542056501, -0.7899158589, -1.040766486, -1.0514653586, -1.1163796796, -1.1262484258, -1.1207534511, -0.9992646088, -0.377961655, 0.011562083, -0.4200078078, -0.831748521, -0.8959637279, -1.0581937312, -1.0529525699, -1.0257730591, -1.1096413457, -0.968683258, -0.299579421, 0.0933690702, -0.3197626939, -0.6782503919, -0.7834217075, -0.9340224472, -0.9719143808, -0.9240051426, -0.7752130611, -0.7737021347, -0.5178213774, 0.1990485903, -0.109957789, -0.4944544598, -0.7626408446, -0.6709419255, -0.5971511148, -0.7415576478, -0.8143277012, -0.6431497911, -0.4020150202, 0.4171052881, -0.0308361143, -0.4307825181, -0.4221705017, -0.4551684916, -0.5568447535, -0.583767048, -0.4469069907, -0.4728739382, -0.1808398487, 0.5957811685, 0.1410007676, 0.0025479312, -0.0213999905, 0.1030380088, 0.2068863938, -0.085336935, -0.2138520638, -0.2851644804, 0.1070938554, 0.9685082006, 0.4646121564, 0.5819186314, 0.4856915658, 0.4252682035, 0.6649872253, 0.6515561844, 0.7566095918, 0.5458667937, 0.3183410356, 1.2730347872, 1.0842284162, 1.2425080537, 1.3760948837, 1.1752156414, 1.0715846742, 1.3662983261, 1.2707656282, 1.0028641891, 0.8717412823, 1.8862045562, 2.1418053136, 2.2700727956, 2.4463512832, 2.0748706211, 2.1584780587, 2.3582555094, 2.2285955114, 2.2063761989, 1.55354239]}