{"source": [{"position": [-72.5223546569232, 8.337150293442487], "counts": 500000.0}, {"position": [-296.9221448414077, 157.2680511190307], "counts": 500000.0}], "output": [0.0, 0.0, 0.0, 0.0, 0.0, 0.0, 0.0, 0.0, 0.0, 0.0, 0.0, 0.0, 0.0, 0.0, 0.0, 0.0, 0.0, 0.0, 0.0, 0.0, 0.0, 0.0, 0.0, 0.0, 0.0, 0.0, 0.0, 0.0, 0.0, 0.0, 0.0, 0.0, 0.0, 0.0, 0.0, 0.0, 0.0, 0.0, 0.0, 0.0, 0.0, 0.0, 0.0, 0.0, 0.0, 0.0, 0.0, 0.0, 0.0, 0.0, 0.0, 0.0, 0.0, 0.0, 0.0, 0.0, 0.0, 0.0, 0.0, 0.4807483951, 0.0192516049, 0.0, 0.0829261504, 0.4170738496], "num_sources": 2, "seg_angles": 64, "input": [1.7255160265, 1.0574045736, 0.215287337, -0.1409289558, -0.5248499903, -0.751153685, -0.8975631724, -1.0017691432, -1.0805934047, -1.126578024, 2.1032965533, 1.3655652975, 0.517470955, 0.0515059749, -0.2864664992, -0.6358942237, -0.745965773, -0.9634391564, -1.0290175768, -1.0772118866, 2.1333344878, 1.5503472936, 0.7074765226, 0.0228894885, -0.3375636587, -0.5854116149, -0.7561209807, -0.9002687081, -1.0172595607, -1.0650865434, 2.1248514796, 1.3748927897, 0.7856435866, 0.1550234696, -0.3037079853, -0.5732655625, -0.719662997, -0.8822268553, -1.0100292942, -1.0823020076, 2.2005073491, 1.4837214162, 0.8518765211, 0.2245832794, -0.2781583809, -0.4595947018, -0.7008943681, -0.861753492, -0.9985563288, -1.0832753845, 2.1819485083, 1.4388295052, 0.6808518713, 0.1503589165, -0.2171266945, -0.5277471657, -0.7642103618, -0.8666103868, -0.9565412019, -1.0585298465, 2.2842831384, 1.3059164052, 0.5991770237, 0.1081019833, -0.2395875418, -0.4026856422, -0.7019206419, -0.8103301196, -0.9547459268, -1.0439404736, 2.1335996158, 1.4358589689, 0.6439040124, 0.0688030242, -0.2152845, -0.5034882254, -0.6504347734, -0.8200720953, -0.962409237, -1.0008700905, 2.0706451396, 1.32073545, 0.6690869521, 0.1848527146, -0.1608704868, -0.3974921955, -0.5746484135, -0.6244820462, -0.811493507, -0.8932385212, 1.7010851887, 1.1199377918, 0.6046045578, 0.2131617853, -0.0006984455, -0.0338383014, -0.2617484693, -0.2832992667, -0.4600341561, -0.4919883053]}