{"source": [{"position": [-107.44963016446121, 382.182648713309], "counts": 500000.0}, {"position": [33.834538933180994, -55.49976554165845], "counts": 500000.0}], "output": [0.0, 0.0, 0.0, 0.0, 0.0, 0.0, 0.0, 0.0, 0.0, 0.0, 0.0, 0.0, 0.0, 0.0, 0.0, 0.0, 0.0, 0.0, 0.0, 0.0, 0.0, 0.2117420998, 0.2882579002, 0.0, 0.0, 0.0, 0.0, 0.0, 0.0, 0.0, 0.0, 0.0, 0.0, 0.0, 0.0, 0.0, 0.0, 0.0, 0.0, 0.0, 0.0, 0.0, 0.0, 0.0, 0.0, 0.0, 0.0, 0.0, 0.0, 0.0, 0.1041612281, 0.3958387719, 0.0, 0.0, 0.0, 0.0, 0.0, 0.0, 0.0, 0.0, 0.0, 0.0, 0.0, 0.0], "num_sources": 2, "seg_angles": 64, "input": [1.7757253553, 1.9697855885, 1.9663895259, 1.7606923051, 1.8881442724, 2.1623359834, 1.8987409227, 2.2481053067, 1.900440797, 1.732880139, 0.854922794, 0.9437227722, 0.9724613639, 1.0247658364, 0.9202928827, 0.9752331434, 1.0966394838, 1.1630548502, 1.0832470084, 1.4982774585, 0.0320270893, 0.1267285442, -0.0239480473, 0.1799592637, 0.2061414376, 0.3535591931, 0.2969930911, 0.2522762363, 0.3451383572, 1.4437063726, -0.4159398989, -0.4587978458, -0.4477838026, -0.4417010091, -0.3519029375, -0.3393378423, -0.2089090619, -0.2677925827, 0.1746745741, 1.4428883157, -0.7414304857, -0.7350883465, -0.7420360056, -0.6228577873, -0.687255572, -0.6466695422, -0.5575341238, -0.4802498796, 0.1952102824, 1.1577745744, -0.8868952121, -0.9368568594, -0.9338140128, -0.9024948531, -0.86666727, -0.8571937782, -0.8355494696, -0.5262445663, 0.1445164657, 1.2780480768, -0.9753549249, -1.0497291711, -1.0221321921, -0.953222376, -1.0530621588, -0.8840532722, -0.7828498253, -0.5729165335, 0.1120267013, 1.2784061855, -1.0806342811, -1.0292721535, -1.0606662368, -1.0494657769, -1.0534047955, -0.8888843632, -0.8373133327, -0.490944583, 0.1451114851, 1.355887215, -1.043806043, -0.9761287024, -1.0217524478, -0.8976973361, -0.9295638837, -0.8416643355, -0.7471038418, -0.3387176895, 0.1600022623, 1.4332723259, -1.0068704721, -0.9603382812, -0.887583468, -0.9929611541, -0.8352789227, -0.7696211263, -0.7039707624, -0.5070192396, 0.0421429015, 1.1665857352]}