{"source": [{"position": [-418.5682613402821, -269.8232951369717], "counts": 500000.0}, {"position": [-27.900410646964097, -162.62400525669872], "counts": 500000.0}], "output": [0.0, 0.0, 0.0, 0.0, 0.0, 0.0838043782, 0.4161956218, 0.0, 0.0, 0.0, 0.0, 0.0, 0.0, 0.0, 0.3653432432, 0.1346567568, 0.0, 0.0, 0.0, 0.0, 0.0, 0.0, 0.0, 0.0, 0.0, 0.0, 0.0, 0.0, 0.0, 0.0, 0.0, 0.0, 0.0, 0.0, 0.0, 0.0, 0.0, 0.0, 0.0, 0.0, 0.0, 0.0, 0.0, 0.0, 0.0, 0.0, 0.0, 0.0, 0.0, 0.0, 0.0, 0.0, 0.0, 0.0, 0.0, 0.0, 0.0, 0.0, 0.0, 0.0, 0.0, 0.0, 0.0, 0.0], "num_sources": 2, "seg_angles": 64, "input": [1.8064238114, 1.9291485807, 2.116876662, 2.1621069818, 2.177632571, 2.0186623338, 2.1055496503, 2.2138161684, 2.0027731091, 1.7663263176, 1.4399108258, 1.3335814544, 1.4678535603, 1.2590183054, 1.2189007488, 1.2731391614, 1.2351203276, 1.1083812326, 1.250288352, 1.0240067676, 0.8155012391, 0.839948742, 0.5934754942, 0.5383917558, 0.4458656984, 0.5713226122, 0.5377637165, 0.3880138909, 0.4128855515, 0.150214835, 0.8578945289, 0.3424594534, 0.3004043973, 0.0495578638, 0.0200376641, -0.0743365095, -0.233703593, -0.2180665863, -0.2212367769, -0.3378158495, 0.6313146836, -0.0263423626, -0.1580251373, -0.3469737744, -0.4742397215, -0.4902217774, -0.4329728646, -0.5425281605, -0.6352691737, -0.7263219291, 0.5859059017, -0.243775321, -0.3986517898, -0.4805128116, -0.5912501293, -0.7591829027, -0.7615497, -0.6790382446, -0.8527083338, -0.8707586389, 0.6054083007, -0.3056484908, -0.4773779898, -0.7105692828, -0.7630641464, -0.7965690361, -0.8074868772, -0.9472329719, -0.9005476125, -1.0701407126, 0.4502948784, -0.4164857924, -0.5746177296, -0.7575430151, -0.8832545559, -0.9604997145, -1.0314254071, -0.9690408593, -1.045057367, -1.1256131452, 0.5173598769, -0.4529748287, -0.6715613623, -0.9049697364, -0.8832215083, -0.9371367049, -1.0465804559, -1.113559154, -1.0968080658, -1.181407884, 0.135066407, -0.7172328745, -0.863351152, -0.9681328548, -1.0260138482, -1.0992767356, -1.1584062344, -1.1294402594, -1.1245548882, -1.226319072]}