{"source": [{"position": [-291.7540076637856, -289.4833311472696], "counts": 500000.0}, {"position": [-53.974631293813886, 37.98340659678707], "counts": 500000.0}], "output": [0.0, 0.0, 0.0, 0.0, 0.0, 0.0, 0.0, 0.0198961783, 0.4801038217, 0.0, 0.0, 0.0, 0.0, 0.0, 0.0, 0.0, 0.0, 0.0, 0.0, 0.0, 0.0, 0.0, 0.0, 0.0, 0.0, 0.0, 0.0, 0.0, 0.0, 0.0, 0.0, 0.0, 0.0, 0.0, 0.0, 0.0, 0.0, 0.0, 0.0, 0.0, 0.0, 0.0, 0.0, 0.0, 0.0, 0.0, 0.0, 0.0, 0.0, 0.0, 0.0, 0.0, 0.0, 0.0, 0.0, 0.0, 0.0, 0.1231188123, 0.3768811877, 0.0, 0.0, 0.0, 0.0, 0.0], "num_sources": 2, "seg_angles": 64, "input": [1.5629292374, 0.8210172659, 0.1452044152, -0.2375212799, -0.5236157664, -0.6809137522, -0.7803403068, -0.8883844692, -0.8667379637, -0.9793396052, 1.8303665484, 0.9132471728, 0.2618335374, -0.1771461241, -0.5581250556, -0.7568888911, -0.8683300527, -0.9297872642, -1.0511399842, -1.0506087138, 1.9643469901, 1.0363204718, 0.1545532452, -0.2756294942, -0.5938972314, -0.7739514092, -0.9250651103, -1.0231168668, -1.1194425511, -1.1550614284, 1.8583842374, 1.0039247697, 0.1787263078, -0.3459096047, -0.5731456738, -0.801976215, -0.9902092537, -1.0520181, -1.1532031631, -1.2170842319, 2.0729817036, 1.0977318956, 0.1943463529, -0.2022276303, -0.5806820095, -0.8196307431, -0.9662873042, -1.0918401754, -1.1628014005, -1.2129264123, 2.0324201529, 1.0784790858, 0.250027728, -0.2945198789, -0.6388591222, -0.8197555384, -0.9290293137, -1.0228207029, -1.0123275066, -1.1635361703, 2.2208068487, 1.0452471327, 0.2143838765, -0.132302325, -0.5586209844, -0.7527698691, -0.8076650998, -0.8821027516, -0.9410716357, -1.0056084441, 1.9797512855, 1.1462142928, 0.4393746792, -0.0447425042, -0.3572877391, -0.4569198068, -0.4812788538, -0.5265787206, -0.577463577, -0.8016740349, 2.0031346135, 1.0009166408, 0.5846998587, 0.3998847183, 0.292837474, 0.1439033564, 0.1618163336, 0.0315830032, -0.0584823585, -0.2576480381, 1.8775653435, 1.6429096255, 1.5317214989, 1.3777462558, 1.3084274421, 1.1242651215, 1.1464510387, 1.0674859963, 0.9817515618, 0.7283310975]}