{"source": [{"position": [-168.72022916874405, -423.6383885688908], "counts": 500000.0}, {"position": [-102.64146897801658, 187.77840356663717], "counts": 500000.0}], "output": [0.0, 0.0, 0.0, 0.0, 0.0, 0.0, 0.0, 0.0, 0.0, 0.0, 0.0, 0.0, 0.4302798469, 0.0697201531, 0.0, 0.0, 0.0, 0.0, 0.0, 0.0, 0.0, 0.0, 0.0, 0.0, 0.0, 0.0, 0.0, 0.0, 0.0, 0.0, 0.0, 0.0, 0.0, 0.0, 0.0, 0.0, 0.0, 0.0, 0.0, 0.0, 0.0, 0.0, 0.0, 0.0, 0.0, 0.0, 0.0, 0.0, 0.0, 0.0, 0.0, 0.0, 0.0, 0.4523166631, 0.0476833369, 0.0, 0.0, 0.0, 0.0, 0.0, 0.0, 0.0, 0.0, 0.0], "num_sources": 2, "seg_angles": 64, "input": [2.0408422821, 0.7019031258, 0.0941689821, -0.0660780898, -0.1241592591, -0.1315040653, -0.517766456, -0.3363878999, -0.4087767149, -0.4324284471, 1.5656074901, 0.3011511191, -0.2599989721, -0.1921048752, -0.4587231152, -0.1658304316, -0.5377823151, -0.7041713779, -0.8110601065, -0.8253083897, 2.1437997063, 0.1418688124, -0.3609070896, -0.4412573916, -0.8210311475, -0.8224944133, -0.841369189, -0.8518466932, -0.9516247085, -1.1787088672, 1.8694448592, 0.0853779643, -0.5938933525, -0.8271338996, -0.9551019635, -0.9613817059, -0.9986988286, -0.9425299577, -1.1978753674, -1.3256223127, 1.838970824, 0.1880207377, -0.6082353595, -0.9029273259, -0.9784046857, -1.0362470593, -1.0104264788, -0.9698851817, -1.363181265, -1.3771249253, 1.7359927603, 0.3357276589, -0.6769548995, -0.7229817317, -0.9012746146, -0.8601903308, -0.7936479187, -0.9983022937, -0.9298892374, -1.1719167157, 1.968254355, 0.4060374403, -0.3874564996, -0.6992337475, -0.5087739963, -0.4759136826, -0.5723618022, -0.5960394109, -0.8581023582, -0.9086588287, 1.8958199749, 0.3897283793, 0.0607370537, -0.0314233811, -0.0568498937, -0.1154177157, -0.239803607, 0.081401137, -0.2614695382, -0.5712570242, 1.8540342065, 0.7602130284, 0.7717606129, 0.6188386403, 0.6810519039, 0.8745121505, 0.5601578373, 0.7804751228, 0.708358699, 0.1326968287, 1.9743397841, 2.0517234506, 1.974255427, 1.4422677568, 1.311438425, 1.573459104, 1.4556187975, 1.8931837763, 1.4337221085, 0.9309465897]}