{"source": [{"position": [-274.9992943251226, 0.6229933262917982], "counts": 500000.0}, {"position": [130.31076312496518, -422.35424114573453], "counts": 500000.0}], "output": [0.4884622485, 0.0, 0.0, 0.0, 0.0, 0.0, 0.0, 0.0, 0.0, 0.0, 0.0, 0.0, 0.0, 0.0, 0.0, 0.0, 0.0, 0.0, 0.0, 0.4758410724, 0.0241589276, 0.0, 0.0, 0.0, 0.0, 0.0, 0.0, 0.0, 0.0, 0.0, 0.0, 0.0, 0.0, 0.0, 0.0, 0.0, 0.0, 0.0, 0.0, 0.0, 0.0, 0.0, 0.0, 0.0, 0.0, 0.0, 0.0, 0.0, 0.0, 0.0, 0.0, 0.0, 0.0, 0.0, 0.0, 0.0, 0.0, 0.0, 0.0, 0.0, 0.0, 0.0, 0.0, 0.0115377515], "num_sources": 2, "seg_angles": 64, "input": [2.5431414538, 2.0725443369, 1.448159219, 1.1363379466, 0.652346039, 0.4373743926, 0.4815909472, 0.3611456371, 0.1696542499, 0.0159696191, 2.1377420387, 2.0569526209, 1.2164960709, 0.9698109737, 0.6164475383, 0.4350149966, 0.1065163161, 0.0108190596, -0.04097688, -0.2390780682, 2.2322181549, 1.8974590637, 1.1785103029, 0.4908855384, 0.2942378086, -0.0701896172, -0.3280278378, -0.419321793, -0.5739189546, -0.2671343149, 2.0740397412, 1.4212416864, 0.8260231811, 0.1309959619, -0.1858009427, -0.5315027561, -0.5080037733, -0.8987624273, -0.8465808285, -0.5085435913, 1.7142674171, 1.2071344226, 0.4336512823, 0.1148901945, -0.3893525434, -0.7477952914, -0.9258660673, -0.8465141745, -0.9013110273, -0.5199445351, 1.5531237326, 0.9002461018, 0.5593899019, -0.1892812148, -0.6101354954, -0.9717566505, -0.7860257119, -1.0848496973, -1.0550557013, -0.3331545275, 1.3931303873, 0.8193257256, 0.1203012409, -0.1967660436, -0.5498117038, -1.0142403642, -0.9898321561, -1.208025182, -1.131665477, -0.7142793857, 1.6321694714, 0.9268259159, 0.0958710424, -0.3813275521, -0.803925234, -1.024062936, -1.1815995907, -1.3133794358, -1.1304477772, -0.6899723203, 1.0842630218, 0.4740324883, 0.0464773619, -0.3045541177, -0.875136726, -1.0213124362, -1.1708391979, -1.4067582136, -1.2605856565, -0.5882406452, 0.8848511637, 0.1867455107, -0.2437389876, -0.6945159811, -1.0339799084, -1.2266337379, -1.38105616, -1.3543850845, -1.2733040774, -0.6171107662]}