{"source": [{"position": [50.05864307816398, -79.56212825944881], "counts": 500000.0}, {"position": [-89.31952324451922, -234.56986756054533], "counts": 500000.0}], "output": [0.0, 0.0, 0.0, 0.0, 0.0, 0.0, 0.0, 0.0, 0.0, 0.0, 0.0, 0.0, 0.3529630649, 0.1470369351, 0.0, 0.0, 0.0, 0.0, 0.0, 0.0, 0.0, 0.1398089441, 0.3601910559, 0.0, 0.0, 0.0, 0.0, 0.0, 0.0, 0.0, 0.0, 0.0, 0.0, 0.0, 0.0, 0.0, 0.0, 0.0, 0.0, 0.0, 0.0, 0.0, 0.0, 0.0, 0.0, 0.0, 0.0, 0.0, 0.0, 0.0, 0.0, 0.0, 0.0, 0.0, 0.0, 0.0, 0.0, 0.0, 0.0, 0.0, 0.0, 0.0, 0.0, 0.0], "num_sources": 2, "seg_angles": 64, "input": [1.7220012012, 2.1169784346, 2.1799787597, 2.1061935086, 2.1456422725, 1.9936042198, 2.044413457, 2.1031562735, 2.0891099597, 1.8455183415, 0.7068143453, 1.2732219236, 1.2396585914, 1.1069440245, 1.1805611249, 1.2916389911, 1.2352877837, 1.1398860603, 1.2008495754, 1.4327410131, 0.2556748866, 0.3567792003, 0.4559252159, 0.3970674767, 0.394123239, 0.4011712044, 0.4336536117, 0.4062860081, 0.6333119179, 1.2212998828, -0.1614930863, -0.2388819434, -0.1649340405, -0.1699682426, -0.164320582, -0.1808075336, -0.0669213968, -0.0239664313, 0.2403138465, 1.1493477776, -0.4135146908, -0.5519921649, -0.5968567639, -0.4236819148, -0.5037875177, -0.5269460636, -0.5126632263, -0.4425011448, 0.0927074116, 1.0050949892, -0.5577554627, -0.6491717857, -0.8155926889, -0.8718126658, -0.7090112266, -0.7806751276, -0.7337179473, -0.5091574475, -0.0411270828, 0.7013971378, -0.5324872158, -0.903166168, -0.9664890677, -0.972378218, -0.9961379521, -0.9373159593, -0.8402976287, -0.6180070912, -0.1030919124, 0.6634783166, -0.7398298394, -0.9464452669, -1.0465520479, -1.076976531, -1.097809092, -0.9816182374, -0.9010556987, -0.6628193961, -0.243942358, 0.6299462358, -0.6925447042, -1.0596135525, -1.1057998448, -1.1101168722, -1.119943999, -1.05611204, -0.9093830327, -0.7728900724, -0.2231313704, 0.5524063982, -0.7576247036, -1.1250845392, -1.198563419, -1.234672226, -1.2055706269, -1.1434820498, -1.0248694354, -0.8733636738, -0.4690636666, 0.3153230692]}