{"source": [{"position": [-136.5029605604288, 236.4232259280759], "counts": 500000.0}, {"position": [-13.385468802290486, 366.75581689312435], "counts": 500000.0}], "output": [0.0, 0.0, 0.0, 0.0, 0.0, 0.0, 0.0, 0.0, 0.0, 0.0, 0.0, 0.0, 0.0, 0.0, 0.0, 0.0, 0.0, 0.0, 0.0, 0.0, 0.0, 0.0, 0.0, 0.0, 0.0, 0.0, 0.0, 0.0, 0.0, 0.0, 0.0, 0.0, 0.0, 0.0, 0.0, 0.0, 0.0, 0.0, 0.0, 0.0, 0.0, 0.0, 0.0, 0.0, 0.0, 0.0, 0.0, 0.0, 0.3142050241, 0.1857949759, 0.0, 0.0, 0.0, 0.3332695581, 0.1667304419, 0.0, 0.0, 0.0, 0.0, 0.0, 0.0, 0.0, 0.0, 0.0], "num_sources": 2, "seg_angles": 64, "input": [0.0922930191, -0.502151801, -0.8413986787, -1.0192665526, -1.09148456, -1.0996786644, -1.1324084545, -1.1903491865, -1.1913239462, -1.1852337645, 0.2657137249, -0.4509977919, -0.7168668769, -0.9119656823, -0.9932202242, -1.0538357551, -1.107585483, -1.0665529093, -1.1208363729, -1.1464781238, 0.392298718, -0.3456394276, -0.6124036193, -0.8520347289, -0.8879393963, -0.9438740527, -0.9852817456, -1.0090070644, -1.0130685534, -1.0965428157, 0.4430515061, -0.2926628243, -0.4911144844, -0.6957546476, -0.782799714, -0.795116286, -0.8719582926, -0.9595164552, -1.0064043903, -0.992824373, 0.6929028242, -0.0609684888, -0.440284504, -0.5225063591, -0.5878564404, -0.7183696073, -0.6351832071, -0.6552197429, -0.7117673438, -0.8817237129, 0.8131174335, 0.0102485586, -0.1270296221, -0.3030036296, -0.4140071735, -0.5326321063, -0.387336269, -0.5142215439, -0.5702602741, -0.5872939725, 0.5195166917, 0.4165263326, -0.0493514447, -0.0740070013, -0.0346999898, -0.0568153682, -0.0663899164, -0.0331553332, -0.0996960323, -0.347025021, 0.7622961185, 0.7733796292, 0.348134293, 0.6518650903, 0.4135415498, 0.5762275909, 0.6879987023, 0.4118759931, 0.4490756139, 0.2069269251, 1.4252459722, 1.3114315231, 1.2254054194, 1.1922003887, 1.2473912641, 1.3186427143, 1.5695845576, 1.2962510354, 1.1272008149, 0.7460498349, 1.6360996888, 2.1005605894, 1.9780174982, 2.1203390234, 2.3562677445, 2.117879636, 2.1965520502, 2.1940232635, 1.820376882, 1.9598715878]}