{"source": [{"position": [-81.24924394840023, 16.957604719221102], "counts": 500000.0}, {"position": [-86.85182269626583, -38.49364745430603], "counts": 500000.0}], "output": [0.0, 0.0, 0.0, 0.0, 0.3752508265, 0.1247491735, 0.0, 0.0, 0.0, 0.0, 0.0, 0.0, 0.0, 0.0, 0.0, 0.0, 0.0, 0.0, 0.0, 0.0, 0.0, 0.0, 0.0, 0.0, 0.0, 0.0, 0.0, 0.0, 0.0, 0.0, 0.0, 0.0, 0.0, 0.0, 0.0, 0.0, 0.0, 0.0, 0.0, 0.0, 0.0, 0.0, 0.0, 0.0, 0.0, 0.0, 0.0, 0.0, 0.0, 0.0, 0.0, 0.0, 0.0, 0.0, 0.0, 0.0, 0.0, 0.0, 0.0, 0.0, 0.0, 0.0479130443, 0.4520869557, 0.0], "num_sources": 2, "seg_angles": 64, "input": [1.9282492914, 1.1268633727, 0.6891207059, 0.3840591308, 0.2554342428, 0.1218876487, -0.0659282555, -0.2210835896, -0.1843106196, -0.3021294138, 2.0326581532, 1.3470291464, 0.6866926093, 0.0343539103, -0.315166499, -0.4885270746, -0.5444180714, -0.6381058854, -0.7428734435, -0.7816252007, 2.1238397262, 1.3358502573, 0.5587700969, 0.1431000387, -0.2698227915, -0.5626411854, -0.7453299825, -0.8716041602, -0.8903019984, -0.9801325769, 2.2362221045, 1.3524477588, 0.5965980279, 0.0568286822, -0.3626394743, -0.5642580419, -0.741647602, -0.929806427, -1.0191011083, -1.1205532813, 2.1938353813, 1.3743079552, 0.6375650333, 0.1360064872, -0.3827856401, -0.6294107878, -0.8141298244, -0.944054278, -1.0706698499, -1.1202063875, 2.2768936506, 1.453961911, 0.6416357872, 0.0648941244, -0.330819955, -0.5870418764, -0.7897493461, -0.9446419983, -1.0654558226, -1.1302769621, 2.1344701277, 1.4509895578, 0.6583612467, 0.0237601394, -0.3462622721, -0.6141790573, -0.8353877224, -0.9544702561, -1.0481762959, -1.1464593984, 2.1353749984, 1.4350577099, 0.6208461046, 0.0549184544, -0.4008106888, -0.6851293667, -0.833287675, -0.9696371411, -1.0621337938, -1.1355384873, 2.0622242019, 1.4003904729, 0.5126048606, -0.0114846335, -0.4101202925, -0.694463303, -0.8302567823, -0.9653629066, -1.0235979816, -1.1074428174, 1.7350606268, 1.0549393436, 0.3117584734, -0.0441388019, -0.2024124439, -0.3982228299, -0.5032159733, -0.6221418312, -0.6397703396, -0.7445090498]}