{"source": [{"position": [226.86947190638097, -239.64607803366994], "counts": 500000.0}, {"position": [255.4699977724268, -315.54885554879814], "counts": 500000.0}], "output": [0.0, 0.0, 0.0, 0.0, 0.0, 0.0, 0.0, 0.0, 0.0, 0.0, 0.0, 0.0, 0.0, 0.0, 0.0, 0.0, 0.0, 0.0, 0.0, 0.0, 0.0, 0.0, 0.0338834246, 0.6055641435, 0.3605524319, 0.0, 0.0, 0.0, 0.0, 0.0, 0.0, 0.0, 0.0, 0.0, 0.0, 0.0, 0.0, 0.0, 0.0, 0.0, 0.0, 0.0, 0.0, 0.0, 0.0, 0.0, 0.0, 0.0, 0.0, 0.0, 0.0, 0.0, 0.0, 0.0, 0.0, 0.0, 0.0, 0.0, 0.0, 0.0, 0.0, 0.0, 0.0, 0.0], "num_sources": 2, "seg_angles": 64, "input": [1.3456931988, 1.4153520153, 1.6751629589, 1.4976701992, 2.0080427332, 1.9267522603, 1.684723409, 1.9809913245, 1.744270689, 1.6519206116, 0.4564015423, 0.6347933685, 0.7557248852, 0.8316651893, 0.7797469288, 0.8832902695, 0.7200768258, 0.8314897678, 1.1191668918, 1.7132181894, -0.2569555841, 0.0793008127, 0.121126887, 0.1334216984, 0.1785951121, 0.0493524065, -0.0037562667, 0.1881344753, 0.4370123422, 1.3559795637, -0.5169710761, -0.5509098388, -0.2959550295, -0.439561565, -0.309583299, -0.4233486116, -0.1822858913, -0.0449855425, 0.547182847, 1.5972449605, -0.8670372861, -0.8200784703, -0.752680561, -0.8057945195, -0.6456735636, -0.6442657924, -0.4705424944, -0.0599728915, 0.6471011691, 1.4651350282, -1.0215853473, -0.9107714349, -0.9201372154, -0.8331269521, -0.9009754451, -0.7501053631, -0.5874833479, -0.1206076387, 0.533225001, 1.7210900547, -1.0844440684, -1.1146127226, -1.0459177234, -1.047527653, -0.9049843221, -0.7852075739, -0.5742225637, -0.1639288191, 0.6038728072, 1.7368700481, -1.171455727, -1.15261409, -1.11749102, -1.0221105285, -1.0026042149, -0.8010477528, -0.6203803056, -0.1376393009, 0.6007568254, 1.7530535447, -1.2420761514, -1.1818571988, -1.20763201, -1.1552786257, -0.9702463694, -0.9249839619, -0.5538370226, -0.0582922458, 0.4282156876, 1.6352451808, -1.2240956239, -1.2375601897, -1.2367269551, -1.176424965, -1.0881992743, -0.9587705611, -0.6009357102, -0.2910963023, 0.1625209693, 1.3587619013]}