{"source": [{"position": [156.46720468200488, 150.3562897221117], "counts": 500000.0}, {"position": [-0.25210867911053453, -58.99946136376091], "counts": 500000.0}], "output": [0.0, 0.0, 0.0, 0.0, 0.0, 0.0, 0.0, 0.0, 0.0, 0.0, 0.0, 0.0, 0.0, 0.0, 0.0, 0.0217624215, 0.4782375785, 0.0, 0.0, 0.0, 0.0, 0.0, 0.0, 0.0, 0.0, 0.0, 0.0, 0.0, 0.0, 0.0, 0.0, 0.0, 0.0, 0.0, 0.0, 0.0, 0.0, 0.0, 0.0, 0.1014215687, 0.3985784313, 0.0, 0.0, 0.0, 0.0, 0.0, 0.0, 0.0, 0.0, 0.0, 0.0, 0.0, 0.0, 0.0, 0.0, 0.0, 0.0, 0.0, 0.0, 0.0, 0.0, 0.0, 0.0, 0.0], "num_sources": 2, "seg_angles": 64, "input": [1.5941818231, 2.0734867319, 2.1647567182, 1.984930975, 2.1271040427, 2.3166991762, 2.2365738296, 2.3516970719, 2.419428128, 2.3763995426, 0.6556487969, 1.0415008602, 1.2145685009, 1.3312535264, 1.2580439781, 1.398757197, 1.5156600469, 1.4620364599, 1.5961153849, 1.6065041824, 0.0019729996, 0.3392836664, 0.4634703375, 0.453549164, 0.4998501113, 0.5180057929, 0.693769733, 0.764861953, 0.9093267901, 0.8328375406, -0.4452919501, -0.1919908965, 0.009752474, -0.0667570131, -0.068237389, 0.0518572425, -0.0011565714, 0.2445449919, 0.5177745736, 0.4016669719, -0.7811003193, -0.5996352008, -0.6024674144, -0.5490942407, -0.5268231737, -0.3339950811, -0.3125959, -0.251273426, -0.0218085714, -0.0791605711, -0.989315345, -0.7734965205, -0.7728545753, -0.8074033664, -0.7235596518, -0.6592673316, -0.5854556205, -0.5219105583, -0.4627469286, -0.2633176555, -0.9648686674, -0.9692918971, -0.8652465257, -0.8638041284, -0.8534899574, -0.7919591029, -0.7980723468, -0.7267433102, -0.5812568995, -0.3884649852, -1.0591211377, -0.9436308772, -0.934622013, -0.8602427093, -0.8831847964, -0.8902036589, -0.8752156136, -0.724522839, -0.6191241218, -0.5092079324, -1.0222576807, -0.8247190219, -0.8843177726, -0.8082730822, -0.7451518709, -0.6984136096, -0.691011911, -0.7821340796, -0.7362874105, -0.5888558211, -0.7083838984, -0.6433673187, -0.6392944676, -0.6049347728, -0.5714687474, -0.5750641579, -0.5619840345, -0.6035011734, -0.5986807558, -0.6467809365]}