{"source": [{"position": [-150.8642752903066, -18.54644012015721], "counts": 500000.0}, {"position": [-80.96993306127177, 58.684494886240344], "counts": 500000.0}], "output": [0.0, 0.3770249717, 0.1229750283, 0.0, 0.0, 0.0, 0.0, 0.0, 0.0, 0.0, 0.0, 0.0, 0.0, 0.0, 0.0, 0.0, 0.0, 0.0, 0.0, 0.0, 0.0, 0.0, 0.0, 0.0, 0.0, 0.0, 0.0, 0.0, 0.0, 0.0, 0.0, 0.0, 0.0, 0.0, 0.0, 0.0, 0.0, 0.0, 0.0, 0.0, 0.0, 0.0, 0.0, 0.0, 0.0, 0.0, 0.0, 0.0, 0.0, 0.0, 0.0, 0.0, 0.0, 0.0, 0.0, 0.0, 0.0, 0.1940830578, 0.3059169422, 0.0, 0.0, 0.0, 0.0, 0.0], "num_sources": 2, "seg_angles": 64, "input": [1.5865080575, 0.730166493, 0.1151042673, -0.27264731, -0.5497604842, -0.6914971017, -0.8570677951, -0.9486622646, -0.9790691477, -1.0137681961, 2.0409056985, 1.092858492, 0.2427405842, -0.2563691102, -0.5627569311, -0.8211425696, -0.9887800136, -1.0663690562, -1.1399196403, -1.2313305833, 2.09096856, 1.2641286056, 0.4190509537, -0.1210681614, -0.559098339, -0.7876039977, -0.9734446617, -1.0704327335, -1.1502284854, -1.2211947608, 2.2008130775, 1.2611677912, 0.4255699636, -0.1277103071, -0.4282853127, -0.713654833, -0.9325426754, -1.0716104761, -1.1579063721, -1.2115389688, 2.1098375384, 1.2682954028, 0.3914778466, -0.0763243589, -0.5149409316, -0.7537997709, -0.8702241333, -0.9678432606, -1.1349499873, -1.1884060406, 2.0625385809, 1.1904181259, 0.5555593749, -0.0555258152, -0.4034381816, -0.680588329, -0.8245032351, -0.9779726424, -0.9880193549, -1.0981424569, 2.2539040403, 1.3801610359, 0.4757469949, -0.0411894656, -0.3765191016, -0.5907529811, -0.756699393, -0.7481044518, -0.895684784, -1.014276631, 2.264922118, 1.1312333131, 0.4503858659, 0.1052066058, -0.2191989184, -0.4307168095, -0.4822939531, -0.5210822899, -0.684532312, -0.7836538766, 2.1262062355, 1.1097980878, 0.604941431, 0.3535718814, 0.1553550122, 0.0030209733, -0.0668095143, -0.151545345, -0.3005658233, -0.3679194133, 1.8975743535, 1.4425104438, 1.0896037302, 0.8396910643, 0.7082207562, 0.7182251116, 0.5625024632, 0.5275415361, 0.4053109471, 0.2179404352]}