{"source": [{"position": [-243.42072378477596, -231.60818472604942], "counts": 500000.0}, {"position": [-262.33836242083527, -59.49439975623328], "counts": 500000.0}], "output": [0.0, 0.0, 0.3642053436, 0.1357946564, 0.0, 0.0, 0.0, 0.1266204445, 0.3733795555, 0.0, 0.0, 0.0, 0.0, 0.0, 0.0, 0.0, 0.0, 0.0, 0.0, 0.0, 0.0, 0.0, 0.0, 0.0, 0.0, 0.0, 0.0, 0.0, 0.0, 0.0, 0.0, 0.0, 0.0, 0.0, 0.0, 0.0, 0.0, 0.0, 0.0, 0.0, 0.0, 0.0, 0.0, 0.0, 0.0, 0.0, 0.0, 0.0, 0.0, 0.0, 0.0, 0.0, 0.0, 0.0, 0.0, 0.0, 0.0, 0.0, 0.0, 0.0, 0.0, 0.0, 0.0, 0.0], "num_sources": 2, "seg_angles": 64, "input": [1.7544033674, 1.6303629289, 1.0076241284, 1.1896200504, 1.2336550741, 1.2072047411, 0.9573052731, 0.9789955382, 0.9295591492, 0.8115218383, 1.9844023282, 1.227111301, 0.682091367, 0.445850788, 0.3066909873, 0.0654019024, -0.0953857473, -0.1134122738, -0.0979931388, -0.2287766315, 1.8287098406, 1.092367795, 0.3877419064, 0.0772760494, -0.2318231488, -0.2612107727, -0.5187949699, -0.4263615597, -0.6204168936, -0.806559707, 1.9434804118, 1.1094025508, 0.3253356551, -0.1315427892, -0.3930288537, -0.5573513102, -0.6115478464, -0.7591282379, -0.7774231664, -0.9679015342, 1.9771937242, 1.1934139368, 0.4143433422, -0.134270137, -0.4656938414, -0.7233554851, -0.8361649366, -0.9909938073, -0.9982658353, -1.1101554027, 1.7065726274, 1.0837809414, 0.429681297, -0.0798880441, -0.477150445, -0.7563865894, -0.8063376589, -1.0185873884, -1.1284625867, -1.1731366111, 2.1961452242, 0.9792670311, 0.5703406724, -0.2994055183, -0.6016859818, -0.7727818577, -0.8291738556, -1.0511411114, -1.1577210626, -1.2055684932, 2.0721898886, 1.2501568944, 0.1890366543, -0.0971507735, -0.5457726679, -0.7391496136, -0.9867279052, -1.0734444523, -1.1191600747, -1.2346362832, 1.8572862322, 1.1066327546, 0.3600479495, -0.2761360642, -0.5596226383, -0.8524440838, -0.990337423, -1.0902297477, -1.2080027956, -1.2502967885, 1.6757854106, 0.7361821099, 0.1195251607, -0.3884148441, -0.7592461126, -0.9474264544, -1.0548197986, -1.1738293254, -1.2585084232, -1.2733553224]}