{"source": [{"position": [-237.57898359313597, 385.7009548275093], "counts": 500000.0}, {"position": [-14.851883109696747, 49.83393992146222], "counts": 500000.0}], "output": [0.0, 0.0, 0.0, 0.0, 0.0, 0.0, 0.0, 0.0, 0.0, 0.0, 0.0, 0.0, 0.0, 0.0, 0.0, 0.0, 0.0, 0.0, 0.0, 0.0, 0.0, 0.0, 0.0, 0.0, 0.0, 0.0, 0.0, 0.0, 0.0, 0.0, 0.0, 0.0, 0.0, 0.0, 0.0, 0.0, 0.0, 0.0, 0.0, 0.0, 0.0, 0.0, 0.0, 0.0, 0.0, 0.0, 0.0, 0.0, 0.0, 0.0, 0.0248442495, 0.4751557505, 0.0, 0.1882941872, 0.3117058128, 0.0, 0.0, 0.0, 0.0, 0.0, 0.0, 0.0, 0.0, 0.0], "num_sources": 2, "seg_angles": 64, "input": [0.0115396655, -0.771011756, -1.0007374071, -1.0397112931, -1.0679632738, -1.0782121075, -1.104551522, -1.0875477321, -1.1022723173, -1.1305091326, 0.2590469562, -0.7283162805, -0.8832783156, -0.9447183022, -0.9979464691, -1.016606577, -1.0121754714, -1.0195069358, -1.0114736082, -1.0832269341, 0.238823207, -0.6722156832, -0.817921504, -0.8580229345, -0.8946140782, -0.9276053274, -0.9130407978, -0.9471343493, -0.9553513644, -0.9972510594, 0.3548963789, -0.5119124245, -0.6461662956, -0.784272857, -0.8124541773, -0.7919661332, -0.8167392391, -0.8549042889, -0.8431396122, -0.9211064619, 0.4314187834, -0.4171916449, -0.5400745242, -0.6070844927, -0.5549007937, -0.5637172572, -0.5981897827, -0.5768806397, -0.6709337796, -0.7674196212, 0.4223982378, -0.2708458764, -0.2887378975, -0.332912681, -0.335127476, -0.3132700572, -0.3169067969, -0.3536434744, -0.3913851708, -0.5416924148, 0.6553827934, 0.1153128278, 0.0498949561, 0.1088306825, 0.0781922055, 0.0394912596, -0.0386481528, -0.0627116607, -0.0937313822, -0.2874297949, 0.7947758548, 0.5777640127, 0.6599520511, 0.6677967885, 0.6566501783, 0.5604506938, 0.5333146436, 0.5674355626, 0.4686976642, 0.2463928072, 1.2817978042, 1.3589296161, 1.4432176196, 1.391456987, 1.4242630329, 1.313268311, 1.270355677, 1.3396540683, 1.0450919964, 0.7948313563, 1.857628007, 2.2631716516, 2.2213558685, 2.1481440187, 2.1284851811, 2.1509208732, 2.1318717569, 2.1778820152, 1.9868804729, 1.7413548704]}