{"source": [{"position": [-23.79479544899068, 293.0355058854484], "counts": 500000.0}, {"position": [-13.544428558776989, -23.356978721919198], "counts": 500000.0}], "output": [0.0, 0.0, 0.0, 0.0, 0.0, 0.0, 0.0, 0.0, 0.0, 0.0, 0.1763489237, 0.3236510763, 0.0, 0.0, 0.0, 0.0, 0.0, 0.0, 0.0, 0.0, 0.0, 0.0, 0.0, 0.0, 0.0, 0.0, 0.0, 0.0, 0.0, 0.0, 0.0, 0.0, 0.0, 0.0, 0.0, 0.0, 0.0, 0.0, 0.0, 0.0, 0.0, 0.0, 0.0, 0.0, 0.0, 0.0, 0.0, 0.0, 0.0873517254, 0.4126482746, 0.0, 0.0, 0.0, 0.0, 0.0, 0.0, 0.0, 0.0, 0.0, 0.0, 0.0, 0.0, 0.0, 0.0], "num_sources": 2, "seg_angles": 64, "input": [2.2668849918, 2.528423977, 2.3624590009, 2.2808946699, 2.1719753694, 2.0792853335, 1.9359812367, 1.8105426582, 1.6945090732, 1.2905064533, 1.7375953423, 1.3885482111, 1.2871949684, 1.2616425123, 1.174561173, 1.0967913863, 1.0749354711, 0.9613396759, 0.8059208267, 0.4091474042, 1.4890894977, 0.5948182377, 0.5622805462, 0.5351177244, 0.4378641497, 0.3281811489, 0.2642894674, 0.0661208433, 0.0745431946, -0.1771010498, 1.2076847453, 0.2441398107, -0.0164180705, -0.1219270385, -0.1261789506, -0.1848962349, -0.2751181586, -0.33811065, -0.3757712776, -0.562627631, 1.0997417303, 0.0091330055, -0.3495775384, -0.50274401, -0.5051730335, -0.5670662409, -0.539699655, -0.6003984716, -0.6859219517, -0.8216682773, 1.0026295412, -0.0673113636, -0.5705546058, -0.6657353154, -0.7077218269, -0.7278224455, -0.7867496227, -0.7982223241, -0.8323075299, -0.9593783281, 0.8571149474, -0.1741561343, -0.6432918742, -0.7864580652, -0.8497827775, -0.8534784567, -0.8514122046, -0.9238418762, -0.9360099839, -1.0219190424, 0.732851033, -0.2415474006, -0.5928086749, -0.8090412588, -0.9201123558, -0.9371135725, -0.9106437833, -0.9530645016, -0.9657420105, -1.0387373573, 0.6835235755, -0.2520176111, -0.6754439132, -0.8048020237, -0.8866548036, -0.9452439415, -0.9498456334, -0.9472825423, -0.9643027016, -1.0350109135, 0.5207387738, -0.3504877611, -0.7277395516, -0.8067081854, -0.8975434807, -0.9135620837, -0.9329435741, -0.9618046764, -0.9709967031, -1.0312486757]}