{"source": [{"position": [449.7182645908103, -118.23063263566672], "counts": 500000.0}, {"position": [-444.9306987222629, 185.36632200731316], "counts": 500000.0}], "output": [0.0, 0.0, 0.0, 0.0, 0.0, 0.0, 0.0, 0.0, 0.0, 0.0, 0.0, 0.0, 0.0, 0.0, 0.0, 0.0, 0.0, 0.0, 0.0, 0.0, 0.0, 0.0, 0.0, 0.0, 0.0, 0.0, 0.0, 0.0, 0.0, 0.309307293, 0.190692707, 0.0, 0.0, 0.0, 0.0, 0.0, 0.0, 0.0, 0.0, 0.0, 0.0, 0.0, 0.0, 0.0, 0.0, 0.0, 0.0, 0.0, 0.0, 0.0, 0.0, 0.0, 0.0, 0.0, 0.0, 0.0, 0.0, 0.0, 0.0, 0.0104452627, 0.4895547373, 0.0, 0.0, 0.0], "num_sources": 2, "seg_angles": 64, "input": [2.5745067176, 1.5973995082, 1.045396503, -0.2041372452, -0.0800615869, -0.2328639255, -0.4876890485, -0.8299791824, 0.1576825429, 0.5185314703, 1.2731408689, 0.6985861253, -0.7432712508, -0.8172971285, -0.896080413, -1.0073582096, -1.0732019133, -0.7109754192, 0.4748577664, 1.276868268, 1.2184694136, 0.2334663261, -0.4355521089, -1.2596955657, -1.2754749255, -1.1701443914, -1.1742959001, -0.4119490263, 0.6422028822, 1.227828816, 1.1601466875, 0.5007105419, -0.7638884948, -0.6480247913, -1.2173982401, -1.1553716967, -1.2073496087, -0.2389530597, 0.6897934706, 1.4349406319, 0.928738799, 0.5422750064, -0.7064054796, -1.1370574101, -1.4330717771, -1.0260654766, -0.4890640794, -0.494593266, 0.7290577928, 0.9552877523, 1.1903194271, -0.0004407285, -0.7604828806, -0.9973795399, -1.0633749486, -1.0157387686, -1.0252540484, -0.2486828795, 0.9969926574, 1.1686703792, 0.7568782063, -0.2422785557, -0.8878273004, -0.5367318322, -1.0620212261, -1.2592921519, -0.8574388632, -0.4723782097, 0.3625079669, 0.9717129942, 1.3591444842, 0.1838910645, -0.9787945107, -0.8952055611, -1.344974386, -1.236800438, -0.9002365787, -0.3060381369, 0.7869577806, 1.693633533, 1.3692408876, 0.4087629264, -0.3447986502, -0.9036932587, -0.8836535178, -0.5084183741, -0.4486527945, 0.1666230786, 1.1541134764, 1.902489246, 0.482793242, 0.2850072207, 0.2086219241, -0.0672882536, -0.0362506385, 0.4432820434, 0.3092532348, 1.0591158288, 2.4917024971, 2.9797956635]}