{"source": [{"position": [-78.91282490921128, -3.710264794885324], "counts": 500000.0}, {"position": [301.9772789226253, 251.5128684868569], "counts": 500000.0}], "output": [0.2607192778, 0.2392807222, 0.0, 0.0, 0.0, 0.0, 0.0, 0.0, 0.0, 0.0, 0.0, 0.0, 0.0, 0.0, 0.0, 0.0, 0.0, 0.0, 0.0, 0.0, 0.0, 0.0, 0.0, 0.0, 0.0, 0.0, 0.0, 0.0, 0.0, 0.0, 0.0, 0.0, 0.0, 0.0, 0.0, 0.0, 0.0, 0.0, 0.0, 0.4630696546, 0.0369303454, 0.0, 0.0, 0.0, 0.0, 0.0, 0.0, 0.0, 0.0, 0.0, 0.0, 0.0, 0.0, 0.0, 0.0, 0.0, 0.0, 0.0, 0.0, 0.0, 0.0, 0.0, 0.0, 0.0], "num_sources": 2, "seg_angles": 64, "input": [1.6974090112, 0.8618128226, 0.0311314147, -0.3582309273, -0.7615112269, -0.952928435, -1.0657998402, -0.9998896967, -0.9834687465, -0.775717816, 2.0896849552, 1.1839950127, 0.4918050224, -0.0560827902, -0.4556415491, -0.8192153294, -0.8657498392, -0.9156509461, -0.8835496675, -0.7641902661, 2.0058639835, 1.3536832634, 0.4920474357, -0.0047480401, -0.4481933862, -0.7058771973, -0.7863683852, -0.8576483914, -0.7716552875, -0.6291160596, 2.1102847648, 1.4086634793, 0.6180213917, 0.0700599172, -0.3184260891, -0.6114931241, -0.7555872379, -0.8901372694, -0.6818163441, -0.6479249333, 2.0726550307, 1.3118593957, 0.494556748, 0.1246822958, -0.5320105954, -0.5544964721, -0.7619500712, -0.8633918826, -0.8136337589, -0.6976476416, 2.2241434712, 1.4167370195, 0.6428884911, -0.0642096242, -0.3365217847, -0.5958002317, -0.738827809, -0.8151964251, -0.7590633856, -0.7180321114, 2.0502028507, 1.3243947881, 0.8987774021, 0.3205518171, -0.3070960572, -0.6596010204, -0.8189119562, -0.8371943084, -0.8072558546, -0.7194460525, 2.3664045116, 1.5479361105, 0.8059838496, 0.2066903139, -0.2076099662, -0.5169859796, -0.7760073546, -0.7640677382, -0.8491891128, -0.77912842, 2.3483467717, 1.6003707034, 0.8049878866, 0.1620138905, -0.0865161229, -0.3918567976, -0.6400809581, -0.8307360376, -0.7565039757, -0.7661986876, 2.2924148368, 1.5476614938, 0.7099342352, 0.1878487822, -0.1334305676, -0.3446815657, -0.60426482, -0.6613570047, -0.7597028513, -0.8412813458]}