{"source": [{"position": [78.18146055239092, 62.35109642897185], "counts": 500000.0}, {"position": [-363.7190707865342, -275.0353387224634], "counts": 500000.0}], "output": [0.0, 0.0, 0.0, 0.0, 0.0, 0.0, 0.2026073523, 0.2973926477, 0.0, 0.0, 0.0, 0.0, 0.0, 0.0, 0.0, 0.0, 0.0, 0.0, 0.0, 0.0, 0.0, 0.0, 0.0, 0.0, 0.0, 0.0, 0.0, 0.0, 0.0, 0.0, 0.0, 0.0, 0.0, 0.0, 0.0, 0.0, 0.0, 0.0, 0.0712907149, 0.4287092851, 0.0, 0.0, 0.0, 0.0, 0.0, 0.0, 0.0, 0.0, 0.0, 0.0, 0.0, 0.0, 0.0, 0.0, 0.0, 0.0, 0.0, 0.0, 0.0, 0.0, 0.0, 0.0, 0.0, 0.0], "num_sources": 2, "seg_angles": 64, "input": [-1.0389582499, -0.9655184991, -0.918500327, -0.8415357371, -0.7606863614, -0.5759551418, -0.311402656, 0.2087348748, 0.8048494618, 1.8469288338, -0.9731943345, -1.054756036, -1.0714476505, -1.0932793186, -0.8678680729, -0.7228124296, -0.4419023618, 0.1370312544, 0.8767102902, 1.7916717343, -0.8784421706, -1.0557732174, -1.1100075699, -1.0949892846, -1.0645804954, -0.845432041, -0.4726638988, 0.1403707188, 0.7508456024, 1.967448774, -0.8441941221, -1.1094868128, -1.1237383054, -1.1573070321, -1.0525817255, -0.8695157908, -0.5429581467, -0.0577290152, 0.850551258, 1.7703258113, -0.8292700797, -0.9067660331, -1.0896979585, -1.1041767258, -1.097932482, -0.8999607341, -0.6072108948, 0.0176786721, 0.7522119341, 2.1472583315, -0.7681359598, -0.7621519098, -0.9425981893, -0.9606030724, -0.9544933737, -0.908374937, -0.5703513587, 0.0443816373, 0.807328823, 1.7550789419, -0.5868552906, -0.6447030004, -0.6244699111, -0.7517262507, -0.7521866832, -0.7499709278, -0.3797914759, -0.0451851198, 0.7947982034, 1.686145327, -0.0310679516, -0.1358530514, -0.2338060307, -0.2671634058, -0.3036251952, -0.2501357359, -0.261550867, 0.1020034943, 0.8091714763, 1.9377186121, 0.5692790916, 0.7854893349, 0.5745105044, 0.3571277928, 0.3673993358, 0.4771292946, 0.3430162343, 0.2809359301, 0.7386779725, 1.8386561116, 1.5334599668, 1.6806528613, 1.5200189625, 1.5895584547, 1.3356324189, 1.5018988302, 1.3692617213, 1.3698142975, 1.4324467709, 1.6728214573]}