{"source": [{"position": [-245.07346052630885, 378.602692734296], "counts": 500000.0}, {"position": [377.817382644257, -148.62713538194527], "counts": 500000.0}], "output": [0.0, 0.0, 0.0, 0.0, 0.0, 0.0, 0.0, 0.0, 0.0, 0.0, 0.0, 0.0, 0.0, 0.0, 0.0, 0.0, 0.0, 0.0, 0.0, 0.0, 0.0, 0.0, 0.0, 0.0, 0.0, 0.0, 0.0, 0.0, 0.4087874629, 0.0912125371, 0.0, 0.0, 0.0, 0.0, 0.0, 0.0, 0.0, 0.0, 0.0, 0.0, 0.0, 0.0, 0.0, 0.0, 0.0, 0.0, 0.0, 0.0, 0.0, 0.0, 0.0, 0.0, 0.0, 0.0741864831, 0.4258135169, 0.0, 0.0, 0.0, 0.0, 0.0, 0.0, 0.0, 0.0, 0.0], "num_sources": 2, "seg_angles": 64, "input": [1.5504849346, 0.7802331661, 0.4995662196, 0.3968857329, -0.2565831348, -0.1215090705, -0.1894284442, -0.1456946218, 0.2264821632, 0.6465399622, 0.9745461574, -0.0133471128, -0.6511132682, -0.9692958153, -0.8367039203, -1.0875804579, -0.8607885033, -0.2798041981, 0.1484828731, 1.1790799043, 0.1105954519, -0.783028804, -0.9791799706, -1.1845965207, -1.4090816962, -1.1618005835, -1.1084490058, -0.6897436273, -0.2505361084, 0.8028077869, 0.199936927, -0.7697953434, -1.3942242929, -1.484217503, -1.5152589424, -1.148205321, -0.918928039, -0.3076019519, 0.1857693228, 0.7360906317, 0.2612353575, -0.5858022359, -1.2687802288, -1.4075152764, -1.3020583513, -1.1570775703, -0.9433745637, -0.2934847279, 0.4452387411, 1.3092339566, 0.5087684298, -0.6625624645, -1.1289145774, -1.2919692613, -1.2853759354, -1.0610653396, -0.5796369999, -0.0838146878, 0.4655926146, 0.9507919367, -0.0440044044, -0.8730422753, -0.9724889071, -0.8386008672, -0.8306272366, -0.7113068949, -0.2301060362, 0.3051511452, 0.8809827171, 1.6394016588, 0.1242048196, -0.7140991943, -0.65479069, -0.4722773276, -0.5961496828, -0.1806872078, 0.1864704531, 1.0402002895, 1.5650058431, 1.8924910727, -0.0594963949, -0.1568529777, 0.0662598625, -0.006488848, 0.3787788505, 0.8278636182, 0.7920244055, 1.2569687775, 1.7916898599, 2.2858278076, 0.5562178051, 0.3379209025, 0.2612856219, 0.5910587674, 1.085533169, 1.8417293812, 1.445341458, 2.4452494358, 2.3907872483, 2.5421401823]}