{"source": [{"position": [-274.060554209083, -216.08288369653505], "counts": 500000.0}, {"position": [39.92194535632402, -87.30543098207967], "counts": 500000.0}], "output": [0.0, 0.0, 0.0, 0.0, 0.0, 0.0, 0.0996451538, 0.4003548462, 0.0, 0.0, 0.0, 0.0, 0.0, 0.0, 0.0, 0.0, 0.0, 0.0, 0.0, 0.0, 0.3157259477, 0.1842740523, 0.0, 0.0, 0.0, 0.0, 0.0, 0.0, 0.0, 0.0, 0.0, 0.0, 0.0, 0.0, 0.0, 0.0, 0.0, 0.0, 0.0, 0.0, 0.0, 0.0, 0.0, 0.0, 0.0, 0.0, 0.0, 0.0, 0.0, 0.0, 0.0, 0.0, 0.0, 0.0, 0.0, 0.0, 0.0, 0.0, 0.0, 0.0, 0.0, 0.0, 0.0, 0.0], "num_sources": 2, "seg_angles": 64, "input": [1.7690354364, 2.1127621794, 2.062090597, 2.194471811, 2.1676933745, 2.2985463913, 2.2269530839, 2.2790574196, 2.1520998953, 1.7921984977, 1.0189927846, 1.1781337061, 1.2513780665, 1.2466250775, 1.0385874466, 1.2959422399, 1.4298309817, 1.1065946528, 1.2090352168, 1.1496615028, 0.4741930752, 0.562398007, 0.4367022052, 0.4218110703, 0.3815318872, 0.4163608035, 0.3056016347, 0.3485932338, 0.4127755185, 1.0517474141, 0.2026506424, 0.2346996874, -0.0631226818, -0.0388948293, -0.2215931814, -0.2963813117, -0.2102726808, -0.1463852773, -0.0993212377, 0.7855733074, -0.1920336894, -0.1616974748, -0.3804757983, -0.5303220756, -0.5105895573, -0.4960900616, -0.6374005026, -0.534017202, -0.3267633619, 0.7024268576, -0.2957097353, -0.4548453963, -0.50135329, -0.7221578417, -0.8356109049, -0.8213636109, -0.8403249741, -0.7336865677, -0.3807790107, 0.6006274076, -0.442196286, -0.6042547785, -0.7358073511, -0.8149710965, -0.917891567, -0.936916277, -0.9572418116, -0.9201280614, -0.4609086586, 0.5460661346, -0.4958083643, -0.7074716218, -0.8173445138, -0.9764484947, -1.0196667785, -1.1153220914, -1.0086157135, -0.9204702292, -0.5410851633, 0.631554576, -0.537251319, -0.7613465501, -0.9136427831, -1.0214507607, -1.1363329466, -1.1801408855, -1.1033548086, -0.9160638746, -0.5981989474, 0.4779238524, -0.7518267852, -0.9256538775, -1.0783228909, -1.110332401, -1.1966776074, -1.2183094417, -1.1737118692, -1.082865302, -0.6961307114, 0.2524271989]}