{"source": [{"position": [18.57062687813117, -281.38786721774846], "counts": 500000.0}, {"position": [371.2102739139935, -122.8166623088982], "counts": 500000.0}], "output": [0.0, 0.0, 0.0, 0.0, 0.0, 0.0, 0.0, 0.0, 0.0, 0.0, 0.0, 0.0, 0.0, 0.0, 0.0, 0.0, 0.1643690797, 0.3356309203, 0.0, 0.0, 0.0, 0.0, 0.0, 0.0, 0.0, 0.0, 0.0, 0.0, 0.1272924452, 0.3727075548, 0.0, 0.0, 0.0, 0.0, 0.0, 0.0, 0.0, 0.0, 0.0, 0.0, 0.0, 0.0, 0.0, 0.0, 0.0, 0.0, 0.0, 0.0, 0.0, 0.0, 0.0, 0.0, 0.0, 0.0, 0.0, 0.0, 0.0, 0.0, 0.0, 0.0, 0.0, 0.0, 0.0, 0.0], "num_sources": 2, "seg_angles": 64, "input": [1.3960940991, 1.8167362813, 1.8553010841, 1.8674994456, 2.1722784002, 2.341306343, 1.9877834581, 2.003218064, 2.1997494303, 2.1065112416, 0.3370658407, 0.6063344596, 0.8262963623, 0.8684457063, 0.8319218661, 0.9515278336, 1.1359343114, 1.2965221002, 1.7665576975, 1.7126062206, -0.2696430393, 0.0363981577, 0.1313945033, 0.1573000076, 0.2389197856, 0.2454443132, 0.5031197703, 0.8086359946, 1.1203901868, 1.2466317612, -0.6332727543, -0.3387028326, -0.3866615344, -0.2521352038, -0.040218147, -0.0023562454, 0.2354600787, 0.4421895981, 0.5199382137, 1.0017148581, -0.86898044, -0.7520215254, -0.666889519, -0.6918484967, -0.4116532373, -0.2584384525, -0.0494744536, 0.0546281452, 0.5369436557, 1.0334753492, -1.1131261067, -0.8507208256, -0.8861100851, -0.8073912414, -0.6501739359, -0.4409983786, -0.4106566847, -0.185508182, 0.1249056545, 0.69687667, -1.1445132659, -1.0847446693, -1.0192168791, -0.9992752781, -0.9071155951, -0.6669347629, -0.4189964068, -0.1241143842, 0.0769329986, 0.6033340452, -1.3301087805, -1.2191894605, -1.0968756595, -1.0053003429, -0.9381792985, -0.8206911295, -0.5211008973, -0.0872984344, 0.0024931253, 0.5520326329, -1.3165438498, -1.2805236864, -1.122892263, -1.1043184363, -1.0490576661, -0.9104761505, -0.8308103175, -0.2887746184, -0.0493996376, 0.5634855047, -1.3400041572, -1.3038841928, -1.268978825, -1.2357191192, -1.1406788341, -0.961014235, -0.8851866011, -0.6416360221, -0.2652487664, 0.3334486883]}