{"source": [{"position": [-362.34669610670556, 171.77273305316746], "counts": 500000.0}, {"position": [-6.50968158360341, 437.9516229513029], "counts": 500000.0}], "output": [0.0, 0.0, 0.0, 0.0, 0.0, 0.0, 0.0, 0.0, 0.0, 0.0, 0.0, 0.0, 0.0, 0.0, 0.0, 0.0, 0.0, 0.0, 0.0, 0.0, 0.0, 0.0, 0.0, 0.0, 0.0, 0.0, 0.0, 0.0, 0.0, 0.0, 0.0, 0.0, 0.0, 0.0, 0.0, 0.0, 0.0, 0.0, 0.0, 0.0, 0.0, 0.0, 0.0, 0.0, 0.0, 0.0, 0.0, 0.0, 0.4243042084, 0.0756957916, 0.0, 0.0, 0.0, 0.0, 0.0, 0.0, 0.0, 0.0, 0.0, 0.2545409383, 0.2454590617, 0.0, 0.0, 0.0], "num_sources": 2, "seg_angles": 64, "input": [0.2180240592, -0.2110132045, -0.4463647124, -0.9260932832, -0.8188344711, -1.1233320277, -1.2325992157, -1.289515442, -1.3138696021, -1.3229266822, 0.4256523296, 0.1289692163, -0.1562666023, -0.6977827353, -0.8876770822, -0.9455391148, -1.1455468539, -1.2089429079, -1.3160400901, -1.3403436616, 0.7316182594, 0.4114565128, -0.0621886516, -0.6554583469, -0.7836672062, -0.9645985787, -1.0335102451, -1.0392602624, -1.1411912216, -1.3216242049, 0.7237816555, 0.196223876, -0.0538242812, -0.4265170433, -0.7474959896, -0.6982831741, -0.8748108325, -1.1510461375, -1.132258629, -1.2169261079, 1.1306077465, 0.6758622692, 0.1278087877, -0.4113742343, -0.6464069132, -0.666204916, -0.7152812925, -0.9183558368, -0.9910874281, -1.0170235307, 1.1056512171, 0.7171926151, 0.2171496024, -0.1518119594, -0.3617969614, -0.6106398744, -0.7263365341, -0.7228618394, -0.6681535275, -0.7813608565, 1.1098741575, 0.9013511446, 0.3433425256, 0.0726853908, -0.191101591, -0.2076410308, -0.4390480235, -0.4754644775, -0.6535246009, -0.7690117367, 1.3995124759, 1.2821170303, 0.7297375663, 0.5095287737, 0.3159664981, 0.1460389933, -0.0582288989, -0.0262204064, -0.1491764209, -0.2752523292, 1.805593628, 1.676773769, 1.1247164226, 0.8390752507, 0.7256703481, 0.7998079122, 0.8050191534, 0.5934235465, 0.7521999561, 0.4398073293, 2.0966632166, 2.0249115943, 1.8530786869, 2.2406412709, 2.1398952569, 2.0286410636, 1.9666496465, 1.7510092951, 1.604792104, 1.430191668]}