{"source": [{"position": [36.666386331105144, -113.21031805192558], "counts": 500000.0}, {"position": [266.5000872075345, -280.618430468094], "counts": 500000.0}], "output": [0.0, 0.0, 0.0, 0.0, 0.0, 0.0, 0.0, 0.0, 0.0, 0.0, 0.0, 0.0, 0.0, 0.0, 0.0, 0.0, 0.0, 0.0, 0.0, 0.404797934, 0.095202066, 0.0, 0.0, 0.1313941599, 0.3686058401, 0.0, 0.0, 0.0, 0.0, 0.0, 0.0, 0.0, 0.0, 0.0, 0.0, 0.0, 0.0, 0.0, 0.0, 0.0, 0.0, 0.0, 0.0, 0.0, 0.0, 0.0, 0.0, 0.0, 0.0, 0.0, 0.0, 0.0, 0.0, 0.0, 0.0, 0.0, 0.0, 0.0, 0.0, 0.0, 0.0, 0.0, 0.0, 0.0], "num_sources": 2, "seg_angles": 64, "input": [1.6513443705, 1.8009432978, 1.8739487309, 2.037840854, 2.0939874587, 2.2365647203, 2.0754174363, 2.0740593173, 2.0827068856, 1.8702722614, 0.7194536092, 1.1980280384, 1.178863612, 1.3248232725, 1.2454677263, 1.1780833033, 1.3036155891, 1.3100189581, 1.1646367645, 1.3662517284, 0.1211549728, 0.325746679, 0.5094309951, 0.4652634769, 0.4093991011, 0.4609554392, 0.5116985901, 0.5392944735, 0.7444698237, 1.1162883534, -0.4440541409, -0.2350025983, -0.2005120075, -0.2422207037, -0.1466610504, -0.1093823574, -0.0434176608, 0.0956798092, 0.2842773159, 1.1027194485, -0.6731165419, -0.4653582007, -0.4170888221, -0.4375056007, -0.3751846038, -0.4278351187, -0.4299064717, -0.3707037263, -0.0311116601, 0.9971838321, -0.9025015625, -0.7318017944, -0.6569918777, -0.6999293623, -0.7547551003, -0.6214037311, -0.5511464708, -0.4500010518, -0.1114881287, 0.7806728193, -1.0066910671, -0.928969111, -0.9043636776, -0.8461291759, -0.8754379914, -0.8046740684, -0.6754003774, -0.5997547407, -0.2135135207, 0.7066194716, -1.0868175881, -1.0613457977, -0.9890063008, -1.0223725907, -0.9954792839, -0.8782225755, -0.9191115407, -0.658483833, -0.2411666623, 0.8022600302, -1.1640932492, -1.1072547843, -1.0936652237, -1.0769350442, -1.0399603167, -0.997614723, -0.9395815913, -0.7855344594, -0.3847004176, 0.7414622134, -1.2337202443, -1.1873291704, -1.1948765571, -1.1437358758, -1.0956076022, -1.0506064723, -0.9855253349, -0.852740608, -0.5407653589, 0.6093625011]}