{"source": [{"position": [-64.13847374415879, -260.21194474076293], "counts": 500000.0}, {"position": [303.7822488614103, 148.1902334052556], "counts": 500000.0}], "output": [0.0, 0.0, 0.0, 0.0, 0.0, 0.0, 0.0, 0.0, 0.0, 0.0, 0.0, 0.0, 0.0, 0.2308059429, 0.2691940571, 0.0, 0.0, 0.0, 0.0, 0.0, 0.0, 0.0, 0.0, 0.0, 0.0, 0.0, 0.0, 0.0, 0.0, 0.0, 0.0, 0.0, 0.0, 0.0, 0.0, 0.0, 0.1885404176, 0.3114595824, 0.0, 0.0, 0.0, 0.0, 0.0, 0.0, 0.0, 0.0, 0.0, 0.0, 0.0, 0.0, 0.0, 0.0, 0.0, 0.0, 0.0, 0.0, 0.0, 0.0, 0.0, 0.0, 0.0, 0.0, 0.0, 0.0], "num_sources": 2, "seg_angles": 64, "input": [0.5985210232, 1.0498106224, 1.2484370144, 1.0738545711, 1.4517297142, 1.1534232971, 1.6411277389, 2.1950216713, 2.8265648437, 2.7104643653, 0.2339579226, 0.3336290099, 0.6167952504, 0.5418976415, 0.7358915845, 1.0030165181, 0.9644056831, 1.6024039123, 2.2159911332, 2.9153394657, 0.0386021422, -0.3287523302, -0.0635138885, 0.1309028573, 0.0443589756, 0.2684646124, 0.5269991234, 0.7214845905, 1.4206051911, 1.7502902143, -0.1489269684, -0.7829301091, -0.7839983273, -0.5652718231, -0.6138945731, -0.2143091195, 0.1028813105, 0.142152936, 0.65215563, 1.2067598752, -0.2899656227, -0.9075841327, -1.1003942188, -1.0226811452, -0.8237812089, -0.7262911, -0.3365908416, -0.0499290096, 0.3553032774, 0.9260618544, -0.5641930652, -1.18661718, -1.4226492496, -1.0709022006, -1.142523887, -0.8065793983, -0.6548056057, -0.3190020187, 0.3553175425, 0.9464434747, -0.3523707893, -1.2548725486, -1.5063168349, -1.3861991359, -1.202199289, -0.9142253536, -0.872108162, -0.6744977467, 0.154032147, 0.6698824075, -0.3151283282, -1.1709785652, -1.3017680542, -1.327720515, -1.2807061035, -1.2121927535, -0.8810622068, -0.5772534885, -0.1171493502, 0.4551846085, 0.1229107337, -0.9439217351, -0.8434834119, -0.9219452033, -1.1065617107, -0.8165297011, -0.9486218401, -0.6839932949, -0.1877000443, 0.5341183562, 0.8735751721, 0.27991162, -0.0455019943, -0.2202988783, -0.058591965, -0.3162416945, -0.1289081414, -0.0429209532, -0.3035015722, 0.0508767541]}