{"source": [{"position": [-309.3412020083512, 141.09578569194915], "counts": 500000.0}, {"position": [115.64501417295378, -32.0348356783256], "counts": 500000.0}], "output": [0.0, 0.0, 0.0, 0.0, 0.0, 0.0, 0.0, 0.0, 0.0, 0.0, 0.0, 0.0, 0.0, 0.0, 0.0, 0.0, 0.0, 0.0, 0.0, 0.0, 0.0, 0.0, 0.0, 0.0, 0.0, 0.0, 0.0, 0.0, 0.0, 0.3762905251, 0.1237094749, 0.0, 0.0, 0.0, 0.0, 0.0, 0.0, 0.0, 0.0, 0.0, 0.0, 0.0, 0.0, 0.0, 0.0, 0.0, 0.0, 0.0, 0.0, 0.0, 0.0, 0.0, 0.0, 0.0, 0.0, 0.0, 0.0, 0.0, 0.0, 0.1794254144, 0.3205745856, 0.0, 0.0, 0.0], "num_sources": 2, "seg_angles": 64, "input": [0.8537052583, 0.8221553869, 0.4149481844, 0.4957326639, 0.3688237524, 0.2670405859, 0.4639892965, 0.5858428013, 0.9478595669, 1.9839194857, -0.0459402922, -0.2784951258, -0.5542431625, -0.8349191301, -0.7252851732, -0.5138937396, -0.2358988693, 0.1805612306, 1.059318355, 1.9301804891, -0.3505406472, -0.6117864329, -0.8638765451, -0.9153373519, -0.7729359, -0.622949435, -0.4019632816, 0.2871240306, 1.390136382, 2.2229568851, -0.5886633245, -0.7300336406, -0.9424250569, -0.8621227052, -0.8921317487, -0.7121706007, -0.2153749994, 0.3487287375, 1.2792615909, 2.0331986073, -0.6380998834, -0.600360995, -1.0187155622, -0.8893494936, -0.9703694658, -0.7657133341, -0.2142545987, 0.2860201415, 1.1557815988, 2.2433825072, -0.5613592933, -0.6264857369, -0.977178141, -1.0709146471, -0.896555638, -0.8267742309, -0.30284671, 0.3348265215, 1.3710837553, 2.2413255587, -0.4711520998, -0.7888581841, -0.8941693482, -0.9794673568, -0.9873700563, -0.621066476, -0.3743900358, 0.3475453788, 0.9259993476, 2.1578569065, -0.5703117248, -0.7283146128, -0.9328123258, -0.9225988296, -0.9721437903, -0.8255171267, -0.2599329481, 0.2561028846, 1.3334798354, 2.3268499446, -0.5211838592, -0.8576903281, -1.1214315363, -0.9084483823, -0.7680062646, -0.6410351489, -0.1047451611, 0.6140744931, 1.5777212313, 2.273465284, -0.5888686794, -0.8043211307, -0.7684810466, -0.5809735123, -0.6851623706, -0.293751458, 0.2602886202, 0.6082466214, 1.4049279447, 2.3477068203]}