{"source": [{"position": [460.47104778444066, 64.74113184289635], "counts": 500000.0}, {"position": [7.364529425382978, -57.53054585472545], "counts": 500000.0}], "output": [0.0, 0.0, 0.0, 0.0, 0.0, 0.0, 0.0, 0.0, 0.0, 0.0, 0.0, 0.0, 0.0, 0.0, 0.0, 0.0, 0.0, 0.3515730321, 0.1484269679, 0.0, 0.0, 0.0, 0.0, 0.0, 0.0, 0.0, 0.0, 0.0, 0.0, 0.0, 0.0, 0.0, 0.0, 0.2886053045, 0.2113946955, 0.0, 0.0, 0.0, 0.0, 0.0, 0.0, 0.0, 0.0, 0.0, 0.0, 0.0, 0.0, 0.0, 0.0, 0.0, 0.0, 0.0, 0.0, 0.0, 0.0, 0.0, 0.0, 0.0, 0.0, 0.0, 0.0, 0.0, 0.0, 0.0], "num_sources": 2, "seg_angles": 64, "input": [1.7098542875, 1.9585909558, 2.0009292608, 2.1629489194, 2.0509924824, 2.2307843536, 2.1284323659, 2.3071974111, 2.3420157995, 2.0738742286, 0.8173830712, 1.2766398304, 1.3461245835, 1.3496635944, 1.3818643219, 1.4423241673, 1.5193892028, 1.4117213226, 1.4951123759, 1.152978874, 0.2532179156, 0.485265045, 0.515356083, 0.638880232, 0.6320851072, 0.7133301449, 0.7209445348, 0.8363355563, 0.8279275102, 0.5537488344, -0.3144663317, -0.0075416504, 0.1071494927, 0.0959925046, 0.1080182402, 0.1728648066, 0.1651514884, 0.2846825331, 0.3069505525, 0.2143639098, -0.5772495521, -0.4292475583, -0.3369424067, -0.3282819834, -0.2350368945, -0.2982842446, -0.1927246276, -0.142362668, -0.1572655756, -0.097623219, -0.8282377965, -0.6332965229, -0.6507988414, -0.5883507565, -0.5329136571, -0.4787986059, -0.4538098539, -0.4005325203, -0.3589318478, -0.1991360972, -0.9147219426, -0.848821711, -0.8082560312, -0.7688863381, -0.711120466, -0.6670645524, -0.716164996, -0.5702517779, -0.5470021161, -0.2786630418, -1.0500243634, -0.9834680266, -0.9444873081, -0.9045663317, -0.8744668313, -0.8289732254, -0.8330739968, -0.7722172092, -0.6238224582, -0.4543710579, -1.0984994544, -1.0680062198, -1.0228090372, -1.0076635321, -0.9716886513, -0.920551635, -0.9079583585, -0.7751026056, -0.7489099892, -0.5268103161, -1.0582165616, -1.0394994624, -1.0170105763, -1.0065265115, -0.9789479598, -0.978689009, -0.9592520163, -0.9281335668, -0.8627280236, -0.5718254198]}