{"source": [{"position": [-134.8087617113725, -29.505893747629244], "counts": 500000.0}, {"position": [-9.577372260524779, -29.48345197875124], "counts": 500000.0}], "output": [0.0, 0.0, 0.4025981926, 0.0974018074, 0.0, 0.0, 0.0, 0.0, 0.0, 0.0, 0.0, 0.0, 0.099627817, 0.400372183, 0.0, 0.0, 0.0, 0.0, 0.0, 0.0, 0.0, 0.0, 0.0, 0.0, 0.0, 0.0, 0.0, 0.0, 0.0, 0.0, 0.0, 0.0, 0.0, 0.0, 0.0, 0.0, 0.0, 0.0, 0.0, 0.0, 0.0, 0.0, 0.0, 0.0, 0.0, 0.0, 0.0, 0.0, 0.0, 0.0, 0.0, 0.0, 0.0, 0.0, 0.0, 0.0, 0.0, 0.0, 0.0, 0.0, 0.0, 0.0, 0.0, 0.0], "num_sources": 2, "seg_angles": 64, "input": [2.0867714484, 2.3691145699, 2.3349679398, 2.1076934898, 2.1888493505, 2.0789576831, 2.0305199423, 1.9749003443, 1.939721826, 1.5660022091, 1.5613406249, 1.609318335, 1.4803564891, 1.3220311913, 1.2687999436, 1.0990551882, 1.153762139, 1.1279083378, 0.9332363368, 0.5734591615, 1.0276759697, 0.9114560818, 0.7867619341, 0.6630388105, 0.5710197276, 0.4436518971, 0.430786629, 0.3025605829, 0.2351640249, -0.0708908336, 0.7496490336, 0.2497686147, 0.2511087163, 0.1322367282, 0.0217573634, -0.0736150001, -0.0301822725, -0.1323498547, -0.2508083821, -0.460460659, 0.6575803813, -0.0075089731, -0.1186392059, -0.2046788994, -0.3020607244, -0.4469808693, -0.4558997172, -0.5034533045, -0.5781926443, -0.7258929384, 0.5189320795, -0.2195216754, -0.4005669336, -0.4978075282, -0.5651094775, -0.638719459, -0.7219061871, -0.7472471263, -0.7901535906, -0.8984123434, 0.3893267157, -0.3465522237, -0.5272911434, -0.576785679, -0.7379195498, -0.7647281947, -0.8243231647, -0.8845418873, -0.9286294434, -1.0214406231, 0.2901038071, -0.4853769012, -0.6701989187, -0.7469089415, -0.8208541175, -0.9251237394, -0.9881742918, -0.9859501363, -1.0383338785, -1.1020782084, 0.280266853, -0.5312041313, -0.7171695493, -0.8458191638, -0.9234363833, -0.9875095094, -1.0270011465, -1.0849945127, -1.1197324385, -1.1375378438, 0.0506412813, -0.6130714811, -0.8579786101, -0.9539151443, -1.0267880222, -1.085188074, -1.1179945308, -1.1617951762, -1.169750329, -1.1930980937]}