{"source": [{"position": [9.887262726419936, 49.01267219585918], "counts": 500000.0}, {"position": [-124.14155524938872, 21.560942935385913], "counts": 500000.0}], "output": [0.0, 0.0, 0.0, 0.0, 0.0, 0.0, 0.0, 0.0, 0.0, 0.0, 0.0, 0.0, 0.0, 0.0, 0.0, 0.0, 0.0, 0.0, 0.0, 0.0, 0.0, 0.0, 0.0, 0.0, 0.0, 0.0, 0.0, 0.0, 0.0, 0.0, 0.0, 0.0, 0.0, 0.0, 0.0, 0.0, 0.0, 0.0, 0.0, 0.0, 0.0, 0.0, 0.0, 0.0, 0.0, 0.0137900918, 0.4862099082, 0.0, 0.0, 0.0, 0.0, 0.0, 0.0, 0.0, 0.0, 0.0, 0.0, 0.0, 0.0, 0.0, 0.0, 0.0, 0.3758100335, 0.1241899665], "num_sources": 2, "seg_angles": 64, "input": [-0.3823505467, -0.6271275543, -0.8574320639, -0.9928351462, -1.1233107623, -1.1835438079, -1.2507504505, -1.2771575476, -1.2926941669, -0.824144332, -0.2513336858, -0.4716851278, -0.730439571, -0.8975896869, -0.9864577112, -1.1086319966, -1.1784919172, -1.1650284105, -1.1914730116, -0.7567877315, -0.2112898753, -0.3520901558, -0.5496426338, -0.7402895044, -0.8783533171, -0.9805013262, -1.0590684962, -1.0920808153, -1.1238472692, -0.6872495338, 0.0060533249, -0.1534777919, -0.4237524908, -0.6091155758, -0.7640470591, -0.8323019519, -0.8944757403, -0.9880348755, -0.9904046449, -0.6297196861, 0.0983709509, -0.0287732443, -0.2081699186, -0.4940121789, -0.5887960391, -0.6507505596, -0.741323653, -0.7469189998, -0.8483127659, -0.4619302221, 0.2625542892, 0.161004869, -0.0286611369, -0.1920564188, -0.2884016176, -0.4439281648, -0.4498993097, -0.539381959, -0.5781911045, -0.3583981366, 0.5218699951, 0.4691303466, 0.4119726296, 0.1404102353, 0.0498468407, -0.0657406555, -0.1938813358, -0.1945928659, -0.2627065127, -0.2283492787, 1.0414391397, 1.1027378581, 0.7750923518, 0.7279425316, 0.4866975197, 0.5144092909, 0.3863636058, 0.3837028088, 0.2509958768, 0.1300090558, 1.5352522866, 1.7498954564, 1.5111081342, 1.4167280997, 1.3437803386, 1.2120919125, 1.1010918687, 1.0929219074, 0.9474500705, 0.6716502279, 2.1913276498, 2.4007654667, 2.0970359992, 2.1710708365, 2.0052984043, 2.0786322204, 2.0818448371, 2.0083752768, 1.8377247346, 1.7275348015]}