{"source": [{"position": [415.54994808568745, 114.36450780719753], "counts": 500000.0}, {"position": [-332.96969690493404, -4.4923204512139625], "counts": 500000.0}], "output": [0.431291609, 0.068708391, 0.0, 0.0, 0.0, 0.0, 0.0, 0.0, 0.0, 0.0, 0.0, 0.0, 0.0, 0.0, 0.0, 0.0, 0.0, 0.0, 0.0, 0.0, 0.0, 0.0, 0.0, 0.0, 0.0, 0.0, 0.0, 0.0, 0.0, 0.0, 0.0, 0.0, 0.0, 0.0, 0.1322163711, 0.3677836289, 0.0, 0.0, 0.0, 0.0, 0.0, 0.0, 0.0, 0.0, 0.0, 0.0, 0.0, 0.0, 0.0, 0.0, 0.0, 0.0, 0.0, 0.0, 0.0, 0.0, 0.0, 0.0, 0.0, 0.0, 0.0, 0.0, 0.0, 0.0], "num_sources": 2, "seg_angles": 64, "input": [1.3272323083, 0.0950653286, -0.9133523529, -1.1328624826, -1.4274789197, -1.5455934263, -1.3775357896, -1.0549210933, -0.5851038595, 0.1060984823, 1.4135449606, 0.7912071367, -0.2314351238, -0.5170064873, -1.0242777017, -1.3725903515, -0.8852668149, -0.1641681729, -0.0390952235, 0.634793961, 1.8331965688, 1.0277436505, -0.1935672231, -0.7008270267, -0.8128078366, -0.9211278084, -1.021038299, -0.4947914997, -0.0877502363, 1.2459686172, 2.3297962592, 0.6292076711, 0.0014188729, -0.6017094396, -0.8107779531, -0.7453732661, -1.1060238669, -0.2693567767, -0.0849899518, 0.8658516883, 1.7943286325, 1.1543451616, -0.160703666, -0.5411909494, -0.9805172832, -0.7028060588, -0.9234807274, -0.8420719886, -0.3291624268, 0.9657596046, 2.1699865826, 0.7304710924, 0.0513148561, -0.5106601316, -0.8482583691, -0.551870429, -0.9059975788, -0.677393554, 0.2840607723, 1.0560160407, 2.0769790841, 0.5454239257, -0.2102338778, -0.4189981249, -0.9124331967, -0.9298480446, -0.9995304731, -0.2638766542, 0.369606627, 0.8964277986, 2.0032929478, 1.0775827283, 0.2115525642, -0.3272924317, -0.9539306708, -0.9473307301, -0.6728177383, -0.4583854899, 0.0621080498, 1.3114785487, 2.2870168945, 1.0426981106, -0.29273628, -0.2285940403, -0.9756192383, -0.9670908276, -1.0369067637, -0.7727132424, 0.4235193791, 0.9101406639, 3.0343901903, 2.1941630645, 0.7920617159, 0.2918272961, -0.202043077, -0.4509654747, -0.2326559914, -0.2554406608, -0.0336071604, 0.6003144975]}