{"source": [{"position": [32.931514345748475, -142.23753148482214], "counts": 500000.0}, {"position": [181.96703078764435, -342.6835270425593], "counts": 500000.0}], "output": [0.0, 0.0, 0.0, 0.0, 0.0, 0.0, 0.0, 0.0, 0.0, 0.0, 0.0, 0.0, 0.0, 0.0, 0.0, 0.0, 0.0, 0.0, 0.3412700979, 0.1587299021, 0.0139046141, 0.4860953859, 0.0, 0.0, 0.0, 0.0, 0.0, 0.0, 0.0, 0.0, 0.0, 0.0, 0.0, 0.0, 0.0, 0.0, 0.0, 0.0, 0.0, 0.0, 0.0, 0.0, 0.0, 0.0, 0.0, 0.0, 0.0, 0.0, 0.0, 0.0, 0.0, 0.0, 0.0, 0.0, 0.0, 0.0, 0.0, 0.0, 0.0, 0.0, 0.0, 0.0, 0.0, 0.0], "num_sources": 2, "seg_angles": 64, "input": [1.6858291694, 2.1654080317, 2.0861170193, 2.1566227167, 2.1136667431, 2.2316849687, 2.0078782922, 2.1130813625, 1.9651921948, 1.5793417432, 0.8808872266, 1.2710161143, 1.3778773061, 1.2969135041, 1.2886606282, 1.3365039048, 1.4421604426, 1.3048028294, 1.3092210394, 1.2836098945, 0.2953647791, 0.5298060999, 0.7389113351, 0.5229799407, 0.5310944208, 0.6459240975, 0.540710823, 0.5079383543, 0.4711461875, 0.9071406639, -0.2528360785, 0.048435192, 0.0333892934, 0.1238502822, -0.1232242447, 0.0312063434, 0.0882231839, -0.0257055606, 0.1511981472, 0.6769981799, -0.6096461585, -0.3974704478, -0.3239363487, -0.2261575323, -0.3592791066, -0.3460438576, -0.3749281612, -0.3123587476, -0.2473448614, 0.6139535616, -0.790951257, -0.6145397323, -0.5886326334, -0.627812944, -0.574926995, -0.7053424026, -0.6268561389, -0.5408535329, -0.3539742773, 0.573517019, -0.9304558444, -0.8830432657, -0.870370901, -0.8648677923, -0.7453164811, -0.8595018081, -0.7239668389, -0.705378309, -0.4322244041, 0.3476920605, -1.0788102315, -0.9867290742, -0.9727212483, -0.9608452907, -0.9449397972, -0.9494989517, -0.8734987927, -0.791879385, -0.5081883443, 0.4206871714, -1.1302206157, -1.0694220195, -1.0371785926, -1.0610085748, -1.0392460672, -0.9968734726, -0.9505877602, -0.8480371552, -0.5089725999, 0.6159291339, -1.1777763957, -1.1754485973, -1.1583352653, -1.1312007059, -1.1491466455, -1.1311647563, -1.0934804539, -1.002866394, -0.777905538, 0.2313579874]}