{"source": [{"position": [-244.79859885557798, 204.5351950113863], "counts": 500000.0}, {"position": [317.29025327108025, 21.234292528213185], "counts": 500000.0}], "output": [0.0, 0.0, 0.0, 0.0, 0.0, 0.0, 0.0, 0.0, 0.0, 0.0, 0.0, 0.0, 0.0, 0.0, 0.0, 0.0, 0.0, 0.0, 0.0, 0.0, 0.0, 0.0, 0.0, 0.0, 0.0, 0.0, 0.0, 0.0, 0.0, 0.0, 0.0, 0.0, 0.1596670046, 0.3403329954, 0.0, 0.0, 0.0, 0.0, 0.0, 0.0, 0.0, 0.0, 0.0, 0.0, 0.0, 0.0, 0.0, 0.0, 0.0, 0.0, 0.0, 0.0, 0.0, 0.0, 0.0, 0.0, 0.0448514483, 0.4551485517, 0.0, 0.0, 0.0, 0.0, 0.0, 0.0], "num_sources": 2, "seg_angles": 64, "input": [0.0488245064, -0.4170865752, -1.1854404676, -1.3689685809, -1.4795724801, -1.4621111963, -1.1895241393, -0.8416729737, -0.2756625038, 0.549961745, 0.8611044937, -0.1997339892, -0.8575689406, -1.150816367, -1.3695779413, -1.0824984464, -0.9425047031, -0.6436484613, 0.1693378501, 1.1646225287, 0.7335586896, -0.1539209222, -0.7712755684, -1.0324480014, -1.2463906778, -1.2195774559, -0.9082367582, -0.2815523224, 0.1743864697, 0.9369788638, 0.67504501, 0.1161729689, -0.6879950648, -1.2772224003, -1.1399492965, -1.1348087374, -0.8036041047, -0.476342466, 0.2856621436, 0.96762473, 0.9056458144, 0.069912852, -0.7214414411, -1.0792848401, -1.0348822736, -1.2454019334, -0.7527398024, -0.4077826496, 0.446792527, 0.9127693861, 0.6834708834, -0.0010878687, -0.6982863225, -0.9656240138, -1.1022498054, -0.8945708872, -0.5071580678, -0.4476296187, 0.7828075299, 0.9632844968, 0.6938701941, -0.0426213462, -0.6980495456, -1.0118574017, -0.9793948201, -0.654643279, -0.3857872041, 0.2120726068, 0.8882511855, 1.6530091505, 0.466340909, -0.1586648777, -0.2654727763, -0.5372356349, -0.6924152787, -0.3252004487, 0.2944972256, 0.671330769, 1.3868740221, 1.7497520032, 0.5826540135, 0.0158404723, -0.152972973, -0.3185720303, -0.0143534705, 0.5790927521, 0.5091418006, 1.3950592742, 2.0125703254, 2.4680660624, 0.5320488338, 0.6116136433, 0.8304668537, 0.9894651865, 1.4916962519, 1.5354782698, 1.3728638339, 1.782506134, 2.6226697943, 2.8998970963]}