{"source": [{"position": [130.95753581569474, 133.48829092126786], "counts": 500000.0}, {"position": [282.49837878493366, 267.4241312669523], "counts": 500000.0}], "output": [0.0, 0.0, 0.0, 0.0, 0.0, 0.0, 0.0, 0.0, 0.0, 0.0, 0.0, 0.0, 0.0, 0.0, 0.0, 0.0, 0.0, 0.0, 0.0, 0.0, 0.0, 0.0, 0.0, 0.0, 0.0, 0.0, 0.0, 0.0, 0.0, 0.0, 0.0, 0.0, 0.0, 0.0, 0.0, 0.0, 0.0, 0.0, 0.0, 0.1395711043, 0.8116906092, 0.0487382864, 0.0, 0.0, 0.0, 0.0, 0.0, 0.0, 0.0, 0.0, 0.0, 0.0, 0.0, 0.0, 0.0, 0.0, 0.0, 0.0, 0.0, 0.0, 0.0, 0.0, 0.0, 0.0], "num_sources": 2, "seg_angles": 64, "input": [-1.2778857797, -1.202149373, -1.1597825156, -1.1393355422, -1.0510911252, -0.9174813718, -0.7506860873, -0.4247272669, 0.3301099571, 1.483368133, -1.2187065856, -1.1801556197, -1.1447682855, -1.082091991, -0.9997895615, -0.7023092483, -0.5934038912, -0.0176993248, 0.5841806907, 1.6505676839, -1.1742615863, -1.1051448829, -1.1157439494, -1.0361632115, -0.9622458411, -0.7732973879, -0.4664369813, -0.1023259796, 0.7179417167, 1.6879478013, -1.1635058037, -1.0946546719, -1.0766851241, -1.0287339429, -0.9378750131, -0.8511902974, -0.5201151936, -0.1208118228, 0.7063741624, 1.4612352644, -1.0284356516, -1.0227200193, -0.9141399296, -0.9334063133, -0.8474892863, -0.6818376516, -0.4285706064, 0.1344906298, 0.8562880371, 1.6226839428, -0.935658012, -0.8362964009, -0.8177581522, -0.7612174598, -0.7466093406, -0.6166724998, -0.4385399839, 0.0575910606, 0.7823130549, 1.8912510521, -0.6950811081, -0.5699289171, -0.536550236, -0.5268977508, -0.4081665884, -0.4253017251, -0.3284316635, 0.0159705937, 0.8098767751, 1.5431704783, -0.2709937634, -0.205368823, -0.0114037151, -0.0608707134, 0.0868285063, 0.0179065387, 0.03929592, 0.2202948186, 0.7278302147, 1.7308819537, 0.3888768279, 0.634738383, 0.6889948351, 0.7273511984, 0.7577365319, 0.6634549237, 0.6593754089, 0.7391453613, 0.9260301888, 1.7394557556, 1.3139677085, 1.6072804099, 1.7586042928, 1.7341210915, 1.591438009, 1.7462028821, 1.7866281595, 1.5855652687, 1.7675977065, 1.4646376407]}