{"source": [{"position": [75.55111892896767, -277.9137068022752], "counts": 500000.0}, {"position": [-31.71034006388957, 17.042720822464922], "counts": 500000.0}], "output": [0.0, 0.0, 0.0, 0.0, 0.0, 0.0, 0.0, 0.0, 0.0, 0.0, 0.0, 0.0, 0.0, 0.0, 0.0, 0.0, 0.0, 0.0, 0.1481442308, 0.3518557692, 0.0, 0.0, 0.0, 0.0, 0.0, 0.0, 0.0, 0.0, 0.0, 0.0, 0.0, 0.0, 0.0, 0.0, 0.0, 0.0, 0.0, 0.0, 0.0, 0.0, 0.0, 0.0, 0.0, 0.0, 0.0, 0.0, 0.0, 0.0, 0.0, 0.0, 0.0, 0.0, 0.0, 0.0, 0.0, 0.0, 0.0, 0.0, 0.0116271015, 0.4883728985, 0.0, 0.0, 0.0, 0.0], "num_sources": 2, "seg_angles": 64, "input": [1.6400546162, 0.8439878888, 0.1859743401, -0.2183469541, -0.4564906687, -0.6255903728, -0.7756693926, -0.8752301617, -0.9010245731, -0.9612308624, 1.8690897678, 1.1833709907, 0.4389892748, -0.0620225255, -0.4264146367, -0.6219661603, -0.8002472798, -0.8838704964, -0.9748579637, -1.0288288216, 1.9475227686, 1.0211105248, 0.3821512684, -0.1583521731, -0.4221830565, -0.7198003127, -0.8267015796, -0.9526558357, -1.035212401, -1.0460763008, 1.966167459, 1.2231714178, 0.3967074226, -0.1959607956, -0.4692399377, -0.7292855315, -0.8813965243, -1.0050994154, -1.0774497132, -1.034030643, 2.093300389, 1.1362515933, 0.3765639705, -0.2309461828, -0.5236431429, -0.7627862304, -0.8825323305, -0.9863919779, -1.1098025502, -1.0509533831, 2.0576988143, 1.3085758052, 0.3920125245, -0.1835730672, -0.5081761586, -0.7709467431, -0.9685658794, -1.0008627564, -1.0858604536, -1.0370088619, 2.3079097471, 1.1872037572, 0.4174900854, -0.131770072, -0.5431536697, -0.7059316345, -0.8899909041, -0.9934757265, -1.0385609745, -0.9629260637, 2.2338925905, 1.3122079356, 0.4922742709, -0.0875013027, -0.4398181281, -0.5993248527, -0.7524142739, -0.8671609206, -0.8212350021, -0.8072527012, 2.3489847321, 1.2453928328, 0.5251000618, 0.1616221953, -0.0886405852, -0.2349424616, -0.2970416177, -0.3823249316, -0.3920562965, -0.4817110178, 1.9804436466, 1.4507639457, 1.38045421, 1.1747891034, 0.8910141826, 0.7915211727, 0.7022219606, 0.656507184, 0.5714691473, 0.4905543461]}