{"source": [{"position": [-87.51268813062721, 335.7834561382553], "counts": 500000.0}, {"position": [311.19450555388494, 285.02978741365456], "counts": 500000.0}], "output": [0.0, 0.0, 0.0, 0.0, 0.0, 0.0, 0.0, 0.0, 0.0, 0.0, 0.0, 0.0, 0.0, 0.0, 0.0, 0.0, 0.0, 0.0, 0.0, 0.0, 0.0, 0.0, 0.0, 0.0, 0.0, 0.0, 0.0, 0.0, 0.0, 0.0, 0.0, 0.0, 0.0, 0.0, 0.0, 0.0, 0.0, 0.0, 0.0, 0.2233561662, 0.2766438338, 0.0, 0.0, 0.0, 0.0, 0.0, 0.0, 0.0, 0.0, 0.0, 0.2015454526, 0.2984545474, 0.0, 0.0, 0.0, 0.0, 0.0, 0.0, 0.0, 0.0, 0.0, 0.0, 0.0, 0.0], "num_sources": 2, "seg_angles": 64, "input": [-0.4347611482, -1.2255271823, -1.2821701047, -1.3082786721, -1.244559682, -1.1756189841, -1.093941577, -0.7473431389, -0.5358839216, -0.1533889047, -0.5221647834, -1.1157019004, -1.2106516123, -1.2867896588, -1.1929991019, -1.0855874451, -0.8989307989, -0.6217596229, -0.1963499874, 0.196039221, -0.438200557, -1.0705616628, -1.1522027715, -1.0587647074, -1.078319975, -0.93217337, -0.8043797209, -0.5503441231, -0.1666614793, 0.1991770803, -0.1398930997, -1.0163894635, -1.0787277362, -1.0700645931, -0.8779957742, -0.8860953945, -0.7537505951, -0.3796951535, -0.1160271022, 0.3233644123, -0.3866730471, -0.887610407, -0.8855812461, -0.908774445, -0.8107560168, -0.7151796737, -0.561974185, -0.2305938293, 0.1670196025, 0.5151651986, -0.2373656588, -0.6487707852, -0.5529210031, -0.6183633062, -0.6406114342, -0.5615350526, -0.3772679873, -0.2024695778, 0.125312958, 0.5312338743, -0.0777634373, 0.0252081633, -0.2309468622, -0.1924855015, -0.0788014438, -0.1940244598, -0.1029767481, -0.0651815379, 0.3777297394, 0.7009487014, 0.1837242807, 0.1808028408, 0.4110758028, 0.6329311243, 0.3639215898, 0.4686113011, 0.3896819909, 0.4201093104, 0.9014072256, 1.3524769612, 0.9215144848, 0.8712733106, 1.3881739492, 1.3141397841, 1.1994874256, 1.096982934, 1.2373649839, 1.1753242651, 1.4545995002, 1.5113982109, 1.727790412, 1.9950962374, 2.112974867, 2.2483510215, 2.0890343515, 2.225194354, 1.7948375892, 2.2378944266, 2.2240988366, 1.7798108288]}