{"source": [{"position": [-151.77025376126133, 340.7268555210204], "counts": 500000.0}, {"position": [-96.53958046788574, -239.25741243080557], "counts": 500000.0}], "output": [0.0, 0.0, 0.0, 0.0, 0.0, 0.0, 0.0, 0.0, 0.0, 0.0, 0.0, 0.0, 0.453236801, 0.046763199, 0.0, 0.0, 0.0, 0.0, 0.0, 0.0, 0.0, 0.0, 0.0, 0.0, 0.0, 0.0, 0.0, 0.0, 0.0, 0.0, 0.0, 0.0, 0.0, 0.0, 0.0, 0.0, 0.0, 0.0, 0.0, 0.0, 0.0, 0.0, 0.0, 0.0, 0.0, 0.0, 0.0, 0.0, 0.0, 0.0, 0.0, 0.0, 0.3658074381, 0.1341925619, 0.0, 0.0, 0.0, 0.0, 0.0, 0.0, 0.0, 0.0, 0.0, 0.0], "num_sources": 2, "seg_angles": 64, "input": [2.3990130318, 1.8835627609, 1.231501849, 1.3270025887, 1.1923741833, 1.4584720094, 1.3916485111, 1.361099768, 1.2208915172, 0.5534714713, 2.2671131225, 1.1538612759, 0.7494060821, 0.668887986, 0.5232596023, 0.4001023488, 0.5905699171, 0.7280715449, 0.717106645, 0.0271395939, 1.9204047624, 0.5291504693, -0.0477012105, -0.2529409507, -0.0765476417, -0.039637424, -0.1843502826, -0.0687084883, -0.1976407362, -0.5010979792, 1.787655766, -0.0045867484, -0.5220054085, -0.7529972766, -0.645255617, -0.5964021072, -0.5718508844, -0.9240860065, -0.7647873261, -1.1458437271, 1.6579630975, -0.2459318959, -0.944399367, -0.7236692497, -0.8256073039, -0.8708056835, -1.0939103097, -1.0083663441, -1.1831404899, -1.240297194, 2.0054769376, -0.3234084992, -0.8640185086, -0.9404761495, -1.0983419315, -0.9317490206, -0.971925388, -1.1649031334, -1.1928093472, -1.4090096381, 1.9329670711, 0.0198811522, -0.9517482268, -1.0793038397, -0.9021608161, -0.9573092119, -0.9374476167, -0.9728750018, -1.0998431923, -1.4608323581, 1.9670416005, 0.1373504785, -0.4694437407, -0.8067949284, -0.5602482936, -0.9734756008, -0.8772734835, -0.7394123086, -0.786046091, -0.9750655275, 2.1397773617, 0.452742682, -0.0381660741, -0.0823981956, -0.2741432943, -0.3578942847, -0.3618297221, -0.1905999624, -0.2396013131, -0.6457475207, 1.9592881007, 0.6612554332, 0.525576542, 0.4312441062, 0.5027626485, 0.137255308, 0.248564245, 0.1852125422, 0.0654378113, -0.0426940516]}