{"source": [{"position": [382.080271658584, 285.5585159110172], "counts": 500000.0}, {"position": [-180.46443588264893, -444.7837535045061], "counts": 500000.0}], "output": [0.0, 0.0, 0.0, 0.0, 0.0, 0.0, 0.0, 0.0, 0.0, 0.0, 0.0, 0.0, 0.4630335548, 0.0369664452, 0.0, 0.0, 0.0, 0.0, 0.0, 0.0, 0.0, 0.0, 0.0, 0.0, 0.0, 0.0, 0.0, 0.0, 0.0, 0.0, 0.0, 0.0, 0.0, 0.0, 0.0, 0.0, 0.0, 0.0, 0.2312318347, 0.2687681653, 0.0, 0.0, 0.0, 0.0, 0.0, 0.0, 0.0, 0.0, 0.0, 0.0, 0.0, 0.0, 0.0, 0.0, 0.0, 0.0, 0.0, 0.0, 0.0, 0.0, 0.0, 0.0, 0.0, 0.0], "num_sources": 2, "seg_angles": 64, "input": [0.584474443, 0.5020335711, 0.6697493273, 0.7469950556, 0.9893072951, 1.2494734611, 1.3419757168, 1.4412963111, 2.2678068136, 3.2257918054, -0.0275145801, -0.3754739713, 0.4544925041, 0.0078424898, 0.2303486146, 0.3272929207, 0.2983917878, 1.3319928914, 2.247272702, 2.4452272171, -0.0386215276, -0.7925570695, -0.6437095936, -0.1006078294, -0.2362128705, 0.1533156506, 0.0201284389, 0.4016847036, 1.3221811792, 2.0136297374, -0.1681799994, -1.0619563655, -1.0793195311, -0.8302139535, -0.9206027445, -0.6521746907, -0.460521376, 0.3605433889, 0.6355641651, 1.8659268274, -0.4026943412, -1.0110963776, -1.3432886758, -1.4588232294, -0.9358637126, -0.7514594234, -0.5598387494, -0.1795131517, 0.4281160118, 1.3418507777, -0.163787767, -1.1481983013, -1.3015419663, -1.2777396175, -1.3332547489, -1.387882687, -0.9919802493, -0.7303261572, 0.103719499, 1.1012405487, -0.0724654021, -0.882673585, -1.2831398626, -1.4186475693, -1.5033721521, -1.5751203453, -1.0891665901, -0.4595882407, 0.2289270082, 1.0104804818, 0.471634283, -0.6084322771, -0.9301322858, -1.2353802659, -1.1957624451, -1.0434547132, -0.8693585923, -0.6154041478, -0.489489103, 0.8686475615, 1.1929298749, 0.0877023968, -0.2813440185, -0.3237123964, -0.5815262192, -0.5848029809, -0.2124727991, -0.6069550877, -0.0884663537, 0.3405625158, 1.663038837, 0.6701720882, 0.8224041323, 0.6566151124, 0.2793980182, 0.1522461071, 0.2146139436, 0.4638154479, 0.4204637439, 0.6625052825]}