{"source": [{"position": [-470.01502944058916, 152.05877843768894], "counts": 500000.0}, {"position": [-135.92472882826402, -479.0912941110107], "counts": 500000.0}], "output": [0.0, 0.0, 0.0, 0.0, 0.0, 0.0, 0.0, 0.0, 0.0, 0.0, 0.0, 0.0, 0.0, 0.4079432858, 0.0920567142, 0.0, 0.0, 0.0, 0.0, 0.0, 0.0, 0.0, 0.0, 0.0, 0.0, 0.0, 0.0, 0.0, 0.0, 0.0, 0.0, 0.0, 0.0, 0.0, 0.0, 0.0, 0.0, 0.0, 0.0, 0.0, 0.0, 0.0, 0.0, 0.0, 0.0, 0.0, 0.0, 0.0, 0.0, 0.0, 0.0, 0.0, 0.0, 0.0, 0.0, 0.0, 0.0, 0.0, 0.0, 0.0, 0.0935447293, 0.4064552707, 0.0, 0.0], "num_sources": 2, "seg_angles": 64, "input": [2.1487814047, 2.0614173326, 1.5538446847, 1.0374611836, 0.8632991928, 0.978837106, 0.8622447185, 0.7048648583, 0.9246417978, 0.3419360553, 1.8120345504, 1.4923381808, 1.388098943, 1.1451896647, 0.902528213, 0.6519659171, 0.196227905, 0.2673598041, 0.0897683383, -0.2180359698, 1.5361204318, 1.3803365673, 0.9353525332, 0.8582776489, 0.1856116814, -0.2581354419, -0.1738375087, -0.210772854, -0.3678362892, -0.6562029195, 1.8423281176, 1.0167280726, 0.5962710339, 0.1919728371, -0.3181412954, -0.5025691384, -0.5631628731, -0.7833117422, -0.7436172681, -1.0225843461, 2.3087157842, 0.8308083005, 0.1130919479, -0.1916064434, -0.4770673623, -0.4886922314, -0.704478979, -0.9888889368, -1.0361475115, -1.2720159719, 1.9224932897, 0.8670161374, 0.0154717496, -0.5522894113, -0.6527456428, -0.8537019186, -1.084475656, -0.9807196455, -1.1864203824, -1.3195099305, 1.9779449266, 0.671703431, -0.0949335231, -0.6345757082, -0.8756787628, -1.134167021, -1.0240550807, -1.1671156987, -1.2851098023, -1.4166205669, 1.5172693811, 0.2940584334, -0.3713353813, -0.525015901, -0.8952190712, -1.1448568444, -1.1726267953, -1.1760772541, -1.2767273774, -1.3628321619, 1.4837364727, 0.3055745519, -0.1024830548, -0.6021242513, -0.8260947541, -0.9864121302, -1.0800958204, -1.1059561927, -1.0750773335, -1.2073711377, 1.7648568835, 0.3544799332, -0.1235308133, -0.1027933839, -0.4111398197, -0.2856371875, -0.3772859811, -0.2188659106, -0.3893113466, -0.3349662594]}