{"source": [{"position": [109.58267070801843, -196.51116579089847], "counts": 500000.0}, {"position": [407.88420216819964, -282.2170753544357], "counts": 500000.0}], "output": [0.0, 0.0, 0.0, 0.0, 0.0, 0.0, 0.0, 0.0, 0.0, 0.0, 0.0, 0.0, 0.0, 0.0, 0.0, 0.0, 0.0, 0.0, 0.0, 0.0, 0.0, 0.4092598442, 0.0907401558, 0.0, 0.0, 0.0826266131, 0.4173733869, 0.0, 0.0, 0.0, 0.0, 0.0, 0.0, 0.0, 0.0, 0.0, 0.0, 0.0, 0.0, 0.0, 0.0, 0.0, 0.0, 0.0, 0.0, 0.0, 0.0, 0.0, 0.0, 0.0, 0.0, 0.0, 0.0, 0.0, 0.0, 0.0, 0.0, 0.0, 0.0, 0.0, 0.0, 0.0, 0.0, 0.0], "num_sources": 2, "seg_angles": 64, "input": [1.549601849, 1.9499191524, 1.8458404082, 1.9037371132, 1.8493134335, 1.7275118928, 1.885509913, 1.7766757373, 1.7964006334, 1.9489266501, 0.3928069622, 0.8500307248, 0.9563443591, 0.7931318909, 0.8500344445, 0.6964545203, 0.8976282701, 0.9340060136, 1.0510023803, 1.4007374296, -0.2503468605, -0.0522815027, 0.0907655871, 0.0915512758, 0.0574773924, 0.1427111159, 0.3209531666, 0.4610817618, 0.628272405, 1.6408648264, -0.5648854542, -0.3903810502, -0.2179123344, -0.4474269337, -0.260780383, -0.3355747608, -0.2082090038, -0.0249075133, 0.5292157974, 1.3111138543, -0.8484601811, -0.7164044567, -0.7346083297, -0.6419735397, -0.4939362449, -0.5445960185, -0.3928419566, -0.2306040224, 0.4332777845, 1.7015771242, -0.9541896651, -0.953638404, -0.7946474908, -0.7775552022, -0.8289991199, -0.6350140467, -0.4794576241, -0.2782566839, 0.3248391737, 1.520834044, -1.0987165976, -1.0801002045, -1.0310129856, -1.0156069449, -0.8595906285, -0.8500835172, -0.6526434247, -0.2028349928, 0.3300404023, 1.6002702957, -1.191014349, -1.1028605074, -1.1163227022, -1.0186101656, -1.0105433151, -0.8652377708, -0.6457999048, -0.2596849298, 0.4937852119, 1.4871366739, -1.235042619, -1.2030459694, -1.1307113399, -1.1464082012, -1.0705140225, -0.8171999229, -0.7121416381, -0.3479971614, 0.1652943344, 1.184897013, -1.2854755289, -1.2253848138, -1.2461966435, -1.1769093445, -1.1132277639, -0.9705232262, -0.8265648991, -0.4398904415, 0.1697704575, 1.2644417831]}