{"source": [{"position": [-142.70470814353462, -78.76779972595779], "counts": 500000.0}, {"position": [-287.812003669978, 360.1183840676182], "counts": 500000.0}], "output": [0.0, 0.0, 0.0, 0.0, 0.0, 0.4313690999, 0.0686309001, 0.0, 0.0, 0.0, 0.0, 0.0, 0.0, 0.0, 0.0, 0.0, 0.0, 0.0, 0.0, 0.0, 0.0, 0.0, 0.0, 0.0, 0.0, 0.0, 0.0, 0.0, 0.0, 0.0, 0.0, 0.0, 0.0, 0.0, 0.0, 0.0, 0.0, 0.0, 0.0, 0.0, 0.0, 0.0, 0.0, 0.0, 0.0, 0.0, 0.0, 0.0, 0.0, 0.0, 0.0, 0.0, 0.0, 0.0, 0.0660114131, 0.4339885869, 0.0, 0.0, 0.0, 0.0, 0.0, 0.0, 0.0, 0.0], "num_sources": 2, "seg_angles": 64, "input": [1.6828720188, 1.3984024867, 1.114454081, 0.9882489262, 0.8276998241, 0.6660496463, 0.6849113802, 0.6244849173, 0.659109402, 0.4247460166, 2.0973470357, 0.9905350012, 0.3367852388, 0.0109605004, -0.051759565, -0.3019251875, -0.218415065, -0.2515158811, -0.2922490742, -0.5398418738, 2.0868059881, 1.2116322391, 0.1476916958, -0.3001132208, -0.4184557518, -0.6932246402, -0.6552090484, -0.8494840966, -0.9722770949, -0.9024895546, 2.2494870238, 1.0306053851, 0.1389356506, -0.290730786, -0.5558146455, -0.9260047054, -1.0591850797, -1.0813049644, -1.1048381307, -1.2078019028, 2.1370943979, 1.0706097318, 0.2854386321, -0.2047036444, -0.6323090712, -0.8066710084, -1.1398512249, -1.2011844922, -1.1960924959, -1.2673900502, 1.9852557425, 1.2921904798, 0.3454104025, -0.3010460727, -0.63456917, -0.9343313092, -0.9925512334, -1.1173337826, -1.1922403349, -1.2517380432, 2.2347907856, 1.2120445623, 0.5924110305, -0.3026438406, -0.4799364934, -0.8027645853, -0.9332558916, -1.0229708118, -1.1202884587, -1.1364465427, 2.3296056791, 1.353798214, 0.2081690112, -0.1441896413, -0.4959002236, -0.5674665076, -0.7599569925, -0.8459826843, -0.990268954, -1.1043306273, 1.9226942429, 1.3707798842, 0.5896267969, -0.0286350578, -0.1247455786, -0.5120587973, -0.5986261931, -0.6899244755, -0.6899569214, -0.7861820379, 1.7185002104, 1.1768047139, 0.5575059122, 0.2050065181, -0.2687217594, -0.2815015236, -0.1440773235, -0.4617032627, -0.5477751221, -0.5745388968]}