{"source": [{"position": [226.99925902573483, 0.5800015235663719], "counts": 500000.0}, {"position": [-63.87522704024274, -272.6168655284509], "counts": 500000.0}], "output": [0.0, 0.0, 0.0, 0.0, 0.0, 0.0, 0.0, 0.0, 0.0, 0.0, 0.0, 0.0, 0.0, 0.1721560417, 0.3278439583, 0.0, 0.0, 0.0, 0.0, 0.0, 0.0, 0.0, 0.0, 0.0, 0.0, 0.0, 0.0, 0.0, 0.0, 0.0, 0.0, 0.0, 0.486987107, 0.013012893, 0.0, 0.0, 0.0, 0.0, 0.0, 0.0, 0.0, 0.0, 0.0, 0.0, 0.0, 0.0, 0.0, 0.0, 0.0, 0.0, 0.0, 0.0, 0.0, 0.0, 0.0, 0.0, 0.0, 0.0, 0.0, 0.0, 0.0, 0.0, 0.0, 0.0], "num_sources": 2, "seg_angles": 64, "input": [0.0951760426, 0.5955553256, 0.7922816746, 0.6920649607, 0.7188198546, 0.9956261285, 1.5182091962, 1.5778924392, 2.3316430489, 2.8281796234, -0.1243664731, 0.0031517534, 0.301758032, 0.4129646524, 0.5104806859, 0.7574368062, 1.0523226482, 1.534381841, 2.2020894797, 2.3213600828, -0.4635467011, -0.4564936701, -0.1664314938, -0.0834898044, -0.0822925764, 0.4678323727, 0.6284109372, 1.0192215875, 1.5481582641, 2.0853345914, -0.4936364574, -0.7311304652, -0.5955575683, -0.5318059545, -0.4215038658, -0.0882250192, 0.1431942337, 0.801454591, 1.0366373305, 1.6858306325, -0.5439309031, -1.0172302916, -0.9156301766, -0.8987433945, -0.4353706928, -0.452230109, -0.1947927203, 0.4474745996, 1.0690885311, 1.4750571816, -0.6701165959, -1.1456637917, -1.0309683646, -0.9955182729, -0.670563235, -0.3274090126, -0.3711713897, 0.212126386, 0.7801811802, 1.438185959, -0.5870175823, -0.9936130903, -1.1767624468, -1.0180331559, -0.851946769, -0.7263608438, -0.3475145655, -0.1190356796, 0.538869005, 1.1726257976, -0.6310718254, -1.1875131277, -1.2294743244, -1.0565985643, -1.047935877, -0.7141791826, -0.3302800965, 0.1664277849, 0.454140579, 1.0512145103, -0.5905307048, -1.1767643104, -1.3482027521, -1.2958292214, -1.1528701793, -1.0161033808, -0.3321912999, -0.0917737911, 0.1627603298, 1.2070079495, -0.7956334535, -1.3900121459, -1.4764178942, -1.3893329948, -1.2334821889, -1.1199755594, -0.8811858378, -0.5102620415, 0.0009254984, 0.892169778]}