{"source": [{"position": [-276.1971692787465, 371.59672184023293], "counts": 500000.0}, {"position": [87.11936059332116, 63.82959352691259], "counts": 500000.0}], "output": [0.0, 0.0, 0.0, 0.0, 0.0, 0.0, 0.0, 0.0, 0.0, 0.0, 0.0, 0.0, 0.0, 0.0, 0.0, 0.0, 0.0, 0.0, 0.0, 0.0, 0.0, 0.0, 0.0, 0.0, 0.0, 0.0, 0.0, 0.0, 0.0, 0.0, 0.0, 0.0, 0.0, 0.0, 0.0, 0.0, 0.0, 0.0, 0.2796398758, 0.2203601242, 0.0, 0.0, 0.0, 0.0, 0.0, 0.0, 0.0, 0.0, 0.0, 0.0, 0.0, 0.0, 0.0, 0.0, 0.2446789271, 0.2553210729, 0.0, 0.0, 0.0, 0.0, 0.0, 0.0, 0.0, 0.0], "num_sources": 2, "seg_angles": 64, "input": [-0.9622568232, -1.0724698175, -1.1890965439, -1.1686241791, -1.1502834843, -0.9201965654, -0.7939233351, -0.3624784036, 0.2117042832, 1.0840538542, -0.7747264526, -1.036655067, -1.1633713441, -1.1530378877, -1.1132987203, -0.9005882204, -0.5838244717, -0.215137788, 0.5461261478, 1.2633949516, -0.7727207312, -1.061392721, -1.1035874633, -1.0694422549, -0.9774042042, -0.988311852, -0.577879595, -0.1294616551, 0.5563235189, 1.6771746462, -0.8310805517, -0.9357248232, -1.1097425783, -1.051216996, -1.0240024788, -0.7412602474, -0.4790581724, 6.59941e-05, 0.6671283193, 1.449902636, -0.6914348068, -0.8492562826, -1.0172952761, -1.0792460132, -0.9204423763, -0.8224351902, -0.4966198752, 0.0670987054, 0.7244749014, 1.5570152072, -0.6474589453, -0.7806831681, -0.9471422257, -0.8128079447, -0.8390705798, -0.5172013223, -0.3598043394, 0.0532822537, 0.9184014389, 1.7199060582, -0.4347472828, -0.7077420574, -0.7102882158, -0.6804981043, -0.7010058892, -0.4456088849, -0.2006452025, 0.2745034648, 0.8305965346, 1.9693468414, -0.2923067665, -0.1822476183, -0.2607236514, -0.2752205692, -0.1951714461, -0.0933915499, -0.0010305781, 0.3557540076, 0.9060330392, 1.6957515001, 0.4639751643, 0.6350867716, 0.4979435716, 0.4202936822, 0.6335494605, 0.5025121253, 0.6865383849, 0.6661643135, 1.1613568277, 1.7329229746, 1.3720089784, 1.6013017078, 1.6589386284, 1.676737513, 1.5681085228, 1.8451243177, 1.9383810952, 1.9709180154, 1.9530012758, 1.8608799561]}