{"source": [{"position": [-22.38077388219822, 159.436824355084], "counts": 500000.0}, {"position": [-257.42541036781216, 247.34825266608115], "counts": 500000.0}], "output": [0.0, 0.0, 0.0, 0.0, 0.0, 0.0, 0.0, 0.0, 0.0, 0.0, 0.0, 0.0, 0.0, 0.0, 0.0, 0.0, 0.0, 0.0, 0.0, 0.0, 0.0, 0.0, 0.0, 0.0, 0.0, 0.0, 0.0, 0.0, 0.0, 0.0, 0.0, 0.0, 0.0, 0.0, 0.0, 0.0, 0.0, 0.0, 0.0, 0.0, 0.0, 0.0, 0.0, 0.0, 0.0, 0.0, 0.0, 0.0, 0.0, 0.289722474, 0.210277526, 0.0, 0.0, 0.0, 0.0, 0.0, 0.3983391371, 0.1016608629, 0.0, 0.0, 0.0, 0.0, 0.0, 0.0], "num_sources": 2, "seg_angles": 64, "input": [0.1142559376, -0.5953341261, -0.8628958524, -0.9910450128, -1.1564540336, -1.0971334226, -1.1342913812, -1.1961355863, -1.2332467848, -1.2318108597, 0.2582270831, -0.4710840022, -0.7273654429, -0.9098825346, -0.9917239856, -1.0282046641, -1.1094205289, -1.0945638784, -1.1197286885, -1.1248882616, 0.4185195771, -0.3590225571, -0.6801047801, -0.7868243501, -0.8915345434, -0.9018512384, -1.0848921218, -1.0860612827, -1.062800023, -1.0895667232, 0.3984458804, -0.1840082424, -0.521089795, -0.6751688241, -0.7852416699, -0.7912029345, -0.9122090703, -0.8822766143, -0.9330671329, -1.0153829467, 0.4410996649, -0.0203457997, -0.4024758196, -0.6559920074, -0.6675505929, -0.6601787651, -0.6868094964, -0.6323651324, -0.7378193513, -0.8140823813, 0.6344530962, 0.0526305885, -0.2033073806, -0.2461307503, -0.3488549328, -0.4294983944, -0.5278158669, -0.2957248344, -0.4760477635, -0.685044682, 0.7048450056, 0.3267735748, 0.146196933, 0.0198596945, 0.0090770812, -0.0064960033, -0.0542565296, -0.073018874, -0.1368607331, -0.1490556304, 0.9314844837, 0.7365284553, 0.6323278159, 0.4249378058, 0.3746763194, 0.6468352185, 0.4744254407, 0.4812444554, 0.4032328142, 0.1472342804, 1.0753188633, 1.2381881323, 1.4472912321, 1.2806661766, 1.3756580771, 1.2625907393, 1.3973665152, 1.0677520309, 1.0445441789, 1.019706172, 1.6946832438, 1.9563841215, 2.0882843669, 2.0814691289, 2.2924623505, 2.1136163492, 2.1846965874, 2.3052055804, 2.1957194576, 1.7283311074]}