{"source": [{"position": [-297.9988813849982, 0.8165128840378316], "counts": 500000.0}, {"position": [29.42475568947675, -150.1438768402315], "counts": 500000.0}], "output": [0.4860453987, 0.0, 0.0, 0.0, 0.0, 0.0, 0.0, 0.0, 0.0, 0.0, 0.0, 0.0, 0.0, 0.0, 0.0, 0.0, 0.0, 0.0143884589, 0.4856115411, 0.0, 0.0, 0.0, 0.0, 0.0, 0.0, 0.0, 0.0, 0.0, 0.0, 0.0, 0.0, 0.0, 0.0, 0.0, 0.0, 0.0, 0.0, 0.0, 0.0, 0.0, 0.0, 0.0, 0.0, 0.0, 0.0, 0.0, 0.0, 0.0, 0.0, 0.0, 0.0, 0.0, 0.0, 0.0, 0.0, 0.0, 0.0, 0.0, 0.0, 0.0, 0.0, 0.0, 0.0, 0.0139546013], "num_sources": 2, "seg_angles": 64, "input": [2.5182498777, 2.6388160198, 1.9100021058, 1.8126092135, 1.9430990705, 1.7201733864, 1.8888178987, 1.3942295882, 1.475762508, 1.2093345184, 1.9202274835, 1.9369588342, 1.4544978334, 1.4796135482, 1.1744978263, 1.071202928, 0.8741803592, 0.9019091397, 0.8261176354, 0.6229777038, 1.2904577136, 1.1811197616, 1.1343692423, 0.7008021488, 0.4942736969, 0.3548169249, 0.5581886931, 0.3081632531, 0.0169204574, 0.1832465472, 0.9377159115, 0.7310077179, 0.4843087425, 0.1854371803, 0.0824521947, -0.0159051081, -0.2058990404, -0.3879393123, -0.5062633303, -0.144272217, 0.723424455, 0.1948892461, -0.0587374227, -0.1933100756, -0.1538154795, -0.5513279197, -0.5863750601, -0.6255569148, -0.6406223992, -0.2275285255, 0.2906735552, 0.1866033407, -0.2381925513, -0.5841191411, -0.6045066626, -0.8685527878, -0.7968600518, -0.9274828975, -0.8967662718, -0.3296573322, 0.1937533136, -0.0305234911, -0.275427441, -0.5596996281, -0.7112611695, -0.9607741556, -1.0923572116, -1.1773412835, -1.0493976144, -0.4265127701, 0.2523437228, -0.0651196704, -0.5318762158, -0.7343377838, -0.962501421, -1.1827720437, -1.1504134281, -1.1706058324, -1.1652994636, -0.2498934975, -0.0574150484, -0.3789180472, -0.6357443616, -0.7735075797, -0.9732948508, -1.248785481, -1.2866885982, -1.208693679, -1.2978773006, -0.3986907849, -0.2263630686, -0.6039281729, -0.8608670229, -1.0488328859, -1.2004509411, -1.2857668985, -1.3555790555, -1.3801151115, -1.3322543832, -0.6646674038]}