{"source": [{"position": [-192.68571364164322, 228.6333653656235], "counts": 500000.0}, {"position": [-68.2371568090156, 97.49200188026613], "counts": 500000.0}], "output": [0.0, 0.0, 0.0, 0.0, 0.0, 0.0, 0.0, 0.0, 0.0, 0.0, 0.0, 0.0, 0.0, 0.0, 0.0, 0.0, 0.0, 0.0, 0.0, 0.0, 0.0, 0.0, 0.0, 0.0, 0.0, 0.0, 0.0, 0.0, 0.0, 0.0, 0.0, 0.0, 0.0, 0.0, 0.0, 0.0, 0.0, 0.0, 0.0, 0.0, 0.0, 0.0, 0.0, 0.0, 0.0, 0.0, 0.0, 0.0, 0.0, 0.0, 0.0, 0.0, 0.0, 0.0, 0.3898522076, 0.5436376708, 0.0665101216, 0.0, 0.0, 0.0, 0.0, 0.0, 0.0, 0.0], "num_sources": 2, "seg_angles": 64, "input": [1.2360283805, 0.0241477375, -0.5072434298, -0.7957038153, -0.9823598385, -1.1158081122, -1.155456336, -1.2006839332, -1.2218745832, -1.2389797141, 1.2590954185, 0.3016325533, -0.4007873317, -0.7678433144, -0.9291734707, -1.0522096535, -1.1348111466, -1.177413998, -1.1785497214, -1.1795631706, 1.4767864151, 0.3873428516, -0.3220234566, -0.7605198483, -0.898131013, -1.0290275512, -1.0866874673, -1.0833042604, -1.1015218162, -1.1281143566, 1.5887400512, 0.4694348649, -0.308987165, -0.6983656024, -0.8592737886, -0.9288082257, -0.9257224667, -1.0052450235, -1.0235677242, -1.0975888363, 1.4799478982, 0.3211712253, -0.166674987, -0.5838241605, -0.7083657688, -0.8634563421, -0.8196665365, -0.8649811944, -0.8712356346, -0.9816430058, 1.3283845694, 0.4476746829, -0.2923404772, -0.4645666712, -0.5997190653, -0.6430178665, -0.6862725972, -0.6418515027, -0.6592410914, -0.8558109912, 1.3585519669, 0.4215617649, -0.0827366097, -0.1782554166, -0.2963063299, -0.368016173, -0.2989833876, -0.3800008164, -0.3380513622, -0.4650866303, 1.5542061498, 0.6171173782, 0.239481553, 0.2542761721, 0.0768252966, 0.2785270044, 0.1845698234, 0.2136771222, 0.1217798115, -0.0324281733, 1.5570851213, 0.9925135308, 1.0231992845, 0.9785568236, 0.8436822091, 0.9490203026, 1.1211436109, 0.8644458466, 0.782566649, 0.6075489157, 1.7173189572, 1.7626020552, 1.8454105882, 1.7043155376, 1.9320687953, 1.881155628, 1.9663102941, 1.9412403124, 1.8052921167, 1.5214456923]}