{"source": [{"position": [-5.904153543330711, 59.708801452857635], "counts": 500000.0}, {"position": [287.0015218991462, -150.35333859803004], "counts": 500000.0}], "output": [0.0, 0.0, 0.0, 0.0, 0.0, 0.0, 0.0, 0.0, 0.0, 0.0, 0.0, 0.0, 0.0, 0.0, 0.0, 0.0, 0.0, 0.0, 0.0, 0.0, 0.0, 0.0, 0.0, 0.0, 0.0, 0.0, 0.0, 0.4576874932, 0.0423125068, 0.0, 0.0, 0.0, 0.0, 0.0, 0.0, 0.0, 0.0, 0.0, 0.0, 0.0, 0.0, 0.0, 0.0, 0.0, 0.0, 0.0, 0.0, 0.0, 0.0, 0.4980275431, 0.0019724569, 0.0, 0.0, 0.0, 0.0, 0.0, 0.0, 0.0, 0.0, 0.0, 0.0, 0.0, 0.0, 0.0], "num_sources": 2, "seg_angles": 64, "input": [-0.7772990862, -0.8514021626, -0.8590878867, -0.783532137, -0.8022309953, -0.7605007924, -0.8304911553, -0.792130904, -0.8086833606, -0.7269416502, -0.9214322634, -0.9566145035, -0.9539101804, -0.9662511728, -1.0239229262, -0.9095490022, -0.9248428554, -0.8843179363, -0.7977840303, -0.6501380002, -0.9279087059, -0.9775475933, -0.926615695, -0.968168701, -0.959679048, -0.9012710344, -0.9062058911, -0.8043887091, -0.749395796, -0.6008127915, -0.9462380538, -0.8571525836, -0.8700936681, -0.8528485495, -0.8452414649, -0.7728143891, -0.7557721594, -0.5920143396, -0.483707574, -0.4791867122, -0.8332786311, -0.6746202984, -0.5964740596, -0.6517028327, -0.4892801849, -0.5279133631, -0.5326770409, -0.4304194637, -0.2745954636, -0.306427695, -0.6481492307, -0.4679754242, -0.444270935, -0.3826516487, -0.3085984237, -0.2783178919, -0.2763852539, -0.1045734918, -0.1142883158, -0.1218647554, -0.3356401256, -0.1748372951, 0.0006641681, 0.0727062264, 0.1122767147, 0.1669143916, 0.2156905364, 0.3442255355, 0.3330490809, 0.2605503989, 0.0605740971, 0.4235688712, 0.4753759633, 0.6017182715, 0.8022817477, 0.7582954735, 0.7160881785, 0.7655228369, 0.8832977078, 0.7593614622, 0.815065678, 1.106219385, 1.2775610961, 1.3378483207, 1.3120962738, 1.480327713, 1.5555723933, 1.5177045758, 1.7790092521, 1.4961303551, 1.6523440397, 2.0259180466, 2.0155081454, 2.1091504049, 2.0173096128, 2.0059520894, 2.0601205118, 2.297113747, 2.330179453, 2.1897755294]}