{"source": [{"position": [-14.367093995479523, -98.9625515542372], "counts": 500000.0}, {"position": [-8.855887582405707, -224.82565079440514], "counts": 500000.0}], "output": [0.0, 0.0, 0.0, 0.0, 0.0, 0.0, 0.0, 0.0, 0.0, 0.0, 0.0, 0.0, 0.0, 0.0, 0.2342510078, 0.4662570745, 0.2994919178, 0.0, 0.0, 0.0, 0.0, 0.0, 0.0, 0.0, 0.0, 0.0, 0.0, 0.0, 0.0, 0.0, 0.0, 0.0, 0.0, 0.0, 0.0, 0.0, 0.0, 0.0, 0.0, 0.0, 0.0, 0.0, 0.0, 0.0, 0.0, 0.0, 0.0, 0.0, 0.0, 0.0, 0.0, 0.0, 0.0, 0.0, 0.0, 0.0, 0.0, 0.0, 0.0, 0.0, 0.0, 0.0, 0.0, 0.0], "num_sources": 2, "seg_angles": 64, "input": [1.7857026848, 2.274093042, 2.1066743979, 2.1851062619, 2.2133446699, 2.1922851163, 2.2010948964, 2.1867095731, 2.2136149631, 1.6926483819, 1.0027966678, 1.4148315104, 1.4072244315, 1.3893549782, 1.3925523787, 1.6096971543, 1.4273442549, 1.1392171777, 1.2781748783, 0.9429405254, 0.39587728, 0.6841315643, 0.7481300207, 0.8061790749, 0.7019437427, 0.8022009786, 0.8535677192, 0.5226232947, 0.636745456, 0.2997552586, -0.0757702111, 0.1095904579, 0.1999494217, 0.1441993557, 0.3470058475, 0.1656867981, 0.212459589, 0.1043661931, -0.0285669918, -0.1484098398, -0.182944148, -0.2685847564, -0.2801931734, -0.2029889541, -0.1416284116, -0.2215059141, -0.1535956004, -0.2146136388, -0.3296834032, -0.4202487376, -0.3263558633, -0.578171626, -0.5533589923, -0.541544796, -0.5229888908, -0.5280845068, -0.4463182829, -0.4595177762, -0.5657558484, -0.6396998183, -0.4176941122, -0.7310437036, -0.6870584654, -0.6458419345, -0.6629470892, -0.6587058263, -0.6673695104, -0.7405179399, -0.7685044136, -0.8337274333, -0.4722560538, -0.8480136162, -0.8367100893, -0.855209799, -0.8500786136, -0.8835138012, -0.8294026224, -0.8485453781, -0.8886614656, -0.9432513879, -0.6007005398, -0.9592712229, -0.9359054324, -0.9472331411, -0.9437492821, -0.922041117, -0.90566851, -0.9558315795, -0.949293858, -1.0121056205, -0.5824726579, -0.9879070916, -0.9967649555, -1.0002089301, -1.0421421109, -1.0387693627, -0.9987016934, -1.0118660136, -1.0400435088, -1.0595599324]}