{"source": [{"position": [177.45061140034372, -13.974280433861255], "counts": 500000.0}, {"position": [4.921942901231714, -55.78328134913734], "counts": 500000.0}], "output": [0.0, 0.0, 0.0, 0.0, 0.0, 0.0, 0.0, 0.0, 0.0, 0.0, 0.0, 0.0, 0.0, 0.0, 0.0, 0.0, 0.0517922135, 0.4482077865, 0.0, 0.0, 0.0, 0.0, 0.0, 0.0, 0.0, 0.0, 0.0, 0.0, 0.0, 0.0, 0.0, 0.4002457176, 0.0997542824, 0.0, 0.0, 0.0, 0.0, 0.0, 0.0, 0.0, 0.0, 0.0, 0.0, 0.0, 0.0, 0.0, 0.0, 0.0, 0.0, 0.0, 0.0, 0.0, 0.0, 0.0, 0.0, 0.0, 0.0, 0.0, 0.0, 0.0, 0.0, 0.0, 0.0, 0.0], "num_sources": 2, "seg_angles": 64, "input": [1.4431810047, 1.8645653814, 1.8531510072, 1.9791324119, 1.8508036227, 2.1115051193, 2.1372248171, 2.2060091194, 2.275154862, 2.3635921724, 0.6527175066, 0.9400800486, 1.1613599145, 1.2576272404, 1.3486976956, 1.2345432385, 1.3507212002, 1.5719193263, 1.7758429381, 1.5935154145, -0.0123412165, 0.3395748721, 0.3890322351, 0.5170122124, 0.5670085258, 0.7760063878, 0.7344737153, 0.8284791062, 1.0399426377, 0.845899267, -0.4362567959, -0.1871229054, -0.0479781343, -0.0016292176, 0.0754880537, 0.1903163609, 0.3063198292, 0.469350148, 0.4598425384, 0.5123669324, -0.6572415818, -0.5613247821, -0.4293038227, -0.4185684731, -0.3000541366, -0.1946246516, -0.1064531082, 0.0156701521, 0.2677072248, 0.2308771437, -0.916345026, -0.8244875546, -0.7124101058, -0.6463420128, -0.6154273886, -0.4816987197, -0.3576614053, -0.281630713, -0.1295370038, -0.0954281117, -1.0688048744, -0.9356938999, -0.8147431855, -0.8433468105, -0.8268698579, -0.6437833998, -0.5503231126, -0.4553417867, -0.3439564746, -0.1575845493, -1.1171837532, -1.1024479254, -1.0456218915, -0.9845262902, -0.9335950912, -0.8105902394, -0.6766997474, -0.5425898449, -0.3676916841, -0.2657881016, -1.2201392825, -1.1535854668, -1.1276779231, -1.0588295455, -1.0435575573, -0.9647248143, -0.7544704082, -0.5896498079, -0.4391752095, -0.300459025, -1.2748979789, -1.2304360346, -1.2343645848, -1.1658494303, -1.1133000913, -1.078702407, -0.9750517608, -0.7930710018, -0.6588003407, -0.4589193266]}