{"source": [{"position": [41.83452789506426, 9.943453916878719], "counts": 500000.0}, {"position": [-32.71224501496422, 95.55579012326228], "counts": 500000.0}], "output": [0.0, 0.0, 0.0, 0.0, 0.0, 0.0, 0.0, 0.0, 0.0, 0.0, 0.0, 0.0, 0.0, 0.0, 0.0, 0.0, 0.0, 0.0, 0.0, 0.0, 0.0, 0.0, 0.0, 0.0, 0.0, 0.0, 0.0, 0.0, 0.0, 0.0, 0.0, 0.0, 0.0, 0.0, 0.3115315441, 0.1884684559, 0.0, 0.0, 0.0, 0.0, 0.0, 0.0, 0.0, 0.0, 0.0, 0.0, 0.0, 0.0, 0.0, 0.0, 0.0, 0.3201819733, 0.1798180267, 0.0, 0.0, 0.0, 0.0, 0.0, 0.0, 0.0, 0.0, 0.0, 0.0, 0.0], "num_sources": 2, "seg_angles": 64, "input": [-0.8645371854, -1.2170141543, -1.2628295591, -1.2321771862, -1.1082389605, -0.9410793592, -0.6396638984, -0.1432717406, 0.4468465313, 1.2545553827, -0.7408375377, -1.1337696864, -1.1914979198, -1.1125113477, -0.9235369577, -0.7688819677, -0.3699827571, 0.1227655786, 0.8016916346, 1.5139234702, -0.7468881377, -1.1108424382, -1.1582494612, -1.0793403416, -0.8745864756, -0.7089006972, -0.3431929573, 0.1614429909, 0.8202924209, 1.6145142059, -0.731927767, -1.0640763993, -1.1112972588, -0.9704914808, -0.850556179, -0.6284298709, -0.1639970735, 0.3949796474, 1.018742062, 1.7168865515, -0.6909002076, -1.0472476902, -1.0411641177, -0.8635317579, -0.7547509718, -0.5827019728, -0.0760743189, 0.4134449065, 1.103064645, 1.813805692, -0.7073309439, -0.9846586486, -0.9586913469, -0.7776528456, -0.7057438378, -0.4172187052, -0.0431275093, 0.5393472641, 1.159100147, 1.9806245243, -0.6462495773, -0.8735569008, -0.8393737187, -0.6790714385, -0.427346732, -0.2353022911, 0.1577956208, 0.5513929147, 1.4003416836, 2.0799282297, -0.5390916426, -0.6306971357, -0.5684502499, -0.4311200147, -0.2848456043, 0.0035073367, 0.3556659021, 0.8507381825, 1.6058058943, 2.280522299, -0.5200460545, -0.3957162047, -0.2899428498, -0.1852175454, -0.0164791173, 0.1602586241, 0.5747173126, 1.2357655056, 1.8020873758, 2.4472278453, 0.2101052482, 0.4778958375, 0.5455864178, 0.586579259, 0.8168154416, 0.8426076636, 0.9932562273, 1.2820557392, 1.8445657696, 2.4246587216]}