{"source": [{"position": [-164.1226092359403, 382.25615644170705], "counts": 500000.0}, {"position": [-27.105103847525484, -411.10742312127473], "counts": 500000.0}], "output": [0.0, 0.0, 0.0, 0.0, 0.0, 0.0, 0.0, 0.0, 0.0, 0.0, 0.0, 0.0, 0.0, 0.0, 0.0, 0.3353032429, 0.1646967571, 0.0, 0.0, 0.0, 0.0, 0.0, 0.0, 0.0, 0.0, 0.0, 0.0, 0.0, 0.0, 0.0, 0.0, 0.0, 0.0, 0.0, 0.0, 0.0, 0.0, 0.0, 0.0, 0.0, 0.0, 0.0, 0.0, 0.0, 0.0, 0.0, 0.0, 0.0, 0.0, 0.0, 0.0, 0.0, 0.4345436279, 0.0654563721, 0.0, 0.0, 0.0, 0.0, 0.0, 0.0, 0.0, 0.0, 0.0, 0.0], "num_sources": 2, "seg_angles": 64, "input": [2.6950449377, 2.3334692641, 1.9682446467, 1.5491934668, 1.0335920413, 1.1011131636, 1.2963955437, 1.2975962245, 0.924426129, 0.6693660772, 2.6602255368, 0.9944759708, 1.2013269186, 0.7474499007, 0.4778605123, 0.4267174825, 0.4932529644, 0.0907829735, 0.0921114171, -0.3073653727, 1.4379966934, 0.3819229613, 0.0521193503, -0.1891762413, -0.229738598, -0.5473750906, -0.3683711827, -0.1573165974, -0.7664591497, -0.8293828061, 1.1192153951, -0.2704407459, -1.1603679268, -0.6571262503, -0.3223617445, -1.1758644398, -0.6640486615, -0.8811114186, -0.9701569447, -1.3486493742, 1.0763536934, -0.4919690011, -1.1121149168, -1.2028132473, -1.0466846765, -0.9679159155, -1.0796481914, -1.0471292695, -1.0384624933, -1.6746940702, 0.9419271807, -0.7764720429, -0.7555461652, -1.0044579583, -0.9540767154, -0.8647817144, -0.9682444119, -1.1936261606, -1.2690045015, -1.7559975065, 0.4268661899, -0.7265982792, -0.7465799366, -0.715793571, -0.6156405522, -0.8709507206, -0.9988021001, -0.829988537, -1.331789119, -1.4259832895, 0.702660049, -0.2064241749, -0.0522274238, -0.5423457765, -0.3312144275, -0.656875512, -0.8370156972, -0.3980874984, -0.6029734677, -0.9947571108, 0.5674277874, 0.7975819912, 0.7301449117, 0.2272315518, 0.453158303, 0.7704385496, 0.2291671346, 0.7394739539, 0.2039178741, -0.2815942607, 1.1322462716, 1.262125181, 1.0883606946, 0.9066602076, 1.4290809772, 1.3326327057, 0.6589956646, 0.6261738808, 1.2893887678, 0.5786798652]}