{"source": [{"position": [-338.0208480873899, -272.2093059729621], "counts": 500000.0}, {"position": [28.142214241132933, -32.51177905938361], "counts": 500000.0}], "output": [0.0, 0.0, 0.0, 0.0, 0.0, 0.0, 0.0471459398, 0.4528540602, 0.0, 0.0, 0.0, 0.0, 0.0, 0.0, 0.0, 0.0, 0.0, 0.0, 0.0, 0.0, 0.0, 0.0, 0.0, 0.3662682461, 0.1337317539, 0.0, 0.0, 0.0, 0.0, 0.0, 0.0, 0.0, 0.0, 0.0, 0.0, 0.0, 0.0, 0.0, 0.0, 0.0, 0.0, 0.0, 0.0, 0.0, 0.0, 0.0, 0.0, 0.0, 0.0, 0.0, 0.0, 0.0, 0.0, 0.0, 0.0, 0.0, 0.0, 0.0, 0.0, 0.0, 0.0, 0.0, 0.0, 0.0], "num_sources": 2, "seg_angles": 64, "input": [1.4411773893, 1.5809570444, 1.7539736618, 1.8625594542, 1.9161331334, 1.9817123912, 1.9467602439, 2.1802607541, 2.1464242694, 1.960080871, 0.5248534646, 0.7109562938, 0.6380041892, 0.7408299535, 0.8460515917, 0.923857871, 0.9988952978, 1.1310034311, 0.9769180725, 1.8137665395, -0.1132008016, 0.0188853055, -0.0730486217, 0.1073114161, 0.0291929274, 0.152732535, 0.2308402475, 0.3213684523, 0.6947529359, 1.7060454453, -0.4511187467, -0.4519928958, -0.432994708, -0.3805164834, -0.3907044596, -0.3492668127, -0.2940576264, -0.0845211536, 0.564278503, 1.743727463, -0.6637704802, -0.6571910523, -0.7064707161, -0.6378380805, -0.6921875858, -0.6358558414, -0.5271776053, -0.1790952545, 0.4141217526, 1.4144697198, -0.8078936993, -0.8275977018, -0.8804773112, -0.8262918804, -0.8595347118, -0.7403528904, -0.6570666652, -0.2568654048, 0.4023109354, 1.5168099584, -0.8984419964, -0.9172656148, -0.9780964234, -0.9784542117, -0.9224949112, -0.8619348336, -0.6614017835, -0.2927438955, 0.3495689361, 1.4358177952, -0.963420926, -1.0268748664, -1.0509578678, -1.0809925048, -1.0232312818, -0.8851586292, -0.7325251182, -0.3233752178, 0.1988246881, 1.2321836779, -0.9912766411, -1.07371301, -1.1103109223, -1.124054752, -1.0674860287, -0.990053823, -0.7129908268, -0.3955773209, 0.1044685037, 1.1799730485, -1.0107340055, -1.134423422, -1.1708956883, -1.124188701, -1.1599281256, -1.0575586689, -0.8930739576, -0.5365542116, -0.0256956486, 0.8601148622]}