{"source": [{"position": [-169.68184795624492, -65.8184660574354], "counts": 500000.0}, {"position": [-313.7101722595219, -157.43864779939216], "counts": 500000.0}], "output": [0.0, 0.0, 0.0, 0.1154716855, 0.5156169621, 0.3689113523, 0.0, 0.0, 0.0, 0.0, 0.0, 0.0, 0.0, 0.0, 0.0, 0.0, 0.0, 0.0, 0.0, 0.0, 0.0, 0.0, 0.0, 0.0, 0.0, 0.0, 0.0, 0.0, 0.0, 0.0, 0.0, 0.0, 0.0, 0.0, 0.0, 0.0, 0.0, 0.0, 0.0, 0.0, 0.0, 0.0, 0.0, 0.0, 0.0, 0.0, 0.0, 0.0, 0.0, 0.0, 0.0, 0.0, 0.0, 0.0, 0.0, 0.0, 0.0, 0.0, 0.0, 0.0, 0.0, 0.0, 0.0, 0.0], "num_sources": 2, "seg_angles": 64, "input": [1.5731507861, 1.2158638968, 1.1264287348, 1.1347373755, 1.0113202625, 1.0053559005, 0.9457025148, 0.7800739306, 1.0157137853, 0.8083117968, 1.9566748135, 1.170174637, 0.3850421113, 0.1487390661, -0.0285232147, -0.0214572677, -0.2379264848, -0.2587365917, -0.1553220243, -0.3511479688, 1.9257480903, 1.2277323701, 0.4917994034, -0.137575638, -0.3233725741, -0.4852942827, -0.6101471382, -0.7545314798, -0.7610181807, -0.885428926, 2.1453033538, 1.27771722, 0.4775108871, -0.0072821784, -0.3775048027, -0.6775797981, -0.750330039, -0.8817772476, -1.0169126742, -1.0789650217, 1.8627129867, 1.2477060415, 0.6475895306, 0.0635800615, -0.4594217325, -0.6275674063, -0.7682210121, -0.9626014593, -1.0521582134, -1.1663397728, 2.1448854707, 1.1597306364, 0.5387382067, 0.0818729862, -0.5301801761, -0.6749497921, -0.8512679747, -1.0084430033, -1.1020325381, -1.1024154789, 2.080521394, 1.2276063686, 0.5130702635, -0.0663368065, -0.4310958975, -0.7275430909, -0.948087735, -1.041936292, -1.0957455023, -1.184888604, 1.9498592442, 1.3889083805, 0.3561872664, -0.0079612773, -0.4254385564, -0.8036658276, -0.9304812872, -1.063438622, -1.0398781905, -1.2012789789, 1.9867937501, 1.1953491903, 0.2851840876, -0.1016743504, -0.5311519012, -0.7763515454, -0.8851460628, -1.0796830861, -1.1230150552, -1.1999858644, 1.5970793403, 0.6376724989, 0.10221868, -0.2296159569, -0.5579523754, -0.8418811902, -1.0185998796, -1.1130699545, -1.1629244106, -1.1951069276]}