{"source": [{"position": [-160.24710550872422, -23.766892436240152], "counts": 500000.0}, {"position": [301.981258949806, 145.02523657312258], "counts": 500000.0}], "output": [0.0, 0.2501094706, 0.2498905294, 0.0, 0.0, 0.0, 0.0, 0.0, 0.0, 0.0, 0.0, 0.0, 0.0, 0.0, 0.0, 0.0, 0.0, 0.0, 0.0, 0.0, 0.0, 0.0, 0.0, 0.0, 0.0, 0.0, 0.0, 0.0, 0.0, 0.0, 0.0, 0.0, 0.0, 0.0, 0.0, 0.0, 0.2197820748, 0.2802179252, 0.0, 0.0, 0.0, 0.0, 0.0, 0.0, 0.0, 0.0, 0.0, 0.0, 0.0, 0.0, 0.0, 0.0, 0.0, 0.0, 0.0, 0.0, 0.0, 0.0, 0.0, 0.0, 0.0, 0.0, 0.0, 0.0], "num_sources": 2, "seg_angles": 64, "input": [1.5325906674, 0.6499538266, -0.1306886785, -0.4343217477, -0.5935500795, -0.5782716163, -0.4552091491, -0.5014453139, 0.295794019, 0.5590144146, 1.8400089302, 0.8990856675, 0.3363632319, -0.4172830013, -0.96853462, -1.1526970686, -1.0568778647, -0.7816429826, -0.4208135593, -0.1677890757, 2.2581775451, 1.1476194466, 0.2501083003, -0.4927843353, -0.7199316098, -0.9150578782, -1.0604262251, -0.8950923054, -0.557437065, -0.2202719433, 2.1679762576, 0.8085654872, 0.2090344027, -0.3076010942, -0.6620360788, -1.0396480735, -0.7587753209, -0.8259652257, -0.4346783946, 0.0019040138, 2.2362565363, 1.1422013575, 0.2418670547, -0.4210231791, -0.6297458223, -1.1268204894, -1.0336882113, -1.0922428252, -0.4617060527, -0.0681666345, 2.1431902426, 1.178848326, 0.2557172992, -0.2204880546, -0.4840826264, -0.8441805198, -1.1653170942, -0.7432571024, -0.4836859593, -0.3071093866, 2.3948988332, 1.3364289251, 0.3410786231, -0.2613078159, -0.6742306403, -1.0058981392, -0.9318850917, -0.8433736201, -0.5113302153, -0.0561775397, 2.4152657787, 1.4129909502, 0.3723712004, -0.376966392, -0.6833369832, -0.8150610914, -1.1593368178, -0.8935701803, -0.4262525168, -0.0638718309, 2.480953129, 1.8709880893, 0.5674409286, 0.172098958, -0.3678357578, -0.6063930315, -0.9454240536, -0.9896780578, -0.6650673047, -0.2818482713, 2.7872182885, 1.7506132115, 0.8878902081, 0.5260249315, 0.198158893, -0.0829520264, -0.1362930967, -0.5087268884, -0.444416528, -0.3071198193]}