{"source": [{"position": [177.29468185265495, 400.51291588008223], "counts": 500000.0}, {"position": [78.48196534286168, -363.6269807315209], "counts": 500000.0}], "output": [0.0, 0.0, 0.0, 0.0, 0.0, 0.0, 0.0, 0.0, 0.0, 0.0, 0.0, 0.0, 0.0, 0.0, 0.0, 0.0, 0.0, 0.0, 0.4173884366, 0.0826115634, 0.0, 0.0, 0.0, 0.0, 0.0, 0.0, 0.0, 0.0, 0.0, 0.0, 0.0, 0.0, 0.0, 0.0, 0.0, 0.0, 0.0, 0.0, 0.0, 0.0, 0.0, 0.0, 0.0, 0.1224436079, 0.3775563921, 0.0, 0.0, 0.0, 0.0, 0.0, 0.0, 0.0, 0.0, 0.0, 0.0, 0.0, 0.0, 0.0, 0.0, 0.0, 0.0, 0.0, 0.0, 0.0], "num_sources": 2, "seg_angles": 64, "input": [0.9568052633, 1.1784367719, 1.2372349528, 1.2492777269, 1.4530990942, 1.018928768, 1.0318821493, 1.8631787798, 2.3049027027, 3.3129005476, -0.0626429332, 0.5620119911, 0.30620146, 0.4126692702, 0.4808341482, 0.372851429, 0.5966482121, 1.1812085742, 0.9401957212, 2.2259660771, -0.9953870258, -0.7043618915, -0.242063614, -0.1947127767, -0.1461122399, 0.0467016585, -0.1481571297, -0.2654082819, 0.3050748457, 1.7414655244, -1.0369599112, -0.587313094, -0.8471479705, -0.7579818337, -0.6538366138, -0.8809875437, -0.710216609, -0.7086151416, -0.343654971, 1.2759354332, -1.2531766771, -1.2013852743, -1.2359778127, -1.1225972425, -1.2740257778, -1.0308452862, -1.0489148388, -1.0162282316, -0.6840892888, 1.4166990896, -1.4902054567, -1.1163794162, -1.3029398581, -1.272196881, -0.8834190155, -0.7855083536, -1.2423231985, -0.8564828199, -0.595488707, 1.1117447613, -1.2267144448, -0.9351665893, -0.9068933558, -0.7745580851, -0.7376970731, -0.7862691422, -0.9852000903, -0.8240240377, -0.4680269483, 1.3491646245, -0.906723206, -0.7012097271, -0.2919311059, -0.4205323188, -0.6026874175, -0.7009944719, -0.5783457306, -0.3457413154, -0.3074174188, 1.6725033223, -0.282375206, -0.315958264, -0.1513256684, 0.2431854255, 0.122832218, 0.0807275819, 0.1894837744, 0.1630888949, 0.1757235361, 1.8066196925, 0.2315541337, 0.7912331289, 0.6916702571, 0.3818315156, 0.8204171818, 0.7529992601, 0.8328556467, 0.2453143627, 1.1582395693, 1.6552362558]}