{"source": [{"position": [242.74932625349035, -402.45840108448033], "counts": 500000.0}, {"position": [-125.17147693109705, 21.473270894017094], "counts": 500000.0}], "output": [0.0, 0.0, 0.0, 0.0, 0.0, 0.0, 0.0, 0.0, 0.0, 0.0, 0.0, 0.0, 0.0, 0.0, 0.0, 0.0, 0.0, 0.0, 0.0, 0.0, 0.0, 0.2358255881, 0.2641744119, 0.0, 0.0, 0.0, 0.0, 0.0, 0.0, 0.0, 0.0, 0.0, 0.0, 0.0, 0.0, 0.0, 0.0, 0.0, 0.0, 0.0, 0.0, 0.0, 0.0, 0.0, 0.0, 0.0, 0.0, 0.0, 0.0, 0.0, 0.0, 0.0, 0.0, 0.0, 0.0, 0.0, 0.0, 0.0, 0.0, 0.0, 0.0, 0.0, 0.3652785237, 0.1347214763], "num_sources": 2, "seg_angles": 64, "input": [2.3176981423, 1.5503421472, 0.8627150042, 0.218875054, -0.0598588481, -0.2441213279, -0.4000646457, -0.4635858561, -0.6842053627, -0.6220955837, 2.6112618499, 1.6294133347, 0.8075707386, 0.296737194, -0.1889036507, -0.4203440182, -0.5476496243, -0.5947088774, -0.8156945641, -0.6921473946, 2.2169979855, 1.6118127663, 0.7067036206, 0.3702365008, -0.2381308926, -0.5104931174, -0.6686066732, -0.7993381938, -1.0183062427, -0.8010378543, 2.4286058362, 1.7475776279, 0.7295242081, 0.1224261571, -0.3257433159, -0.6954704166, -0.7791994027, -1.0147179961, -0.99229658, -0.7211100536, 2.0338672765, 1.5529999725, 0.5778912208, 0.0148291583, -0.423028322, -0.6903290058, -0.9620079722, -1.0416276572, -1.056384863, -0.7797847963, 1.8998994612, 1.2557736572, 0.725135679, 0.0010433426, -0.3846664021, -0.6577922051, -0.9106682384, -0.9730133993, -0.99316811, -0.7182219395, 1.77450671, 1.1878054649, 0.5934597401, -0.0707325086, -0.566764468, -0.8170653889, -1.0237520377, -1.0492430253, -0.8824543863, -0.8024226194, 1.8801724381, 1.3438550003, 0.5139590615, -0.2221014467, -0.5865947401, -0.8008565549, -1.1090372344, -1.0095154597, -0.87626831, -0.6772095973, 1.7838188921, 1.2393153027, 0.2189346536, -0.3155173956, -0.5559757415, -0.8811272309, -0.9596651381, -0.9604119133, -0.9443799873, -0.5849616141, 1.5281014417, 0.9642509353, 0.2426215347, -0.0605556644, -0.2660059031, -0.3054167021, -0.4878524243, -0.2977621121, -0.3622947456, -0.1962713574]}