{"source": [{"position": [58.290935735705744, 14.218537584991806], "counts": 500000.0}, {"position": [78.06474615966128, -300.00982551747813], "counts": 500000.0}], "output": [0.0, 0.0, 0.0, 0.0, 0.0, 0.0, 0.0, 0.0, 0.0, 0.0, 0.0, 0.0, 0.0, 0.0, 0.0, 0.0, 0.0, 0.0, 0.2035252545, 0.2964747455, 0.0, 0.0, 0.0, 0.0, 0.0, 0.0, 0.0, 0.0, 0.0, 0.0, 0.0, 0.0, 0.0, 0.0, 0.281501524, 0.218498476, 0.0, 0.0, 0.0, 0.0, 0.0, 0.0, 0.0, 0.0, 0.0, 0.0, 0.0, 0.0, 0.0, 0.0, 0.0, 0.0, 0.0, 0.0, 0.0, 0.0, 0.0, 0.0, 0.0, 0.0, 0.0, 0.0, 0.0, 0.0], "num_sources": 2, "seg_angles": 64, "input": [-0.7679892997, -0.6306088621, -0.5963577386, -0.4932428907, -0.3168783797, -0.1790346676, 0.1927154526, 0.5952915932, 1.2324552134, 1.9700601387, -0.9035450916, -0.7531157452, -0.6447510402, -0.5638768915, -0.348516169, -0.0842711901, 0.1310428846, 0.7177177715, 1.3477325756, 2.1689095295, -0.9722096553, -0.8394986619, -0.7654800967, -0.636763842, -0.4600869502, -0.1580274928, 0.1624875241, 0.6839645502, 1.3723773294, 2.1167237377, -1.0525955768, -0.9093840272, -0.8751894501, -0.7263098445, -0.5209280749, -0.1896005034, 0.1710287394, 0.6094049972, 1.3054837147, 2.1368458634, -1.0968158954, -1.0182081371, -0.8785586262, -0.8137275591, -0.5936421686, -0.3642897682, 0.1399832236, 0.6542629547, 1.3610817392, 2.2996607033, -1.1518022309, -1.0786682541, -0.9411958933, -0.831727326, -0.630968342, -0.3320028606, 0.0598044145, 0.5449041292, 1.2700426463, 2.2864803716, -1.1639383317, -1.0752830159, -0.9737265932, -0.8688412492, -0.7110946457, -0.4383266213, -0.0571871917, 0.5926522438, 1.1277867819, 2.3943724442, -1.1158983485, -1.0949310561, -0.9947202505, -0.8461554212, -0.6750444328, -0.4532270849, -0.0391321804, 0.4219255419, 1.3003609806, 2.2370577724, -1.0686686636, -1.0360321636, -0.9221569865, -0.8082484604, -0.6523849266, -0.3772711029, -0.1955390436, 0.4150962662, 1.28469203, 2.2065788933, -0.4343000785, -0.2510678164, -0.2888886433, -0.18366954, -0.0652953227, 0.0145414915, 0.2199302687, 0.3882345208, 0.9526126, 1.8245947416]}