{"source": [{"position": [336.60103015559423, 251.19662915372245], "counts": 500000.0}, {"position": [224.98187960619083, 89.14681064886979], "counts": 500000.0}], "output": [0.0, 0.0, 0.0, 0.0, 0.0, 0.0, 0.0, 0.0, 0.0, 0.0, 0.0, 0.0, 0.0, 0.0, 0.0, 0.0, 0.0, 0.0, 0.0, 0.0, 0.0, 0.0, 0.0, 0.0, 0.0, 0.0, 0.0, 0.0, 0.0, 0.0, 0.0, 0.0, 0.0, 0.0, 0.0, 0.0786266998, 0.4213733002, 0.0, 0.2348420625, 0.2651579375, 0.0, 0.0, 0.0, 0.0, 0.0, 0.0, 0.0, 0.0, 0.0, 0.0, 0.0, 0.0, 0.0, 0.0, 0.0, 0.0, 0.0, 0.0, 0.0, 0.0, 0.0, 0.0, 0.0, 0.0], "num_sources": 2, "seg_angles": 64, "input": [-1.2247636639, -1.2174153459, -1.13840372, -0.9938518191, -0.8606291546, -0.7443011345, -0.3857539068, 0.0924016191, 0.6782068115, 1.4536014024, -1.1991299832, -1.1733230905, -1.0924841732, -0.9866023803, -0.7869439415, -0.5038866683, -0.2834957502, 0.2057197079, 1.0353077762, 1.674256872, -1.1636432253, -1.1065943106, -1.0192341326, -0.9084888901, -0.7937891992, -0.357682848, -0.1576232241, 0.387778848, 1.0711028205, 1.8559747315, -1.1732113121, -1.131972455, -0.9924430034, -0.8783282708, -0.727903676, -0.4738037184, -0.0131094567, 0.3724729838, 1.1295088757, 2.0415745084, -1.1802267075, -1.0881430896, -0.9968965787, -0.9386290228, -0.7794819268, -0.4292591509, -0.1666817613, 0.262625546, 1.151923339, 2.1690385977, -1.1361191642, -1.010102901, -0.9771370037, -0.9015628787, -0.8195249781, -0.4669052242, -0.1731322133, 0.5260030363, 1.2460938506, 2.2261950481, -0.973769751, -0.8604044747, -0.7963431086, -0.771859675, -0.716978713, -0.4090411416, -0.1341417088, 0.4631260724, 0.976613978, 2.1749901638, -0.6955779997, -0.6116378518, -0.6637389616, -0.5827943594, -0.4451240223, -0.220611055, 0.0095714176, 0.5941154514, 0.9850422541, 1.8767979438, -0.1808819851, -0.0804775178, 0.0492712055, 0.0887883294, 0.0334933372, 0.0406847458, 0.0500886631, 0.5017656113, 1.1918998919, 1.8021234789, 0.9109683441, 0.9724843873, 0.9660566687, 1.1679629206, 1.2023131962, 1.2890538133, 1.2369794625, 1.1895485397, 1.51583186, 1.8266392687]}