{"source": [{"position": [16.17335583621071, 400.6737108433686], "counts": 500000.0}, {"position": [146.8921369395161, 140.1131689219199], "counts": 500000.0}], "output": [0.0, 0.0, 0.0, 0.0, 0.0, 0.0, 0.0, 0.0, 0.0, 0.0, 0.0, 0.0, 0.0, 0.0, 0.0, 0.0, 0.0, 0.0, 0.0, 0.0, 0.0, 0.0, 0.0, 0.0, 0.0, 0.0, 0.0, 0.0, 0.0, 0.0, 0.0, 0.0, 0.0, 0.0, 0.0, 0.0, 0.0, 0.0, 0.0, 0.1202715827, 0.3797284173, 0.0, 0.0, 0.0, 0.0, 0.0, 0.0, 0.2054677641, 0.2945322359, 0.0, 0.0, 0.0, 0.0, 0.0, 0.0, 0.0, 0.0, 0.0, 0.0, 0.0, 0.0, 0.0, 0.0, 0.0], "num_sources": 2, "seg_angles": 64, "input": [-1.2743759931, -1.221728515, -1.2385059974, -1.1936664669, -1.1133127114, -1.0351076517, -0.7628293235, -0.5562850558, -0.0067240996, 0.6616270435, -1.2596539689, -1.2198381918, -1.2175432719, -1.1081625915, -1.009201755, -0.914902933, -0.7733650543, -0.4457805333, 0.1546092276, 0.7560489033, -1.1911315797, -1.1652384509, -1.1229118875, -1.0335522406, -0.9493598236, -0.8528559681, -0.6838503031, -0.309123001, 0.1335074404, 0.6941674125, -1.1053996744, -1.0698899738, -1.0546018295, -0.9786468754, -0.8505636706, -0.7176249188, -0.602908078, -0.2284859996, 0.1897681004, 1.0557477552, -1.0220313585, -0.9878185332, -0.8658170957, -0.8638486044, -0.8128016896, -0.582340045, -0.4669745545, -0.1128975584, 0.2908436992, 0.9991961149, -0.7856429298, -0.6462514391, -0.6933583974, -0.674783564, -0.7095502629, -0.5878666631, -0.3544137807, 0.0227961378, 0.3926028145, 1.1435284697, -0.5805187231, -0.3272541795, -0.2256123441, -0.2576188997, -0.2836688043, -0.36510421, -0.1852711576, 0.2285175829, 0.4687651457, 1.1662608621, -0.2109251262, 0.1285585679, 0.2458244348, 0.2601763384, 0.2599584969, 0.2565053554, 0.2745786569, 0.5253775028, 0.9294549198, 1.3456156621, 0.7767687273, 1.3491154757, 0.996815531, 0.8072316276, 1.1767831214, 1.0146240185, 1.0497373576, 1.0689210909, 1.0592169911, 1.7193247191, 1.5539210775, 1.9988749334, 1.9243409706, 1.8817616908, 2.1995495748, 2.0167941156, 1.8627330312, 1.9751574961, 2.0340297113, 1.8197604036]}