{"source": [{"position": [449.3804153202952, 77.41603404049444], "counts": 500000.0}, {"position": [-110.08485853754983, 138.6013128392644], "counts": 500000.0}], "output": [0.0, 0.0, 0.0, 0.0, 0.0, 0.0, 0.0, 0.0, 0.0, 0.0, 0.0, 0.0, 0.0, 0.0, 0.0, 0.0, 0.0, 0.0, 0.0, 0.0, 0.0, 0.0, 0.0, 0.0, 0.0, 0.0, 0.0, 0.0, 0.0, 0.0, 0.0, 0.0, 0.0, 0.1311499392, 0.3688500608, 0.0, 0.0, 0.0, 0.0, 0.0, 0.0, 0.0, 0.0, 0.0, 0.0, 0.0, 0.0, 0.0, 0.0, 0.0, 0.0, 0.0, 0.0, 0.0, 0.081461905, 0.418538095, 0.0, 0.0, 0.0, 0.0, 0.0, 0.0, 0.0, 0.0], "num_sources": 2, "seg_angles": 64, "input": [0.5770137576, -0.0842615517, -0.960215442, -1.172480401, -1.3593819106, -1.3174275155, -1.2943292686, -1.2098292399, -0.8589683524, -0.4174464237, 0.9916802414, 0.0665885459, -0.7040307409, -1.0868600617, -1.275214513, -1.3156151168, -1.072967994, -1.0009634829, -0.805754362, -0.4867738287, 0.880691224, 0.0533636862, -0.5325975114, -1.0288477337, -1.0691331012, -1.119559172, -1.0642148647, -0.9415462387, -0.6166942096, -0.351261817, 0.9328571623, 0.0516207731, -0.5621886048, -0.9735356004, -1.0606321969, -1.1027279286, -1.0316743449, -0.814700791, -0.6547377949, -0.2568030359, 1.4459534149, 0.0408561812, -0.5276973837, -0.837999222, -1.0043579096, -0.9359160472, -0.8262470364, -0.7746590393, -0.4479772246, -0.2221108914, 1.472631488, 0.1176063659, -0.6082089134, -0.7588956027, -0.8534782811, -0.8487000892, -0.7367614256, -0.5385694601, -0.1158758767, 0.053522074, 1.3317950575, 0.3039963982, -0.4394531104, -0.546525686, -0.4912062467, -0.4028401771, -0.3135370991, 0.028847296, 0.0937845166, 0.1881484094, 1.2324932337, -0.0002364547, -0.0157640152, -0.0639876566, 0.1218886869, 0.1593933271, 0.2579242828, 0.565217707, 0.7646584544, 0.6898257087, 1.1990812322, 0.5333279567, 0.9664564094, 0.7451306684, 0.78210823, 1.027268514, 1.1780246057, 1.055782569, 1.551547092, 1.1916138215, 1.5540345711, 1.6276967356, 1.6761298794, 1.9030937168, 1.8380038398, 2.2160797916, 1.7071332757, 2.2965981429, 2.3697512355, 2.0731597195]}