{"source": [{"position": [-75.59426734294613, 41.00617934998563], "counts": 500000.0}, {"position": [-9.409512491389396, 38.87751374090668], "counts": 500000.0}], "output": [0.0, 0.0, 0.0, 0.0, 0.0, 0.0, 0.0, 0.0, 0.0, 0.0, 0.0, 0.0, 0.0, 0.0, 0.0, 0.0, 0.0, 0.0, 0.0, 0.0, 0.0, 0.0, 0.0, 0.0, 0.0, 0.0, 0.0, 0.0, 0.0, 0.0, 0.0, 0.0, 0.0, 0.0, 0.0, 0.0, 0.0, 0.0, 0.0, 0.0, 0.0, 0.0, 0.0, 0.0, 0.0, 0.0, 0.0, 0.0, 0.0, 0.0, 0.290609653, 0.209390347, 0.0, 0.0, 0.0, 0.0, 0.0, 0.0, 0.0313473905, 0.4686526095, 0.0, 0.0, 0.0, 0.0], "num_sources": 2, "seg_angles": 64, "input": [0.2021981346, -0.4665964149, -0.8083099999, -0.9382086237, -1.056461695, -1.0996889938, -1.1419145389, -1.1839723872, -1.204085369, -1.2275698188, 0.3023049974, -0.3527836284, -0.6109865562, -0.7986237611, -0.9460339976, -1.0078365147, -1.0508747422, -1.1335556122, -1.1397093041, -1.1890393785, 0.4060094797, -0.2566065539, -0.5123641673, -0.6948649903, -0.8451409079, -0.9543667391, -0.9824751473, -1.0222644082, -1.0635391891, -1.150194924, 0.5143337068, -0.2115142289, -0.4302096918, -0.5992496282, -0.7183800258, -0.8358436884, -0.8880335894, -0.9205146904, -0.9934658958, -1.0694758844, 0.5826026027, -0.0344377351, -0.283569064, -0.4603104741, -0.544654777, -0.7044037774, -0.740541114, -0.745311178, -0.8128464333, -0.9912558483, 0.6825291445, 0.1766909905, -0.0010898696, -0.1731051552, -0.3833233323, -0.4408491398, -0.4851839541, -0.5604034572, -0.6420214793, -0.7816658795, 0.8040063179, 0.556017503, 0.2941637662, 0.0960524319, -0.0367967461, -0.1020175738, -0.1294831139, -0.2459879225, -0.339063157, -0.4786669967, 1.1544994324, 0.9202203831, 0.6867379967, 0.5958990798, 0.3742694849, 0.349762786, 0.2807066429, 0.2598449839, 0.2046552083, -0.0898411994, 1.5719500841, 1.4465102508, 1.2031720707, 1.2479550207, 1.1652216751, 1.1409452307, 1.0895525163, 1.0090006542, 0.9180875518, 0.6218841683, 1.980225607, 2.1237155338, 2.1807884084, 2.2490282746, 2.3112945244, 2.2651125317, 2.1125059816, 2.0691054222, 1.9351271418, 1.6268973418]}