{"source": [{"position": [-147.8211991773384, 77.70388068670474], "counts": 500000.0}, {"position": [-114.35265266155443, 449.6881928951059], "counts": 500000.0}], "output": [0.0, 0.0, 0.0, 0.0, 0.0, 0.0, 0.0, 0.0, 0.0, 0.0, 0.0, 0.0, 0.0, 0.0, 0.0, 0.0, 0.0, 0.0, 0.0, 0.0, 0.0, 0.0, 0.0, 0.0, 0.0, 0.0, 0.0, 0.0, 0.0, 0.0, 0.0, 0.0, 0.0, 0.0, 0.0, 0.0, 0.0, 0.0, 0.0, 0.0, 0.0, 0.0, 0.0, 0.0, 0.0, 0.0, 0.0, 0.0, 0.0, 0.0, 0.2317758535, 0.2682241465, 0.0, 0.0, 0.0, 0.0, 0.0, 0.0, 0.0, 0.4648148134, 0.0351851866, 0.0, 0.0, 0.0], "num_sources": 2, "seg_angles": 64, "input": [1.3891601259, 0.4284760968, -0.1915192889, -0.7144089118, -0.9237986562, -1.0085246898, -1.151364799, -1.1829342633, -1.2840431844, -1.2693986771, 1.6637308145, 0.7250980703, -0.0845721262, -0.4340524094, -0.7111169703, -0.8665265988, -1.0291754151, -1.1529997577, -1.2395191021, -1.2520552768, 1.6361073509, 0.7827190862, 0.0957093511, -0.2626838459, -0.6629387981, -0.8543588534, -1.0269163765, -1.0987750262, -1.0867115084, -1.2350349291, 1.6322827234, 0.7356143708, 0.1660151302, -0.4164779434, -0.6356249824, -0.8464999249, -0.9175709566, -1.0282143478, -1.0965865792, -1.2240875459, 1.713724139, 0.8179733773, 0.2670640624, -0.2454136934, -0.6239997382, -0.8226142932, -0.9044569434, -1.0104358051, -1.015972208, -1.1265906188, 1.801773632, 0.8527021025, 0.2845734255, -0.1379136829, -0.4315882653, -0.5880257801, -0.7694499067, -0.9556277485, -0.9451345183, -1.0698502977, 1.775451821, 0.9595980457, 0.3055771816, -0.0622453746, -0.2933428948, -0.4317185034, -0.5890630708, -0.7029662548, -0.8367087791, -0.8981709497, 1.9552132934, 1.2502748696, 0.5510546484, 0.1288235051, -0.1265073506, -0.2335749111, -0.2713166572, -0.3880439479, -0.4845750248, -0.5547596691, 1.8518135193, 1.2354019767, 0.8200044695, 0.6237272882, 0.4286886027, 0.4637447343, 0.1474618282, 0.40118339, 0.3688492414, -0.0350043275, 1.6483603832, 1.4880817224, 1.7124443012, 1.5873628474, 1.9173029293, 1.4279825918, 1.4124565091, 1.4637838867, 1.3704852464, 1.1557102684]}