{"source": [{"position": [-361.20333625472017, 147.07872000551112], "counts": 500000.0}, {"position": [-73.84017049393411, 86.85406853698187], "counts": 500000.0}], "output": [0.0, 0.0, 0.0, 0.0, 0.0, 0.0, 0.0, 0.0, 0.0, 0.0, 0.0, 0.0, 0.0, 0.0, 0.0, 0.0, 0.0, 0.0, 0.0, 0.0, 0.0, 0.0, 0.0, 0.0, 0.0, 0.0, 0.0, 0.0, 0.0, 0.0, 0.0, 0.0, 0.0, 0.0, 0.0, 0.0, 0.0, 0.0, 0.0, 0.0, 0.0, 0.0, 0.0, 0.0, 0.0, 0.0, 0.0, 0.0, 0.0, 0.0, 0.0, 0.0, 0.0, 0.0, 0.0, 0.4115574133, 0.0884425867, 0.0, 0.0, 0.0, 0.4693961855, 0.0306038145, 0.0, 0.0], "num_sources": 2, "seg_angles": 64, "input": [1.4161886178, 0.2603283925, -0.3031477958, -0.6239437431, -0.9143247691, -1.0407558465, -1.1981804342, -1.213380504, -1.2343136739, -1.2619003599, 1.6933215205, 0.6116953671, -0.2212786534, -0.5317275751, -0.8779980637, -0.9553707904, -1.1454390792, -1.1491602788, -1.2106013374, -1.2424979956, 1.8038772884, 0.7927942561, -0.0201524859, -0.5197996266, -0.7238547011, -0.9302495302, -1.070240728, -1.0784166429, -1.136500137, -1.2000148455, 1.6046202229, 0.6748184413, -0.024657595, -0.496279724, -0.7132956033, -0.8794263814, -1.0386854732, -1.0322169491, -1.0589760691, -1.1782182783, 1.5100939317, 0.7323177944, 0.0202849832, -0.4974643919, -0.6880605961, -0.7851162895, -0.8754434566, -0.9369679764, -0.9586198009, -1.0605523368, 1.7943746906, 0.8476764241, 0.0175032335, -0.3961367006, -0.6530417017, -0.6839574444, -0.7688717059, -0.8335578633, -0.8437459084, -0.8912367715, 1.7180099119, 0.8607061001, 0.0872623319, -0.3121324658, -0.3877611916, -0.4778498372, -0.419938213, -0.599518694, -0.5842779696, -0.7680764363, 1.7510670139, 0.8319757977, 0.2858717995, 0.1990999182, 0.0460517515, 0.0414610522, -0.0916967128, -0.0495317048, -0.2507269813, -0.3415023037, 1.681058597, 1.0814729109, 0.9541609201, 0.8078292279, 0.5696265351, 0.5358420738, 0.6519293413, 0.5493631155, 0.5487587886, 0.2788375288, 1.7156329347, 1.6682391739, 1.7382615258, 1.7781705917, 1.5977459796, 1.7095981969, 1.653203905, 1.4435135811, 1.5150979376, 1.3010474188]}