{"source": [{"position": [17.27118419580328, -112.684099128824], "counts": 500000.0}, {"position": [271.71180019808116, -317.64240528165953], "counts": 500000.0}], "output": [0.0, 0.0, 0.0, 0.0, 0.0, 0.0, 0.0, 0.0, 0.0, 0.0, 0.0, 0.0, 0.0, 0.0, 0.0, 0.0, 0.0, 0.2254260072, 0.2745739928, 0.0, 0.0, 0.0, 0.0, 0.3961128588, 0.1038871412, 0.0, 0.0, 0.0, 0.0, 0.0, 0.0, 0.0, 0.0, 0.0, 0.0, 0.0, 0.0, 0.0, 0.0, 0.0, 0.0, 0.0, 0.0, 0.0, 0.0, 0.0, 0.0, 0.0, 0.0, 0.0, 0.0, 0.0, 0.0, 0.0, 0.0, 0.0, 0.0, 0.0, 0.0, 0.0, 0.0, 0.0, 0.0, 0.0], "num_sources": 2, "seg_angles": 64, "input": [1.7009181428, 2.0248052721, 1.9597559006, 2.0204130294, 2.0250500267, 2.3711600393, 2.2536237183, 2.1928725128, 2.1314556607, 1.9433707895, 0.8228391105, 1.279744852, 1.3450395603, 1.4727093834, 1.496258008, 1.3465932697, 1.4386157441, 1.2897226657, 1.316347364, 1.1902564099, 0.339540691, 0.539875324, 0.6579935944, 0.5731578462, 0.7052655304, 0.655385573, 0.3969224, 0.6470943866, 0.5529746998, 0.7003422274, -0.2081470505, 0.018161546, 0.1015541236, -0.0525023432, 0.1186453744, 0.023809614, 0.0827173426, 0.1595168238, 0.2071675946, 0.4434927704, -0.5789988882, -0.4670694224, -0.3609062407, -0.2781774534, -0.4506886635, -0.3248575951, -0.2870758951, -0.1614043215, -0.0900335531, 0.4962425653, -0.7699975222, -0.7554864403, -0.6504252839, -0.6312089954, -0.5709432366, -0.5146387131, -0.5555692716, -0.4610640062, -0.2730060565, 0.2233258543, -0.9406415102, -0.8929252337, -0.8425611499, -0.8152202837, -0.8208970994, -0.8210986841, -0.7477463195, -0.6329928256, -0.4110812937, 0.1896190468, -0.9969407995, -0.982917426, -0.9913129406, -0.9608499004, -0.9005874039, -0.9215222529, -0.8644478083, -0.7374596534, -0.5604561281, 0.054098656, -1.1319401079, -1.099630441, -1.0726121921, -1.0818986445, -0.9913571218, -0.9838496883, -0.8878527368, -0.8735818147, -0.6492558318, 0.061413774, -1.1726665465, -1.1503011318, -1.156197807, -1.146655386, -1.0636770091, -1.0547760662, -1.0197212506, -0.9362994065, -0.7044330331, -0.1093029373]}