{"source": [{"position": [237.96367385074285, 381.93361979204883], "counts": 500000.0}, {"position": [-228.92799575691623, 129.46417558043356], "counts": 500000.0}], "output": [0.0, 0.0, 0.0, 0.0, 0.0, 0.0, 0.0, 0.0, 0.0, 0.0, 0.0, 0.0, 0.0, 0.0, 0.0, 0.0, 0.0, 0.0, 0.0, 0.0, 0.0, 0.0, 0.0, 0.0, 0.0, 0.0, 0.0, 0.0, 0.0, 0.0, 0.0, 0.0, 0.0, 0.0, 0.0, 0.0, 0.0, 0.0, 0.0, 0.0, 0.0, 0.0, 0.337774453, 0.162225547, 0.0, 0.0, 0.0, 0.0, 0.0, 0.0, 0.0, 0.0, 0.0, 0.0, 0.0, 0.0, 0.0, 0.0, 0.1212606399, 0.3787393601, 0.0, 0.0, 0.0, 0.0], "num_sources": 2, "seg_angles": 64, "input": [0.7773692286, -0.0470524361, -0.539064571, -0.8822182839, -1.1301496338, -1.3345467634, -1.271892544, -1.109969775, -1.0978543474, -0.6024216284, 0.8008970648, 0.1541356916, -0.4415369592, -0.6238635678, -1.1048485842, -1.1739334038, -1.2129514198, -1.1077164172, -0.9845990459, -0.4327892161, 0.9929855812, 0.5305253604, -0.1247871313, -0.7524675506, -0.9378180003, -1.1477111394, -1.1078636744, -0.885597773, -0.7994344886, -0.3499639162, 1.077713893, 0.6064259548, -0.0566294888, -0.6917367226, -0.8813560545, -1.0032650242, -1.1744566068, -1.1165267849, -0.7983876442, -0.3586889983, 1.168591745, 0.4969017159, -0.3092142185, -0.6614881258, -0.7776843653, -1.0355460998, -1.0464194562, -0.9526627829, -0.7691145613, -0.2096610018, 1.2996722919, 0.5754751699, -0.0805772107, -0.4822407707, -0.6723677863, -0.82730971, -0.9714362398, -0.9155164049, -0.7224703865, -0.2540917693, 1.3754442151, 1.0775147742, 0.3210590545, -0.100953899, -0.4055247745, -0.5792075519, -0.8153631982, -0.7258668255, -0.5314713033, -0.2814179508, 1.6154166261, 1.2344482777, 0.3017593399, -0.0846553557, -0.0854013906, -0.1953882882, -0.2523406, -0.3974342768, -0.0725807382, -0.0455768587, 2.0323665549, 1.3062251641, 1.0536686807, 0.8884705111, 0.8263934931, 0.6170141845, 0.6483010587, 0.4339875507, 0.5417688891, 0.674595012, 2.2038953246, 1.824335046, 1.9644091764, 1.8923295178, 1.9289215803, 2.191365367, 2.1077209539, 1.82463987, 1.7638620575, 1.414477519]}