{"source": [{"position": [-185.42771644284616, 14.579505299955674], "counts": 500000.0}, {"position": [-175.82210982656858, -88.85710830391704], "counts": 500000.0}], "output": [0.1003814079, 0.0, 0.0, 0.0, 0.1167862211, 0.3832137789, 0.0, 0.0, 0.0, 0.0, 0.0, 0.0, 0.0, 0.0, 0.0, 0.0, 0.0, 0.0, 0.0, 0.0, 0.0, 0.0, 0.0, 0.0, 0.0, 0.0, 0.0, 0.0, 0.0, 0.0, 0.0, 0.0, 0.0, 0.0, 0.0, 0.0, 0.0, 0.0, 0.0, 0.0, 0.0, 0.0, 0.0, 0.0, 0.0, 0.0, 0.0, 0.0, 0.0, 0.0, 0.0, 0.0, 0.0, 0.0, 0.0, 0.0, 0.0, 0.0, 0.0, 0.0, 0.0, 0.0, 0.0, 0.3996185921], "num_sources": 2, "seg_angles": 64, "input": [1.7704567726, 1.271158521, 0.9233643748, 0.5775335717, 0.3771496019, 0.1245687312, 0.0225269392, -0.0163255996, 0.0629533727, -0.2329371524, 1.9951890225, 1.2483650335, 0.6829941367, 0.2080161083, -0.0004100809, -0.2538151789, -0.4220565455, -0.5596853087, -0.5428348682, -0.5727288241, 2.1452214856, 1.3374296496, 0.5207972702, 0.0342338805, -0.324685297, -0.4596602402, -0.6324192338, -0.688221113, -0.8511237357, -0.9339399546, 2.2080050536, 1.4803143417, 0.48954941, 0.0422563948, -0.3057981015, -0.5472375904, -0.7619997674, -0.9080103514, -0.9692474576, -1.0294394876, 1.9547311122, 1.428244132, 0.7581743105, 0.1619187745, -0.3654799697, -0.6344347381, -0.8411818476, -0.9301076396, -1.0584212135, -1.1433679962, 2.1172325912, 1.4037188079, 0.5173387881, 0.1015599577, -0.3060624858, -0.673897262, -0.8867109315, -0.9201928568, -1.1253692617, -1.1563549686, 2.1628374196, 1.4261263036, 0.6123401367, -0.0017656799, -0.4145136112, -0.6074679664, -0.84257774, -1.0017719307, -1.069500525, -1.1602261098, 2.1802277943, 1.4024959775, 0.7462173021, -0.0549650896, -0.4236927856, -0.6087474615, -0.8276411107, -0.9265071937, -1.0848863534, -1.131899261, 2.0308811709, 1.3789519464, 0.4801207679, -0.0194568538, -0.4283617968, -0.6742179206, -0.8637364766, -0.9655877035, -1.0942153124, -1.1690508899, 1.918043526, 0.9623496212, 0.1988775895, -0.2381374759, -0.51314012, -0.6193710337, -0.8106235733, -0.8515305672, -0.9481473032, -1.0585747966]}