{"source": [{"position": [9.484901739962421, -54.17597843124993], "counts": 500000.0}, {"position": [-327.39496231022036, 111.93095485114642], "counts": 500000.0}], "output": [0.0, 0.0, 0.0, 0.0, 0.0, 0.0, 0.0, 0.0, 0.0, 0.0, 0.0, 0.0, 0.0, 0.0, 0.0, 0.0, 0.0, 0.1172925895, 0.3827074105, 0.0, 0.0, 0.0, 0.0, 0.0, 0.0, 0.0, 0.0, 0.0, 0.0, 0.0, 0.0, 0.0, 0.0, 0.0, 0.0, 0.0, 0.0, 0.0, 0.0, 0.0, 0.0, 0.0, 0.0, 0.0, 0.0, 0.0, 0.0, 0.0, 0.0, 0.0, 0.0, 0.0, 0.0, 0.0, 0.0, 0.0, 0.0, 0.0, 0.0, 0.0, 0.1777524254, 0.3222475746, 0.0, 0.0], "num_sources": 2, "seg_angles": 64, "input": [2.0765179748, 2.3222109837, 2.2453398757, 2.2058282183, 2.1089227336, 1.9943351883, 2.0910100513, 2.0960871974, 2.1086260391, 1.732498194, 1.2906040844, 1.5081984141, 1.5308673015, 1.4360772139, 1.4585263797, 1.5123053159, 1.4473264443, 1.2619748688, 1.2919208771, 0.8284340861, 0.5799077722, 0.7719487488, 0.7655668771, 0.7518041921, 0.6573290624, 0.6004929982, 0.6381472268, 0.6835327089, 0.555821124, 0.2729694139, 0.1145988964, 0.1845954305, 0.175046543, 0.233442221, 0.1416854917, 0.0516865243, 0.0223008521, -0.0772924001, -0.0917938068, -0.0625850979, -0.1833193247, -0.0410522301, -0.1393071246, -0.2109395854, -0.3106567538, -0.376062109, -0.3374134723, -0.4086809965, -0.4940138888, -0.3313463231, -0.4331536789, -0.3829184035, -0.401031771, -0.5382554767, -0.5850404584, -0.6545717214, -0.6603089091, -0.6991354596, -0.7741570582, -0.4658705576, -0.5795164541, -0.5701076008, -0.6242616195, -0.6792975902, -0.7716777427, -0.8037439621, -0.8503028351, -0.9028119271, -0.8889463924, -0.5238981031, -0.6536496244, -0.6609493222, -0.7052096945, -0.8606265244, -0.9380687995, -0.9476941388, -0.9965136148, -0.9413942858, -1.0153051528, -0.5508828784, -0.7133824569, -0.7830150472, -0.855647134, -0.9569864879, -1.0502627586, -1.0559625917, -1.0071700693, -1.0483890557, -0.984258476, -0.6511466104, -0.7839272499, -0.8776445749, -0.8932446345, -0.8970845298, -0.9356353939, -0.8952567163, -0.9284892798, -0.9035040669, -0.9224829453, -0.4812325758]}