{"source": [{"position": [43.832379460774256, -173.5503457524839], "counts": 500000.0}, {"position": [134.14454972091767, -155.01690159518816], "counts": 500000.0}], "output": [0.0, 0.0, 0.0, 0.0, 0.0, 0.0, 0.0, 0.0, 0.0, 0.0, 0.0, 0.0, 0.0, 0.0, 0.0, 0.0, 0.0, 0.0, 0.2400563842, 0.2599436158, 0.0, 0.0, 0.0, 0.3669851851, 0.1330148149, 0.0, 0.0, 0.0, 0.0, 0.0, 0.0, 0.0, 0.0, 0.0, 0.0, 0.0, 0.0, 0.0, 0.0, 0.0, 0.0, 0.0, 0.0, 0.0, 0.0, 0.0, 0.0, 0.0, 0.0, 0.0, 0.0, 0.0, 0.0, 0.0, 0.0, 0.0, 0.0, 0.0, 0.0, 0.0, 0.0, 0.0, 0.0, 0.0], "num_sources": 2, "seg_angles": 64, "input": [1.6139890958, 1.9159369742, 2.0744417142, 2.0666764256, 2.0860190058, 2.0860914351, 2.0467202384, 2.0307087336, 1.896784142, 1.8421152164, 0.4532591036, 1.0907175461, 1.258635177, 1.1628181528, 1.1751518641, 1.2421881035, 1.2571056483, 1.2203245602, 1.1797128255, 1.2418738182, -0.061557123, 0.3524880086, 0.2766386647, 0.3206325057, 0.5137203222, 0.5371062415, 0.3698520293, 0.4537093578, 0.6854037611, 1.1249325727, -0.4736131771, -0.2113295039, -0.0841406504, -0.2120791715, -0.1691859791, -0.1317231809, -0.0524589584, -0.0086128353, 0.1997597907, 1.0663699465, -0.7008220733, -0.6141526444, -0.5041511054, -0.5039912571, -0.4237676109, -0.4555454197, -0.3839304609, -0.2004861132, 0.1302453408, 1.0472772396, -0.9030169863, -0.7952244347, -0.7463026668, -0.7128767488, -0.7105578748, -0.7207255291, -0.6279206239, -0.355390756, 0.0271093031, 1.0667272409, -1.0598176198, -0.9769812599, -0.9821702355, -0.924905206, -0.9343259229, -0.853808328, -0.626536618, -0.5115724044, -0.0287395388, 0.8729639168, -1.1451785165, -1.1079865042, -1.0636924742, -1.0097081208, -0.993302921, -0.907435808, -0.741643229, -0.5489992678, -0.1397238711, 0.8821761607, -1.197724259, -1.1810905602, -1.1317951764, -1.1115258978, -0.9864425616, -0.9528439815, -0.8265981841, -0.6624963424, -0.1648873337, 1.0819974396, -1.254430921, -1.2178119988, -1.2089025264, -1.1623197063, -1.1438127856, -1.0406081783, -0.9515854353, -0.8299605918, -0.3467147985, 0.7412623469]}