{"source": [{"position": [-177.2316802771191, -73.8439672969229], "counts": 500000.0}, {"position": [205.63643524755096, 225.2524283968539], "counts": 500000.0}], "output": [0.0, 0.0, 0.0, 0.0, 0.4894081711, 0.0105918289, 0.0, 0.0, 0.0, 0.0, 0.0, 0.0, 0.0, 0.0, 0.0, 0.0, 0.0, 0.0, 0.0, 0.0, 0.0, 0.0, 0.0, 0.0, 0.0, 0.0, 0.0, 0.0, 0.0, 0.0, 0.0, 0.0, 0.0, 0.0, 0.0, 0.0, 0.0, 0.0, 0.0, 0.0, 0.2683056794, 0.2316943206, 0.0, 0.0, 0.0, 0.0, 0.0, 0.0, 0.0, 0.0, 0.0, 0.0, 0.0, 0.0, 0.0, 0.0, 0.0, 0.0, 0.0, 0.0, 0.0, 0.0, 0.0, 0.0], "num_sources": 2, "seg_angles": 64, "input": [0.9279123262, 0.7098701284, 0.4131785838, 0.349563233, 0.2418413532, 0.2581830714, 0.3779567408, 0.3982972083, 1.1607945413, 1.8433936009, 1.3809399363, 0.51836754, -0.2379016005, -0.6883927303, -0.8912935349, -0.8715128746, -0.7413137782, -0.4670400527, 0.0491760848, 0.8854966917, 1.3475214938, 0.6539034671, -0.1611885206, -0.8240572695, -1.0957562438, -1.2373870551, -1.2551957542, -1.0549546851, -0.4511276436, 0.1765761187, 1.8277487972, 0.4599130216, -0.0567266159, -0.6836928439, -1.1823784441, -1.4071178152, -1.3300580815, -1.2430641896, -0.6563056063, 0.2672335867, 1.7783854834, 0.7988161274, 0.1014158074, -0.5751148565, -0.9864433362, -1.2276995632, -1.3544760846, -1.2335833873, -0.6551784167, -0.1306389092, 1.6789351037, 0.9173908091, 0.0670204912, -0.4857315279, -1.163221543, -1.3617556675, -1.3482732721, -1.035146767, -0.8403301572, 0.0909937078, 1.9528810031, 1.0813240316, 0.2921695775, -0.34268979, -0.8377676995, -1.0566715913, -1.0735555517, -1.138471046, -0.8442995585, -0.1833588415, 2.09428103, 1.2920228383, 0.7066687507, -0.1533537028, -0.7156156157, -0.6707863258, -0.8930606454, -1.020219558, -0.5869512755, -0.1846613969, 2.5104013601, 2.0334256366, 1.2405022253, 0.2537273853, 0.1096961164, -0.3092319099, -0.4218649739, -0.4923806069, -0.4712966052, -0.2101554832, 2.6085741545, 1.7853382539, 1.547293322, 0.9961207026, 0.3151051149, 0.3234973314, -0.0665550911, -0.0283023298, -0.1220713036, -0.0664741593]}