{"source": [{"position": [-97.11270781679553, 119.5203831172311], "counts": 500000.0}, {"position": [-21.930166739431062, -320.2500082541462], "counts": 500000.0}], "output": [0.0, 0.0, 0.0, 0.0, 0.0, 0.0, 0.0, 0.0, 0.0, 0.0, 0.0, 0.0, 0.0, 0.0, 0.0, 0.3482133583, 0.1517866417, 0.0, 0.0, 0.0, 0.0, 0.0, 0.0, 0.0, 0.0, 0.0, 0.0, 0.0, 0.0, 0.0, 0.0, 0.0, 0.0, 0.0, 0.0, 0.0, 0.0, 0.0, 0.0, 0.0, 0.0, 0.0, 0.0, 0.0, 0.0, 0.0, 0.0, 0.0, 0.0, 0.0, 0.0, 0.0, 0.0, 0.0, 0.0249288094, 0.4750711906, 0.0, 0.0, 0.0, 0.0, 0.0, 0.0, 0.0, 0.0], "num_sources": 2, "seg_angles": 64, "input": [2.1255160265, 1.2438069271, 0.6764717999, 0.3107269795, 0.1321529008, -0.0282327144, -0.3371556047, -0.1229376401, -0.258467628, -0.4004451248, 2.2939318801, 1.2782982265, 0.5504284248, -0.1696893712, -0.3266811934, -0.4563851284, -0.5910232135, -0.4803587818, -0.5243607124, -1.03182007, 2.0271447682, 0.8952879013, 0.0978001648, -0.3752209341, -0.6755212722, -0.7181828661, -0.9251975586, -0.8619357169, -0.9626626114, -1.091055739, 1.9604175139, 0.6950802585, -0.0891733339, -0.5431682432, -0.8773998597, -1.0931358336, -1.1234217777, -1.0071729137, -1.1947119602, -1.2150280222, 1.5071331166, 0.9368355651, -0.2196842377, -0.8406807888, -1.0685717965, -1.0330408463, -1.164373575, -1.1430086585, -1.3345208143, -1.3903941629, 1.6078551803, 0.1492020078, -0.2128151909, -0.8855155241, -1.0038417144, -1.0216726419, -0.9829360873, -1.1386624012, -1.13764441, -1.3380616461, 1.5134802832, 0.2573520893, -0.5055731753, -0.6260782772, -0.6457148806, -0.8216443078, -0.8231877547, -0.7997056541, -0.9631286886, -1.0417800747, 1.5652776037, 0.1250616529, -0.0950852396, -0.2644267346, -0.2665152886, -0.2543898984, -0.5928549598, -0.2693205888, -0.4346362388, -0.7691646639, 1.5244234118, 0.6522433677, 0.6085114391, 0.3835824817, 0.3014142581, 0.5460594765, 0.4031787167, 0.7725022817, 0.2382019869, 0.3372148466, 1.5066651376, 1.5270780782, 1.9038125025, 1.5128864697, 1.6840335534, 1.3274097623, 1.4686085993, 1.6860695911, 1.422442725, 0.8135767897]}