{"source": [{"position": [-32.514874446475496, 126.90068139978578], "counts": 500000.0}, {"position": [-262.9598283562265, -406.3349956265937], "counts": 500000.0}], "output": [0.0, 0.0, 0.0, 0.0, 0.0, 0.0, 0.0, 0.0, 0.0, 0.0, 0.425238985, 0.074761015, 0.0, 0.0, 0.0, 0.0, 0.0, 0.0, 0.0, 0.0, 0.0, 0.0, 0.0, 0.0, 0.0, 0.0, 0.0, 0.0, 0.0, 0.0, 0.0, 0.0, 0.0, 0.0, 0.0, 0.0, 0.0, 0.0, 0.0, 0.0, 0.0, 0.0, 0.0, 0.0, 0.0, 0.0, 0.0, 0.0, 0.0, 0.0, 0.2225486666, 0.2774513334, 0.0, 0.0, 0.0, 0.0, 0.0, 0.0, 0.0, 0.0, 0.0, 0.0, 0.0, 0.0], "num_sources": 2, "seg_angles": 64, "input": [0.6729690637, -0.5363236935, -0.6428673797, -0.7853472427, -0.6304885079, -0.5896618556, -0.6903650539, -0.6710775867, -0.734973972, -0.8770183114, 0.8104667299, -0.5431367443, -0.7764088131, -0.647662812, -1.0123021674, -0.8521698973, -0.8056585893, -0.8303894364, -0.8879806541, -0.9526162892, 0.8086372625, -0.6588637355, -0.8335903055, -0.6739086766, -0.9729417341, -0.8368950969, -0.9303257837, -0.862887028, -1.0781425032, -1.1622771515, 0.709878257, -0.4621840704, -0.7181870815, -0.9168250396, -0.9447269148, -0.9693421016, -0.9798279082, -0.8999990854, -0.9770110998, -1.1079516332, 0.7486752021, -0.459930102, -0.6927367147, -0.812511647, -0.8400741327, -0.7964184865, -0.883289006, -0.7504063633, -0.8731358879, -1.0424663817, 0.8407191466, -0.2338627061, -0.4024735167, -0.4514953445, -0.599449394, -0.4607896181, -0.6716232371, -0.6638310988, -0.6197309501, -0.9179364427, 1.0176676324, 0.1949535615, -0.0144258413, 0.0897425, -0.1350960603, -0.1010672196, -0.0992149214, -0.2926845324, -0.2588377708, -0.6421216487, 1.1008746034, 0.538008259, 0.8957676479, 0.3185595763, 0.522742314, 0.4671420354, 0.4068632071, 0.2802922888, 0.1572041236, 0.0144410078, 1.7872838299, 1.4383687391, 1.5106433266, 1.3682831149, 1.240190166, 1.1376258609, 1.1169917663, 1.0979566204, 0.8481584374, 0.7756903656, 2.2162411816, 2.3321823689, 2.2310164083, 2.0751687966, 2.0402740293, 1.8341934575, 2.1688477828, 1.9861361223, 1.6251114614, 1.7419767254]}