{"source": [{"position": [-305.27709067324724, -169.1357381220124], "counts": 500000.0}, {"position": [-225.58956182587062, -376.6037036397965], "counts": 500000.0}], "output": [0.0, 0.0, 0.0, 0.0, 0.0, 0.4232703013, 0.0767296987, 0.0, 0.0, 0.0, 0.2486266853, 0.2513733147, 0.0, 0.0, 0.0, 0.0, 0.0, 0.0, 0.0, 0.0, 0.0, 0.0, 0.0, 0.0, 0.0, 0.0, 0.0, 0.0, 0.0, 0.0, 0.0, 0.0, 0.0, 0.0, 0.0, 0.0, 0.0, 0.0, 0.0, 0.0, 0.0, 0.0, 0.0, 0.0, 0.0, 0.0, 0.0, 0.0, 0.0, 0.0, 0.0, 0.0, 0.0, 0.0, 0.0, 0.0, 0.0, 0.0, 0.0, 0.0, 0.0, 0.0, 0.0, 0.0], "num_sources": 2, "seg_angles": 64, "input": [1.7135212824, 1.8616810102, 1.5601469774, 1.612456675, 1.6434753252, 1.655555218, 1.5880885852, 1.5620110581, 1.494350598, 1.2763756045, 1.3910407612, 0.9800816008, 0.8560955844, 0.7011527321, 0.6021078792, 0.6972956033, 0.6971816117, 0.5302801995, 0.648300485, 0.3587471077, 1.650328773, 0.9753612964, 0.2812680282, 0.011495508, -0.2488003892, -0.1298494016, -0.1422626533, -0.0598759705, -0.1211382796, -0.2748298987, 2.0356846974, 0.4072787594, 0.3919447724, -0.0641639553, -0.3041420954, -0.4251287656, -0.57515509, -0.5914643248, -0.681304429, -0.6931169698, 1.6671648267, 0.5695525708, 0.1378188949, -0.3531156506, -0.5946358866, -0.6015446693, -0.7389491538, -0.7957299944, -0.9809323617, -1.0197231666, 1.9562602087, 0.5416060292, -0.0723988257, -0.3071348664, -0.675276632, -0.7824189023, -0.8584672403, -0.9743156831, -1.0004914221, -1.0623369934, 1.7522986321, 0.8456408776, -0.1210168466, -0.4605660198, -0.7438111043, -0.84724698, -0.9518007587, -1.0658601504, -1.0717510193, -1.2378369813, 1.4672126937, 0.6656081441, -0.1131905494, -0.617030277, -0.7734688564, -0.9314199141, -0.9808596102, -1.0905979239, -1.1922751531, -1.145921952, 1.696262672, 0.5748077259, -0.1521992341, -0.4979785085, -0.7867583107, -0.9993824851, -1.0921222752, -1.1317536979, -1.2014427417, -1.2154785071, 1.6748010447, 0.5502981008, -0.1763071362, -0.6193267302, -0.9395625923, -1.1015366567, -1.1868729986, -1.2195719112, -1.2234909953, -1.2654976065]}