{"source": [{"position": [239.6526672076679, 81.09006782739051], "counts": 500000.0}, {"position": [17.039393757062296, -154.06056945367877], "counts": 500000.0}], "output": [0.0, 0.0, 0.0, 0.0, 0.0, 0.0, 0.0, 0.0, 0.0, 0.0, 0.0, 0.0, 0.0, 0.0, 0.0, 0.0, 0.0, 0.4389892402, 0.0610107598, 0.0, 0.0, 0.0, 0.0, 0.0, 0.0, 0.0, 0.0, 0.0, 0.0, 0.0, 0.0, 0.0, 0.0, 0.0, 0.0, 0.3383094719, 0.1616905281, 0.0, 0.0, 0.0, 0.0, 0.0, 0.0, 0.0, 0.0, 0.0, 0.0, 0.0, 0.0, 0.0, 0.0, 0.0, 0.0, 0.0, 0.0, 0.0, 0.0, 0.0, 0.0, 0.0, 0.0, 0.0, 0.0, 0.0], "num_sources": 2, "seg_angles": 64, "input": [0.9305492025, 1.1334326987, 1.5933644884, 1.2545305212, 1.4205745738, 1.5110333184, 2.0199328341, 2.1476120746, 2.653871329, 2.5276781306, 0.2215914855, 0.5705694412, 0.7453640172, 0.9493672779, 0.9973483439, 1.074798977, 1.4213658053, 1.4576592345, 1.9576755289, 1.9317401457, -0.4352226244, 0.0118107988, 0.145488252, 0.2003499565, 0.4972567214, 0.4486786567, 0.7562674438, 0.8462891415, 1.1546270399, 1.4297336024, -0.7947872946, -0.3601869026, -0.490351424, -0.2925633016, -0.0949342169, -0.0585124565, 0.3727914671, 0.5046026499, 0.7769181286, 1.2515518225, -1.0249708238, -0.8191998728, -0.8720546953, -0.6208336852, -0.4810951895, -0.29629107, -0.1508237262, 0.1925260234, 0.4756582451, 1.2035971773, -1.2705516646, -1.1962807718, -0.9956647965, -0.9635032046, -0.7849726675, -0.6743047167, -0.4270874757, -0.1449446065, 0.2794922118, 0.8644916924, -1.3628595828, -1.1990014683, -1.1974370426, -1.1207011428, -0.9637521333, -0.8589983036, -0.5955823658, -0.1612807321, -0.0477959607, 0.6667532083, -1.4779242854, -1.3022492159, -1.3021152436, -1.1884036925, -1.098674657, -0.9927042331, -0.7740418381, -0.4643733837, -0.0245748048, 0.8200911564, -1.2974043652, -1.1729010717, -1.0197181017, -1.0571344507, -0.9496923446, -1.0101545933, -0.8094925536, -0.6721021478, -0.3144945826, 0.6692642656, -0.7498531167, -0.6226968215, -0.5692484616, -0.6141908449, -0.5616521443, -0.4439018324, -0.4184643133, -0.3892368376, -0.3127162853, 0.2783630524]}