{"source": [{"position": [385.94475053869496, 253.95009260014953], "counts": 500000.0}, {"position": [-131.3930286970283, -183.88004788399937], "counts": 500000.0}], "output": [0.0, 0.0, 0.0, 0.0, 0.0, 0.0, 0.0, 0.0, 0.0, 0.1598240942, 0.3401759058, 0.0, 0.0, 0.0, 0.0, 0.0, 0.0, 0.0, 0.0, 0.0, 0.0, 0.0, 0.0, 0.0, 0.0, 0.0, 0.0, 0.0, 0.0, 0.0, 0.0, 0.0, 0.0, 0.0, 0.0, 0.0, 0.0, 0.0360217347, 0.4639782653, 0.0, 0.0, 0.0, 0.0, 0.0, 0.0, 0.0, 0.0, 0.0, 0.0, 0.0, 0.0, 0.0, 0.0, 0.0, 0.0, 0.0, 0.0, 0.0, 0.0, 0.0, 0.0, 0.0, 0.0, 0.0], "num_sources": 2, "seg_angles": 64, "input": [1.1547530905, 1.3180287898, 1.4662229224, 1.5875127876, 1.8268917938, 1.4521364382, 1.7630572034, 2.4514381738, 2.313660058, 2.7130732462, 0.9472390526, 0.6593759486, 0.2076350742, 0.7117998095, 0.8987857338, 0.6782882467, 0.9857366938, 0.7995387932, 1.2920547753, 1.5151334021, 1.0807258332, -0.0659822255, -0.1992619354, -0.3478960217, 0.058666483, -0.2333765276, 0.0387147567, 0.2813717569, 0.7887903537, 0.7498618845, 0.9709003574, 0.0565949457, -0.6636836789, -0.8525300649, -0.7657432747, -0.5295889366, -0.4195442853, -0.4963489914, 0.2285093443, 0.4228735792, 1.3333388354, -0.1716912513, -0.9367823651, -1.0962812116, -0.8924286859, -1.0739466532, -0.7921726587, -0.488223169, -0.2070238777, 0.001804707, 1.3486779018, -0.1146387051, -0.8727476888, -1.1824299364, -1.2594053448, -1.1680225814, -0.9860600268, -0.8863612657, -0.460232026, -0.0131841955, 1.0400912836, 0.0393608668, -0.8877464585, -1.1482491999, -1.2332961102, -1.1862715712, -1.2169112508, -0.9057826564, -0.4874122627, -0.1854751802, 1.0987946418, 0.196637865, -0.6854363584, -1.0205239008, -1.2145496011, -1.2900127997, -1.3647836076, -1.0181596841, -0.8331767696, -0.484033216, 1.684973006, 0.4428316908, -0.0387541799, -0.6515002599, -1.0061430679, -1.1022712201, -1.1935552814, -1.0448061706, -0.6307339136, -0.4401862323, 2.1601099054, 0.7840500431, 0.0860951658, -0.0266271162, -0.6749438542, -0.3282792146, -0.6971027686, -0.5623907505, -0.584757797, -0.3166772008]}