{"source": [{"position": [-415.0273475614352, 126.91848082970306], "counts": 500000.0}, {"position": [217.25416831527423, -288.3082141556818], "counts": 500000.0}], "output": [0.0, 0.0, 0.0, 0.0, 0.0, 0.0, 0.0, 0.0, 0.0, 0.0, 0.0, 0.0, 0.0, 0.0, 0.0, 0.0, 0.0, 0.0, 0.0, 0.0, 0.0, 0.0, 0.2111297484, 0.2888702516, 0.0, 0.0, 0.0, 0.0, 0.0, 0.0, 0.0, 0.0, 0.0, 0.0, 0.0, 0.0, 0.0, 0.0, 0.0, 0.0, 0.0, 0.0, 0.0, 0.0, 0.0, 0.0, 0.0, 0.0, 0.0, 0.0, 0.0, 0.0, 0.0, 0.0, 0.0, 0.0, 0.0, 0.0, 0.0, 0.0, 0.0114689527, 0.4885310473, 0.0, 0.0], "num_sources": 2, "seg_angles": 64, "input": [2.6517453987, 2.2230672112, 2.4591331381, 1.9153917402, 1.382769628, 1.3553336387, 1.4362838384, 1.0712448142, 0.9057643783, 0.8621470697, 2.0267243758, 1.8781944301, 1.6834533871, 1.0856227538, 0.5109470859, 0.1935991, -0.1697418506, 0.1829948432, 0.2060686938, 0.7084909049, 1.4565100778, 1.0137175824, 0.7158211169, 0.3529063785, 0.1831279427, -0.408944381, -0.8371059942, -0.5661468294, -0.3765838093, 0.3003338517, 1.3306197471, 0.9916752411, 0.3383776884, -0.3965173746, -0.2186845856, -0.9327752206, -1.0025665414, -0.7174800349, -0.3915788259, 0.7075785631, 0.78818628, 0.4222993875, -0.2597019204, -0.9642047662, -0.8950160267, -1.0961909233, -1.2362831748, -0.8977163353, -0.5879911585, 0.5448288584, 0.6448249566, 0.2865382058, -0.6275657538, -0.8773376182, -1.0199713184, -1.2920858137, -1.3131299154, -1.1153901783, -0.4858215223, 0.8526740917, 0.6609936029, 0.2534456047, -0.1820537213, -0.8587583027, -1.2873855246, -1.4137885693, -1.339324878, -0.7233420547, -0.4379967747, 0.4525950293, 0.5947900945, -0.0656746781, -0.8282730516, -1.0671561967, -1.4861214635, -1.3455597462, -1.2402277522, -1.1159906827, -0.5095604692, 0.7344900165, 0.8521528756, -0.1872719086, -0.6846179656, -1.1780152316, -1.4338679143, -1.4273856897, -0.9618267847, -0.6635902855, 0.0435797463, 1.056930501, 0.1931077401, -0.2569470573, -0.536508177, -0.6824268569, -0.7126494287, -0.7220152563, -0.1290637525, -0.2491250984, 0.5027102774, 1.3992652575]}