{"source": [{"position": [-198.75624562847187, 9.846564054256195], "counts": 500000.0}, {"position": [312.43942425297513, -233.41295202381], "counts": 500000.0}], "output": [0.2478963598, 0.0, 0.0, 0.0, 0.0, 0.0, 0.0, 0.0, 0.0, 0.0, 0.0, 0.0, 0.0, 0.0, 0.0, 0.0, 0.0, 0.0, 0.0, 0.0, 0.0, 0.0, 0.0, 0.0, 0.0, 0.2677482546, 0.2322517454, 0.0, 0.0, 0.0, 0.0, 0.0, 0.0, 0.0, 0.0, 0.0, 0.0, 0.0, 0.0, 0.0, 0.0, 0.0, 0.0, 0.0, 0.0, 0.0, 0.0, 0.0, 0.0, 0.0, 0.0, 0.0, 0.0, 0.0, 0.0, 0.0, 0.0, 0.0, 0.0, 0.0, 0.0, 0.0, 0.0, 0.2521036402], "num_sources": 2, "seg_angles": 64, "input": [2.8860200962, 2.0848539475, 1.3582202342, 0.8605128672, 0.2431056204, -0.0166957661, -0.0325731956, -0.2022534742, -0.4404625533, -0.3976011818, 2.6004853303, 1.9693277991, 1.1703611856, 0.5122797618, -0.0664948624, -0.4997409297, -0.5260540463, -0.8012190067, -0.379389746, -0.1340957852, 2.3902819494, 1.6836302899, 0.6914721112, 0.2519087311, -0.3517383149, -0.7064692247, -0.9924510619, -0.6078172707, -0.6631495835, -0.3155607031, 1.9267195399, 1.430318721, 0.5461336355, -0.006656267, -0.4606079381, -0.8832642454, -1.0795000398, -0.7825089811, -0.5896608142, -0.2214131331, 1.844071634, 1.2631192709, 0.4722777362, -0.1803910781, -0.7451284374, -0.8978960945, -0.9288532691, -0.76271039, -0.6499321447, 0.0147717354, 2.0012318115, 1.1077564563, -0.127715443, -0.4187672141, -0.649877539, -1.0511996557, -0.9241662329, -0.7178887741, -0.4961960124, 0.008281388, 1.7023513706, 1.1197655014, 0.2293678896, -0.2842344448, -0.7157551875, -0.8166002756, -0.8304670645, -0.8849253195, -0.527735136, -0.060431526, 2.039758658, 1.119429592, 0.2107917433, -0.361473066, -0.7651779476, -1.0155123629, -0.8555871934, -0.98305139, -0.468712911, -0.3148358602, 1.7100027749, 1.1978596716, -0.0492532158, -0.6076642464, -0.8550967813, -1.0581723864, -0.8735442226, -0.9930982093, -0.8096609966, -0.0608877487, 1.1010388996, 0.5379621168, -0.4144127798, -0.8040479476, -1.058101874, -1.0068537922, -1.2446732259, -0.9103864031, -0.6851126985, -0.261903448]}