{"source": [{"position": [434.1848000921182, 216.1216309603629], "counts": 500000.0}, {"position": [279.1461985009737, -293.4321043486125], "counts": 500000.0}], "output": [0.0, 0.0, 0.0, 0.0, 0.0, 0.0, 0.0, 0.0, 0.0, 0.0, 0.0, 0.0, 0.0, 0.0, 0.0, 0.0, 0.0, 0.0, 0.0, 0.0, 0.0, 0.0, 0.0, 0.1270436356, 0.3729563644, 0.0, 0.0, 0.0, 0.0, 0.0, 0.0, 0.0, 0.0, 0.0, 0.0, 0.0, 0.1477799065, 0.3522200935, 0.0, 0.0, 0.0, 0.0, 0.0, 0.0, 0.0, 0.0, 0.0, 0.0, 0.0, 0.0, 0.0, 0.0, 0.0, 0.0, 0.0, 0.0, 0.0, 0.0, 0.0, 0.0, 0.0, 0.0, 0.0, 0.0], "num_sources": 2, "seg_angles": 64, "input": [0.1968257869, 0.4036930708, 0.3701897496, 0.4301154651, 0.6411681658, 0.967302554, 1.0136595556, 1.2042824756, 1.5677226164, 2.1305225544, -0.5013281325, -0.2004226756, 0.1239435659, 0.1808003099, 0.3836204615, 0.4405821357, 0.4150084136, 0.6881813215, 0.7691373285, 2.2322972008, -0.8560657571, -0.6675142834, -0.6626737584, -0.5286931814, -0.2476685678, -0.0700373731, 0.1550363151, 0.1410386438, 1.1688521722, 2.133185205, -1.1449430886, -0.9350445743, -0.7721895462, -0.6681736563, -0.6401471255, -0.5073612699, -0.4538277694, 0.4698939358, 1.0258903478, 2.2256367243, -1.2318424259, -1.1786497475, -1.0228176527, -1.1694216803, -0.7862445625, -0.5105336211, -0.3363466341, 0.2116564036, 1.2127317433, 2.3416658444, -1.3152584748, -1.224322101, -1.0832697311, -1.1672649477, -0.8752605103, -0.8766870186, -0.3213857331, 0.1731804878, 1.0039090944, 2.0695756477, -1.2921625944, -1.305103098, -1.2860473366, -1.107052951, -0.9893804673, -0.705508419, -0.4267575349, 0.308181914, 1.1622168781, 1.8222106223, -1.2236735281, -1.2504141473, -1.0860429083, -1.0298808273, -0.8648292711, -0.6663239956, -0.1750140358, 0.2250706329, 0.9133709438, 1.9181880157, -0.8995947037, -0.8489470587, -0.8011043732, -0.7796552125, -0.5187312394, -0.5027197572, -0.3559532536, 0.071443911, 0.79543546, 1.955162752, -0.2953552805, 0.0107661889, -0.4450690875, -0.2854477206, -0.1488443752, 0.1316692052, 0.272895399, 0.1770629806, 0.8506642943, 2.1393642825]}