{"source": [{"position": [-44.2483797717981, 226.72247547954026], "counts": 500000.0}, {"position": [209.07253281402242, 175.54963976815654], "counts": 500000.0}], "output": [0.0, 0.0, 0.0, 0.0, 0.0, 0.0, 0.0, 0.0, 0.0, 0.0, 0.0, 0.0, 0.0, 0.0, 0.0, 0.0, 0.0, 0.0, 0.0, 0.0, 0.0, 0.0, 0.0, 0.0, 0.0, 0.0, 0.0, 0.0, 0.0, 0.0, 0.0, 0.0, 0.0, 0.0, 0.0, 0.0, 0.0, 0.0, 0.0, 0.4427730509, 0.0572269491, 0.0, 0.0, 0.0, 0.0, 0.0, 0.0, 0.0, 0.0, 0.0183699914, 0.4816300086, 0.0, 0.0, 0.0, 0.0, 0.0, 0.0, 0.0, 0.0, 0.0, 0.0, 0.0, 0.0, 0.0], "num_sources": 2, "seg_angles": 64, "input": [-0.6475469398, -1.2228051654, -1.2095860243, -1.2898793481, -1.1757921064, -1.1499218097, -0.9511061143, -0.6535171614, -0.4638543368, -0.1429591407, -0.6474773118, -1.0891873615, -1.1965169206, -1.1670678955, -1.0720965017, -0.9490848341, -0.9497685459, -0.548167926, -0.1962544807, 0.227895098, -0.5210660617, -1.0607729217, -1.0649913647, -1.0881686357, -1.0829710849, -0.9714521647, -0.7397745956, -0.4718156516, -0.197185952, 0.2896154389, -0.6011171701, -1.0552441513, -1.0313591929, -0.9735955446, -0.9019092101, -0.9711120951, -0.6594187726, -0.5348032982, -0.0680016245, 0.4634466151, -0.4796093204, -0.955006619, -0.8742357221, -0.9199531466, -0.7959447816, -0.7721706812, -0.5696943868, -0.355616498, -0.0993508452, 0.6577228664, -0.2266167371, -0.578564838, -0.5826450901, -0.7334768015, -0.5079935684, -0.6820522954, -0.1362777905, -0.1397950457, 0.2214910983, 0.7231170102, -0.2032574337, -0.2293520382, -0.3231403062, -0.2551018181, -0.2130284576, -0.2809736986, -0.2252967415, 0.2098691983, 0.4470300531, 0.8855483682, 0.3414204456, 0.2993654717, 0.2334811085, 0.3910395683, 0.4590683393, 0.5166039212, 0.3606339473, 0.409810475, 0.8362468833, 1.1905299349, 0.9094792355, 1.1845212687, 1.162244652, 1.1239017968, 1.1692342318, 1.2792006041, 1.1471541498, 1.1949436626, 1.3460005368, 1.5371634185, 1.5657945689, 2.2408786221, 2.2776784762, 2.1047968027, 2.2915425232, 2.2013198386, 2.0411266978, 1.9118139223, 2.0194645056, 1.9843087225]}