{"source": [{"position": [-15.879466722100734, 21.836724493881757], "counts": 500000.0}, {"position": [-158.89382087028008, 157.88842164403107], "counts": 500000.0}], "output": [0.0, 0.0, 0.0, 0.0, 0.0, 0.0, 0.0, 0.0, 0.0, 0.0, 0.0, 0.0, 0.0, 0.0, 0.0, 0.0, 0.0, 0.0, 0.0, 0.0, 0.0, 0.0, 0.0, 0.0, 0.0, 0.0, 0.0, 0.0, 0.0, 0.0, 0.0, 0.0, 0.0, 0.0, 0.0, 0.0, 0.0, 0.0, 0.0, 0.0, 0.0, 0.0, 0.0, 0.0, 0.0, 0.0, 0.0, 0.0, 0.0, 0.0, 0.0, 0.0, 0.0, 0.0, 0.2978394871, 0.2021605129, 0.483836092, 0.016163908, 0.0, 0.0, 0.0, 0.0, 0.0, 0.0], "num_sources": 2, "seg_angles": 64, "input": [0.6221321508, -0.2193833089, -0.6143474499, -0.8772344532, -0.9759500735, -1.0558212912, -1.0856643147, -1.1090034608, -1.1362128833, -1.1499437036, 0.9245964278, 0.0052138544, -0.5110062915, -0.7731800203, -0.911948735, -1.0106556236, -1.0413645702, -1.0724446022, -1.080745529, -1.1143125562, 1.1180699486, 0.1345504285, -0.4345520276, -0.731344944, -0.8767932135, -0.9790706605, -1.0017038776, -1.0259757223, -1.0312012253, -1.0699804848, 1.2140806902, 0.2044571699, -0.3476966127, -0.704782819, -0.829819625, -0.9087016126, -0.9134240127, -0.9520398152, -0.9769419541, -1.0361452117, 1.3647626369, 0.2607310671, -0.2556410042, -0.5939375315, -0.6823038747, -0.7793321388, -0.8224156758, -0.8539934872, -0.9070418105, -0.9382491499, 1.5453308446, 0.3422484605, -0.1644819028, -0.4311431507, -0.5154509438, -0.6118341936, -0.6148484281, -0.6671820807, -0.737205774, -0.817885463, 1.4784181447, 0.5350779614, 0.0403268166, -0.1320551343, -0.1963768148, -0.3222780159, -0.3174779843, -0.3829217653, -0.419756068, -0.5947274638, 1.7109100093, 0.6941405305, 0.4571538247, 0.3464386353, 0.2047235718, 0.1920288304, 0.1220052923, 0.0538434476, 0.0108901578, -0.2651559871, 1.8606157712, 1.2266794238, 1.1939924097, 1.181002252, 1.1017567286, 0.9503159084, 0.9064355998, 0.6907349943, 0.6185485146, 0.3519336711, 2.1937314478, 2.1812155463, 2.1716186481, 2.1068403362, 2.1148680009, 1.8813032716, 1.8214683249, 1.657035149, 1.5873368199, 1.2035248086]}