{"source": [{"position": [27.439323321399705, -49.96082000591753], "counts": 500000.0}, {"position": [103.45211601467875, 241.798800022013], "counts": 500000.0}], "output": [0.0, 0.0, 0.0, 0.0, 0.0, 0.0, 0.0, 0.0, 0.0, 0.0, 0.0, 0.0, 0.0, 0.0, 0.0, 0.0, 0.0, 0.0, 0.0, 0.0, 0.0, 0.4421038632, 0.0578961368, 0.0, 0.0, 0.0, 0.0, 0.0, 0.0, 0.0, 0.0, 0.0, 0.0, 0.0, 0.0, 0.0, 0.0, 0.0, 0.0, 0.0, 0.0, 0.0, 0.0, 0.0589653378, 0.4410346622, 0.0, 0.0, 0.0, 0.0, 0.0, 0.0, 0.0, 0.0, 0.0, 0.0, 0.0, 0.0, 0.0, 0.0, 0.0, 0.0, 0.0, 0.0, 0.0], "num_sources": 2, "seg_angles": 64, "input": [1.4190764517, 1.7502328562, 1.7564605555, 1.9088336732, 1.8511497965, 1.9398398044, 1.9758109345, 2.0222925523, 2.2976629806, 2.2890248362, 0.3809440494, 0.8027606283, 0.8676813167, 1.0107850627, 1.0443024119, 1.0287722946, 1.0310179758, 1.156917892, 1.1940764848, 1.8258320004, -0.2581625491, 0.0544944425, 0.2586206331, 0.1970675699, 0.1511714108, 0.1748373346, 0.2504005054, 0.3113213113, 0.4983579446, 1.6775083888, -0.7042933192, -0.4864205935, -0.3609813471, -0.3081618307, -0.3056804281, -0.3375042784, -0.2535218261, -0.1646437507, 0.1792332706, 1.5728877771, -0.974301607, -0.8133307694, -0.6566462225, -0.7118981792, -0.672045297, -0.6961056251, -0.6061392996, -0.4788453136, 0.0058776521, 1.5037239714, -0.9945459793, -0.9559938599, -0.959529279, -0.874640752, -0.8633263848, -0.7885247115, -0.7630019575, -0.5163587134, 4.1968e-06, 1.2896082985, -1.1348890147, -0.9850470493, -1.023340095, -0.9847873667, -0.9779934042, -0.9505214753, -0.8182664513, -0.5958488646, -0.1190790001, 1.1641318949, -1.1392495939, -1.0183339321, -1.0126687385, -0.9300350393, -1.0095291693, -0.952366062, -0.7695440937, -0.5421110528, 0.0987849474, 1.243076717, -1.0603926192, -0.9327557956, -0.9120134529, -0.8982514114, -0.8564198106, -0.8819247631, -0.6813319476, -0.4716969532, 0.043348638, 1.1842573384, -0.8276109044, -0.7736045623, -0.801924932, -0.7914077809, -0.594921727, -0.7411638997, -0.5782928613, -0.3796079387, 0.1029238968, 1.1364229386]}