{"source": [{"position": [211.54340499911618, 67.33043740671755], "counts": 500000.0}, {"position": [-99.94323630133756, 38.214519722417045], "counts": 500000.0}], "output": [0.0, 0.0, 0.0, 0.0, 0.0, 0.0, 0.0, 0.0, 0.0, 0.0, 0.0, 0.0, 0.0, 0.0, 0.0, 0.0, 0.0, 0.0, 0.0, 0.0, 0.0, 0.0, 0.0, 0.0, 0.0, 0.0, 0.0, 0.0, 0.0, 0.0, 0.0, 0.0, 0.0, 0.0, 0.0, 0.4306372177, 0.0693627823, 0.0, 0.0, 0.0, 0.0, 0.0, 0.0, 0.0, 0.0, 0.0, 0.0, 0.0, 0.0, 0.0, 0.0, 0.0, 0.0, 0.0, 0.0, 0.0, 0.0, 0.0, 0.0, 0.0, 0.3599970294, 0.1400029706, 0.0, 0.0], "num_sources": 2, "seg_angles": 64, "input": [1.1717002961, 0.5238734365, -0.4174336374, -0.7744321692, -1.1393278091, -1.30643257, -1.2282530226, -1.1199285454, -0.8426509943, -0.408649226, 1.7318149537, 0.7124279705, -0.0543284211, -0.6198038198, -1.0706370492, -1.0881703062, -1.0025555018, -0.9583619474, -0.6085884806, -0.2697171868, 1.5648303532, 1.0362437432, -0.0352116206, -0.5800140268, -0.8958157913, -0.9311478629, -1.0284043339, -0.6827814734, -0.4760131412, -0.1930742062, 1.8895176765, 0.9375080484, 0.1364403939, -0.6054647672, -0.865983297, -1.1037103466, -0.9143245682, -0.8093552134, -0.5389273257, -0.1226545807, 1.9826233132, 1.0749056659, 0.2942369183, -0.5692317719, -0.805412788, -0.867874634, -0.9959375699, -0.8170779413, -0.4906401339, -0.3186646439, 2.0430514603, 0.9140219538, 0.1743371032, -0.4219833411, -0.8865437053, -1.0250377764, -1.0466041342, -0.7801645926, -0.4082102921, -0.1410092228, 1.9023741381, 0.95421777, 0.0875714449, -0.4165247425, -0.7096103695, -0.9911403195, -0.988627743, -0.7999790453, -0.6219937404, -0.2089324168, 1.717505873, 0.8505956298, 0.1402665906, -0.4123849395, -0.7818244241, -0.9004606688, -0.8488737515, -0.7253445896, -0.2299882426, 0.0896378351, 2.1031229812, 1.1532507093, 0.3462298455, -0.0484975469, -0.2798442945, -0.5309635911, -0.3713120965, -0.2812041373, 0.2226636048, 0.438810201, 2.2971914841, 1.9105802531, 1.6113866323, 1.6250390262, 1.5422348273, 1.4943469923, 1.344526481, 1.5761519441, 1.3467515228, 1.4720633755]}