{"source": [{"position": [0.97455109956031, -200.9976374243099], "counts": 500000.0}, {"position": [-23.721704539110814, -49.62137375928974], "counts": 500000.0}], "output": [0.0, 0.0, 0.0, 0.0, 0.0, 0.0, 0.0, 0.0, 0.0, 0.0, 0.0, 0.2711400804, 0.2288599196, 0.0, 0.0, 0.0, 0.4753066297, 0.0246933703, 0.0, 0.0, 0.0, 0.0, 0.0, 0.0, 0.0, 0.0, 0.0, 0.0, 0.0, 0.0, 0.0, 0.0, 0.0, 0.0, 0.0, 0.0, 0.0, 0.0, 0.0, 0.0, 0.0, 0.0, 0.0, 0.0, 0.0, 0.0, 0.0, 0.0, 0.0, 0.0, 0.0, 0.0, 0.0, 0.0, 0.0, 0.0, 0.0, 0.0, 0.0, 0.0, 0.0, 0.0, 0.0, 0.0], "num_sources": 2, "seg_angles": 64, "input": [1.963486972, 2.0439834445, 2.2153130424, 2.14907223, 2.0872023822, 2.2129665746, 2.1106515699, 2.0994005855, 1.8609709526, 1.6536920279, 1.3108599717, 1.4338166557, 1.4440620097, 1.2808527768, 1.4189456581, 1.3284972119, 1.2544494422, 1.1278203754, 1.0811041229, 0.7900109578, 0.9247572308, 0.5739480784, 0.709942961, 0.5954739824, 0.5043089227, 0.4533457046, 0.4829912409, 0.4741972069, 0.3681963527, 0.1389613499, 0.8055129622, 0.1933322695, 0.1179076442, 0.0292351455, 0.013511528, 0.0102435567, 0.0065763109, -0.0082282019, -0.0872889825, -0.3286119846, 0.7322298856, -0.130664328, -0.2830916001, -0.3605754693, -0.3971836736, -0.428912536, -0.3903579479, -0.4201277624, -0.4528624376, -0.6183087674, 0.7019063931, -0.2011162301, -0.5442339887, -0.6414158325, -0.6289408539, -0.6081775461, -0.7018051003, -0.6907151372, -0.7356071323, -0.8256531086, 0.5854942362, -0.3593224161, -0.6401835808, -0.7726103866, -0.8206169982, -0.813390359, -0.8338899843, -0.8913436987, -0.8859796714, -0.9498582406, 0.4928964617, -0.3814182103, -0.7602475094, -0.8920981409, -0.9082721473, -0.9317599553, -0.9875008558, -0.9961720641, -0.9914532896, -1.0453056185, 0.296055492, -0.4745512395, -0.8535540483, -0.9584705919, -1.0127812855, -1.0310515472, -1.0262987076, -1.07093826, -1.0793788437, -1.0590639084, 0.2077613529, -0.6283121765, -0.9434215907, -1.0700745865, -1.1055053735, -1.085933219, -1.1124282129, -1.1226996415, -1.1424835667, -1.1636966852]}