{"source": [{"position": [36.593295801768086, -26.190278775994386], "counts": 500000.0}, {"position": [-144.78951698382264, -440.8310285943939], "counts": 500000.0}], "output": [0.0, 0.0, 0.0, 0.0, 0.0, 0.0, 0.0, 0.0, 0.0, 0.0, 0.0, 0.0, 0.1162309135, 0.3837690865, 0.0, 0.0, 0.0, 0.0, 0.0, 0.0, 0.0, 0.0, 0.0, 0.0, 0.0, 0.1637130464, 0.3362869536, 0.0, 0.0, 0.0, 0.0, 0.0, 0.0, 0.0, 0.0, 0.0, 0.0, 0.0, 0.0, 0.0, 0.0, 0.0, 0.0, 0.0, 0.0, 0.0, 0.0, 0.0, 0.0, 0.0, 0.0, 0.0, 0.0, 0.0, 0.0, 0.0, 0.0, 0.0, 0.0, 0.0, 0.0, 0.0, 0.0, 0.0], "num_sources": 2, "seg_angles": 64, "input": [0.9570470953, 1.1947944671, 1.363096773, 1.4744632636, 1.5758784802, 1.5463208364, 1.7525607066, 1.6849916521, 1.7599821107, 2.0220436643, 0.0196478222, 0.1596076331, 0.2861701809, 0.3846497485, 0.4408485885, 0.4461548674, 0.5041405176, 0.6991076678, 1.2402505831, 2.0015918224, -0.4867454255, -0.4668139841, -0.36329072, -0.2800830334, -0.328411549, -0.1274627307, -0.0128197086, 0.41738596, 1.196118949, 1.9787241962, -0.7698695851, -0.7925754552, -0.6810927159, -0.6577169672, -0.5972387466, -0.4695200514, -0.1558001437, 0.3012691596, 1.0207418329, 1.9300861318, -0.8689505048, -0.9580977996, -0.9203907998, -0.8268357819, -0.6927219738, -0.5507541658, -0.2316203498, 0.2243513413, 0.9990883352, 1.9249494519, -0.9626705714, -1.0393012192, -1.0345134182, -0.9460822161, -0.8425703548, -0.5929912368, -0.2769320582, 0.1633148524, 0.9263912573, 1.7732949195, -1.055724785, -1.0592408162, -1.0654012047, -0.9988463037, -0.901023183, -0.6750944306, -0.3631533344, 0.1115978676, 0.8684746393, 1.7709704707, -1.0689995643, -1.1343056605, -1.0893348298, -1.0302616838, -0.891109436, -0.7202984112, -0.4560542637, 0.0126162729, 0.7697654096, 1.5089497828, -1.0678560678, -1.1032772441, -1.0963487108, -1.0395488847, -0.9230288209, -0.7531665283, -0.4426810548, -0.0488274777, 0.7013041359, 1.5699602521, -1.0915645946, -1.1675460952, -1.144637193, -1.1078200827, -0.9996558841, -0.8988592366, -0.5835750731, -0.3047164109, 0.3011212635, 1.2320055702]}