{"source": [{"position": [54.20717800517801, 62.85365425108509], "counts": 500000.0}, {"position": [-390.96224195098455, 84.54895249889171], "counts": 500000.0}], "output": [0.0, 0.0, 0.0, 0.0, 0.0, 0.0, 0.0, 0.0, 0.0, 0.0, 0.0, 0.0, 0.0, 0.0, 0.0, 0.0, 0.0, 0.0, 0.0, 0.0, 0.0, 0.0, 0.0, 0.0, 0.0, 0.0, 0.0, 0.0, 0.0, 0.0, 0.0, 0.0, 0.0, 0.0, 0.0, 0.0, 0.0, 0.0, 0.0, 0.0, 0.1245001963, 0.3754998037, 0.0, 0.0, 0.0, 0.0, 0.0, 0.0, 0.0, 0.0, 0.0, 0.0, 0.0, 0.0, 0.0, 0.0, 0.0, 0.0, 0.0, 0.0, 0.0, 0.0846923928, 0.4153076072, 0.0], "num_sources": 2, "seg_angles": 64, "input": [-0.8687177252, -1.0607006272, -1.1918106256, -1.2287087846, -1.2389431984, -1.1204269442, -0.9997364773, -0.606912295, -0.0860886248, 0.8175481159, -0.8491636666, -1.013536443, -1.1024140677, -1.1134418975, -1.1288875503, -1.0579532819, -0.8060227468, -0.4619091562, 0.1609034264, 1.2691592832, -0.7326352216, -0.9752948067, -1.0352391065, -1.0971385143, -1.0494098694, -1.0854992155, -0.7407155818, -0.4331082037, 0.3095638331, 1.2545741679, -0.6945107933, -0.7798867108, -0.9276078722, -1.0005572061, -1.0787673718, -0.9966214655, -0.7961879922, -0.345948192, 0.2253470041, 1.2957171575, -0.6149673224, -0.680924232, -0.8143311606, -0.9147320996, -0.9967829162, -0.8050359094, -0.6924981285, -0.3561738216, 0.3871243088, 1.4727237809, -0.4100642259, -0.5465311845, -0.6905331053, -0.6883061255, -0.7301072856, -0.7332628753, -0.6761369479, -0.3925705563, 0.2410073163, 1.4753226237, -0.2028368388, -0.3056218164, -0.2497275193, -0.3674771555, -0.4556556921, -0.3398212038, -0.4054809055, -0.1715998481, 0.5410792943, 1.3575845866, 0.1799239173, 0.2608820196, 0.0849296936, 0.1805177627, 0.032355895, 0.1824366139, 0.164640793, 0.1980460151, 0.4571494931, 1.3372989533, 0.9202949294, 0.8793622958, 0.7011896691, 0.8926007985, 0.8270158427, 0.9044726816, 0.8858255655, 1.0381492524, 0.9349750991, 1.5660605631, 1.8694425002, 1.9739633766, 1.8129824219, 1.8301710334, 1.935749298, 2.0376132455, 2.1380075442, 1.9673552006, 2.0184355819, 1.9261781575]}