{"source": [{"position": [-61.39511396735626, 92.47507762059642], "counts": 500000.0}, {"position": [35.697150399194136, -163.14016505256245], "counts": 500000.0}], "output": [0.0, 0.0, 0.0, 0.0, 0.0, 0.0, 0.0, 0.0, 0.0, 0.0, 0.0, 0.0, 0.0, 0.0, 0.0, 0.0, 0.0, 0.0, 0.40288719, 0.09711281, 0.0, 0.0, 0.0, 0.0, 0.0, 0.0, 0.0, 0.0, 0.0, 0.0, 0.0, 0.0, 0.0, 0.0, 0.0, 0.0, 0.0, 0.0, 0.0, 0.0, 0.0, 0.0, 0.0, 0.0, 0.0, 0.0, 0.0, 0.0, 0.0, 0.0, 0.0, 0.0, 0.0, 0.0150599825, 0.4849400175, 0.0, 0.0, 0.0, 0.0, 0.0, 0.0, 0.0, 0.0, 0.0], "num_sources": 2, "seg_angles": 64, "input": [2.6095378255, 1.7302562835, 1.1242668293, 0.6456767681, 0.587131764, 0.4931750158, 0.1197215255, 0.3372501695, 0.2014946377, -0.0924455916, 2.3647851972, 1.4119261019, 0.368180124, 0.2488901643, -0.0008865219, -0.0495064243, -0.1866274673, -0.3762206706, -0.4452078432, -0.6698939297, 2.0118496099, 0.5221156856, 0.0821407061, -0.4496432432, -0.6343907875, -0.6393362331, -0.814587326, -0.8490104827, -0.8560395173, -0.9764686627, 1.3916380702, 0.3608674725, -0.5129474154, -0.7549184019, -0.979699238, -1.1593180161, -1.2390844061, -1.2140887568, -1.2054854613, -1.0905289611, 1.7978806174, 0.2356612043, -0.5917208093, -1.2397903049, -1.2096492883, -1.2762793535, -1.296423267, -1.3214415272, -1.289922425, -0.9304828126, 1.140787213, -0.129252747, -0.9864457906, -1.0000766442, -1.0280986697, -1.1095582601, -1.1859007086, -1.0832188646, -1.2633304822, -0.6556101496, 0.8658959581, 0.0141849843, -0.8141225788, -0.9018669694, -0.7593546709, -0.9158884811, -1.0850215238, -0.8118279522, -0.9909963297, -0.5088715637, 1.0133119048, -0.2606808845, -0.1412077185, -0.2273783463, -0.1863625194, -0.5796540918, -0.4684265747, -0.4672388997, -0.3994585654, -0.0623272699, 1.0805656311, 0.5381459694, 0.512383348, 0.5912371048, 0.3848513096, 0.5169088638, 0.5277872705, 0.3627902644, 0.2892192957, 0.8612601786, 1.3366256505, 1.7617149011, 1.4255375473, 1.5536073155, 1.6791431039, 1.408459582, 1.7348408108, 1.2563633296, 1.3130328113, 1.5611222813]}