{"source": [{"position": [292.47753351088824, -202.9603222095078], "counts": 500000.0}, {"position": [212.8326713467721, -226.76695969077355], "counts": 500000.0}], "output": [0.0, 0.0, 0.0, 0.0, 0.0, 0.0, 0.0, 0.0, 0.0, 0.0, 0.0, 0.0, 0.0, 0.0, 0.0, 0.0, 0.0, 0.0, 0.0, 0.0, 0.0, 0.0, 0.0, 0.1613809233, 0.3386190767, 0.0896110594, 0.4103889406, 0.0, 0.0, 0.0, 0.0, 0.0, 0.0, 0.0, 0.0, 0.0, 0.0, 0.0, 0.0, 0.0, 0.0, 0.0, 0.0, 0.0, 0.0, 0.0, 0.0, 0.0, 0.0, 0.0, 0.0, 0.0, 0.0, 0.0, 0.0, 0.0, 0.0, 0.0, 0.0, 0.0, 0.0, 0.0, 0.0, 0.0], "num_sources": 2, "seg_angles": 64, "input": [1.2062458107, 1.4891086672, 1.6372924456, 1.6499121434, 1.5728711521, 1.511064523, 1.7240798041, 1.6691804984, 1.7542537779, 1.8663852627, 0.2442133559, 0.4567319408, 0.6226828506, 0.6791424781, 0.589648701, 0.4239059098, 0.6651677294, 0.7417056837, 1.0693009081, 1.6970804294, -0.2691280515, -0.2147283556, -0.0876858956, -0.1279158006, -0.0848131494, -0.1880366173, -0.0183595534, 0.2445386048, 0.8721412257, 1.6388627237, -0.7402873593, -0.7170040413, -0.6452515339, -0.4747926996, -0.5535688452, -0.4916486226, -0.3382144681, 0.1619104533, 0.7778995937, 1.7985398969, -0.9500256825, -0.8957448812, -0.800902151, -0.7822626369, -0.8297908746, -0.7363546593, -0.3314555993, 0.075570145, 0.6919429797, 1.6764316897, -1.0516853462, -1.0288317015, -0.9276593096, -0.8955590581, -0.8110774215, -0.7098567616, -0.4339446385, 0.02002713, 1.002959246, 1.7615483951, -1.1500128291, -1.0721158777, -1.0744779773, -0.9522258544, -0.8418291817, -0.7389140381, -0.4882470618, 0.2519625389, 0.7264947989, 1.7402918156, -1.1782787433, -1.1721952768, -1.0962770681, -1.0328746347, -0.967381547, -0.7448727807, -0.5041220212, -0.0808442494, 0.7948210341, 1.8111465547, -1.2307269006, -1.1914985351, -1.1177578651, -1.1445072478, -0.9102789205, -0.8096085844, -0.4184734324, -0.0156083128, 0.8770425584, 1.6193120132, -1.2500652705, -1.1883628948, -1.1877069435, -1.0875474669, -0.9832198962, -0.7571357658, -0.7438872175, -0.2581095808, 0.4667211671, 1.2456110545]}