{"source": [{"position": [-126.34044215852492, -323.1827542972991], "counts": 500000.0}, {"position": [-277.9210885502542, 6.623332925483487], "counts": 500000.0}], "output": [0.378649102, 0.0, 0.0, 0.0, 0.0, 0.0, 0.0, 0.0, 0.0, 0.0, 0.0, 0.0, 0.3979382559, 0.1020617441, 0.0, 0.0, 0.0, 0.0, 0.0, 0.0, 0.0, 0.0, 0.0, 0.0, 0.0, 0.0, 0.0, 0.0, 0.0, 0.0, 0.0, 0.0, 0.0, 0.0, 0.0, 0.0, 0.0, 0.0, 0.0, 0.0, 0.0, 0.0, 0.0, 0.0, 0.0, 0.0, 0.0, 0.0, 0.0, 0.0, 0.0, 0.0, 0.0, 0.0, 0.0, 0.0, 0.0, 0.0, 0.0, 0.0, 0.0, 0.0, 0.0, 0.121350898], "num_sources": 2, "seg_angles": 64, "input": [2.2651977467, 1.5949963487, 1.5370025137, 1.3122550329, 0.9751342605, 0.8392454552, 0.7262078153, 0.4612081396, 0.3740369509, 0.0243500811, 2.1162548992, 1.4446551288, 0.9989987798, 0.7633123614, 0.5958466077, 0.3749488168, 0.0915865912, 0.152526527, -0.1174393129, -0.2051867643, 1.9174886068, 1.2151463552, 0.4512716687, 0.4007751141, 0.1228385858, 0.0584305881, -0.0272827668, -0.2666441135, -0.5508935588, -0.5794245717, 2.0765509983, 0.9880867732, 0.6115972839, 0.1122598353, -0.2933814229, -0.2784881874, -0.4615753725, -0.5347664225, -0.6260866017, -0.7842880286, 2.0445906924, 1.0399681299, 0.309081983, -0.264591244, -0.3724256431, -0.6832454107, -0.5705468316, -0.678103037, -0.781282673, -0.9222746558, 1.9630546447, 1.0762310097, 0.1736115461, -0.2843825292, -0.5295910231, -0.7593212027, -0.7658252691, -0.9036308832, -1.0025470696, -1.0237320458, 1.7822552256, 0.9447277896, 0.0483489169, -0.3717307402, -0.5738756488, -0.7446693167, -0.829260332, -1.0851633728, -1.1031712925, -1.2350068934, 1.9874821067, 0.8551170865, 0.1111273269, -0.2857245532, -0.6970825732, -0.9117131116, -1.0615202677, -1.1664607367, -1.2078368683, -1.20332996, 1.9884629857, 0.9301779027, 0.0564754334, -0.4687063023, -0.8066672375, -1.064337245, -1.0435198819, -1.175661775, -1.2528802801, -1.329238202, 1.5559151285, 0.5802250926, -0.3825967742, -0.7066020602, -0.9919735536, -1.0595978387, -1.1512443399, -1.2280707565, -1.2630525289, -1.3814117824]}