{"source": [{"position": [475.8370245593805, -146.91196703630237], "counts": 500000.0}, {"position": [-249.23383425244148, 83.97318538573207], "counts": 500000.0}], "output": [0.0, 0.0, 0.0, 0.0, 0.0, 0.0, 0.0, 0.0, 0.0, 0.0, 0.0, 0.0, 0.0, 0.0, 0.0, 0.0, 0.0, 0.0, 0.0, 0.0, 0.0, 0.0, 0.0, 0.0, 0.0, 0.0, 0.0, 0.0, 0.0251354865, 0.4748645135, 0.0, 0.0, 0.0, 0.0, 0.0, 0.0, 0.0, 0.0, 0.0, 0.0, 0.0, 0.0, 0.0, 0.0, 0.0, 0.0, 0.0, 0.0, 0.0, 0.0, 0.0, 0.0, 0.0, 0.0, 0.0, 0.0, 0.0, 0.0, 0.0, 0.0, 0.1551087186, 0.3448912814, 0.0, 0.0], "num_sources": 2, "seg_angles": 64, "input": [2.1190518451, 1.5909843574, 0.9621754642, 0.2749354867, -0.2464669252, -0.6118105273, -0.4135914772, -0.7828900303, -0.6999413285, -0.4100730403, 2.5339277009, 1.402170035, 0.2374224698, -0.3377412994, -0.7951033749, -1.1143732663, -1.2119097379, -0.9266289522, -0.4160394019, -0.3906969295, 1.8318044785, 0.8095063449, -0.1658481148, -0.6721400635, -1.0230619521, -1.2205651722, -1.0560341538, -0.9471610536, -0.6668726989, -0.0515664616, 2.0799589155, 1.0076327744, 0.357993656, -0.6023543474, -1.0102336857, -1.0863625925, -0.9451392156, -0.7239821907, -0.6430562485, -0.1369707934, 1.8917133262, 0.966568438, 0.608382577, -0.60826433, -0.9404049847, -0.9165681698, -1.2376632523, -0.6827741136, -0.296240373, -0.1426169805, 1.8656497728, 1.2984586326, 0.3365117827, -0.5432900293, -0.75882681, -1.2340336126, -0.9120494623, -0.8419476556, -0.6134056474, -0.08096887, 2.0751017076, 1.1663292784, 0.324398984, -0.439822969, -0.6106760669, -0.9044788203, -1.0638052757, -0.800806053, -0.659632614, -0.1528495393, 2.0537024409, 1.1166471301, -0.1604342583, -0.6546899012, -0.9338735636, -1.285499442, -1.1433574972, -0.7570408008, 0.1179822366, 0.0949572604, 1.9895062267, 0.9461090951, 0.138923265, -0.8297791703, -0.7935175831, -0.8028234258, -0.8367623798, 0.097619625, -0.10362613, 0.5686806434, 1.4773445749, 0.8405479987, 0.1890370295, 0.4996872699, 0.3573555943, 0.5003287403, 0.980014052, 0.8933639918, 1.5071838992, 1.9414757152]}