{"source": [{"position": [-180.471484001357, 173.00301576084723], "counts": 500000.0}, {"position": [391.9016609513248, -284.0230415716176], "counts": 500000.0}], "output": [0.0, 0.0, 0.0, 0.0, 0.0, 0.0, 0.0, 0.0, 0.0, 0.0, 0.0, 0.0, 0.0, 0.0, 0.0, 0.0, 0.0, 0.0, 0.0, 0.0, 0.0, 0.0, 0.0, 0.0, 0.0, 0.1939542234, 0.3060457766, 0.0, 0.0, 0.0, 0.0, 0.0, 0.0, 0.0, 0.0, 0.0, 0.0, 0.0, 0.0, 0.0, 0.0, 0.0, 0.0, 0.0, 0.0, 0.0, 0.0, 0.0, 0.0, 0.0, 0.0, 0.0, 0.0, 0.0, 0.0, 0.0, 0.3924082563, 0.1075917437, 0.0, 0.0, 0.0, 0.0, 0.0, 0.0], "num_sources": 2, "seg_angles": 64, "input": [2.1665382527, 1.1974334177, 0.4671797519, 0.0468771075, 0.0707067228, -0.5180058589, -0.4775584153, -0.5208353893, -0.5113931189, -0.2678419152, 1.8460799383, 0.6626828906, -0.0346827092, -0.4340355569, -0.7301449389, -0.8631097767, -0.8363664247, -0.8701676269, -0.7369196231, -0.2658630098, 1.4309133417, 0.7384855842, -0.1774136932, -0.7336003364, -1.1014438312, -1.2835581945, -1.2141551923, -0.9621036988, -0.7293413334, -0.2859299932, 1.6493362864, 0.5424960246, -0.5664194634, -0.9453365335, -1.4481960777, -1.3266560156, -1.292648688, -1.1437304847, -0.7840618656, -0.2238897321, 1.5808282501, 0.3811564731, -0.494045654, -0.8398560275, -1.2701716164, -1.3877869473, -1.4382122466, -1.0613686938, -0.5268920948, -0.2458832265, 1.6644770299, 0.12459331, -0.5716042894, -1.0874768372, -1.2688835241, -1.1319613571, -1.1188583217, -0.6429640936, -0.5848371204, 0.0696894879, 1.4070647758, 0.2947351737, -0.6934933224, -0.9137270069, -1.1777059452, -0.8888446111, -0.6097977055, -0.3437182825, 0.0895835647, 0.0472364923, 1.3708092018, 0.1299356559, -0.3490607657, -0.4736372238, -0.6121945442, -0.5171304431, -0.2165652729, -0.0520051378, 0.2657356454, 0.7494748188, 1.1402738344, 0.4872027916, -0.0410806767, 0.1070886458, 0.3914665772, 0.1713736332, 0.5075988118, 0.9362809067, 1.2967488221, 1.2737150354, 1.2753940945, 1.2533057434, 1.6185475408, 1.3050236916, 1.3284238772, 1.6447379489, 1.6946041274, 1.9130744964, 2.0855792133, 2.4206834957]}