{"source": [{"position": [453.13742192412633, -208.96764546684312], "counts": 500000.0}, {"position": [-172.5426798491889, -162.4746861220551], "counts": 500000.0}], "output": [0.0, 0.0, 0.0, 0.0, 0.0, 0.0, 0.0, 0.1530083162, 0.3469916838, 0.0, 0.0, 0.0, 0.0, 0.0, 0.0, 0.0, 0.0, 0.0, 0.0, 0.0, 0.0, 0.0, 0.0, 0.0, 0.0, 0.0, 0.0, 0.2006342892, 0.2993657108, 0.0, 0.0, 0.0, 0.0, 0.0, 0.0, 0.0, 0.0, 0.0, 0.0, 0.0, 0.0, 0.0, 0.0, 0.0, 0.0, 0.0, 0.0, 0.0, 0.0, 0.0, 0.0, 0.0, 0.0, 0.0, 0.0, 0.0, 0.0, 0.0, 0.0, 0.0, 0.0, 0.0, 0.0, 0.0], "num_sources": 2, "seg_angles": 64, "input": [2.1077348267, 1.9840116317, 2.0847162881, 1.9931314253, 2.3340176881, 1.956944049, 2.258382686, 2.1846442795, 1.9360834667, 2.0656775076, 1.1662824572, 0.8183909791, 0.679825112, 0.9678120618, 0.8017501884, 0.5256614665, 0.4973117088, 0.8713401807, 1.3068589647, 1.1616117072, 1.1619303136, 0.606221037, -0.1074851622, -0.1392096477, -0.3384574077, -0.3404694053, -0.0009236747, 0.1504186053, 0.4422305194, 0.6459602829, 0.9831690825, 0.2347886137, -0.1304177051, -0.7145617349, -0.8280693685, -0.7254948679, -0.6523552619, -0.3971677503, -0.0842632664, 0.2713585584, 1.1343940331, 0.3207627064, -0.3444293297, -0.8890965945, -0.956615733, -0.942189861, -0.8609411865, -0.5238477483, -0.4047631551, -0.017048714, 0.9868118827, 0.4640163979, -0.3526046761, -0.7901743978, -0.9577223883, -0.9669117714, -0.9697455755, -0.9929618387, -0.3533986542, -0.1724485858, 1.2435876359, 0.2954866469, -0.3756183548, -0.7201457386, -0.9772324712, -1.0358571333, -0.8778793059, -0.8153478106, -0.2898379163, -0.1828144613, 1.2824699788, 0.0922726506, -0.4811296781, -0.9386043428, -1.1591073324, -1.1064802046, -1.1182217317, -0.9214492158, -0.6248145082, -0.4082804345, 1.087458425, -0.0412523286, -0.3860663751, -0.6919119356, -1.0691621928, -1.1204366806, -1.1407938913, -1.141671215, -0.5390398606, -0.2919064553, 0.6685841146, -0.175836808, -0.8668928551, -1.0081645557, -1.1598580622, -1.4156967335, -1.3066583502, -1.0843056502, -0.8866085912, -0.4612515159]}