{"source": [{"position": [-120.66376508307417, 23.85908204388198], "counts": 500000.0}, {"position": [-56.21637179485127, 9.4191051710367], "counts": 500000.0}], "output": [0.0, 0.0, 0.0, 0.0, 0.0, 0.0, 0.0, 0.0, 0.0, 0.0, 0.0, 0.0, 0.0, 0.0, 0.0, 0.0, 0.0, 0.0, 0.0, 0.0, 0.0, 0.0, 0.0, 0.0, 0.0, 0.0, 0.0, 0.0, 0.0, 0.0, 0.0, 0.0, 0.0, 0.0, 0.0, 0.0, 0.0, 0.0, 0.0, 0.0, 0.0, 0.0, 0.0, 0.0, 0.0, 0.0, 0.0, 0.0, 0.0, 0.0, 0.0, 0.0, 0.0, 0.0, 0.0, 0.0, 0.0, 0.0, 0.0, 0.0, 0.0, 0.0, 0.8396921699, 0.1603078301], "num_sources": 2, "seg_angles": 64, "input": [1.725544485, 0.9842593116, 0.2002255708, -0.1286147433, -0.521394915, -0.7394592111, -0.8674957363, -0.9540040828, -1.0279105897, -1.0792817834, 2.0711723433, 1.2477796572, 0.5528379021, 0.021231727, -0.3234424729, -0.5694189657, -0.7283706033, -0.870510944, -0.9897780759, -1.0629362933, 2.3014227849, 1.3112289496, 0.6281546889, 0.0416334336, -0.2732559678, -0.5410120467, -0.772681719, -0.8732466777, -0.9603378619, -1.0465567484, 2.2077262758, 1.4723133046, 0.6590844573, 0.1507883849, -0.2174708359, -0.4807804696, -0.7528524314, -0.8543692391, -0.9310806901, -1.0229594245, 2.155497964, 1.442662256, 0.8381514335, 0.1619342988, -0.2220017484, -0.4964765174, -0.6762417383, -0.8783693749, -0.9488906105, -1.0301710348, 2.1334376457, 1.4084179067, 0.7781749467, 0.1651484831, -0.253166108, -0.4770216076, -0.7062772768, -0.8538813763, -0.9227323942, -1.0164710031, 2.2805943432, 1.4258336726, 0.7925457011, 0.1792204357, -0.2713607828, -0.4805642123, -0.7149008362, -0.8154448114, -0.9440195416, -0.9878120302, 2.1453228022, 1.4640197241, 0.6928414338, 0.1569107034, -0.2140562722, -0.5797781685, -0.6965075514, -0.841650035, -0.9483937888, -0.9953319867, 2.1325643316, 1.402325251, 0.611592386, 0.0671904235, -0.3189887119, -0.5355319559, -0.7225245335, -0.8186437549, -0.9225350408, -0.9884607542, 1.7539375795, 1.17974499, 0.5016110324, 0.1562534, -0.0013785721, -0.2180883467, -0.2738260077, -0.3230133116, -0.4120827498, -0.5055193456]}