{"source": [{"position": [124.67802474279274, -117.03157756022756], "counts": 500000.0}, {"position": [-413.6216774401051, 83.67262366887792], "counts": 500000.0}], "output": [0.0, 0.0, 0.0, 0.0, 0.0, 0.0, 0.0, 0.0, 0.0, 0.0, 0.0, 0.0, 0.0, 0.0, 0.0, 0.0, 0.0, 0.0, 0.0, 0.0, 0.0, 0.0, 0.0, 0.0, 0.3389387421, 0.1610612579, 0.0, 0.0, 0.0, 0.0, 0.0, 0.0, 0.0, 0.0, 0.0, 0.0, 0.0, 0.0, 0.0, 0.0, 0.0, 0.0, 0.0, 0.0, 0.0, 0.0, 0.0, 0.0, 0.0, 0.0, 0.0, 0.0, 0.0, 0.0, 0.0, 0.0, 0.0, 0.0, 0.0, 0.0, 0.0, 0.016549626, 0.483450374, 0.0], "num_sources": 2, "seg_angles": 64, "input": [2.472180525, 1.9671872164, 1.8595078718, 1.6418473014, 1.6555953329, 1.7412246247, 1.7636730901, 1.5359263329, 1.7455710037, 1.6696207974, 1.1964885081, 1.1135956704, 0.9231041097, 0.7643459178, 0.5367693863, 0.6003213943, 0.3460855876, 0.4084077358, 0.5550747055, 1.5560104145, 0.4840611496, 0.525810086, 0.3807355881, -0.0658021453, -0.210141505, -0.3681006801, -0.2345806885, -0.2428682929, 0.3210624208, 1.3267142478, 0.188678002, -0.0250573325, -0.2267680123, -0.5961214701, -0.6882128139, -0.6996960393, -0.6160656122, -0.2230980932, 0.2854361104, 1.3443808061, 0.1315060803, -0.1226688433, -0.5062491508, -0.7942374183, -1.0843952483, -0.9929845149, -0.7191371869, -0.4970778969, 0.48294073, 1.4591554423, -0.424559799, -0.5199940106, -0.7999592583, -1.033786057, -1.0079728165, -1.0123063372, -0.8433132887, -0.2910323868, 0.3353023406, 1.5182274427, -0.4789286207, -0.5687065297, -0.9196361314, -1.1573376202, -1.086403483, -1.1580793847, -0.9050351406, -0.2766168488, 0.4830526443, 1.5574164178, -0.2917710877, -0.9060095339, -1.0418769132, -1.1102322486, -1.3696965852, -1.1315001391, -0.8853486094, -0.3414714745, 0.3521265461, 1.8272469662, -0.7527474334, -0.8627089885, -1.0100368336, -1.3255592581, -1.1814890818, -1.1996411304, -0.8832108042, -0.4492567591, 0.552368076, 1.1599440153, -0.7583594962, -0.9886397177, -1.1502041966, -1.0805136211, -1.234514627, -0.929477395, -0.5749142906, -0.18200511, 0.7047173125, 1.5646960416]}