{"source": [{"position": [-175.17242998032577, 252.11826545252103], "counts": 500000.0}, {"position": [-84.02065618400246, 46.43844672692713], "counts": 500000.0}], "output": [0.0, 0.0, 0.0, 0.0, 0.0, 0.0, 0.0, 0.0, 0.0, 0.0, 0.0, 0.0, 0.0, 0.0, 0.0, 0.0, 0.0, 0.0, 0.0, 0.0, 0.0, 0.0, 0.0, 0.0, 0.0, 0.0, 0.0, 0.0, 0.0, 0.0, 0.0, 0.0, 0.0, 0.0, 0.0, 0.0, 0.0, 0.0, 0.0, 0.0, 0.0, 0.0, 0.0, 0.0, 0.0, 0.0, 0.0, 0.0, 0.0, 0.0, 0.0, 0.0, 0.0, 0.0, 0.4074067617, 0.0925932383, 0.0, 0.0, 0.0715154673, 0.4284845327, 0.0, 0.0, 0.0, 0.0], "num_sources": 2, "seg_angles": 64, "input": [1.3306410286, 0.5166912171, -0.1589095121, -0.5048922985, -0.804657458, -0.9741533424, -1.0952520129, -1.1728790246, -1.2091136672, -1.2376109379, 1.5840379903, 0.6782558459, 0.1710070299, -0.4497839132, -0.7090997218, -0.9010865669, -1.0239918987, -1.0908763676, -1.1181519319, -1.2246239634, 1.6921484406, 0.830856198, 0.3120631975, -0.4467028308, -0.6401167621, -0.8473936003, -0.9976595828, -1.1258866269, -1.1565903118, -1.2112609057, 1.8090327157, 1.0172931065, 0.1089057152, -0.2515662467, -0.6684504671, -0.8779260851, -0.9725979203, -1.0713298985, -1.1512688795, -1.1345166992, 1.8411933766, 1.0536103867, 0.2932935718, -0.3166533453, -0.5336728973, -0.7615850729, -0.9319022993, -1.0570957555, -1.0898393881, -1.0838839383, 2.0285231554, 1.0419411914, 0.3680310513, -0.2959144083, -0.4673454309, -0.7245927705, -0.8251339362, -0.9188286074, -0.9579436671, -1.0579799206, 1.9741188054, 0.9914714978, 0.2650708244, -0.130346448, -0.3948973024, -0.5593590681, -0.6701643597, -0.8050193398, -0.8081400376, -0.8230896226, 1.9681767971, 0.9781662863, 0.4390789855, 0.0835995697, -0.1669149489, -0.2838994501, -0.3886966006, -0.3206400018, -0.3887517214, -0.5319038014, 1.9435851331, 1.1391061825, 0.7227575161, 0.5062167538, 0.429143028, 0.3629559257, 0.278230315, 0.2279274539, 0.3084931557, -0.0817818483, 1.790498441, 1.7089038486, 1.5251289275, 1.4957850438, 1.3576007624, 1.5136122428, 1.297694747, 1.3471878059, 1.2695940034, 1.0026961515]}