{"source": [{"position": [-58.027180740002976, 106.17837018605543], "counts": 500000.0}, {"position": [-365.1398543915133, -139.8352127861378], "counts": 500000.0}], "output": [0.0, 0.0, 0.0, 0.1373321959, 0.3626678041, 0.0, 0.0, 0.0, 0.0, 0.0, 0.0, 0.0, 0.0, 0.0, 0.0, 0.0, 0.0, 0.0, 0.0, 0.0, 0.0, 0.0, 0.0, 0.0, 0.0, 0.0, 0.0, 0.0, 0.0, 0.0, 0.0, 0.0, 0.0, 0.0, 0.0, 0.0, 0.0, 0.0, 0.0, 0.0, 0.0, 0.0, 0.0, 0.0, 0.0, 0.0, 0.0, 0.0, 0.0, 0.0, 0.0, 0.0, 0.0, 0.4527203641, 0.0472796359, 0.0, 0.0, 0.0, 0.0, 0.0, 0.0, 0.0, 0.0, 0.0], "num_sources": 2, "seg_angles": 64, "input": [1.1790551722, 0.2109596412, -0.3951629699, -0.6221803754, -0.6639167966, -0.7252190142, -0.8851739903, -0.8587205772, -0.8291140139, -0.945462093, 1.4735922599, 0.3518585718, -0.476133443, -0.8693123292, -1.0013466999, -1.0288610559, -1.1041500372, -1.1157888992, -1.116412808, -1.1611675988, 1.471495095, 0.3085747486, -0.3925722548, -0.7872163662, -1.0165060554, -0.9771606711, -1.0895938782, -1.2422975559, -1.2095890617, -1.3039997981, 1.5291119221, 0.308827364, -0.2809142811, -0.7584789532, -0.8825359655, -1.0326414024, -1.084919105, -1.0893365907, -1.1488816791, -1.2247873471, 1.7349035615, 0.4058994341, -0.3088178862, -0.6299309967, -0.7749742172, -0.7722547048, -0.8615923774, -0.9665237492, -1.054072235, -1.0824295402, 1.5900172588, 0.4056943311, -0.2115242158, -0.3079474166, -0.5568166409, -0.6531965984, -0.6215407073, -0.6811474007, -0.8460657796, -0.9308826773, 1.6040227369, 0.6346812271, 0.1575189548, -0.1051685721, -0.3309375953, -0.3013708117, -0.4115459226, -0.4022923787, -0.5585857077, -0.6757464707, 1.9210413291, 0.8331633985, 0.4730050125, 0.3668602661, 0.1875582668, 0.2703369609, 0.0900335108, 0.0516827473, -0.0049837782, -0.3570927301, 1.8826690079, 1.3812534948, 1.2520435596, 0.9124099484, 1.0272753126, 0.7160956291, 0.9599382056, 0.92034602, 0.6285990328, 0.3546653388, 1.9985923803, 1.8142285049, 1.7101707203, 1.8368229727, 1.5658670445, 1.6530265343, 1.618093801, 1.5125543246, 1.4077005961, 1.0147485777]}