{"source": [{"position": [-466.2762768131473, -79.46970291418727], "counts": 500000.0}, {"position": [252.60108677052563, -61.58482737127216], "counts": 500000.0}], "output": [0.0, 0.1402439189, 0.3597560811, 0.0, 0.0, 0.0, 0.0, 0.0, 0.0, 0.0, 0.0, 0.0, 0.0, 0.0, 0.0, 0.0, 0.0, 0.0, 0.0, 0.0, 0.0, 0.0, 0.0, 0.0, 0.0, 0.0, 0.0, 0.0, 0.0, 0.2179170849, 0.2820829151, 0.0, 0.0, 0.0, 0.0, 0.0, 0.0, 0.0, 0.0, 0.0, 0.0, 0.0, 0.0, 0.0, 0.0, 0.0, 0.0, 0.0, 0.0, 0.0, 0.0, 0.0, 0.0, 0.0, 0.0, 0.0, 0.0, 0.0, 0.0, 0.0, 0.0, 0.0, 0.0, 0.0], "num_sources": 2, "seg_angles": 64, "input": [1.704866111, 1.5267775159, 0.8362587213, 0.6814405527, 0.4839444683, 0.8742650583, 0.8250294178, 0.6213157931, 1.5441311061, 2.2214199579, 0.3672189031, -0.1004798029, -0.656786017, -0.8019909218, -1.0242515905, -0.6435355661, -0.2576701547, -0.0186971833, 1.3390354703, 1.8235912017, 0.3216463682, -0.1842472429, -0.594237228, -0.8551814074, -0.8587159686, -1.1662686848, -0.3552759849, 0.4284148776, 1.1891733779, 1.9687963095, -0.0288943261, -0.3044007913, -0.762679708, -1.0224300524, -0.9287413758, -0.5988959903, -0.2514947097, 0.4788097584, 1.2095453757, 1.7849189923, 0.0052973984, -0.1538193202, -0.8329717758, -1.1005093973, -0.8370492904, -0.8642691254, -0.5068556105, 0.0758181904, 1.322324616, 2.4226084069, -0.1228580298, -0.4800516022, -0.7340736105, -0.9317426667, -0.92441954, -0.8688724881, -0.5514785798, -0.0753547707, 0.9329361609, 1.8325311326, -0.1931204008, -0.2674285561, -0.6819815313, -0.8353332288, -0.9470624618, -0.9519019835, -0.6506838173, -0.092600039, 1.3133638439, 2.3611509916, 0.0264299593, -0.2765925132, -0.9465930109, -1.056828904, -1.0033276698, -0.8930969796, -0.5937488809, 0.2424481885, 1.0698720519, 2.0125129825, 0.2350880918, -0.3714454845, -0.7853851715, -1.1694676981, -1.1757560243, -0.6664410444, -0.415547483, 0.3502873215, 1.0044213675, 2.145214913, -0.303145209, -0.6996523134, -1.2233422968, -1.456028241, -1.356029903, -0.8989077533, -1.1366351397, -0.1798292972, 0.9492137393, 1.094994857]}