{"source": [{"position": [-203.93822008796607, 126.52747680781557], "counts": 500000.0}, {"position": [-305.36882395495854, -53.384280049145026], "counts": 500000.0}], "output": [0.0, 0.1185614037, 0.3814385963, 0.0, 0.0, 0.0, 0.0, 0.0, 0.0, 0.0, 0.0, 0.0, 0.0, 0.0, 0.0, 0.0, 0.0, 0.0, 0.0, 0.0, 0.0, 0.0, 0.0, 0.0, 0.0, 0.0, 0.0, 0.0, 0.0, 0.0, 0.0, 0.0, 0.0, 0.0, 0.0, 0.0, 0.0, 0.0, 0.0, 0.0, 0.0, 0.0, 0.0, 0.0, 0.0, 0.0, 0.0, 0.0, 0.0, 0.0, 0.0, 0.0, 0.0, 0.0, 0.0, 0.0, 0.0, 0.0, 0.32811712, 0.17188288, 0.0, 0.0, 0.0, 0.0], "num_sources": 2, "seg_angles": 64, "input": [1.5106827058, 0.8478625967, 0.3312885933, -0.1740697402, -0.4070613704, -0.5178610793, -0.6031828996, -0.7641222189, -0.7646974029, -0.8467261007, 2.0527195406, 1.1838997961, 0.3672631212, -0.0597351026, -0.3900536257, -0.7422699465, -0.9219987222, -1.0806146079, -1.1551719709, -1.1674495233, 2.2052781885, 1.2369153987, 0.5025662907, -0.1147875111, -0.5181573339, -0.8595539919, -1.0156829823, -1.0358146348, -1.0988839276, -1.2243802642, 2.165643803, 1.3896216579, 0.4596879151, -0.1092674059, -0.4464072982, -0.7192564704, -1.0342784311, -1.0346309038, -1.1149429322, -1.2035474412, 2.1568992229, 1.2933181845, 0.5688162917, -0.0927741645, -0.3932922692, -0.7231862791, -0.8395315831, -1.0792574461, -1.1517317611, -1.2069578377, 2.132478014, 1.4300925415, 0.5442442952, -0.1523223974, -0.4887793, -0.647205059, -0.9610267684, -1.0212794047, -1.1198281198, -1.1540636043, 2.0529169059, 1.3700909811, 0.6296445106, -0.1409762797, -0.3283968147, -0.6586845666, -0.8022123343, -0.9282302679, -0.9875913766, -1.034362204, 1.9382064722, 1.4112407714, 0.4508470373, 0.022914525, -0.2246533983, -0.5396264087, -0.5703656665, -0.6813789691, -0.7455412762, -0.8360107298, 2.1115057493, 1.2857618342, 0.7193741438, 0.335150063, 0.1460310506, -0.0284373228, -0.2443759216, -0.3255044735, -0.4173816882, -0.4606799347, 1.712233986, 1.425721121, 1.0619068131, 0.831480094, 0.630301457, 0.4146723779, 0.4331511938, 0.2420041623, 0.3995464901, 0.1062715701]}