{"source": [{"position": [53.16609494667069, -219.65738400545885], "counts": 500000.0}, {"position": [-131.53119871247435, 271.85206227884237], "counts": 500000.0}], "output": [0.0, 0.0, 0.0, 0.0, 0.0, 0.0, 0.0, 0.0, 0.0, 0.0, 0.0, 0.0, 0.0, 0.0, 0.0, 0.0, 0.0, 0.0, 0.2905551808, 0.2094448192, 0.0, 0.0, 0.0, 0.0, 0.0, 0.0, 0.0, 0.0, 0.0, 0.0, 0.0, 0.0, 0.0, 0.0, 0.0, 0.0, 0.0, 0.0, 0.0, 0.0, 0.0, 0.0, 0.0, 0.0, 0.0, 0.0, 0.0, 0.0, 0.0, 0.0, 0.0, 0.0, 0.2049543653, 0.2950456347, 0.0, 0.0, 0.0, 0.0, 0.0, 0.0, 0.0, 0.0, 0.0, 0.0], "num_sources": 2, "seg_angles": 64, "input": [2.8059224751, 2.6108477616, 2.1629825321, 1.8532298095, 1.7484632573, 1.5022451491, 1.4369071948, 1.6308462419, 1.4682057401, 0.8686254544, 2.4031784713, 1.5833788434, 1.1765625556, 0.7999399803, 0.8754505479, 0.6014001479, 0.9915642521, 0.6799882954, 0.7763003526, 0.6288658662, 1.2571854816, 0.7603040303, -0.0026887808, 0.171943082, -0.0093647552, -0.1857827744, -0.1195815883, -0.1431099599, -0.5766867806, -0.4819399415, 0.8175265139, -0.2190613867, -0.5571223353, -0.8005749732, -0.7053885072, -0.7157166527, -1.057622396, -0.8081750658, -0.808392851, -0.404446202, 0.2658638598, -0.4344434401, -1.042435039, -0.9393802848, -0.9735786041, -1.099688801, -1.0103161059, -1.0013040365, -1.2588417777, -0.4372975793, 0.1696765775, -0.8357409822, -0.9354347324, -1.0668207981, -1.2232674625, -1.3267168571, -1.2868230521, -1.0581945182, -1.1046430339, -0.0448110848, 0.2831589656, -0.8709188736, -1.0407079371, -0.8542401292, -1.3300683692, -1.279718993, -1.0160046325, -1.2194780259, -0.818917743, 0.3731841386, -0.4361052322, -0.8797352184, -0.9097885918, -0.768899273, -0.8313265413, -0.9188210855, -0.9264136152, -0.732803942, -0.2972984295, 0.2023359848, -0.0814311412, -0.5270904788, -0.2173909001, -0.0993062097, -0.1690780914, 0.049183896, -0.030486946, -0.1521613753, 0.0648676975, 1.3477910214, 0.2400965279, 0.0771815998, 0.5395978535, 0.5049027379, 0.2988678383, 0.7536704245, 0.6537681793, 0.7574390084, 0.892963565, 1.9971710024]}