{"source": [{"position": [10.300159809220702, -95.44583127567444], "counts": 500000.0}, {"position": [-141.75589710988885, -42.53546325797585], "counts": 500000.0}], "output": [0.0, 0.0, 0.0153361712, 0.4846638288, 0.0, 0.0, 0.0, 0.0, 0.0, 0.0, 0.0, 0.0, 0.0, 0.0, 0.0, 0.0, 0.0, 0.4525056576, 0.0474943424, 0.0, 0.0, 0.0, 0.0, 0.0, 0.0, 0.0, 0.0, 0.0, 0.0, 0.0, 0.0, 0.0, 0.0, 0.0, 0.0, 0.0, 0.0, 0.0, 0.0, 0.0, 0.0, 0.0, 0.0, 0.0, 0.0, 0.0, 0.0, 0.0, 0.0, 0.0, 0.0, 0.0, 0.0, 0.0, 0.0, 0.0, 0.0, 0.0, 0.0, 0.0, 0.0, 0.0, 0.0, 0.0], "num_sources": 2, "seg_angles": 64, "input": [2.2066513291, 2.3390998551, 2.147411378, 2.0389203901, 2.1071622675, 2.0373476758, 1.792161116, 1.9080236512, 1.8183687456, 1.5941013709, 1.8709562002, 1.7214807186, 1.531256212, 1.0953186843, 1.0360623315, 0.9843734006, 0.8279243559, 0.6935889902, 0.6933235711, 0.3567764213, 1.3231848206, 1.2237917778, 0.7898414146, 0.5309100083, 0.4482246178, 0.3485246231, 0.2319582325, 0.0432372429, 0.0485707325, -0.2310258293, 1.0958136889, 0.7752877778, 0.3782859916, 0.1669180542, -0.0474784207, -0.1708234873, -0.2714752126, -0.3104641558, -0.2615268888, -0.4740474582, 0.8229490502, 0.3733838829, 0.0361991739, -0.0607722006, -0.3420125502, -0.4997075575, -0.6737054539, -0.5553421462, -0.762262174, -0.7070680764, 0.4902196049, 0.2581325423, -0.0284925172, -0.3789699954, -0.52164431, -0.8119781508, -0.6994149953, -0.7662874465, -0.9335455061, -0.8616748559, 0.3390972245, 0.1245568745, -0.2935500492, -0.5105839096, -0.739614661, -0.8304994365, -0.9464174433, -0.9454963004, -1.0874847438, -0.9581832198, 0.4036626594, -0.0422275794, -0.3143903639, -0.5838364588, -0.7559821471, -0.9394244193, -1.0857131928, -1.1357840018, -1.1914820013, -1.0493759931, 0.1553223599, -0.1130667815, -0.5465551529, -0.719281173, -0.9444943096, -1.0333632709, -1.2195584803, -1.2334020408, -1.2697771523, -1.1133065178, -0.0166836229, -0.3543419628, -0.7111848871, -0.9246715268, -1.0065773465, -1.1841062994, -1.2517985535, -1.3358051241, -1.3521053025, -1.0985362058]}