{"source": [{"position": [36.55537833356303, -117.44234464148812], "counts": 500000.0}, {"position": [-330.16070014806115, -127.71026614075336], "counts": 500000.0}], "output": [0.0, 0.0, 0.0, 0.1202586365, 0.3797413635, 0.0, 0.0, 0.0, 0.0, 0.0, 0.0, 0.0, 0.0, 0.0, 0.0, 0.0, 0.0, 0.0, 0.0, 0.463164635, 0.036835365, 0.0, 0.0, 0.0, 0.0, 0.0, 0.0, 0.0, 0.0, 0.0, 0.0, 0.0, 0.0, 0.0, 0.0, 0.0, 0.0, 0.0, 0.0, 0.0, 0.0, 0.0, 0.0, 0.0, 0.0, 0.0, 0.0, 0.0, 0.0, 0.0, 0.0, 0.0, 0.0, 0.0, 0.0, 0.0, 0.0, 0.0, 0.0, 0.0, 0.0, 0.0, 0.0, 0.0], "num_sources": 2, "seg_angles": 64, "input": [1.8984981608, 2.2033847357, 2.130392696, 2.1386352295, 2.3360934925, 2.1934384835, 2.260305738, 2.2300706712, 2.1873381967, 1.7269768111, 1.3196208543, 1.3654840479, 1.3975698303, 1.2218776924, 1.2899846963, 1.1639718721, 1.1751753683, 1.0649606731, 0.9754008857, 0.7977752761, 0.9240603767, 0.9938966788, 0.714388261, 0.6528631861, 0.5684029522, 0.2704362765, 0.4265185588, 0.2310120008, 0.1654859029, 0.5399410341, 0.4232885785, 0.2295529641, 0.1339293181, -0.0581143227, -0.0913866393, -0.1145184955, -0.2441485434, -0.2332654709, -0.2017012301, 0.1946917548, 0.087851998, -0.0684104033, -0.1144892785, -0.3129256664, -0.3263170272, -0.5259337023, -0.5574706132, -0.5961305385, -0.5463626615, 0.3528780612, 0.1483485835, -0.0440485685, -0.3340816873, -0.5606756817, -0.7539904519, -0.7661966613, -0.8233498571, -0.8900044545, -0.7099430697, 0.2369394679, -0.2113312434, -0.316568174, -0.4977746371, -0.7168617082, -0.8347677095, -0.8954776967, -1.0113521248, -1.0234265024, -0.7801743543, 0.1702347379, -0.3772215686, -0.5156164997, -0.7196695847, -0.9445006291, -1.0230823139, -1.0661846945, -1.1280814246, -1.0704885738, -0.8341738614, 0.0686916017, -0.4724505747, -0.581622999, -0.837458632, -0.880342436, -1.129964536, -1.1321132832, -1.180719858, -1.2061982581, -0.8841758165, -0.004537609, -0.5140457248, -0.7659681115, -1.064883942, -1.0489223021, -1.1168586671, -1.201906373, -1.3346228658, -1.257202847, -1.0477959739, -0.1083585697]}