{"source": [{"position": [376.32158765965175, -59.52363111671721], "counts": 500000.0}, {"position": [-64.69276192363702, -50.38696810378276], "counts": 500000.0}], "output": [0.0, 0.0, 0.0, 0.0, 0.0, 0.0, 0.1298845522, 0.3701154478, 0.0, 0.0, 0.0, 0.0, 0.0, 0.0, 0.0, 0.0, 0.0, 0.0, 0.0, 0.0, 0.0, 0.0, 0.0, 0.0, 0.0, 0.0, 0.0, 0.0, 0.0, 0.0, 0.2989457202, 0.2010542798, 0.0, 0.0, 0.0, 0.0, 0.0, 0.0, 0.0, 0.0, 0.0, 0.0, 0.0, 0.0, 0.0, 0.0, 0.0, 0.0, 0.0, 0.0, 0.0, 0.0, 0.0, 0.0, 0.0, 0.0, 0.0, 0.0, 0.0, 0.0, 0.0, 0.0, 0.0, 0.0], "num_sources": 2, "seg_angles": 64, "input": [1.8282535738, 1.7789852041, 1.7317382902, 1.7660702227, 1.656783667, 1.5659302959, 1.7340137524, 1.7512711079, 1.8294265082, 1.6242472894, 1.9499749015, 0.8713600155, 0.5635603319, 0.2908366268, 0.3649014719, 0.3689380739, 0.4460220199, 0.6497090214, 0.661577521, 0.5752530734, 1.8460323812, 0.7802576803, 0.1206325093, -0.2752682442, -0.2626514188, -0.3174930326, -0.3506266315, -0.2824951585, -0.1380551484, -0.07351114, 1.7399786586, 0.9765103031, 0.1932743055, -0.3024249613, -0.5127064292, -0.7438547979, -0.5779975685, -0.5602819716, -0.5255111565, -0.4458012567, 1.7478331479, 0.7589934989, 0.0588314997, -0.5121364912, -0.8109593107, -0.8310825313, -0.9380921139, -0.8157808147, -0.7177882633, -0.6239598247, 1.7447961448, 0.6727419237, 0.0506580326, -0.4337706247, -0.7633047447, -0.9692585821, -0.9922367551, -0.9656395307, -0.8611988027, -0.730848706, 1.7875168495, 0.7625376805, -0.1053016076, -0.5311400418, -0.8056600666, -1.0383026666, -1.0978211463, -1.0419349433, -0.8964399574, -0.7469923989, 1.6135275686, 0.6432088639, 0.0546972659, -0.5419064484, -0.9512462002, -0.9952002866, -1.1457414074, -1.0737981196, -0.9855431658, -0.8584345511, 1.4559024175, 0.7623705597, -0.0440089736, -0.5575015045, -0.83152445, -1.0044420004, -1.0327231586, -1.0807602831, -0.8716330308, -0.8537952825, 1.148532954, 0.3405501622, -0.4938376395, -0.8029316735, -1.0209223139, -1.257579117, -1.1964372668, -1.1704252709, -1.0566908975, -0.8428254939]}