{"source": [{"position": [-134.30733239157618, -253.63465943332477], "counts": 500000.0}, {"position": [-239.15167103958794, 245.87695751935095], "counts": 500000.0}], "output": [0.0, 0.0, 0.0, 0.0, 0.0, 0.0, 0.0, 0.0, 0.0, 0.0, 0.0, 0.4802304281, 0.0197695719, 0.0, 0.0, 0.0, 0.0, 0.0, 0.0, 0.0, 0.0, 0.0, 0.0, 0.0, 0.0, 0.0, 0.0, 0.0, 0.0, 0.0, 0.0, 0.0, 0.0, 0.0, 0.0, 0.0, 0.0, 0.0, 0.0, 0.0, 0.0, 0.0, 0.0, 0.0, 0.0, 0.0, 0.0, 0.0, 0.0, 0.0, 0.0, 0.0, 0.0, 0.0, 0.0, 0.0706131679, 0.4293868321, 0.0, 0.0, 0.0, 0.0, 0.0, 0.0, 0.0], "num_sources": 2, "seg_angles": 64, "input": [2.193789327, 1.9372710545, 1.4653527115, 0.9412296005, 1.0005726258, 1.03791167, 0.8961760478, 0.66511582, 0.4687298274, 0.3971242789, 2.1454278483, 1.4069810208, 0.605445273, 0.7108260067, 0.2767545487, 0.09373843, 0.1653594807, 0.1157924533, 0.2149427738, -0.3543616947, 2.1760761691, 0.7245104519, 0.3341122768, -0.1250235267, -0.1578621379, -0.5048116345, -0.1733152948, -0.1416924712, -0.3789423185, -0.7010974547, 1.9252435287, 0.7496536346, -0.2179754118, -0.6123123597, -0.644522272, -0.8272676103, -0.9431361266, -0.8068501791, -0.8886377051, -1.0608476152, 1.7329985282, 0.7016352154, -0.2381297506, -0.4966261662, -0.9329299254, -0.983084745, -1.0964453717, -1.10209419, -1.0903933416, -1.3195809573, 2.1695993441, 0.6773148398, -0.4041095058, -0.7607759629, -1.0452635199, -1.1263067349, -1.1095319749, -1.0889725329, -1.0683951138, -1.4203953844, 2.1468894155, 0.4238172183, -0.3945314737, -0.7438214256, -1.0053455728, -1.1064808541, -1.0674680839, -0.9655159329, -1.1743123098, -1.3957043143, 2.3356583765, 0.6610604344, -0.3200242318, -0.5912736437, -0.6876776711, -0.9357663142, -0.7733744962, -0.8657509422, -0.9675876002, -1.1021752437, 2.1027744937, 0.8692162011, 0.1862739486, -0.3248647975, -0.3953118885, -0.2573640845, -0.4567594397, -0.4356934961, -0.6942457053, -0.5425859098, 1.9339281879, 0.8622216077, 0.8612995389, 0.4285277295, -0.0221911931, -0.041642086, 0.1733454231, 0.0910577781, 0.1644722694, -0.0810677088]}