{"source": [{"position": [170.39906437519588, 54.81932925581859], "counts": 500000.0}, {"position": [220.0368288417692, 390.24068720887874], "counts": 500000.0}], "output": [0.0, 0.0, 0.0, 0.0, 0.0, 0.0, 0.0, 0.0, 0.0, 0.0, 0.0, 0.0, 0.0, 0.0, 0.0, 0.0, 0.0, 0.0, 0.0, 0.0, 0.0, 0.0, 0.0, 0.0, 0.0, 0.0, 0.0, 0.0, 0.0, 0.0, 0.0, 0.0, 0.0, 0.0, 0.0, 0.4147931128, 0.0852068872, 0.0, 0.0, 0.0, 0.0, 0.0, 0.1147942175, 0.3852057825, 0.0, 0.0, 0.0, 0.0, 0.0, 0.0, 0.0, 0.0, 0.0, 0.0, 0.0, 0.0, 0.0, 0.0, 0.0, 0.0, 0.0, 0.0, 0.0, 0.0], "num_sources": 2, "seg_angles": 64, "input": [-1.2671132576, -1.2439785305, -1.2041665253, -1.1428787515, -1.0050406905, -0.7437585086, -0.5211226128, 0.0431535834, 0.6216631339, 1.6237995852, -1.2790368744, -1.1562762931, -1.1219013783, -0.9750318323, -0.8872198459, -0.617456177, -0.3702449326, 0.1995546619, 1.0511875616, 1.9901461558, -1.1888942549, -1.188015576, -1.055546379, -1.0446129452, -0.843078009, -0.5262071777, -0.0860849409, 0.2815093126, 1.1397596948, 2.0373723717, -1.2097356896, -1.0687556181, -1.0275125949, -0.9876309998, -0.7650185075, -0.5289635695, -0.338563164, 0.3204628634, 1.1438054842, 2.0541459788, -1.1517387131, -0.9688418695, -0.9438527244, -0.7486182556, -0.7300006552, -0.4728111068, -0.1340629222, 0.2602398953, 0.9028816222, 2.097142843, -1.0102922178, -0.9808160409, -0.7991339096, -0.7095614891, -0.6757988263, -0.4424258084, -0.1130883879, 0.4468197538, 1.2292616722, 1.8833758964, -0.8515125058, -0.8564117629, -0.777346312, -0.6327414603, -0.3314699027, -0.3403619235, -0.0205019605, 0.4146163972, 0.93751688, 2.0162536493, -0.8366016661, -0.6018156586, -0.4602994837, -0.5369567776, -0.3823515932, -0.1737051484, -0.1302404919, 0.5529839933, 1.1905522465, 1.9754217537, -0.3718067705, -0.057205663, 0.1009029778, -0.0515998709, 0.1382165175, 0.2985201197, 0.2672412769, 0.5507762413, 1.2140020436, 2.0242549799, 0.647067097, 0.9717350027, 1.0161421523, 0.9989812959, 1.2228589817, 1.2092192135, 1.0827031301, 1.1212668416, 1.5923597023, 1.8179429511]}