{"source": [{"position": [107.48303393949162, 23.396525707080816], "counts": 500000.0}, {"position": [73.26963742240311, -125.12617724516953], "counts": 500000.0}], "output": [0.0, 0.0, 0.0, 0.0, 0.0, 0.0, 0.0, 0.0, 0.0, 0.0, 0.0, 0.0, 0.0, 0.0, 0.0, 0.0, 0.0, 0.0, 0.0, 0.0, 0.0, 0.3020631214, 0.1979368786, 0.0, 0.0, 0.0, 0.0, 0.0, 0.0, 0.0, 0.0, 0.0, 0.0, 0.0, 0.4084112521, 0.0915887479, 0.0, 0.0, 0.0, 0.0, 0.0, 0.0, 0.0, 0.0, 0.0, 0.0, 0.0, 0.0, 0.0, 0.0, 0.0, 0.0, 0.0, 0.0, 0.0, 0.0, 0.0, 0.0, 0.0, 0.0, 0.0, 0.0, 0.0, 0.0], "num_sources": 2, "seg_angles": 64, "input": [0.1305288823, 0.1756298896, 0.3824108782, 0.4142442656, 0.5402869134, 0.5793588631, 0.9027358644, 1.2266646182, 1.638952175, 2.2048398834, -0.4595223081, -0.2088680593, -0.1242422282, -0.0917112256, 0.1743262682, 0.429808062, 0.5289422732, 1.064009185, 1.3905998402, 2.2043110241, -0.7075801539, -0.5794423953, -0.476806162, -0.2738986, -0.1738266936, 0.0509482715, 0.2633048032, 0.6320288252, 1.2133260347, 2.2304310922, -0.9969821628, -0.8164500499, -0.7390279835, -0.5621618132, -0.4450518179, -0.238442281, 0.0687856108, 0.319814143, 1.088792756, 2.2738376403, -1.1108113873, -0.9745994351, -0.8803979921, -0.7704142847, -0.6100617245, -0.4616175844, -0.1463812001, 0.1732712706, 0.9556507548, 2.1197346728, -1.2178939433, -1.1101932099, -0.9939456833, -0.9223180169, -0.8355903345, -0.5685302285, -0.3472222436, 0.1435706934, 1.0317965295, 1.9869904055, -1.3274600153, -1.131006144, -1.1461257951, -0.9791611507, -0.8569180416, -0.6406628166, -0.3023325707, 0.091261848, 1.0722724221, 2.29731083, -1.2963615188, -1.1914188227, -1.125950454, -1.0025611683, -0.8868233096, -0.6562791961, -0.3743120325, 0.2072342023, 0.9627197986, 2.0313610053, -1.2075282161, -1.1741552192, -1.1489774158, -1.0634359201, -0.9304179561, -0.7063312949, -0.4489809984, 0.118302699, 1.0104027147, 2.1295320155, -0.760482268, -0.6186967366, -0.6100079878, -0.5953984286, -0.3980196065, -0.4079271435, -0.2618318009, 0.2071357947, 0.720505766, 1.7055837449]}