{"source": [{"position": [-188.21233063526208, 315.06367387695263], "counts": 500000.0}, {"position": [-265.53306042008404, 313.7087723095164], "counts": 500000.0}], "output": [0.0, 0.0, 0.0, 0.0, 0.0, 0.0, 0.0, 0.0, 0.0, 0.0, 0.0, 0.0, 0.0, 0.0, 0.0, 0.0, 0.0, 0.0, 0.0, 0.0, 0.0, 0.0, 0.0, 0.0, 0.0, 0.0, 0.0, 0.0, 0.0, 0.0, 0.0, 0.0, 0.0, 0.0, 0.0, 0.0, 0.0, 0.0, 0.0, 0.0, 0.0, 0.0, 0.0, 0.0, 0.0, 0.0, 0.0, 0.0, 0.0, 0.0, 0.0, 0.0, 0.0, 0.2574937091, 0.2425062909, 0.4226101656, 0.0773898344, 0.0, 0.0, 0.0, 0.0, 0.0, 0.0, 0.0], "num_sources": 2, "seg_angles": 64, "input": [1.1611813547, -0.0691553993, -0.4136376884, -0.9069128181, -1.0198377321, -1.1276716661, -1.1547625027, -1.2486929387, -1.232869869, -1.2689891528, 1.3191626185, 0.439982494, -0.2734877112, -0.8007143751, -0.9993348521, -1.058174983, -1.159753997, -1.1789220441, -1.1595854064, -1.2149330727, 1.2096616704, 0.4117130939, -0.3696930584, -0.7110180289, -0.7867183508, -1.0434842916, -1.1442990752, -1.1042444384, -1.1148232041, -1.1477234505, 1.4370122141, 0.3196790712, -0.355786325, -0.684724067, -0.7991848124, -0.9750000687, -0.9907096779, -1.0426154159, -1.0496495078, -1.0805361249, 1.8732609212, 0.3639529115, -0.2136516507, -0.4418169328, -0.8142758068, -0.9026176007, -0.8118279295, -0.8568432604, -0.900360845, -0.9019439303, 1.4312541938, 0.3417205654, -0.0920285709, -0.5095577826, -0.5809847669, -0.5709193373, -0.5960702733, -0.6118989382, -0.6325653358, -0.8003681161, 1.6264432226, 0.3853215611, -0.1135417688, -0.4499682147, -0.2856886022, -0.2701071936, -0.4579791303, -0.2549896994, -0.409691683, -0.3902306686, 1.531529265, 0.5838751888, 0.3364690139, 0.255087281, 0.3088533361, 0.4736001082, 0.221915963, 0.2618901353, 0.0750348494, -0.0769477776, 1.5255501307, 1.1299079417, 0.9392585847, 1.0641708621, 0.8933046913, 0.9328484058, 0.8133548243, 0.920355261, 0.9168957747, 0.655895312, 1.554300091, 1.9766383738, 1.8868237111, 1.7243976123, 1.9161524467, 1.8921582154, 1.7956099107, 1.6286857091, 1.7237406664, 1.3758723642]}