{"source": [{"position": [108.56571826116009, -34.77764825916805], "counts": 500000.0}, {"position": [-461.9993456757992, -0.7775571576487988], "counts": 500000.0}], "output": [0.4914284243, 0.0085715757, 0.0, 0.0, 0.0, 0.0, 0.0, 0.0, 0.0, 0.0, 0.0, 0.0, 0.0, 0.0, 0.0, 0.0, 0.0, 0.0, 0.0, 0.0, 0.0, 0.0, 0.0, 0.0, 0.0, 0.0, 0.0, 0.0, 0.078862244, 0.421137756, 0.0, 0.0, 0.0, 0.0, 0.0, 0.0, 0.0, 0.0, 0.0, 0.0, 0.0, 0.0, 0.0, 0.0, 0.0, 0.0, 0.0, 0.0, 0.0, 0.0, 0.0, 0.0, 0.0, 0.0, 0.0, 0.0, 0.0, 0.0, 0.0, 0.0, 0.0, 0.0, 0.0, 0.0], "num_sources": 2, "seg_angles": 64, "input": [0.8274653406, 0.7339320921, 0.7313423931, 0.7390638965, 0.5740314177, 0.7890625858, 0.5059657829, 0.8594566547, 1.1915319285, 1.7567275064, -0.335591163, -0.1434796974, -0.4258733393, -0.5309468469, -0.5748126071, -0.4848528446, -0.271833873, 0.3025463972, 1.3649802943, 2.2032539062, -0.5758628811, -0.6411147359, -0.7242875405, -0.8559873399, -0.8017198906, -0.6324942427, -0.1914750434, 0.5225776017, 1.3702861096, 2.213869904, -0.5919533412, -0.6865092039, -0.9003608268, -0.9258993339, -0.7120168231, -0.5093092791, -0.2304483116, 0.5835894418, 1.472929146, 2.2191113371, -0.6670194235, -0.6808378133, -0.9171682977, -0.8825573628, -0.7360576336, -0.5507905362, -0.115657557, 0.4259716977, 1.1930263153, 2.1084348989, -0.7271583433, -0.7975094686, -0.8351183742, -0.9036026393, -0.9127516761, -0.5032016627, -0.0981757647, 0.4529795145, 1.3588058255, 2.1747925101, -0.7426256901, -0.8460670952, -0.9929020668, -1.0226921212, -0.781161899, -0.5684034222, -0.2319218448, 0.4520655929, 1.4677091183, 2.3795306017, -0.6263873136, -0.7795156279, -0.9262455417, -0.978065221, -0.8493196914, -0.5100538537, -0.0362755582, 0.4938127372, 1.2130120039, 2.2353006481, -0.6981412077, -0.979930692, -1.0360606452, -0.9640972703, -0.7976024985, -0.659449275, -0.1476131236, 0.3510098604, 1.2094655378, 1.8680715527, -0.7809823074, -0.9986864595, -1.1654545374, -1.1383581584, -0.9972635507, -0.921895912, -0.5656564541, -0.0304070681, 0.8399749118, 1.6619847623]}