{"source": [{"position": [170.41867576323577, -167.56633000428553], "counts": 500000.0}, {"position": [-32.49511511188321, -171.95658607295465], "counts": 500000.0}], "output": [0.0, 0.0, 0.0, 0.0, 0.0, 0.0, 0.0, 0.0, 0.0, 0.0, 0.0, 0.0, 0.0, 0.0, 0.4512135117, 0.0487864883, 0.0, 0.0, 0.0, 0.0, 0.0, 0.0, 0.0, 0.0, 0.4570201856, 0.0429798144, 0.0, 0.0, 0.0, 0.0, 0.0, 0.0, 0.0, 0.0, 0.0, 0.0, 0.0, 0.0, 0.0, 0.0, 0.0, 0.0, 0.0, 0.0, 0.0, 0.0, 0.0, 0.0, 0.0, 0.0, 0.0, 0.0, 0.0, 0.0, 0.0, 0.0, 0.0, 0.0, 0.0, 0.0, 0.0, 0.0, 0.0, 0.0], "num_sources": 2, "seg_angles": 64, "input": [1.9256856711, 2.0429217539, 1.9659747807, 2.377759673, 2.2543879695, 2.3368950176, 2.1726790195, 2.168221107, 2.0862056657, 1.8332351829, 0.8147583559, 1.1149048315, 1.2625376671, 1.2027816471, 1.0896446146, 1.3337336477, 1.1803330723, 1.2925205839, 1.3720824787, 1.3754003261, 0.1737042938, 0.2498695098, 0.4005910579, 0.4238132854, 0.4296381882, 0.433886093, 0.4886875783, 0.4710376981, 1.0000072553, 1.0649082004, -0.1992128107, -0.1268982546, -0.1478478937, -0.2551771738, -0.1588654962, 0.0027049067, -0.0927656883, 0.0407142783, 0.2269454544, 0.7385245274, -0.2663211603, -0.692965667, -0.5899949371, -0.5676295603, -0.5162288069, -0.4899710826, -0.4739608061, -0.2218603487, 0.2529108426, 0.5836990858, -0.4169703308, -0.7519829341, -0.8454465717, -0.8268919352, -0.7735006178, -0.7468206357, -0.604377449, -0.424410579, -0.006076569, 0.3070913313, -0.4842213048, -0.9635604666, -0.9723476875, -0.9504041174, -0.9181307673, -0.7534595139, -0.7276194743, -0.5074345177, -0.1188132952, 0.2924101581, -0.6112981697, -1.0606247911, -1.057619025, -1.1026756585, -1.0378274537, -0.8862578445, -0.816769087, -0.5752793919, -0.3409397104, 0.2069371898, -0.5336231481, -1.1522619641, -1.1525600242, -1.1613908084, -1.091827423, -1.0074097622, -0.8846202967, -0.6859697019, -0.3341420878, 0.1852136743, -0.5957805219, -1.2278306117, -1.2091974158, -1.245549468, -1.1706116397, -1.1606938416, -1.0062855939, -0.8107696568, -0.5692335495, -0.0947405739]}