{"source": [{"position": [-95.67775559675843, -116.819378032786], "counts": 500000.0}, {"position": [119.16899433119367, 338.6439882680511], "counts": 500000.0}], "output": [0.0, 0.0, 0.0, 0.0, 0.0, 0.0, 0.0, 0.0, 0.0, 0.4949568355, 0.0050431645, 0.0, 0.0, 0.0, 0.0, 0.0, 0.0, 0.0, 0.0, 0.0, 0.0, 0.0, 0.0, 0.0, 0.0, 0.0, 0.0, 0.0, 0.0, 0.0, 0.0, 0.0, 0.0, 0.0, 0.0, 0.0, 0.0, 0.0, 0.0, 0.0, 0.0, 0.0, 0.0, 0.0, 0.2232886001, 0.2767113999, 0.0, 0.0, 0.0, 0.0, 0.0, 0.0, 0.0, 0.0, 0.0, 0.0, 0.0, 0.0, 0.0, 0.0, 0.0, 0.0, 0.0, 0.0], "num_sources": 2, "seg_angles": 64, "input": [1.3742524998, 1.5384830504, 1.5634693953, 1.4472411456, 1.4340240226, 1.7684250485, 1.4849304375, 1.6332043167, 1.716890491, 1.8565690096, 1.2677931936, 0.3010600277, 0.6809557919, 0.4614252362, 0.658822237, 0.6423990681, 0.5331663186, 0.5793172852, 0.7036282367, 0.7511884824, 1.2960868183, 0.3556212436, -0.1918707635, -0.1807000252, -0.200056079, -0.24205594, -0.2393743647, -0.4035788133, -0.1837137758, 0.2037594582, 1.5868761056, 0.1997796973, -0.437273561, -0.6556725586, -0.7505336109, -0.7691072584, -0.8443883985, -0.7739555392, -0.682550385, -0.3959496895, 1.8279702775, 0.430075475, -0.4920461153, -0.903318872, -1.1309078285, -1.0045934379, -1.1446291883, -1.1191424337, -0.8968911318, -0.5597215312, 1.3730147625, 0.4302310056, -0.596574447, -0.9223135907, -1.103686608, -1.1829730914, -1.2383310105, -1.1864740115, -1.3085212231, -0.7098314515, 1.5936527861, 0.4204863668, -0.2804995798, -0.6998479307, -1.013833175, -0.9828887223, -1.0799536066, -1.2536847952, -1.0929768722, -0.8873175635, 1.8932986707, 0.4665173326, 0.1723476084, -0.5049361661, -0.8138381702, -0.9830802404, -1.0441591693, -0.9520636984, -1.2073143051, -0.9048919232, 2.4219711228, 1.0271389993, 0.3477222722, -0.2779713317, -0.4089501172, -0.5940712535, -0.7489560041, -0.7708706995, -0.8816151373, -0.796467967, 2.5908285291, 1.266463052, 0.375281277, 0.2458433537, -0.1513761369, -0.3119388949, -0.2987913045, -0.4250396297, -0.5568609307, -0.547279449]}