{"source": [{"position": [215.16573925307372, 350.17810418653863], "counts": 500000.0}, {"position": [-7.741521666173033, -24.82073412073409], "counts": 500000.0}], "output": [0.0, 0.0, 0.0, 0.0, 0.0, 0.0, 0.0, 0.0, 0.0, 0.0, 0.0, 0.0, 0.0397833714, 0.4602166286, 0.0, 0.0, 0.0, 0.0, 0.0, 0.0, 0.0, 0.0, 0.0, 0.0, 0.0, 0.0, 0.0, 0.0, 0.0, 0.0, 0.0, 0.0, 0.0, 0.0, 0.0, 0.0, 0.0, 0.0, 0.0, 0.0, 0.0, 0.0, 0.3060891775, 0.1939108225, 0.0, 0.0, 0.0, 0.0, 0.0, 0.0, 0.0, 0.0, 0.0, 0.0, 0.0, 0.0, 0.0, 0.0, 0.0, 0.0, 0.0, 0.0, 0.0, 0.0], "num_sources": 2, "seg_angles": 64, "input": [1.9890414032, 2.4057830936, 2.4598008834, 2.325610182, 2.3611540102, 2.1952697925, 2.1266399179, 2.1719395344, 2.0804607824, 1.6941242529, 1.1836754378, 1.4337209005, 1.517109452, 1.4346860805, 1.4572654754, 1.3097218209, 1.3886297247, 1.3328942447, 1.1536018062, 0.8476897413, 0.6038775039, 0.664587877, 0.6704912143, 0.6891552797, 0.6188623721, 0.5759225724, 0.535682341, 0.4827179249, 0.4463219844, 0.2416328274, 0.2675488662, 0.0239527004, 0.0964836554, 0.0903211229, 0.0505452048, 0.023557288, -0.0109568093, -0.008275142, -0.0008051479, -0.1520974863, -0.0646811142, -0.3187590259, -0.3049545518, -0.2913044336, -0.3264583796, -0.3442729611, -0.3462362709, -0.3782249085, -0.4100883056, -0.5007623507, -0.1148352149, -0.5377288505, -0.5964129333, -0.6124772974, -0.5742703783, -0.5986486389, -0.621692355, -0.6469674054, -0.6707130401, -0.6773750466, -0.2006785112, -0.6962074368, -0.7561385503, -0.7228559203, -0.7468436215, -0.7640407349, -0.7815355146, -0.8149721778, -0.7355027006, -0.8323390486, -0.27889439, -0.8007135096, -0.8214727206, -0.8313099901, -0.8690786161, -0.8567301334, -0.8635909518, -0.860141917, -0.8822938535, -0.8696441594, -0.3269670755, -0.8066541881, -0.8539385722, -0.8637129126, -0.8674521593, -0.890086761, -0.9027175452, -0.917501343, -0.9245421077, -0.8985175303, -0.4156767753, -0.8695736321, -0.898976899, -0.891049708, -0.892349355, -0.9127905391, -0.902220882, -0.9267771633, -0.9353767564, -0.9596148599]}