{"source": [{"position": [373.389129906187, -52.05341168358303], "counts": 500000.0}, {"position": [21.75643268523295, -17.625482598014937], "counts": 500000.0}], "output": [0.0, 0.0, 0.0, 0.0, 0.0, 0.0, 0.0, 0.0, 0.0, 0.0, 0.0, 0.0, 0.0, 0.0, 0.0, 0.0, 0.0, 0.0, 0.0, 0.0, 0.0, 0.0, 0.0, 0.0, 0.0, 0.4677227087, 0.0322772913, 0.0, 0.0, 0.0, 0.2054522307, 0.2945477693, 0.0, 0.0, 0.0, 0.0, 0.0, 0.0, 0.0, 0.0, 0.0, 0.0, 0.0, 0.0, 0.0, 0.0, 0.0, 0.0, 0.0, 0.0, 0.0, 0.0, 0.0, 0.0, 0.0, 0.0, 0.0, 0.0, 0.0, 0.0, 0.0, 0.0, 0.0, 0.0], "num_sources": 2, "seg_angles": 64, "input": [0.6422548759, 1.0026367531, 1.1096937616, 1.1481034987, 1.2534799647, 1.5794048334, 1.6528912247, 1.7612500878, 1.9439560299, 2.2159519839, -0.2246487805, 0.0028181212, 0.1379016686, 0.2687410149, 0.3008818409, 0.438584823, 0.5058502305, 0.8389479233, 1.2013582125, 2.273659198, -0.6635079355, -0.5138236096, -0.4002927458, -0.3059108992, -0.2543996369, -0.1392056043, -0.0471700515, 0.4751037527, 1.2014005791, 2.1737215385, -0.8687635006, -0.7483351948, -0.6893791215, -0.6569007614, -0.5756803701, -0.4296677448, -0.1618710892, 0.3289508136, 1.0864456301, 2.1196610762, -0.9911281319, -0.9158451005, -0.854904554, -0.8251883329, -0.7182860973, -0.5046894723, -0.2219418023, 0.2409564665, 0.9475527648, 2.0443304139, -1.0436155521, -0.9905887338, -0.9488087806, -0.9048210632, -0.7806749431, -0.5464279232, -0.2647129521, 0.1805263251, 0.8806435065, 1.8400712413, -1.0996950039, -1.0676932225, -1.0161140191, -0.9145225759, -0.832228315, -0.6329990004, -0.3438338398, 0.0783572727, 0.7347088171, 1.9066660748, -1.1203236461, -1.077852855, -1.0363564373, -0.9360707089, -0.8383593175, -0.6743543393, -0.3751388341, 0.091572782, 0.7652344334, 1.6115198526, -1.1250859071, -1.0766717786, -1.0625033156, -0.9851094584, -0.8749420899, -0.7172916125, -0.4819753416, -0.0719542012, 0.5800453627, 1.4668480196, -1.1414984843, -1.114011212, -1.0684640517, -1.0097102975, -0.9348719187, -0.8138098441, -0.6269889576, -0.2708871137, 0.2584806863, 1.2413447287]}