{"source": [{"position": [-149.94414718422252, 251.72555040201263], "counts": 500000.0}, {"position": [275.77712310847096, -115.53345130314088], "counts": 500000.0}], "output": [0.0, 0.0, 0.0, 0.0, 0.0, 0.0, 0.0, 0.0, 0.0, 0.0, 0.0, 0.0, 0.0, 0.0, 0.0, 0.0, 0.0, 0.0, 0.0, 0.0, 0.0, 0.0, 0.0, 0.0, 0.0, 0.0, 0.0, 0.020502277, 0.479497723, 0.0, 0.0, 0.0, 0.0, 0.0, 0.0, 0.0, 0.0, 0.0, 0.0, 0.0, 0.0, 0.0, 0.0, 0.0, 0.0, 0.0, 0.0, 0.0, 0.0, 0.0, 0.0, 0.0, 0.0, 0.2639302367, 0.2360697633, 0.0, 0.0, 0.0, 0.0, 0.0, 0.0, 0.0, 0.0, 0.0], "num_sources": 2, "seg_angles": 64, "input": [1.7958036272, 0.472009871, 0.1454294799, 0.0899205708, -0.2307366046, -0.125826701, -0.2877176578, -0.249751828, -0.0966721475, 0.5765835892, 0.9694044689, 0.0678931256, -0.8082610972, -0.810114619, -1.0855565291, -1.138610446, -0.8815251787, -0.5713779561, -0.0411033249, 0.6130724912, 0.553141134, -0.4239347962, -1.2728224853, -1.6199960993, -1.4531020464, -1.2168844542, -1.048123782, -0.6613219095, -0.2252818913, 0.8281664114, 0.0562037109, -0.6949749795, -1.2490480459, -1.5097552981, -1.3761431384, -1.2352556984, -1.0383235188, -0.4375728161, 0.5381798537, 0.9333644539, 0.0286549465, -0.4857924928, -1.4421288972, -1.3615846504, -1.1438192104, -1.1196156333, -0.8536104709, -0.0316165913, 0.2995945637, 0.8964667275, 0.116171277, -0.6421920243, -1.3180610584, -1.0988893139, -1.3729711864, -1.0268999998, -0.5265009391, 0.0400644994, 0.5482550806, 1.2250369946, 0.103046938, -0.608652719, -0.8842257999, -0.6877907357, -0.7167603045, -0.7634922505, -0.2815301122, 0.0507267322, 0.9532710351, 1.5115173839, 0.1816103161, -0.4563200969, -0.6031556241, -0.4990450517, -0.4728128249, 0.091494065, 0.2255298326, 0.6107789213, 1.440922417, 1.5534762606, 0.3622865148, -0.1354325433, 0.1673697461, 0.1859331801, 0.238236384, 0.6358507453, 0.9254724127, 1.4195234943, 2.2577920155, 2.2487098509, 0.5391324615, 0.8089867267, 0.8679069192, 0.9451555488, 1.0085767374, 1.3455810682, 1.5261495131, 1.7109846242, 2.5788139543, 3.0344429042]}