{"source": [{"position": [173.38186406369744, 239.90566732321594], "counts": 500000.0}, {"position": [15.662953437819478, 463.73556245947407], "counts": 500000.0}], "output": [0.0, 0.0, 0.0, 0.0, 0.0, 0.0, 0.0, 0.0, 0.0, 0.0, 0.0, 0.0, 0.0, 0.0, 0.0, 0.0, 0.0, 0.0, 0.0, 0.0, 0.0, 0.0, 0.0, 0.0, 0.0, 0.0, 0.0, 0.0, 0.0, 0.0, 0.0, 0.0, 0.0, 0.0, 0.0, 0.0, 0.0, 0.0, 0.0, 0.0, 0.0, 0.1871963817, 0.3128036183, 0.0, 0.0, 0.0, 0.0, 0.171952423, 0.328047577, 0.0, 0.0, 0.0, 0.0, 0.0, 0.0, 0.0, 0.0, 0.0, 0.0, 0.0, 0.0, 0.0, 0.0, 0.0], "num_sources": 2, "seg_angles": 64, "input": [-1.2584316723, -1.2279432131, -1.1819566593, -1.2163473486, -1.1357817842, -1.0472246313, -0.9265450738, -0.7954467869, -0.4685032799, 0.4620970289, -1.200764458, -1.1684019945, -1.1064908149, -1.0707409784, -1.0774996985, -1.0115079812, -0.7792592646, -0.5478044607, -0.160646955, 0.5824086968, -1.1250930343, -1.0463486851, -1.0997213375, -1.0549046709, -1.0357927105, -0.9842904503, -0.7842935428, -0.5752827363, -0.0500462321, 0.5290422193, -0.9609128066, -0.940844434, -0.938054914, -0.874064324, -0.8661366195, -0.8615537659, -0.7496736636, -0.4039900069, 0.0763325462, 0.7981477095, -0.8143083536, -0.8562564314, -0.8416738983, -0.7371377484, -0.7375869842, -0.6404204575, -0.6052673961, -0.3994720462, 0.0469396842, 0.6260118606, -0.8153935531, -0.4503155664, -0.5619774057, -0.4124916246, -0.3885745858, -0.3158522907, -0.2918447058, -0.2828514951, 0.1315408404, 0.7967356146, -0.5218024513, -0.1621794374, -0.1115663774, -0.1302106214, -0.0357290806, -0.057124376, -0.2151884115, 0.0317960714, 0.399328055, 1.0114184655, 0.0193594526, 0.567927641, 0.2721486368, 0.2055506892, 0.3708018111, 0.3293996172, 0.527810854, 0.4476807133, 0.52291837, 0.9938606404, 0.781373569, 1.0891731856, 1.3327305358, 1.2584089697, 1.2783016786, 1.2460272708, 1.409575669, 1.2790926861, 1.2506978102, 1.4856432601, 1.5755670304, 1.9612510869, 2.0830355071, 2.2055390813, 1.9114299396, 2.1396771345, 2.0990702658, 2.1282215943, 2.0436867543, 1.8097660416]}