{"source": [{"position": [255.8551738236721, 24.23076613849654], "counts": 500000.0}, {"position": [369.5509649388754, 18.223180642964557], "counts": 500000.0}], "output": [0.0, 0.0, 0.0, 0.0, 0.0, 0.0, 0.0, 0.0, 0.0, 0.0, 0.0, 0.0, 0.0, 0.0, 0.0, 0.0, 0.0, 0.0, 0.0, 0.0, 0.0, 0.0, 0.0, 0.0, 0.0, 0.0, 0.0, 0.0, 0.0, 0.0, 0.0, 0.0, 0.2681665738, 0.7318334262, 0.0, 0.0, 0.0, 0.0, 0.0, 0.0, 0.0, 0.0, 0.0, 0.0, 0.0, 0.0, 0.0, 0.0, 0.0, 0.0, 0.0, 0.0, 0.0, 0.0, 0.0, 0.0, 0.0, 0.0, 0.0, 0.0, 0.0, 0.0, 0.0, 0.0], "num_sources": 2, "seg_angles": 64, "input": [-1.113308637, -0.9796422284, -0.9576892794, -0.8204265649, -0.7550623695, -0.5363453256, -0.1147206048, 0.3401042721, 0.8063421141, 1.7806508874, -1.0175644261, -0.951052713, -0.7782110134, -0.7045665222, -0.52045714, -0.2151668516, 0.3178012384, 0.7236857974, 1.3835973047, 2.1756673304, -1.0478554795, -0.9570247367, -0.7939179295, -0.7326120158, -0.5146023921, -0.2051105335, 0.0849183378, 0.7534210685, 1.4258747647, 2.2395499109, -1.0371888191, -0.9460154502, -0.8375298559, -0.6657904234, -0.4305130936, -0.2061863506, 0.1416449251, 0.6825463696, 1.489325514, 2.1676394645, -1.0231109552, -0.9852641707, -0.7653557873, -0.664507664, -0.4420951522, -0.2042190784, 0.1723023199, 0.7488704596, 1.3026908622, 2.1226201448, -1.0695874615, -0.9611773835, -0.8454721923, -0.6896030455, -0.6087336249, -0.1981052327, 0.2550191729, 0.8799294828, 1.4696115381, 2.2024030788, -1.0108578305, -0.972829717, -0.8608029307, -0.6889736851, -0.3778691592, -0.2452229614, 0.2458746511, 0.7725299828, 1.4207471087, 2.0608948326, -1.0552500375, -0.9122518473, -0.8928840647, -0.7106292603, -0.6317673601, -0.2961019187, 0.1365314623, 0.647502103, 1.5596267006, 2.4535195659, -0.9495316218, -0.9451345081, -0.7652853422, -0.6092196965, -0.6236343285, -0.1854873698, 0.1461748087, 0.4886183404, 1.2912865381, 1.9377589003, -0.630322016, -0.5202402633, -0.6211543101, -0.4723093907, -0.4386857262, -0.209580385, 0.0143845017, 0.3480677406, 1.0811847489, 1.6508998904]}