{"source": [{"position": [315.4995776188206, -185.51554253578266], "counts": 500000.0}, {"position": [205.60669307481018, -31.462481829010176], "counts": 500000.0}], "output": [0.0, 0.0, 0.0, 0.0, 0.0, 0.0, 0.0, 0.0, 0.0, 0.0, 0.0, 0.0, 0.0, 0.0, 0.0, 0.0, 0.0, 0.0, 0.0, 0.0, 0.0, 0.0, 0.0, 0.0, 0.0, 0.0, 0.2071795422, 0.2928204578, 0.0, 0.0, 0.2733390607, 0.2266609393, 0.0, 0.0, 0.0, 0.0, 0.0, 0.0, 0.0, 0.0, 0.0, 0.0, 0.0, 0.0, 0.0, 0.0, 0.0, 0.0, 0.0, 0.0, 0.0, 0.0, 0.0, 0.0, 0.0, 0.0, 0.0, 0.0, 0.0, 0.0, 0.0, 0.0, 0.0, 0.0], "num_sources": 2, "seg_angles": 64, "input": [0.2938886718, 0.2317579658, 0.5346054856, 0.5472173604, 0.6227945159, 0.5891062656, 0.8080520183, 0.9934867909, 1.3805581423, 1.5540313431, -0.6836688399, -0.6808185662, -0.621721469, -0.4304753181, -0.2844725092, -0.1570756845, 0.2028010599, 0.6522822177, 1.1961438831, 1.9511675418, -0.9253790526, -0.8977236925, -0.7635218737, -0.6799814982, -0.5210444943, -0.3799441308, 0.0180103294, 0.6171183256, 1.2282362394, 1.911333507, -1.0539512517, -0.9716647604, -0.7438868597, -0.8040922975, -0.6358694298, -0.3545869693, 0.060674839, 0.6565325921, 1.2841816915, 2.1984522777, -1.0886670796, -1.03032712, -0.969416727, -0.9056112401, -0.6679594852, -0.45324903, 0.0601812773, 0.7155913414, 1.0755105803, 1.9777031354, -1.130567311, -1.0422101126, -0.9794039204, -0.766549125, -0.5980744841, -0.3630307365, -0.0488017458, 0.4718726108, 1.3481523855, 2.2526954714, -1.1425723699, -0.9808765669, -0.9242210742, -0.7636652278, -0.6248131965, -0.3392656575, 0.0427395351, 0.5584739122, 1.4738046214, 2.1822581091, -1.1647168732, -1.0654373997, -0.992829369, -0.8759970537, -0.5985944577, -0.3484413031, 0.1065431131, 0.5336980416, 1.4985841755, 2.1236256719, -1.1651966519, -1.0392394834, -1.0060034272, -0.8628162051, -0.7243550639, -0.3714053798, 0.0047706174, 0.4604591503, 1.3276022455, 2.0599055757, -1.1620909826, -1.1179565308, -1.0558537467, -0.9317363185, -0.8468791386, -0.720503985, -0.2500901041, 0.2786721983, 0.8505372815, 1.7734902668]}