{"source": [{"position": [93.62747051240245, 212.26845447557486], "counts": 500000.0}, {"position": [234.3569297691024, -394.66166455484364], "counts": 500000.0}], "output": [0.0, 0.0, 0.0, 0.0, 0.0, 0.0, 0.0, 0.0, 0.0, 0.0, 0.0, 0.0, 0.0, 0.0, 0.0, 0.0, 0.0, 0.0, 0.0, 0.0, 0.0, 0.2708823095, 0.2291176905, 0.0, 0.0, 0.0, 0.0, 0.0, 0.0, 0.0, 0.0, 0.0, 0.0, 0.0, 0.0, 0.0, 0.0, 0.0, 0.0, 0.0, 0.0, 0.0, 0.0, 0.1156746024, 0.3843253976, 0.0, 0.0, 0.0, 0.0, 0.0, 0.0, 0.0, 0.0, 0.0, 0.0, 0.0, 0.0, 0.0, 0.0, 0.0, 0.0, 0.0, 0.0, 0.0], "num_sources": 2, "seg_angles": 64, "input": [-0.5077351593, -0.301646381, 0.0237675997, -0.1768823953, -0.4201683365, -0.167358049, -0.1231537176, 0.3290795133, 0.6829176101, 1.957525441, -0.8565518396, -0.4570604587, -0.5750014769, -0.4512432108, -0.4416006734, -0.4838513322, -0.4791148748, -0.1852165411, 0.3830982211, 1.8229013978, -1.169728781, -0.9064621443, -0.9993292592, -0.7601169275, -0.8203846126, -0.8717513508, -0.8848531961, -0.5654159851, 0.0832610606, 1.949523723, -1.2754741141, -1.0010660569, -1.0428777243, -1.0618635159, -0.9570870793, -1.0401787146, -0.8039000242, -0.687159348, -0.2651082322, 2.0411341746, -1.3121862784, -1.063721858, -1.1793879354, -1.1262923002, -1.0747252878, -1.1936325741, -0.8297803291, -0.7213456622, 0.0373218956, 1.8808718771, -1.1792580786, -0.9834066878, -0.7995168948, -0.9136495692, -0.7766620174, -0.7529020808, -0.5540679369, -0.4921596268, 0.1260078573, 1.7434466326, -0.9181594888, -0.8395689034, -0.4747125943, -0.6058427964, -0.6103685543, -0.5267468281, -0.3286651297, -0.456873831, 0.2223188272, 1.7757690241, -0.5873725184, -0.2945120677, 0.0272319492, -0.1927170757, -0.095079104, -0.148481975, 0.042800938, 0.356584122, 0.614509537, 1.5344490972, 0.0408695575, 0.5308121756, 0.5307282322, 0.7447773347, 0.6728415433, 0.7168273144, 0.9454283721, 0.8433570015, 1.2241991255, 2.1303996532, 1.0660480503, 1.2705736269, 1.2458502145, 1.5112010199, 1.3039005035, 1.5894192027, 1.5714193852, 1.8117463853, 2.1062473364, 2.2799709634]}