{"source": [{"position": [-45.490435434573854, 108.8789248843543], "counts": 500000.0}, {"position": [-21.152034668385486, 445.4981385251654], "counts": 500000.0}], "output": [0.0, 0.0, 0.0, 0.0, 0.0, 0.0, 0.0, 0.0, 0.0, 0.0, 0.0, 0.0, 0.0, 0.0, 0.0, 0.0, 0.0, 0.0, 0.0, 0.0, 0.0, 0.0, 0.0, 0.0, 0.0, 0.0, 0.0, 0.0, 0.0, 0.0, 0.0, 0.0, 0.0, 0.0, 0.0, 0.0, 0.0, 0.0, 0.0, 0.0, 0.0, 0.0, 0.0, 0.0, 0.0, 0.0, 0.0, 0.0, 0.2583702858, 0.2416297142, 0.0, 0.0, 0.4843964666, 0.0156035334, 0.0, 0.0, 0.0, 0.0, 0.0, 0.0, 0.0, 0.0, 0.0, 0.0], "num_sources": 2, "seg_angles": 64, "input": [0.3931790401, -0.6204645887, -0.920775151, -1.0485132312, -1.0783275823, -1.1308241719, -1.1012320052, -1.1426519163, -1.1186158095, -1.2008277919, 0.5176085298, -0.4153736272, -0.9250747677, -0.9503180818, -1.0005471322, -0.9923347278, -1.0106532902, -1.0755119116, -1.0859544223, -1.1391888568, 0.5455794365, -0.4486799768, -0.8378786332, -0.9546654524, -0.9444703234, -0.9656789536, -0.9529236146, -0.9733865569, -1.0387952358, -1.0695484258, 0.5962178283, -0.3770069475, -0.6629638079, -0.7603549362, -0.8375563912, -0.8466124075, -0.8262345882, -0.8024649746, -0.8902874135, -0.9664704731, 0.6173927341, -0.2644444132, -0.5115014004, -0.6033491934, -0.6755476621, -0.6573346816, -0.6606467964, -0.7050361048, -0.7426557121, -0.8247923962, 0.6670347347, -0.219701804, -0.3245689069, -0.3821356964, -0.2747686016, -0.4061727527, -0.4225724884, -0.3823283637, -0.4270341651, -0.6125202243, 0.8281040698, 0.238417481, 0.1073347857, 0.0062678998, 0.0580574654, -0.0867967154, 0.0602264745, -0.0316866139, -0.0684375603, -0.3069150057, 0.9983279065, 0.5500536796, 0.5617848428, 0.5495778421, 0.6081224489, 0.5491173261, 0.4887269182, 0.3947713904, 0.3886342087, 0.2667064407, 1.2402608742, 1.2261667772, 1.4920044482, 1.2999310153, 1.3135543259, 1.4490238999, 1.2417395374, 1.1537805563, 1.2852419265, 0.8813454911, 1.7248917652, 1.9252923696, 2.1270612651, 2.2373305735, 2.283226771, 2.065606527, 2.0687966437, 2.0499867633, 1.9550712945, 1.6925591277]}