{"source": [{"position": [257.42329133187474, 294.3029885676745], "counts": 500000.0}, {"position": [-13.410268667110236, -46.08866123327864], "counts": 500000.0}], "output": [0.0, 0.0, 0.0, 0.0, 0.0, 0.0, 0.0, 0.0, 0.0, 0.0, 0.0, 0.0, 0.0, 0.4420658048, 0.0579341952, 0.0, 0.0, 0.0, 0.0, 0.0, 0.0, 0.0, 0.0, 0.0, 0.0, 0.0, 0.0, 0.0, 0.0, 0.0, 0.0, 0.0, 0.0, 0.0, 0.0, 0.0, 0.0, 0.0, 0.0, 0.0, 0.1600710093, 0.3399289907, 0.0, 0.0, 0.0, 0.0, 0.0, 0.0, 0.0, 0.0, 0.0, 0.0, 0.0, 0.0, 0.0, 0.0, 0.0, 0.0, 0.0, 0.0, 0.0, 0.0, 0.0, 0.0], "num_sources": 2, "seg_angles": 64, "input": [1.6941020918, 2.2186668542, 2.2496084945, 2.2054989894, 2.1068015006, 2.1898980926, 2.1933363973, 2.2567792124, 2.1476437877, 1.946523825, 1.0974650998, 1.2301112737, 1.3749912734, 1.3785217448, 1.3488987152, 1.4180818447, 1.3324285517, 1.5164779365, 1.437121873, 1.1800211838, 0.7246071794, 0.4902833645, 0.663336408, 0.5341367907, 0.6186884545, 0.6373665614, 0.497060201, 0.6635563742, 0.5513509429, 0.4038037142, 0.3588205405, -0.0376867151, 0.0085277969, 0.0061478061, 0.0220479932, -0.0044003375, -0.0142890688, 0.0829903526, 0.0243055261, -0.082334575, 0.2272761208, -0.3766552932, -0.3903081447, -0.3999160998, -0.4115252996, -0.4448009674, -0.4650605168, -0.4718520124, -0.3127206217, -0.3860550226, 0.1166378837, -0.6281116749, -0.6587607996, -0.7534341394, -0.7142105928, -0.709927171, -0.7230047889, -0.654947209, -0.6692121813, -0.5267746477, 0.0333356222, -0.7773109718, -0.839367535, -0.8353579305, -0.8413712846, -0.8507026571, -0.8363157768, -0.8042095563, -0.7971065676, -0.7492929635, 0.018502657, -0.737843122, -0.9071144023, -0.8797554071, -0.9488835232, -0.9253723128, -0.894473415, -0.9872900026, -0.9467114032, -0.8378714598, 0.0443120908, -0.6852686498, -0.8417187236, -0.9078583528, -0.8805135693, -0.9770100391, -0.9123765644, -0.9415991642, -0.9713335289, -0.8701061144, 0.0074184633, -0.7379300421, -0.8327973686, -0.8591551752, -0.9032791733, -0.9152509404, -0.912946866, -0.9046309625, -0.9864949385, -0.9848832421]}