{"source": [{"position": [496.36703505793594, 40.29598624917491], "counts": 500000.0}, {"position": [-241.5949527675895, -197.42309590629515], "counts": 500000.0}], "output": [0.0, 0.0, 0.0, 0.0, 0.0, 0.0, 0.0107098893, 0.4892901107, 0.0, 0.0, 0.0, 0.0, 0.0, 0.0, 0.0, 0.0, 0.0, 0.0, 0.0, 0.0, 0.0, 0.0, 0.0, 0.0, 0.0, 0.0, 0.0, 0.0, 0.0, 0.0, 0.0, 0.0, 0.0874490315, 0.4125509685, 0.0, 0.0, 0.0, 0.0, 0.0, 0.0, 0.0, 0.0, 0.0, 0.0, 0.0, 0.0, 0.0, 0.0, 0.0, 0.0, 0.0, 0.0, 0.0, 0.0, 0.0, 0.0, 0.0, 0.0, 0.0, 0.0, 0.0, 0.0, 0.0, 0.0], "num_sources": 2, "seg_angles": 64, "input": [1.0782288426, 1.2017334155, 1.2224668209, 1.0972859474, 1.5927307905, 1.7182940987, 1.393488342, 1.6714157779, 2.4420583571, 3.1854738868, 1.6119305764, 0.6317961163, 0.0138641927, 0.1510843852, 0.1731301669, 0.5466586239, 0.7474431015, 1.0547152792, 1.5902889134, 1.8194187016, 1.3217952375, 0.2243057025, -0.4762017555, -0.5118371511, -0.621009763, -0.2486732307, -0.0454105867, 0.4908445922, 0.605386486, 1.500794486, 1.2716565375, 0.3466033671, -0.2763064482, -0.8190324739, -1.0234805783, -1.0327275324, -0.6177525394, -0.2433918351, 0.3920143328, 0.7747755931, 1.2524995947, 0.2716052521, -0.3404821174, -0.8943786726, -1.168318304, -0.9259009312, -0.8933210888, -0.702182813, -0.1153590847, 0.3591993383, 1.2979552092, 0.1167765343, -0.368817396, -0.8776547024, -1.1204960478, -1.338979117, -1.0682174741, -0.8091470073, -0.3648095781, 0.2500717646, 1.3590727278, 0.3558620946, -0.6310942711, -0.8843068756, -1.2580530314, -1.1942967397, -1.1231801914, -0.8698708034, -0.1601169131, 0.4682306156, 1.0873452634, 0.2111379347, -0.351206962, -0.9696350047, -1.2553517215, -1.3340987018, -0.8971480457, -0.5925661125, -0.3392788834, 0.127413439, 1.25232656, 0.3552135605, -0.5012051945, -1.0654615622, -1.1356557887, -1.2373800178, -1.042589854, -0.5884891978, -0.5589704253, -0.0367933145, 1.2355003006, 0.1996000399, -0.614546217, -0.9232187885, -1.0172179853, -1.4031863095, -1.1582567745, -1.191023601, -0.8267633418, -0.0066420418]}