{"source": [{"position": [-121.02352228353064, -166.70125090738753], "counts": 500000.0}, {"position": [133.28069721053942, 325.7917367753094], "counts": 500000.0}], "output": [0.0, 0.0, 0.0, 0.0, 0.0, 0.0, 0.0, 0.0, 0.0, 0.1981593511, 0.3018406489, 0.0, 0.0, 0.0, 0.0, 0.0, 0.0, 0.0, 0.0, 0.0, 0.0, 0.0, 0.0, 0.0, 0.0, 0.0, 0.0, 0.0, 0.0, 0.0, 0.0, 0.0, 0.0, 0.0, 0.0, 0.0, 0.0, 0.0, 0.0, 0.0, 0.0, 0.0, 0.0, 0.0, 0.4777212488, 0.0222787512, 0.0, 0.0, 0.0, 0.0, 0.0, 0.0, 0.0, 0.0, 0.0, 0.0, 0.0, 0.0, 0.0, 0.0, 0.0, 0.0, 0.0, 0.0], "num_sources": 2, "seg_angles": 64, "input": [1.1428300491, 1.4433678878, 1.3097196529, 1.6496090688, 1.816548639, 1.6702920982, 1.7629719477, 1.62377055, 1.7343180694, 2.0032652503, 0.9986160039, 0.4232212698, 0.4041132742, 0.4193116893, 0.4083864442, 0.3759229619, 0.3982765924, 0.6659394238, 0.7690403582, 1.5364118373, 0.860969048, -0.0017834455, -0.3083940975, -0.2596425226, -0.4604949305, -0.6273797752, -0.407040597, -0.2044508885, -0.1526082908, 0.6498159005, 1.0552393366, -0.1364407757, -0.8649866508, -0.8976446131, -0.8921012938, -1.0179147109, -0.9741152528, -0.7779750162, -0.4639902519, 0.0251856723, 0.9228223146, -0.1223173073, -0.9413391934, -1.0057926205, -1.2006731616, -1.0156751559, -1.1466412167, -1.1536700522, -1.0289757936, -0.3598364456, 1.1261684027, 0.2794476638, -0.6085719426, -1.1671211696, -1.10988998, -1.3070171864, -1.346081987, -1.1653186306, -1.1472698737, -0.3791202506, 1.5619305582, 0.179604212, -0.6114131962, -0.8374053436, -1.0118858335, -1.0146799519, -1.3372757026, -1.168790213, -1.2285637041, -0.5410497283, 2.0517314538, 0.9506657391, 0.0253079227, -0.3142560899, -0.6092067788, -0.8150568099, -1.0003038884, -0.8563892676, -1.0728931542, -0.824601377, 2.2101597316, 1.1683524892, 0.5381080691, -0.1711055487, -0.2698659063, -0.4992286666, -0.5128197887, -0.6075101729, -0.8737002849, -0.3530217217, 2.5740940015, 1.8086333836, 0.8864978179, 0.2285789508, 0.232598876, 0.0627420303, -0.0563509495, -0.243089563, -0.1308306656, -0.3410172551]}