{"source": [{"position": [-424.52132245049097, 232.45998964313458], "counts": 500000.0}, {"position": [7.557025972237285, -80.64670705276768], "counts": 500000.0}], "output": [0.0, 0.0, 0.0, 0.0, 0.0, 0.0, 0.0, 0.0, 0.0, 0.0, 0.0, 0.0, 0.0, 0.0, 0.0, 0.0, 0.0241522045, 0.4758477955, 0.0, 0.0, 0.0, 0.0, 0.0, 0.0, 0.0, 0.0, 0.0, 0.0, 0.0, 0.0, 0.0, 0.0, 0.0, 0.0, 0.0, 0.0, 0.0, 0.0, 0.0, 0.0, 0.0, 0.0, 0.0, 0.0, 0.0, 0.0, 0.0, 0.0, 0.0, 0.0, 0.0, 0.0, 0.0, 0.0, 0.0, 0.0, 0.0, 0.0, 0.0514928086, 0.4485071914, 0.0, 0.0, 0.0, 0.0], "num_sources": 2, "seg_angles": 64, "input": [1.8537951221, 2.2059230302, 2.3452097584, 2.1268346465, 2.2543547832, 2.2225988149, 2.0514156774, 2.209646766, 2.0522359555, 1.6692593675, 1.3095821752, 1.6714667534, 1.586747775, 1.4211599702, 1.3985903223, 1.4076011523, 1.1928001565, 1.2745920697, 1.2438017439, 0.8065504911, 0.8111276346, 0.8952618578, 0.8430206008, 0.8002575408, 0.599445349, 0.6034597495, 0.5331260321, 0.5980346954, 0.5168958388, 0.1379095786, 0.2064622748, 0.2863338375, 0.3111620265, 0.1298070518, 0.1967571478, 0.1651458667, 0.0609894253, 0.0997158425, -0.0321079072, -0.2297554746, -0.2353342851, -0.0652985974, -0.0908649132, -0.2659545028, -0.2432054484, -0.2938527176, -0.3341618464, -0.4852925733, -0.475881713, -0.5597742328, -0.3343461856, -0.4144869979, -0.4777268374, -0.4821368511, -0.5620481627, -0.6559071242, -0.6891384863, -0.710809519, -0.7042967471, -0.7201613862, -0.4824690967, -0.5644183026, -0.658251691, -0.7384830404, -0.774342904, -0.800713939, -0.7966595289, -0.8695480127, -0.8619002273, -0.869001676, -0.5773080902, -0.6303318105, -0.8367360691, -0.8642723703, -0.9193033652, -0.9456731328, -0.9596039802, -0.9797241392, -0.9367060465, -0.9025656724, -0.7376166006, -0.8556752097, -0.9768482465, -0.8380312724, -0.9688517828, -0.9148697367, -0.9858307386, -0.9600173345, -0.8998709705, -0.848113677, -0.8427273195, -0.8834215888, -0.8385560106, -0.8348915221, -0.7672331767, -0.818528523, -0.7633303758, -0.861326509, -0.7871366793, -0.6856460033]}