{"source": [{"position": [24.00920053933496, -208.62300517790933], "counts": 500000.0}, {"position": [-46.655461058110276, -14.975578568294313], "counts": 500000.0}], "output": [0.0, 0.0, 0.0, 0.4181589044, 0.0818410956, 0.0, 0.0, 0.0, 0.0, 0.0, 0.0, 0.0, 0.0, 0.0, 0.0, 0.0, 0.0, 0.416448473, 0.083551527, 0.0, 0.0, 0.0, 0.0, 0.0, 0.0, 0.0, 0.0, 0.0, 0.0, 0.0, 0.0, 0.0, 0.0, 0.0, 0.0, 0.0, 0.0, 0.0, 0.0, 0.0, 0.0, 0.0, 0.0, 0.0, 0.0, 0.0, 0.0, 0.0, 0.0, 0.0, 0.0, 0.0, 0.0, 0.0, 0.0, 0.0, 0.0, 0.0, 0.0, 0.0, 0.0, 0.0, 0.0, 0.0], "num_sources": 2, "seg_angles": 64, "input": [2.0033259813, 1.6155268102, 1.2331217015, 1.0234519518, 0.8357736583, 0.762619357, 0.7961986666, 0.6979545146, 0.5740110388, 0.352076043, 2.2929843667, 1.5105027713, 0.935494965, 0.429312216, 0.0027469794, -0.1345598141, -0.2573142592, -0.3741954736, -0.4300472423, -0.5736195059, 2.2780367294, 1.5774644299, 0.8037762095, 0.2714474587, -0.0767803876, -0.3846639268, -0.5279286851, -0.664842935, -0.7982691269, -0.8599486876, 2.1400056802, 1.3749449607, 0.6802191141, 0.1339127852, -0.2334723543, -0.4608574514, -0.6717169704, -0.7926342248, -0.9344563546, -0.963308408, 1.9936550135, 1.213556228, 0.5960362832, 0.0352017603, -0.2957394767, -0.6049098595, -0.7431897806, -0.8961079023, -1.0016447924, -1.0390212584, 1.8900434401, 1.2211052417, 0.4319975967, -0.0980244381, -0.4448707709, -0.7092832267, -0.8608820904, -0.9688916081, -1.0604217671, -1.0576654962, 1.8980226302, 1.0243623317, 0.3988066678, -0.1157346517, -0.4891763965, -0.6890696745, -0.9170199672, -1.0023103266, -1.0852538587, -1.0738932416, 1.9092079723, 0.9513854988, 0.2990945085, -0.1768746047, -0.5221555839, -0.762598513, -0.8944193223, -1.0616793195, -1.1269755502, -1.0975821522, 1.5899304354, 0.9575859393, 0.3472262976, -0.2669381761, -0.6209240938, -0.8294846844, -0.9967773165, -1.1190220263, -1.1910333116, -1.0950457814, 1.2338398898, 0.6207147162, -0.051541611, -0.4460359027, -0.7432836584, -0.9514101924, -1.1281135536, -1.1535636382, -1.2351655871, -1.1743298691]}