{"source": [{"position": [65.2915975261679, 9.644028851102815], "counts": 500000.0}, {"position": [-9.23564659981138, -193.78003723780063], "counts": 500000.0}], "output": [0.0, 0.0, 0.0, 0.0, 0.0, 0.0, 0.0, 0.0, 0.0, 0.0, 0.0, 0.0, 0.0, 0.0, 0.0, 0.2425492122, 0.2574507878, 0.0, 0.0, 0.0, 0.0, 0.0, 0.0, 0.0, 0.0, 0.0, 0.0, 0.0, 0.0, 0.0, 0.0, 0.0, 0.0, 0.2531345062, 0.2468654938, 0.0, 0.0, 0.0, 0.0, 0.0, 0.0, 0.0, 0.0, 0.0, 0.0, 0.0, 0.0, 0.0, 0.0, 0.0, 0.0, 0.0, 0.0, 0.0, 0.0, 0.0, 0.0, 0.0, 0.0, 0.0, 0.0, 0.0, 0.0, 0.0], "num_sources": 2, "seg_angles": 64, "input": [-0.3845277135, -0.3068408575, -0.2801232867, -0.1049389387, 0.0850803235, 0.1670333651, 0.5212130294, 1.0797908932, 1.5000455568, 2.3709325179, -0.641528716, -0.5222353511, -0.4425982079, -0.2583650163, -0.1159774013, 0.1738967823, 0.5172717595, 1.0279441585, 1.8177521576, 2.4430379611, -0.8494574894, -0.7825043479, -0.5660920131, -0.5507364103, -0.2500547253, -0.0491100804, 0.3350990572, 0.8650778215, 1.7169750442, 2.2653127961, -1.0409358033, -0.8751430767, -0.8008058027, -0.6591218909, -0.3574542388, -0.1353711889, 0.2294487928, 0.8234780856, 1.5915078323, 2.0584558793, -1.16467915, -0.9955365671, -0.9154027487, -0.7474366467, -0.5225671244, -0.2708212249, 0.0653301561, 0.555557441, 1.2998622749, 1.9470329109, -1.1598237132, -1.0724355644, -0.9289118079, -0.7989327861, -0.6213133104, -0.329384146, 0.0043714482, 0.6092817384, 1.2957991784, 1.9088443215, -1.23033122, -1.117444408, -0.9842817584, -0.8805101482, -0.5933898525, -0.3748295736, -0.0730614619, 0.4275685768, 1.2139421782, 1.8543189757, -1.2651897876, -1.1573662189, -1.049294867, -0.9818215691, -0.7838922937, -0.4842578292, -0.1858778468, 0.4222333799, 1.1589528851, 1.8702915895, -1.2305017605, -1.2229143471, -1.1120440622, -0.9754462749, -0.8356503122, -0.5392028384, -0.170181428, 0.3364357833, 1.0653108815, 1.6827202934, -0.8750088145, -0.884099643, -0.7435506182, -0.7907013586, -0.6332669619, -0.5448685221, -0.192222211, 0.0681544215, 0.6377216566, 1.3992914289]}