{"source": [{"position": [91.29191120847813, 47.69472662573237], "counts": 500000.0}, {"position": [16.784152195784213, 10.876223382624687], "counts": 500000.0}], "output": [0.0, 0.0, 0.0, 0.0, 0.0, 0.0, 0.0, 0.0, 0.0, 0.0, 0.0, 0.0, 0.0, 0.0, 0.0, 0.0, 0.0, 0.0, 0.0, 0.0, 0.0, 0.0, 0.0, 0.0, 0.0, 0.0, 0.0, 0.0, 0.0, 0.0, 0.0, 0.0, 0.0, 0.0, 0.0, 0.0, 0.0480483445, 0.5236440577, 0.4283075978, 0.0, 0.0, 0.0, 0.0, 0.0, 0.0, 0.0, 0.0, 0.0, 0.0, 0.0, 0.0, 0.0, 0.0, 0.0, 0.0, 0.0, 0.0, 0.0, 0.0, 0.0, 0.0, 0.0, 0.0, 0.0], "num_sources": 2, "seg_angles": 64, "input": [-1.0767890671, -1.0620812207, -1.0110287068, -0.9615931672, -0.8610686868, -0.722759663, -0.5091890058, -0.2018104206, 0.3883521086, 1.1861395649, -1.0675340862, -1.0407846076, -0.9990768879, -0.9017522487, -0.7923968993, -0.6449459814, -0.419501937, 0.0376844329, 0.7154181636, 1.5336021227, -1.0505614519, -1.0071678438, -0.9638167194, -0.8727848364, -0.7582704531, -0.5597795464, -0.3155295948, 0.1046846084, 0.7749104706, 1.7176439002, -1.0496326832, -1.0014444885, -0.9253338196, -0.8416429549, -0.732079016, -0.53821934, -0.2616671511, 0.2078452403, 0.9640500952, 1.8616955521, -1.0281863713, -0.9636908667, -0.9306011857, -0.8175284032, -0.6725245023, -0.4779992206, -0.1648938415, 0.2878678593, 1.0954940505, 2.0081739314, -1.0032894385, -0.953787531, -0.8939110223, -0.8030042049, -0.6382763558, -0.4252437913, -0.0660951347, 0.404277129, 1.1590570756, 2.143758064, -0.933228622, -0.8764250152, -0.8033491145, -0.7239093857, -0.5925198735, -0.4074612475, -0.0317412722, 0.4915371154, 1.3119940467, 2.3259770354, -0.8120965057, -0.7086833833, -0.5923228553, -0.5676478875, -0.4199865953, -0.273757506, 0.0383286983, 0.5811137917, 1.4348996426, 2.4218036603, -0.5029278794, -0.3307075301, -0.2148743466, -0.1419427338, -0.0570673671, 0.1260759595, 0.2985278707, 0.6830111747, 1.4548395997, 2.4945526082, 0.3153047812, 0.6291238151, 0.6643404108, 0.8502513385, 0.9840582412, 1.167681645, 1.4015145311, 1.5599454977, 1.7986619623, 2.3557256805]}