{"source": [{"position": [-3.6518883072842496, 305.9782079034243], "counts": 500000.0}, {"position": [152.32505723095042, -460.4585507291484], "counts": 500000.0}], "output": [0.0, 0.0, 0.0, 0.0, 0.0, 0.0, 0.0, 0.0, 0.0, 0.0, 0.0, 0.0, 0.0, 0.0, 0.0, 0.0, 0.0, 0.0, 0.0, 0.3729051153, 0.1270948847, 0.0, 0.0, 0.0, 0.0, 0.0, 0.0, 0.0, 0.0, 0.0, 0.0, 0.0, 0.0, 0.0, 0.0, 0.0, 0.0, 0.0, 0.0, 0.0, 0.0, 0.0, 0.0, 0.0, 0.0, 0.0, 0.0, 0.0, 0.439217791, 0.060782209, 0.0, 0.0, 0.0, 0.0, 0.0, 0.0, 0.0, 0.0, 0.0, 0.0, 0.0, 0.0, 0.0, 0.0], "num_sources": 2, "seg_angles": 64, "input": [-0.1414652762, 0.4405279162, 0.1555133483, 0.2074538666, 0.64222173, 0.426637484, 0.4276100552, 1.1308607229, 0.515923585, 0.183655348, -0.7317217791, -0.284113045, -0.2749241054, -0.2750754955, -0.2930641937, -0.1187138948, 0.0512292581, 0.1828341677, -0.1561400747, -0.0350757579, -1.1470162493, -0.7823575747, -0.6350218815, -0.6875342948, -0.6967589128, -0.5821495294, -0.8038813004, -0.5948633869, -0.3731650488, -0.1673808206, -1.4963118071, -0.8737592504, -0.9208324027, -0.87272522, -1.1549011639, -0.7609823539, -0.6687786727, -0.8786971422, -1.057425964, -0.2810252223, -1.1942192898, -1.102972113, -0.677832219, -0.7115761968, -0.913855844, -0.9801604158, -1.1387341734, -0.8844269439, -0.8361726826, -0.2849150792, -1.2459451089, -0.9779239484, -0.782246206, -0.6935437561, -0.8005266223, -0.620465521, -0.7156869081, -0.96402711, -0.5287812854, -0.1127066027, -1.2624148106, -0.627267992, -0.6413132156, -0.5625422187, -0.1713805702, -0.3588224929, -0.3763368076, -0.6710815435, -0.2626217777, 0.4617371077, -1.0467686951, -0.19263973, 0.0807056692, 0.135340259, 0.2926020584, 0.1665547531, -0.0873205286, 0.3149378109, 0.5781493968, 1.2255954939, 0.3321639237, 1.4050025619, 1.4607282501, 1.1226108053, 1.1144431733, 0.9724770049, 1.1052696933, 0.8954447258, 1.3261714404, 1.2801850013, 1.6345938779, 1.8593000043, 2.1642914052, 1.7799170504, 1.6814270168, 2.0013170268, 2.6212379999, 2.6752673164, 2.3751539556, 2.7459979651]}