{"source": [{"position": [274.59908656433794, -351.4418040843053], "counts": 500000.0}, {"position": [363.7828787535556, -284.79118161518954], "counts": 500000.0}], "output": [0.0, 0.0, 0.0, 0.0, 0.0, 0.0, 0.0, 0.0, 0.0, 0.0, 0.0, 0.0, 0.0, 0.0, 0.0, 0.0, 0.0, 0.0, 0.0, 0.0, 0.0, 0.0, 0.1220183492, 0.3779816508, 0.0, 0.3827539935, 0.1172460065, 0.0, 0.0, 0.0, 0.0, 0.0, 0.0, 0.0, 0.0, 0.0, 0.0, 0.0, 0.0, 0.0, 0.0, 0.0, 0.0, 0.0, 0.0, 0.0, 0.0, 0.0, 0.0, 0.0, 0.0, 0.0, 0.0, 0.0, 0.0, 0.0, 0.0, 0.0, 0.0, 0.0, 0.0, 0.0, 0.0, 0.0], "num_sources": 2, "seg_angles": 64, "input": [1.3386795589, 1.4830321439, 1.7815314549, 1.4446984606, 1.6532934695, 1.7929708596, 1.7338281048, 1.5178300872, 1.4160371905, 1.6899742797, 0.4833115914, 0.4342745387, 0.6416894881, 0.4840682547, 0.624580696, 0.7709952659, 0.7003509484, 0.851772222, 1.1270937597, 1.8367168297, -0.3911511424, -0.1598543041, 0.0571698332, 0.1211117034, -0.1019147753, -0.0287596268, -0.0235274022, 0.1785115398, 0.9886722697, 1.6498153582, -0.7171874231, -0.4675834266, -0.522667914, -0.4843959044, -0.381646406, -0.4698705664, -0.2251820566, 0.0536616402, 0.6624220416, 1.6368844121, -0.9453711295, -0.8280500397, -0.7625862229, -0.7292101003, -0.7682725166, -0.6759046626, -0.2095368338, 0.0154860552, 0.7264943706, 1.7222458287, -1.0450461304, -0.9794939971, -0.8973493232, -0.9170290242, -0.8183429141, -0.810312744, -0.4869389011, -0.0546921416, 0.8608896458, 1.8526867161, -1.1741731743, -1.0345756686, -0.9837477309, -0.9932807824, -0.9418277218, -0.7878244268, -0.4910539593, -0.1431120362, 0.8255883397, 2.0250131976, -1.1873594284, -1.1100345277, -1.0609374217, -1.0368702661, -1.0411764076, -0.8472302429, -0.4455782089, 0.0100374093, 0.5648058168, 1.7911022505, -1.2529042072, -1.2016247218, -1.1311380017, -1.1380271122, -1.0405554691, -0.9139426701, -0.5871823645, -0.1437186813, 0.6455531508, 1.4833544828, -1.2684468228, -1.1777756303, -1.2354259161, -1.0987846854, -1.0320113591, -0.8583216088, -0.634220934, -0.2342302967, 0.2635050732, 1.1872297743]}