{"source": [{"position": [-50.475811072552986, -126.2861532257909], "counts": 500000.0}, {"position": [-387.3084968237224, 285.22469789299214], "counts": 500000.0}], "output": [0.0, 0.0, 0.0, 0.0, 0.0, 0.0, 0.0, 0.0, 0.0, 0.0, 0.0, 0.0, 0.4365592051, 0.0634407949, 0.0, 0.0, 0.0, 0.0, 0.0, 0.0, 0.0, 0.0, 0.0, 0.0, 0.0, 0.0, 0.0, 0.0, 0.0, 0.0, 0.0, 0.0, 0.0, 0.0, 0.0, 0.0, 0.0, 0.0, 0.0, 0.0, 0.0, 0.0, 0.0, 0.0, 0.0, 0.0, 0.0, 0.0, 0.0, 0.0, 0.0, 0.0, 0.0, 0.0, 0.0, 0.0, 0.0, 0.2327963922, 0.2672036078, 0.0, 0.0, 0.0, 0.0, 0.0], "num_sources": 2, "seg_angles": 64, "input": [2.283864699, 1.933197109, 1.8785505134, 1.9422087327, 1.6114732648, 1.6828059787, 1.7626787692, 1.6027119963, 1.4213821997, 1.3328532813, 1.7717369351, 1.3338249235, 1.3847634566, 1.4512708848, 1.0916381155, 0.9869345571, 0.9212748098, 0.8411488202, 0.7760838131, 0.4795025922, 1.4550760411, 0.8329148117, 0.5061806166, 0.1441023869, 0.3537057378, 0.3094211973, 0.1162841814, -0.0757464833, 0.0341815019, -0.22425535, 1.6236282441, 0.2708414149, 0.0834119098, -0.1919090831, -0.1628640617, -0.2347159336, -0.3151869685, -0.3448293896, -0.3474592103, -0.6336145527, 1.472882835, 0.1304375393, -0.2459733173, -0.4129080123, -0.4510428781, -0.4075430031, -0.6487735231, -0.8150812307, -0.7297705294, -1.0200019547, 1.5969559121, 0.1606300671, -0.5702158114, -0.5536822896, -0.7239813314, -0.9341327332, -0.8204079742, -0.8311484403, -0.9397177856, -1.1862326004, 1.4292202089, 0.0783270721, -0.6984625039, -0.8317092839, -0.9960336498, -1.0424380769, -0.9955047035, -1.0989431355, -1.1326617264, -1.2101053877, 1.3174192789, -0.0547353009, -0.7396749141, -0.9003338531, -1.0677139656, -1.0664199304, -1.1012700162, -1.022751574, -1.0357113458, -1.2440761393, 1.3992142676, -0.1640069016, -0.595306247, -0.8368293885, -0.8464036063, -1.0048976137, -0.8867880922, -0.9983941417, -0.9278613098, -1.1326506041, 1.2098652518, 0.0342886651, -0.4926350864, -0.6285391674, -0.6894941652, -0.7177520224, -0.6550116886, -0.6990678293, -0.7796058636, -0.9339109106]}