{"source": [{"position": [-37.39426216810521, -298.66815892709917], "counts": 500000.0}, {"position": [-105.95793723678408, 2.98588957025063], "counts": 500000.0}], "output": [0.3565186556, 0.0, 0.0, 0.0, 0.0, 0.0, 0.0, 0.0, 0.0, 0.0, 0.0, 0.0, 0.0, 0.0, 0.1343546175, 0.3656453825, 0.0, 0.0, 0.0, 0.0, 0.0, 0.0, 0.0, 0.0, 0.0, 0.0, 0.0, 0.0, 0.0, 0.0, 0.0, 0.0, 0.0, 0.0, 0.0, 0.0, 0.0, 0.0, 0.0, 0.0, 0.0, 0.0, 0.0, 0.0, 0.0, 0.0, 0.0, 0.0, 0.0, 0.0, 0.0, 0.0, 0.0, 0.0, 0.0, 0.0, 0.0, 0.0, 0.0, 0.0, 0.0, 0.0, 0.0, 0.1434813444], "num_sources": 2, "seg_angles": 64, "input": [2.2121486457, 1.6001434034, 1.1760539031, 0.7009213827, 0.2612134878, -0.0313244874, -0.0762414582, -0.2327499524, -0.2600565483, -0.4782929817, 2.369132871, 1.6687301936, 1.0887145295, 0.5501183548, 0.2024580815, -0.0295823632, -0.2815777853, -0.2885562003, -0.5503638154, -0.6479363308, 2.1597947797, 1.5352055298, 0.9067510753, 0.4033550063, 0.1016464436, -0.2235668782, -0.3864781724, -0.518133484, -0.6897289567, -0.8519190949, 2.2617926195, 1.3100570692, 0.7763342032, 0.3123912221, -0.1118968182, -0.2604296727, -0.5490939671, -0.6765590431, -0.7687159951, -0.9663830589, 1.941481475, 1.4403514964, 0.5617788374, 0.0750662073, -0.1720885014, -0.4801391143, -0.7084387681, -0.7989840877, -0.9371635976, -1.0602836669, 1.8824574092, 1.1429078886, 0.4979543381, 0.0582385816, -0.2450159752, -0.5753761322, -0.6657158643, -0.8678800082, -1.0179669742, -1.1542621712, 1.8719330107, 1.2052312575, 0.4999097555, -0.1178818854, -0.393367848, -0.6453099932, -0.8356653729, -1.0309879864, -1.0580759921, -1.2246582438, 1.8393428161, 1.1061576316, 0.389497996, -0.1733124965, -0.4852183374, -0.6953003299, -0.9310923161, -1.0156846125, -1.1592116372, -1.2209493671, 1.7951236667, 1.0718938676, 0.3220569925, -0.1842924587, -0.5539053196, -0.7971791061, -0.9114054773, -1.0853763155, -1.1702963393, -1.2354876963, 1.5734625305, 0.6140638682, 0.0075836672, -0.4441933073, -0.7410676444, -0.9941556814, -1.0239999477, -1.2495501636, -1.2709624421, -1.281965852]}