{"source": [{"position": [-101.96950910770761, 205.04443228806076], "counts": 500000.0}, {"position": [-35.043078622895294, -133.47652467992108], "counts": 500000.0}], "output": [0.0, 0.0, 0.0, 0.0, 0.0, 0.0, 0.0, 0.0, 0.0, 0.0, 0.0, 0.0, 0.0, 0.3076007948, 0.1923992052, 0.0, 0.0, 0.0, 0.0, 0.0, 0.0, 0.0, 0.0, 0.0, 0.0, 0.0, 0.0, 0.0, 0.0, 0.0, 0.0, 0.0, 0.0, 0.0, 0.0, 0.0, 0.0, 0.0, 0.0, 0.0, 0.0, 0.0, 0.0, 0.0, 0.0, 0.0, 0.0, 0.0, 0.0, 0.0, 0.0, 0.0, 0.1496566041, 0.3503433959, 0.0, 0.0, 0.0, 0.0, 0.0, 0.0, 0.0, 0.0, 0.0, 0.0], "num_sources": 2, "seg_angles": 64, "input": [2.4032071934, 2.2860416171, 1.8314073766, 1.8642782797, 1.5364169148, 1.7982337086, 1.5611917988, 1.640391122, 1.6237809683, 1.1471188524, 2.2593884159, 1.501959325, 1.0727948684, 1.1415535339, 0.8740514565, 0.881740496, 0.8023998833, 0.8667107472, 0.7665434469, 0.3441017064, 1.7948784568, 0.5817391447, 0.308737706, 0.0639395785, -0.0080016639, -0.0315273162, 0.141744095, 0.0622337428, 0.1067950261, -0.609850244, 1.4841990949, -0.0713654581, -0.2801697672, -0.4216706182, -0.4197439254, -0.4829104399, -0.5743645334, -0.5107638424, -0.6638638365, -0.90623834, 1.5796718853, -0.1427920313, -0.8586581788, -0.782592715, -0.8150079002, -0.8286953317, -0.8236736945, -0.9970635411, -1.0547358512, -1.3246489252, 1.2816435196, -0.4609514525, -1.0814246891, -1.0918650768, -1.1149489769, -0.9951653039, -1.2365428088, -1.1766794456, -0.9225839488, -1.3132069822, 1.2502144118, -0.5835986631, -0.9197532801, -1.0178203776, -1.1538665273, -0.8997422005, -1.0935817855, -1.0360114604, -0.8954158908, -1.4791016818, 1.0987828448, -0.4310326575, -0.6665925895, -0.7659859413, -0.8101235983, -0.8375056831, -0.779152955, -0.8507111616, -0.8021662333, -1.1472457859, 1.1374676403, -0.1178691564, -0.4045195848, -0.2157204793, -0.3932905155, -0.4349336793, -0.3252032887, -0.2710350509, -0.6268104502, -0.765546657, 1.3006909915, 0.5796336131, 0.2921764057, 0.0526791444, 0.1888932479, -0.0411065362, 0.2781316572, 0.1448615808, -0.0366170985, -0.1286576897]}