{"source": [{"position": [-104.07441501464507, -65.55544324737205], "counts": 500000.0}, {"position": [87.10219811711659, 49.124404150753534], "counts": 500000.0}], "output": [0.0, 0.0, 0.0, 0.0, 0.0, 0.1372071441, 0.3627928559, 0.0, 0.0, 0.0, 0.0, 0.0, 0.0, 0.0, 0.0, 0.0, 0.0, 0.0, 0.0, 0.0, 0.0, 0.0, 0.0, 0.0, 0.0, 0.0, 0.0, 0.0, 0.0, 0.0, 0.0, 0.0, 0.0, 0.0, 0.0, 0.0, 0.0, 0.3846771863, 0.1153228137, 0.0, 0.0, 0.0, 0.0, 0.0, 0.0, 0.0, 0.0, 0.0, 0.0, 0.0, 0.0, 0.0, 0.0, 0.0, 0.0, 0.0, 0.0, 0.0, 0.0, 0.0, 0.0, 0.0, 0.0, 0.0], "num_sources": 2, "seg_angles": 64, "input": [0.3156184634, 0.0114815024, -0.0438634216, 0.0979163376, 0.3060778477, 0.6530926352, 0.7362985479, 1.0476740542, 1.9864597433, 2.7116321549, 0.4583843722, -0.2674828806, -0.818324771, -0.779325158, -0.5354798407, -0.4229581784, -0.1460413829, 0.6165736325, 1.2908869105, 1.9735937505, 0.5870444495, -0.1687482904, -0.8701606636, -1.1960106842, -1.282581336, -0.9906202477, -0.7510052291, -0.2109538362, 0.8425692095, 1.9008063218, 0.5339226597, -0.1931252377, -0.800464724, -1.2659896347, -1.3990357913, -1.3798633849, -1.079421853, -0.3060205205, 0.3927562064, 1.3647632047, 0.6466265887, -0.2147294798, -0.9088231517, -1.2382879187, -1.4772301153, -1.4224683372, -1.0027303737, -0.5582174252, 0.4968052525, 1.3293645056, 0.6081355708, -0.0467448439, -0.8620984344, -1.2980909656, -1.5101863386, -1.4026802461, -1.0663882743, -0.4558721879, 0.2900752868, 0.9858684248, 0.5859715832, -0.2452286267, -0.7238682308, -1.2128212215, -1.3370158204, -1.3039307319, -1.0098615237, -0.4293635107, 0.3229114789, 1.3002885615, 0.7822019083, 0.086225815, -0.4399908694, -0.9702714221, -1.108565554, -1.2182922925, -0.9512358051, -0.2592500799, 0.6540530747, 1.2110162019, 1.5572817282, 0.7891812792, 0.3698153611, -0.1412671807, -0.4730573864, -0.6111156441, -0.7729932972, -0.6738957603, 0.086172098, 1.1141638482, 2.4533447801, 2.1177017107, 1.2325512013, 0.9426552484, 1.0066499228, 0.7386635864, 0.7093337428, 0.5926011225, 0.4243671788, 0.9924710511]}