{"source": [{"position": [186.94666134682626, 128.76313840255315], "counts": 500000.0}, {"position": [-302.5921966758094, -94.48260427670436], "counts": 500000.0}], "output": [0.0, 0.0, 0.0, 0.4586078216, 0.0413921784, 0.0, 0.0, 0.0, 0.0, 0.0, 0.0, 0.0, 0.0, 0.0, 0.0, 0.0, 0.0, 0.0, 0.0, 0.0, 0.0, 0.0, 0.0, 0.0, 0.0, 0.0, 0.0, 0.0, 0.0, 0.0, 0.0, 0.0, 0.0, 0.0, 0.0, 0.0, 0.0, 0.0, 0.4281883335, 0.0718116665, 0.0, 0.0, 0.0, 0.0, 0.0, 0.0, 0.0, 0.0, 0.0, 0.0, 0.0, 0.0, 0.0, 0.0, 0.0, 0.0, 0.0, 0.0, 0.0, 0.0, 0.0, 0.0, 0.0, 0.0], "num_sources": 2, "seg_angles": 64, "input": [-0.2876913846, -0.60078251, -0.4717011996, -0.9062316315, -0.5090190178, -0.2099731465, 0.0167723605, 0.4332847785, 1.0797186373, 2.2562751437, 0.4844024572, -0.5347063782, -0.8542829474, -1.1987190964, -1.360691665, -1.2229068429, -0.7600339833, -0.2802744557, 0.4835730039, 1.5963942896, 0.3783750812, -0.5075297246, -0.5697238896, -1.1593207104, -1.5563770729, -1.2734449213, -1.1641296725, -0.3927504668, 0.292986128, 1.5281853125, 0.3404324949, -0.2993319583, -0.9220823451, -1.1438277812, -1.3589809696, -1.2846285642, -1.1212337676, -0.1543986284, 0.2867711774, 1.5406222592, 0.572775455, -0.1355340013, -0.2730788708, -1.0631245225, -1.1603933912, -1.4360074875, -0.9890770539, -0.4353837139, 0.0793491572, 1.5307349015, 0.2586684729, 0.009030361, -0.6404000484, -1.1129952513, -1.1479448454, -1.2105961026, -0.9927052524, -0.3528417874, 0.4488412599, 1.6298797325, 0.7898428179, 0.1154428854, -0.7072462217, -0.7484331528, -0.9895221887, -1.0581894819, -0.7014672238, -0.3588492004, 0.4316783411, 1.4978760424, 1.009895566, 0.4152558632, 0.3075954172, -0.4659748588, -0.7132618315, -0.9033692886, -0.9850146514, -0.6111714893, 0.3231932897, 1.0660312619, 1.926243139, 1.4667805129, 0.9227645175, 0.7918329693, 0.0583250994, -0.1413600291, -0.21090708, -0.176835433, 0.2152031228, 1.0733350974, 2.7107667418, 2.3767113357, 2.0876566877, 1.1076100331, 1.2418471124, 1.2714887379, 0.9025934756, 0.4448823433, 0.9665275773, 1.0580067389]}