{"source": [{"position": [166.24013849300536, -30.417369278528902], "counts": 500000.0}, {"position": [-34.33937455751515, -442.6700886156627], "counts": 500000.0}], "output": [0.0, 0.0, 0.0, 0.0, 0.0, 0.0, 0.0, 0.0, 0.0, 0.0, 0.0, 0.0, 0.0, 0.0, 0.0, 0.3942878891, 0.1057121109, 0.0, 0.0, 0.0, 0.0, 0.0, 0.0, 0.0, 0.0, 0.0, 0.0, 0.0, 0.0, 0.0, 0.4216758319, 0.0783241681, 0.0, 0.0, 0.0, 0.0, 0.0, 0.0, 0.0, 0.0, 0.0, 0.0, 0.0, 0.0, 0.0, 0.0, 0.0, 0.0, 0.0, 0.0, 0.0, 0.0, 0.0, 0.0, 0.0, 0.0, 0.0, 0.0, 0.0, 0.0, 0.0, 0.0, 0.0, 0.0], "num_sources": 2, "seg_angles": 64, "input": [0.5150433455, 0.7779709219, 0.8239878638, 0.563857144, 0.7627696647, 1.155263834, 1.0195289684, 1.3247918587, 1.4842142251, 2.0512103889, -0.5252393784, -0.3069897442, -0.3299430953, -0.1368536161, -0.0071722016, 0.0735717549, 0.6942142452, 1.0154356531, 1.5919277052, 2.410865134, -0.7078436911, -0.6438167052, -0.3149703412, -0.360054826, -0.3233836288, 0.1821333367, 0.477982651, 0.9060258435, 1.5584965877, 2.27366659, -0.9905742856, -0.9295628707, -0.663938546, -0.6032076007, -0.2214561688, 0.0070545611, 0.2265974626, 0.7655313258, 1.3824120328, 2.0783727727, -1.0972937658, -0.9953978531, -0.9373666085, -0.6651195738, -0.6215393661, -0.4698450178, 0.1407382897, 0.7322846449, 1.2096506086, 1.7649330605, -0.9611949913, -0.9650086114, -1.0377946603, -0.9037513623, -0.6704292355, -0.3630495816, 0.081472206, 0.4951407854, 0.9147349048, 1.61135846, -1.1856769049, -1.1775453689, -1.140981601, -0.9162949706, -0.7903193017, -0.4299854113, -0.16570723, 0.3406350151, 1.0714031308, 1.72518613, -1.1945889701, -1.2730578395, -1.167421652, -1.0424439472, -0.7899734474, -0.5601739892, -0.3135227602, 0.1725374671, 1.0225384424, 1.5273221577, -1.237286393, -1.2711680431, -1.1554445557, -1.0398198484, -0.9758779982, -0.7162207636, -0.2484833975, 0.2213954683, 0.7753679964, 1.6334748245, -1.2518906972, -1.3077018871, -1.3339619184, -1.1834217677, -0.9499786476, -0.8138841168, -0.5374183445, -0.0400833949, 0.3643948682, 1.0356381631]}