{"source": [{"position": [-89.99567937721335, -177.48740150623033], "counts": 500000.0}, {"position": [203.8385762878939, -36.03935095037745], "counts": 500000.0}], "output": [0.0, 0.0, 0.0, 0.0, 0.0, 0.0, 0.0, 0.0, 0.0, 0.0, 0.0, 0.3899968956, 0.1100031044, 0.0, 0.0, 0.0, 0.0, 0.0, 0.0, 0.0, 0.0, 0.0, 0.0, 0.0, 0.0, 0.0, 0.0, 0.0, 0.0, 0.0, 0.3912418583, 0.1087581417, 0.0, 0.0, 0.0, 0.0, 0.0, 0.0, 0.0, 0.0, 0.0, 0.0, 0.0, 0.0, 0.0, 0.0, 0.0, 0.0, 0.0, 0.0, 0.0, 0.0, 0.0, 0.0, 0.0, 0.0, 0.0, 0.0, 0.0, 0.0, 0.0, 0.0, 0.0, 0.0], "num_sources": 2, "seg_angles": 64, "input": [0.9184778638, 1.3755679868, 1.433945949, 1.5803280683, 1.4239992005, 1.7944753691, 1.8155340971, 1.94531928, 2.5936949908, 2.7422662362, 0.198708549, 0.0954582769, 0.4422963884, 0.3751377772, 0.5740308595, 0.8147709289, 1.1798125903, 1.2187268225, 1.7349465725, 2.2899951594, 0.1437403956, -0.2973353632, -0.1880192941, -0.236858792, -0.1520754365, 0.0722630904, 0.6049049888, 0.8244378773, 1.3689757903, 1.5648310882, 0.260614654, -0.6051722912, -0.57624118, -0.6357671385, -0.4598720682, -0.2220878163, 0.1248321743, 0.39854479, 1.0198527792, 1.3748735066, 0.1224219692, -0.6363510153, -0.9558229209, -0.8730631919, -0.6609099324, -0.6243851057, -0.2234150571, 0.1211530348, 0.5692618148, 1.1621651499, 0.051894228, -0.7497737128, -1.1113069977, -1.1164598548, -0.8343636035, -0.7487370768, -0.5196902738, 0.0232077423, 0.4247406114, 0.9497054032, -0.0729806473, -0.8048058253, -1.1306607894, -1.1854682102, -1.1280473579, -0.8521662722, -0.8032143016, -0.1129975441, 0.5231577187, 0.8201621075, 0.000174973, -0.9166954876, -1.2017363704, -1.3279677089, -1.2004720872, -0.947699067, -0.7503415759, -0.2717420036, 0.2752536279, 0.6030701449, -0.0587123178, -0.8781953068, -1.2660603771, -1.312126609, -1.296347043, -1.1552844289, -0.8176444797, -0.4237511356, 0.2218685196, 0.5693279256, -0.2285068345, -0.9771095026, -1.3707895901, -1.4132163729, -1.441586058, -1.2588181196, -1.0563206585, -0.6403484954, -0.4327496912, 0.4193413203]}