{"source": [{"position": [-240.9368068693766, 58.76610498908991], "counts": 500000.0}, {"position": [123.6436560611994, 49.00251336227385], "counts": 500000.0}], "output": [0.0, 0.0, 0.0, 0.0, 0.0, 0.0, 0.0, 0.0, 0.0, 0.0, 0.0, 0.0, 0.0, 0.0, 0.0, 0.0, 0.0, 0.0, 0.0, 0.0, 0.0, 0.0, 0.0, 0.0, 0.0, 0.0, 0.0, 0.0, 0.0, 0.0, 0.0, 0.0, 0.0, 0.0, 0.0, 0.0782722582, 0.4217277418, 0.0, 0.0, 0.0, 0.0, 0.0, 0.0, 0.0, 0.0, 0.0, 0.0, 0.0, 0.0, 0.0, 0.0, 0.0, 0.0, 0.0, 0.0, 0.0, 0.0, 0.0, 0.0, 0.0, 0.0, 0.2184170863, 0.2815829137, 0.0], "num_sources": 2, "seg_angles": 64, "input": [-0.5478447705, -0.7538610248, -1.1082246676, -1.3247249495, -1.4382742514, -1.2815082607, -1.0444996734, -0.5317737951, 0.3028036756, 1.052336067, -0.0038727966, -0.5258623376, -0.8215303553, -1.1768753437, -1.1613373821, -1.1240248346, -0.6364524285, -0.0897089263, 0.9766920139, 1.6536658098, -0.0619518969, -0.5595470753, -0.9145319195, -1.1918583526, -1.0826166591, -0.9287688736, -0.5401186195, -0.0458457625, 0.6041482114, 1.7514406597, 0.0051515187, -0.4544861268, -0.9247415452, -1.0475334214, -0.8542870403, -0.9480456321, -0.5253064132, -0.1429270026, 0.9452917379, 1.6387950333, -0.1116292295, -0.5020085836, -0.7273715149, -0.8759331994, -0.9537401029, -0.8217911319, -0.3379465287, -0.015720238, 1.1596059957, 1.7017082518, 0.0544444563, -0.4199244921, -0.4901745887, -0.8034601732, -1.0866808794, -0.7885120851, -0.4313140867, -0.0028865655, 0.8738066162, 1.8145421136, -0.0603781791, -0.024206457, -0.5848709422, -0.9808435206, -0.9973284575, -0.6737817959, -0.4010975381, 0.2173895808, 0.8429764425, 1.9026607354, 0.1241461231, -0.3126534211, -0.5199168459, -0.7594467413, -0.8319379166, -0.8610994533, -0.6252749275, 0.0039184234, 0.8177306126, 2.0368513653, 0.710604248, 0.3947407504, -0.1337268782, -0.3748853572, -0.3510604864, -0.4878945939, -0.3149774431, 0.1682040103, 0.9781076088, 2.2291281842, 1.539920111, 1.8766343301, 1.4759909159, 1.4499764862, 1.3191580289, 1.9275757476, 1.2631009409, 1.6566847035, 1.7162363524, 2.2712486302]}