{"source": [{"position": [-249.67449731159365, -12.753250260345926], "counts": 500000.0}, {"position": [-41.11124953591712, -444.1011879758886], "counts": 500000.0}], "output": [0.2400801032, 0.2599198968, 0.0, 0.0, 0.0, 0.0, 0.0, 0.0, 0.0, 0.0, 0.0, 0.0, 0.0, 0.0, 0.0, 0.4701244808, 0.0298755192, 0.0, 0.0, 0.0, 0.0, 0.0, 0.0, 0.0, 0.0, 0.0, 0.0, 0.0, 0.0, 0.0, 0.0, 0.0, 0.0, 0.0, 0.0, 0.0, 0.0, 0.0, 0.0, 0.0, 0.0, 0.0, 0.0, 0.0, 0.0, 0.0, 0.0, 0.0, 0.0, 0.0, 0.0, 0.0, 0.0, 0.0, 0.0, 0.0, 0.0, 0.0, 0.0, 0.0, 0.0, 0.0, 0.0, 0.0], "num_sources": 2, "seg_angles": 64, "input": [2.3299244421, 1.6390585032, 1.2689518798, 1.050249884, 0.7186087092, 0.5358795713, 0.4174829525, 0.4209003365, 0.3869355541, 0.1439274644, 2.1945135701, 2.139128708, 1.2923740096, 0.7277327064, 0.4508160944, 0.2721304271, 0.1317840864, -0.1818335758, -0.1508204056, -0.3511160446, 2.1766123546, 1.4047376188, 1.1412802283, 0.5171717695, 0.2113410748, -0.0802569123, -0.1281760308, -0.4904210053, -0.5492116731, -0.8585797143, 2.0012971202, 1.3054358135, 0.7289738745, 0.2097905846, 0.0392284654, -0.2653047568, -0.4959175483, -0.6767189622, -0.69434955, -0.9140889918, 2.0355690011, 1.1197338348, 0.3523896014, 0.1466314654, -0.2006413694, -0.4416729621, -0.761641728, -0.8061803942, -0.9050867003, -1.0780718563, 1.8048923239, 0.8952460841, 0.5412524918, -0.2477866601, -0.3261110401, -0.5662970963, -0.7078909608, -0.9580118967, -0.9943365158, -1.150428669, 1.6809856217, 0.8138674525, 0.479351255, -0.1055798715, -0.601894653, -0.7080938875, -0.9300331007, -1.0137817722, -1.1678973098, -1.3327919605, 1.5515177822, 0.8174881987, 0.2014718831, -0.2858775355, -0.6437148575, -0.8424255275, -1.0444686014, -1.0685131527, -1.2510671434, -1.3439436949, 1.3304635878, 0.6859908137, 0.1709382243, -0.3726466401, -0.6390687251, -0.9297183853, -0.9935855817, -1.1865578244, -1.3210897795, -1.3834383879, 0.9029482834, 0.6079551855, 0.1021036998, -0.4819600321, -0.9128747221, -1.1210913636, -1.2856103003, -1.2846891666, -1.3839194579, -1.4797781385]}