{"source": [{"position": [107.97577536119725, 2.28734237670595], "counts": 500000.0}, {"position": [-77.29970398650006, 249.29050476020842], "counts": 500000.0}], "output": [0.0, 0.0, 0.0, 0.0, 0.0, 0.0, 0.0, 0.0, 0.0, 0.0, 0.0, 0.0, 0.0, 0.0, 0.0, 0.0, 0.0, 0.0, 0.0, 0.0, 0.0, 0.0, 0.0, 0.0, 0.0, 0.0, 0.0, 0.0, 0.0, 0.0, 0.0, 0.0, 0.3921276839, 0.1078723161, 0.0, 0.0, 0.0, 0.0, 0.0, 0.0, 0.0, 0.0, 0.0, 0.0, 0.0, 0.0, 0.0, 0.0, 0.0, 0.0, 0.0, 0.4686616994, 0.0313383006, 0.0, 0.0, 0.0, 0.0, 0.0, 0.0, 0.0, 0.0, 0.0, 0.0, 0.0], "num_sources": 2, "seg_angles": 64, "input": [-0.9068480145, -1.29128709, -1.2813882305, -1.301174558, -1.1120609401, -0.9116196006, -0.505799376, -0.2214569835, 0.4902847969, 1.1945793901, -0.7928752978, -1.1693031292, -1.3039235998, -1.1039836871, -0.8380349939, -0.6625673294, -0.2839431205, 0.262068967, 1.0696152451, 1.6813387148, -0.780108991, -1.1021945292, -1.0363593739, -1.0030757516, -0.8218849266, -0.5759078001, -0.2845823412, 0.1341839004, 0.8905168327, 1.5934908423, -0.777659845, -1.0352129764, -1.0780850139, -0.952303612, -0.7761764973, -0.5029221809, -0.0523772818, 0.2576981367, 1.1672248099, 1.6541179721, -0.7013016269, -1.0361178452, -1.0488663693, -0.8545230574, -0.7512307323, -0.458470951, -0.019481599, 0.599231356, 1.2362227219, 1.9518288576, -0.7024246742, -1.0481996794, -0.9299693379, -0.7871462849, -0.6174688114, -0.2585005666, 0.0152226157, 0.6237861322, 1.2455391046, 2.0857199472, -0.7807677538, -0.8343998738, -0.7946532291, -0.5903012928, -0.4500062479, -0.0280885673, 0.1626844235, 0.642754515, 1.4903354915, 2.1084682334, -0.6309031933, -0.6437792578, -0.6431558032, -0.3539474463, -0.1863133041, 0.0664010468, 0.3834702417, 0.8937663437, 1.7041409088, 2.279031124, -0.4829655689, -0.304944674, -0.2612440246, -0.1180375519, 0.0560601114, 0.3470071692, 0.6516585941, 1.2393315891, 1.7084365391, 2.5293311082, -0.3028256081, -0.1044112527, -0.0436081221, -0.0052891802, 0.3600354244, 0.4002684058, 0.7083409298, 1.1141276269, 1.8043340432, 2.4358063466]}