{"source": [{"position": [210.19902139627965, 80.25815475106789], "counts": 500000.0}, {"position": [96.02229665527493, 34.40521101586757], "counts": 500000.0}], "output": [0.0, 0.0, 0.0, 0.0, 0.0, 0.0, 0.0, 0.0, 0.0, 0.0, 0.0, 0.0, 0.0, 0.0, 0.0, 0.0, 0.0, 0.0, 0.0, 0.0, 0.0, 0.0, 0.0, 0.0, 0.0, 0.0, 0.0, 0.0, 0.0, 0.0, 0.0, 0.0, 0.0, 0.0, 0.0, 0.390162388, 0.609837612, 0.0, 0.0, 0.0, 0.0, 0.0, 0.0, 0.0, 0.0, 0.0, 0.0, 0.0, 0.0, 0.0, 0.0, 0.0, 0.0, 0.0, 0.0, 0.0, 0.0, 0.0, 0.0, 0.0, 0.0, 0.0, 0.0, 0.0], "num_sources": 2, "seg_angles": 64, "input": [-1.1643402804, -1.1222871295, -1.0232848272, -0.9554940642, -0.7818728864, -0.5894004343, -0.3360758458, 0.1829150712, 0.8865268854, 1.4711792599, -1.1170239274, -1.0496759053, -1.0222417902, -0.8786372187, -0.6672793417, -0.4906730859, -0.0946075494, 0.4612795578, 1.2012335573, 2.0153160196, -1.147115761, -1.0644114462, -0.9682350649, -0.8426704627, -0.6682959556, -0.3926602693, -0.038224394, 0.4401466411, 1.2700068013, 2.1281633886, -1.111586115, -1.0566187565, -0.9333372808, -0.8215385241, -0.6281544427, -0.39442595, 0.0176892928, 0.5060713025, 1.3158867919, 2.1054007736, -1.1048774977, -1.0496529883, -0.9611509757, -0.8244363015, -0.6368935049, -0.3938483388, 0.0017665162, 0.5643276672, 1.3407351532, 2.2809644103, -1.1199154862, -1.0565700275, -0.8981210661, -0.8115393285, -0.6219371405, -0.3693183049, -0.0019071017, 0.5334019325, 1.3373432205, 2.1297510661, -1.0901083574, -1.0170281997, -0.9121948818, -0.7871037898, -0.5795225083, -0.3013862463, -0.0288961926, 0.5067268006, 1.2851274416, 2.1365034343, -0.9268075099, -0.8743621488, -0.8345411125, -0.7690262467, -0.5942568145, -0.3199294491, 0.0243144195, 0.6122690855, 1.1660623716, 2.096922482, -0.6126719738, -0.4346850585, -0.4245504568, -0.4162430958, -0.3057303418, -0.1855793392, 0.0555152686, 0.518183322, 1.1477740627, 2.123505633, 0.4206299151, 0.6224884143, 0.7912282281, 0.7688341173, 0.7504189735, 0.7547390489, 0.8357090211, 0.8528547552, 1.1996850525, 1.7653633391]}