{"source": [{"position": [171.3099196246187, 375.7950391346414], "counts": 500000.0}, {"position": [286.3641649911448, 186.97477104926327], "counts": 500000.0}], "output": [0.0, 0.0, 0.0, 0.0, 0.0, 0.0, 0.0, 0.0, 0.0, 0.0, 0.0, 0.0, 0.0, 0.0, 0.0, 0.0, 0.0, 0.0, 0.0, 0.0, 0.0, 0.0, 0.0, 0.0, 0.0, 0.0, 0.0, 0.0, 0.0, 0.0, 0.0, 0.0, 0.0, 0.0, 0.0, 0.0, 0.0, 0.0540811658, 0.4459188342, 0.0, 0.0, 0.0, 0.0, 0.1783416881, 0.3216583119, 0.0, 0.0, 0.0, 0.0, 0.0, 0.0, 0.0, 0.0, 0.0, 0.0, 0.0, 0.0, 0.0, 0.0, 0.0, 0.0, 0.0, 0.0, 0.0], "num_sources": 2, "seg_angles": 64, "input": [-1.2696715437, -1.2739776469, -1.2619996203, -1.1549904845, -1.1000810485, -0.9750747249, -0.741274068, -0.447056634, 0.3126929134, 1.1864962506, -1.2423911652, -1.1838423314, -1.1552435249, -1.1161516325, -1.0795897581, -0.9117325085, -0.6519869626, -0.3319157615, 0.5040617143, 1.5717120733, -1.1876636473, -1.1381704062, -1.0903821292, -1.1156141134, -0.8407133424, -0.8204910171, -0.6884146514, -0.3246968718, 0.3453943796, 1.5653144042, -1.1650337222, -1.0795672918, -1.0045195692, -0.9538848558, -0.8112131302, -0.6025259476, -0.6220655326, -0.0746399315, 0.4721535586, 1.4675472228, -1.0607418436, -0.9648834945, -0.8548798857, -0.7492812106, -0.7990270175, -0.5800043083, -0.3189183145, -0.0342381369, 0.6699814071, 1.498638337, -0.9499865747, -0.7871658213, -0.8970783267, -0.7389810769, -0.5605809633, -0.5494508603, -0.2471827305, -0.0515926991, 0.4119027457, 1.7325689877, -0.7156103218, -0.608696403, -0.5684095163, -0.5378780197, -0.2445467455, -0.3356912133, -0.1893458816, 0.1210497267, 0.7282840216, 1.69509625, -0.1216863764, -0.1193124359, -0.1215688637, 0.0342236793, 0.0434164145, -0.1341150268, 0.1385332716, 0.5963671005, 0.8961572013, 1.6284652289, 0.4023360529, 0.7189092098, 0.7861985616, 0.7372149359, 0.7190784003, 0.7554107306, 0.9405857283, 0.7101429936, 1.0356781497, 1.6926966148, 1.3493586766, 1.7770146869, 1.5896314595, 1.7435459854, 1.9318248706, 1.70751489, 1.894271015, 1.6419944647, 1.6910663005, 1.8128990278]}