{"source": [{"position": [27.251002447266703, -14.777782838405214], "counts": 500000.0}, {"position": [-26.24088689255076, -103.73242431897734], "counts": 500000.0}], "output": [0.0, 0.0, 0.0, 0.0, 0.0, 0.0, 0.0, 0.0, 0.0, 0.0, 0.0, 0.0, 0.0, 0.261878373, 0.238121627, 0.0, 0.0, 0.0, 0.0, 0.0, 0.0, 0.0, 0.0, 0.0, 0.0, 0.0, 0.0306905647, 0.4693094353, 0.0, 0.0, 0.0, 0.0, 0.0, 0.0, 0.0, 0.0, 0.0, 0.0, 0.0, 0.0, 0.0, 0.0, 0.0, 0.0, 0.0, 0.0, 0.0, 0.0, 0.0, 0.0, 0.0, 0.0, 0.0, 0.0, 0.0, 0.0, 0.0, 0.0, 0.0, 0.0, 0.0, 0.0, 0.0, 0.0], "num_sources": 2, "seg_angles": 64, "input": [0.6907733547, 1.0231464515, 1.1935111763, 1.3758967126, 1.3658822034, 1.4518819934, 1.5465193998, 1.6649008446, 1.9252189732, 2.3598991005, -0.2522301159, -0.0064547214, 0.051408435, 0.2150022715, 0.2136621971, 0.4067954819, 0.5135480537, 0.9276208055, 1.5729547334, 2.3625926512, -0.6205373033, -0.5880260071, -0.5042753366, -0.3817103747, -0.3033344885, -0.1133402286, 0.1714459685, 0.6610343558, 1.3133653435, 2.1509575082, -0.7293342358, -0.8292112911, -0.7890726644, -0.65554743, -0.5696879193, -0.351848517, 0.0298721831, 0.5220926964, 1.2177854981, 1.9334904741, -0.8288202634, -0.9412148751, -0.9276676087, -0.8449371308, -0.6931940332, -0.4753234426, -0.1564633659, 0.404956051, 1.0363183188, 1.8245198852, -0.8972070427, -1.0221666398, -1.0259275508, -0.8930052887, -0.7656552502, -0.5892811894, -0.2209562737, 0.2045092087, 0.9116014509, 1.6726271288, -0.9190894224, -1.0804129957, -1.0473931615, -0.9423814207, -0.837944137, -0.6668548091, -0.3431195368, 0.1313364717, 0.8130178316, 1.6209596536, -0.9310428592, -1.1149627719, -1.1045864636, -1.0032425209, -0.9111685898, -0.686522933, -0.3502057679, -0.0018476481, 0.6601846926, 1.5174450097, -0.9166484306, -1.1490629246, -1.103913442, -1.06680641, -0.9554594725, -0.7812321243, -0.5179195172, -0.0818220145, 0.5768307877, 1.3592007441, -0.9848972183, -1.1877203552, -1.186015514, -1.1457170683, -1.0257482386, -0.8882452598, -0.6940671316, -0.2740087343, 0.2576848726, 1.0240385083]}