{"source": [{"position": [31.803680167103412, -201.50564738445567], "counts": 500000.0}, {"position": [26.372412970992823, -98.53169964071164], "counts": 500000.0}], "output": [0.0, 0.0, 0.0, 0.0, 0.0, 0.0, 0.0, 0.0, 0.0, 0.0, 0.0, 0.0, 0.0, 0.0, 0.0, 0.0, 0.0, 0.2027537941, 0.4653152147, 0.3319309911, 0.0, 0.0, 0.0, 0.0, 0.0, 0.0, 0.0, 0.0, 0.0, 0.0, 0.0, 0.0, 0.0, 0.0, 0.0, 0.0, 0.0, 0.0, 0.0, 0.0, 0.0, 0.0, 0.0, 0.0, 0.0, 0.0, 0.0, 0.0, 0.0, 0.0, 0.0, 0.0, 0.0, 0.0, 0.0, 0.0, 0.0, 0.0, 0.0, 0.0, 0.0, 0.0, 0.0, 0.0], "num_sources": 2, "seg_angles": 64, "input": [1.7580106757, 2.071188367, 2.0695391962, 2.2151646164, 2.2413650069, 2.1030909981, 2.240072029, 2.1292028212, 2.1047355829, 1.6911017536, 1.0773728984, 1.3905268222, 1.2667952562, 1.3256846969, 1.4086285759, 1.5579830993, 1.3791898122, 1.4482517245, 1.3859876045, 1.0690164795, 0.3048199502, 0.5483887537, 0.5745655551, 0.6107485518, 0.6378388123, 0.6504633172, 0.5879887481, 0.6195353487, 0.5220327309, 0.7277999218, -0.1898397506, 0.0412177906, 0.0863110524, 0.0914920852, 0.1546931772, 0.1188772696, 0.1417626942, 0.092658967, 0.0178703832, 0.5094609498, -0.5007907815, -0.3863874094, -0.352449092, -0.3424525228, -0.2517968466, -0.2420385115, -0.3157591963, -0.3094496745, -0.3030954563, 0.309569228, -0.7778352346, -0.6787872685, -0.5940167906, -0.5802637808, -0.6018713836, -0.626565857, -0.4975644891, -0.5138502459, -0.5679364093, 0.1988732061, -0.8716983314, -0.8299159205, -0.8019988877, -0.7595919656, -0.7302419662, -0.7801211395, -0.7522284492, -0.7486988511, -0.5867708013, 0.1354749252, -0.9640905926, -0.9497251981, -0.8949933461, -0.9046503595, -0.9188294913, -0.9180627568, -0.8850581269, -0.8386925572, -0.7490400645, 0.0866261688, -1.0331464027, -1.0464056351, -0.981658986, -1.0031116217, -0.9984131001, -1.0009970019, -0.9512877824, -0.9359177196, -0.7871911851, -0.0026850108, -1.1158972798, -1.097096848, -1.0710525216, -1.093083, -1.0771151822, -1.0506375976, -1.022741539, -1.0029974289, -0.8391255553, -0.0742566997]}