{"source": [{"position": [110.30828918794565, 100.16527011109469], "counts": 500000.0}, {"position": [52.30789384821965, 31.382865407151463], "counts": 500000.0}], "output": [0.0, 0.0, 0.0, 0.0, 0.0, 0.0, 0.0, 0.0, 0.0, 0.0, 0.0, 0.0, 0.0, 0.0, 0.0, 0.0, 0.0, 0.0, 0.0, 0.0, 0.0, 0.0, 0.0, 0.0, 0.0, 0.0, 0.0, 0.0, 0.0, 0.0, 0.0, 0.0, 0.0, 0.0, 0.0, 0.0, 0.0, 0.2478000296, 0.2521999704, 0.2452471341, 0.2547528659, 0.0, 0.0, 0.0, 0.0, 0.0, 0.0, 0.0, 0.0, 0.0, 0.0, 0.0, 0.0, 0.0, 0.0, 0.0, 0.0, 0.0, 0.0, 0.0, 0.0, 0.0, 0.0, 0.0], "num_sources": 2, "seg_angles": 64, "input": [-1.2124572488, -1.1894900289, -1.1270842673, -1.072317246, -0.9756347046, -0.7781400745, -0.4667668693, -0.1534513419, 0.5213520708, 1.4108870349, -1.202159253, -1.151274015, -1.0790457701, -0.9879475253, -0.8653311229, -0.6373649015, -0.318338588, 0.1449792183, 0.8225967935, 1.6883058028, -1.1921394551, -1.1331910621, -1.0904180401, -1.0002690209, -0.82970113, -0.6263727154, -0.2715464697, 0.2178067183, 0.9161864792, 1.7775881112, -1.1555569304, -1.0959631749, -1.0388153918, -0.9530385896, -0.7896445569, -0.5542680804, -0.2530340857, 0.2774524232, 0.9808678148, 1.8454051585, -1.1290604874, -1.0497997657, -0.9965294092, -0.9145760263, -0.8070262035, -0.5361633725, -0.2508389031, 0.2289871681, 1.035396835, 1.8780247305, -1.05230626, -1.0214706835, -0.8815047107, -0.8269565527, -0.7409943704, -0.5304002213, -0.182801078, 0.2744256359, 1.1465937884, 1.9244139661, -0.8747184867, -0.7848992355, -0.8426880052, -0.7118598209, -0.6266955248, -0.4367523064, -0.193794278, 0.289318564, 1.0911728191, 2.1203309893, -0.6721255585, -0.4334725106, -0.3969108447, -0.3906858949, -0.3781275089, -0.304102008, -0.0520284756, 0.3630495823, 1.1611562781, 1.8979240363, -0.1516384133, 0.1560066015, 0.2174282689, 0.1801640563, 0.2713326469, 0.3095932574, 0.4183229246, 0.6740507878, 1.1544158769, 1.9270190666, 0.9968103338, 1.137379019, 1.312302772, 1.3961015485, 1.3092014684, 1.4382453034, 1.5278743777, 1.6485758005, 1.5462365767, 1.7364058709]}