{"source": [{"position": [130.56749764225165, -10.63619102125406], "counts": 500000.0}, {"position": [-250.2489833223414, -347.2167138058514], "counts": 500000.0}], "output": [0.0, 0.0, 0.0, 0.0, 0.0, 0.0, 0.0, 0.0, 0.0, 0.1805659932, 0.3194340068, 0.0, 0.0, 0.0, 0.0, 0.0, 0.0, 0.0, 0.0, 0.0, 0.0, 0.0, 0.0, 0.0, 0.0, 0.0, 0.0, 0.0, 0.0, 0.0, 0.0, 0.4139646521, 0.0860353479, 0.0, 0.0, 0.0, 0.0, 0.0, 0.0, 0.0, 0.0, 0.0, 0.0, 0.0, 0.0, 0.0, 0.0, 0.0, 0.0, 0.0, 0.0, 0.0, 0.0, 0.0, 0.0, 0.0, 0.0, 0.0, 0.0, 0.0, 0.0, 0.0, 0.0, 0.0], "num_sources": 2, "seg_angles": 64, "input": [-0.3558867917, -0.1912056058, -0.2171688696, 0.0596343069, 0.1617551685, 0.3127932141, 0.592573608, 1.1293654626, 1.7616603299, 2.3303257108, -0.5969773516, -0.6401458651, -0.52677805, -0.3662347369, -0.1171523868, 0.1946450654, 0.2653893727, 0.8944733576, 1.7039356847, 2.6358394334, -0.5857231477, -0.6807613215, -0.8784468003, -0.5232146969, -0.509094702, 0.0745167512, 0.2251363837, 0.6598094842, 1.5808006548, 2.3999190774, -0.5774037161, -0.7964386317, -0.9483707784, -0.8416610904, -0.5558677837, -0.348517104, 0.1398465503, 0.6820028785, 1.4409935497, 2.1563951557, -0.5790901111, -0.923272085, -1.0242054442, -0.8807363074, -0.651976717, -0.3566024597, -0.0105496986, 0.4058845785, 1.3991674571, 2.1258689207, -0.5595398504, -0.9161631792, -0.9442154161, -0.95008779, -0.7369914441, -0.4800904548, -0.0285676273, 0.4840500712, 1.1607627552, 2.0927953818, -0.5893049046, -0.8441357662, -1.0323567909, -0.8886903834, -0.8343377814, -0.5853770783, 0.0282188764, 0.5620873783, 1.1276421926, 1.9777982226, -0.6362838534, -0.9477826332, -0.9677369812, -0.9848715949, -0.8247103852, -0.6561332036, -0.0543392905, 0.4246462283, 1.036711933, 1.753184952, -0.6404974921, -0.871366891, -1.1644477295, -0.9508811797, -0.9904294021, -0.6550829065, -0.3408116854, 0.4112271725, 1.0057267227, 1.7483628255, -0.7805964608, -0.9665373919, -1.1523698814, -1.2165296636, -1.0253305226, -0.9063496927, -0.6083865956, 0.0292109538, 0.8194209397, 1.420237395]}