{"source": [{"position": [-268.9071362323988, 132.99981986187083], "counts": 500000.0}, {"position": [-250.15625018085635, -138.62846206841078], "counts": 500000.0}], "output": [0.0, 0.0, 0.0, 0.0, 0.0, 0.4227737532, 0.0772262468, 0.0, 0.0, 0.0, 0.0, 0.0, 0.0, 0.0, 0.0, 0.0, 0.0, 0.0, 0.0, 0.0, 0.0, 0.0, 0.0, 0.0, 0.0, 0.0, 0.0, 0.0, 0.0, 0.0, 0.0, 0.0, 0.0, 0.0, 0.0, 0.0, 0.0, 0.0, 0.0, 0.0, 0.0, 0.0, 0.0, 0.0, 0.0, 0.0, 0.0, 0.0, 0.0, 0.0, 0.0, 0.0, 0.0, 0.0, 0.0, 0.0, 0.0, 0.0, 0.0, 0.3392637108, 0.1607362892, 0.0, 0.0, 0.0], "num_sources": 2, "seg_angles": 64, "input": [1.4919169584, 1.1152801716, 0.9364783145, 0.5855226641, 0.3547381491, 0.2059408464, 0.0053916996, 0.1964476396, 0.0425455694, -0.133241899, 2.2308203787, 1.1328063328, 0.5631070902, 0.088162862, -0.2292170366, -0.5844210336, -0.5449775516, -0.4333758182, -0.6346180452, -0.6242644073, 2.2830421266, 1.4912977432, 0.3721596999, -0.1162376756, -0.6094521549, -0.7471592729, -0.7900383076, -0.8323344572, -0.9004147793, -1.0673237224, 2.1713015486, 1.1239002046, 0.2599573425, -0.2001296038, -0.5475097238, -0.7039348149, -0.9373618959, -1.0416409187, -1.1259261384, -1.1231938574, 2.2380733974, 1.4138087058, 0.5836807019, -0.1162925333, -0.5287592752, -0.90719311, -0.9321343522, -1.1003795112, -1.1519801774, -1.1982280884, 2.0261169168, 1.2064380265, 0.6677412807, -0.2435334341, -0.5549049125, -0.8786435593, -0.9888664306, -1.1249424774, -1.1835847625, -1.2856936441, 2.3826808383, 1.2513362207, 0.476958622, -0.1831798532, -0.6467918187, -0.8181261797, -0.9719624172, -1.0975651855, -1.1537184793, -1.1739951925, 2.1194317712, 1.0576043608, 0.5961888813, -0.1538617237, -0.4708085715, -0.7860425491, -0.9193733083, -0.9415087648, -1.0318357145, -1.1253642552, 1.8544402475, 1.1658995057, 0.4244833046, -0.0252381869, -0.4197416594, -0.5579551859, -0.5070651263, -0.5975202619, -0.6752226159, -0.7778759679, 1.9771990839, 1.19955165, 0.7511252555, 0.6112049511, 0.343917482, 0.119998829, 0.0557413024, 0.0207000914, 0.0596464625, -0.098122831]}