{"source": [{"position": [-13.593711992932636, 30.07010133426888], "counts": 500000.0}, {"position": [242.21722795438555, -69.53283024653345], "counts": 500000.0}], "output": [0.0, 0.0, 0.0, 0.0, 0.0, 0.0, 0.0, 0.0, 0.0, 0.0, 0.0, 0.0, 0.0, 0.0, 0.0, 0.0, 0.0, 0.0, 0.0, 0.0, 0.0, 0.0, 0.0, 0.0, 0.0, 0.0, 0.0, 0.0, 0.0, 0.4237406125, 0.0762593875, 0.0, 0.0, 0.0, 0.0, 0.0, 0.0, 0.0, 0.0, 0.0, 0.0, 0.0, 0.0, 0.0, 0.0, 0.0, 0.0, 0.0, 0.0, 0.0, 0.0, 0.0, 0.337673415, 0.162326585, 0.0, 0.0, 0.0, 0.0, 0.0, 0.0, 0.0, 0.0, 0.0, 0.0], "num_sources": 2, "seg_angles": 64, "input": [0.2133057124, -0.6571352504, -0.9353973413, -0.9778754828, -1.0465041431, -1.0232830409, -1.0323528509, -1.0264110748, -0.9771988984, -0.9169133531, 0.3192858193, -0.6465117755, -0.9747665433, -1.0198051716, -1.0525846711, -1.0609202436, -1.0544343858, -0.9901155362, -0.9455020499, -0.8881172779, 0.3466268715, -0.6236255721, -0.9234660078, -0.9610872232, -0.9897657516, -0.9763558601, -0.9517415373, -0.9078266613, -0.8355426577, -0.8113833649, 0.4812333384, -0.561430762, -0.8015279967, -0.8306607115, -0.8747639413, -0.8953071672, -0.8678765742, -0.7880003988, -0.7296734819, -0.7095791332, 0.6175653582, -0.391269847, -0.675003109, -0.7044003368, -0.7517226009, -0.7248106066, -0.6627968057, -0.580473605, -0.6234388495, -0.5383883328, 0.66797688, -0.2661257271, -0.4594329078, -0.4450086953, -0.5078179438, -0.439801146, -0.4162268481, -0.3748714711, -0.3670367126, -0.3837389732, 0.7806737127, 0.0081152589, -0.0862232519, -0.0590689761, -0.1181625493, -0.1042623148, -0.0323109981, -0.0868138177, -0.0429670545, -0.1969419277, 1.0389058075, 0.5580829162, 0.5868119245, 0.4907319986, 0.4412848082, 0.4467726538, 0.4571193027, 0.5387259428, 0.5273977063, 0.2662235158, 1.3248611731, 1.3781492453, 1.4852706976, 1.3621656837, 1.212187041, 1.2838582906, 1.1666892988, 1.2508223872, 1.2050100756, 0.9373576458, 1.9212612905, 2.1721604454, 2.2630872322, 2.1847463926, 2.2221950621, 2.1126395939, 2.1813696314, 2.1085345094, 1.980474059, 1.7648800192]}