{"source": [{"position": [172.99869521681967, -278.66727732778014], "counts": 500000.0}, {"position": [-128.43490317322784, 44.7266771276784], "counts": 500000.0}], "output": [0.0, 0.0, 0.0, 0.0, 0.0, 0.0, 0.0, 0.0, 0.0, 0.0, 0.0, 0.0, 0.0, 0.0, 0.0, 0.0, 0.0, 0.0, 0.0, 0.0, 0.0, 0.1704609334, 0.3295390666, 0.0, 0.0, 0.0, 0.0, 0.0, 0.0, 0.0, 0.0, 0.0, 0.0, 0.0, 0.0, 0.0, 0.0, 0.0, 0.0, 0.0, 0.0, 0.0, 0.0, 0.0, 0.0, 0.0, 0.0, 0.0, 0.0, 0.0, 0.0, 0.0, 0.0, 0.0, 0.0, 0.0, 0.0, 0.0, 0.0, 0.0, 0.2066989121, 0.2933010879, 0.0, 0.0], "num_sources": 2, "seg_angles": 64, "input": [2.9270578635, 1.6954188087, 0.950114157, 0.6428439607, 0.2137888356, -0.0210194033, -0.3999089428, -0.156068758, -0.3988821012, -0.5427614295, 2.5610922701, 1.6551924047, 0.9477669961, 0.4480416285, 0.0559457224, -0.343703155, -0.4028573916, -0.6229068415, -0.9723744169, -0.8021392754, 2.2714839921, 1.5546195277, 0.7951650812, 0.1436037875, -0.2686437912, -0.4203138663, -0.7903370617, -0.8964361104, -0.8578260397, -0.5262499312, 1.983450319, 1.1556770475, 0.4900119143, -0.0587642608, -0.3767041978, -0.6756494502, -1.0121777488, -1.2184940901, -0.9126990888, -0.6010121595, 1.855949388, 1.0606881218, 0.3055297052, -0.2603213542, -0.6391799075, -0.7946561822, -1.1266448608, -1.2061099791, -1.0124195936, -0.6619306884, 1.9672940604, 0.8958117263, 0.3050509221, -0.5116490719, -0.6498169509, -1.0237810356, -1.2664162251, -1.2642554428, -0.9975258382, -0.6413878802, 1.7749846698, 1.0249418052, 0.5604958393, -0.3468272831, -0.7889152884, -1.1498352304, -1.1596981311, -1.3258014943, -0.9950795067, -0.4833312098, 1.8456478774, 0.9339894664, 0.3211372866, -0.4703531162, -0.8581620924, -1.1538901336, -1.2069001053, -1.0829353174, -0.9025568001, -0.386824637, 1.6723177692, 0.8847836117, 0.081442566, -0.3219704833, -0.7970986253, -0.8225028441, -0.7844426994, -0.7980673985, -0.6131594915, 0.0311487429, 1.3452131987, 0.8481242811, 0.4935993591, 0.1324005382, 0.507020029, 0.351194558, 0.4121234084, 0.4647312962, 0.5651222201, 0.6503596467]}