{"source": [{"position": [345.9856551067919, 59.1179030440359], "counts": 500000.0}, {"position": [-64.39307704790622, 18.5076100105447], "counts": 500000.0}], "output": [0.0, 0.0, 0.0, 0.0, 0.0, 0.0, 0.0, 0.0, 0.0, 0.0, 0.0, 0.0, 0.0, 0.0, 0.0, 0.0, 0.0, 0.0, 0.0, 0.0, 0.0, 0.0, 0.0, 0.0, 0.0, 0.0, 0.0, 0.0, 0.0, 0.0, 0.0, 0.0, 0.0, 0.138099697, 0.361900303, 0.0, 0.0, 0.0, 0.0, 0.0, 0.0, 0.0, 0.0, 0.0, 0.0, 0.0, 0.0, 0.0, 0.0, 0.0, 0.0, 0.0, 0.0, 0.0, 0.0, 0.0, 0.0, 0.0, 0.0, 0.0, 0.0, 0.4253782675, 0.0746217325, 0.0], "num_sources": 2, "seg_angles": 64, "input": [1.7704627074, 0.8013172631, 0.1689940952, -0.4469714636, -0.7099582272, -0.973769035, -1.0653557622, -1.0898820576, -1.0140070918, -0.9355272877, 2.0358716403, 1.1998878969, 0.4247262323, -0.1353096006, -0.5099490959, -0.7822039307, -0.9285032851, -0.9804889186, -0.8995052639, -0.7506440163, 2.094162997, 1.4106981515, 0.6159121032, -0.1280409373, -0.4785372348, -0.7689577248, -0.8701583863, -0.9847662982, -0.9065293202, -0.7371477399, 2.251511236, 1.111015332, 0.6121375672, -0.0886261127, -0.4663527544, -0.7136682945, -0.8108108765, -0.8879463742, -0.8542056359, -0.789083809, 2.1206097115, 1.4673875309, 0.5266462109, 0.0002382055, -0.4655215667, -0.7577830361, -0.8607919565, -0.9439491131, -0.8974301305, -0.78314197, 2.166941012, 1.2695626451, 0.6362148352, -0.0517625821, -0.4472026114, -0.6629834578, -0.8371723254, -0.8570083824, -0.801959961, -0.7676127279, 2.3019564956, 1.4145897756, 0.5352580975, 0.0425067834, -0.5308703796, -0.6268574369, -0.8221623719, -0.8887539338, -0.8038961741, -0.7845718193, 2.2583679451, 1.3745700179, 0.4670107966, -0.0935575628, -0.4847379327, -0.5774763408, -0.7962569102, -0.7917129047, -0.7804375186, -0.7651401729, 2.0679115521, 1.355946428, 0.4104054722, -0.0446424028, -0.5280304074, -0.599144871, -0.6907097535, -0.7502510282, -0.6176836283, -0.6103794752, 2.1478686207, 1.3672061139, 0.9306281033, 0.7238704416, 0.4974980546, 0.4919874145, 0.3205612922, 0.3133908097, 0.3041365166, 0.4185312758]}