{"source": [{"position": [-153.40894795681626, 152.05819506617473], "counts": 500000.0}, {"position": [-210.00173922474494, -248.04086260651135], "counts": 500000.0}], "output": [0.0, 0.0, 0.0, 0.0, 0.0, 0.0, 0.0, 0.0, 0.0780127876, 0.4219872124, 0.0, 0.0, 0.0, 0.0, 0.0, 0.0, 0.0, 0.0, 0.0, 0.0, 0.0, 0.0, 0.0, 0.0, 0.0, 0.0, 0.0, 0.0, 0.0, 0.0, 0.0, 0.0, 0.0, 0.0, 0.0, 0.0, 0.0, 0.0, 0.0, 0.0, 0.0, 0.0, 0.0, 0.0, 0.0, 0.0, 0.0, 0.0, 0.0, 0.0, 0.0, 0.0, 0.0, 0.0, 0.0, 0.0, 0.4774794661, 0.0225205339, 0.0, 0.0, 0.0, 0.0, 0.0, 0.0], "num_sources": 2, "seg_angles": 64, "input": [1.9242179969, 1.2657086303, 0.5336228837, 0.4637502317, 0.1559382723, 0.3292035043, 0.0196957693, 0.0256731349, -0.1563851875, -0.211827188, 2.2685811517, 0.8046911499, 0.4532883847, -0.1610836535, -0.1244708709, -0.189267419, -0.2128975045, -0.3807511148, -0.511583975, -0.4749810933, 2.2100803619, 1.2080699241, 0.0531562728, -0.220625635, -0.5442009542, -0.6869985285, -0.6707335134, -0.8429760396, -0.9090137579, -0.9778332165, 2.1178114162, 0.7919344578, -0.0180578783, -0.460059448, -0.8232161412, -1.0683515381, -1.0095468278, -1.0426639694, -1.0421467574, -1.1455249682, 2.1437091803, 0.8223160857, -0.1280718338, -0.626677006, -0.9773964786, -0.983742836, -1.2520365514, -1.1684318447, -1.2544782497, -1.3176345786, 2.3356125701, 0.9312866288, 0.095780301, -0.6203688782, -0.9381884417, -1.0270437966, -1.1732807154, -1.1552340892, -1.2011246375, -1.2918163291, 2.0053751761, 0.6006554836, -0.0498726321, -0.417626793, -0.76044715, -0.8965889269, -1.0147050624, -0.8966778958, -1.016691451, -1.1743139905, 2.2341898861, 1.0200970506, -0.1647602513, -0.3341271254, -0.4423452664, -0.6189511004, -0.7039646764, -0.5411074691, -0.6655221849, -0.9527481777, 2.0046926827, 0.8981223093, 0.3092112669, 0.3825731584, 0.1720646514, -0.1025813828, -0.0529808749, -0.2789699962, -0.26851736, -0.2428168723, 2.1888466184, 1.5834980956, 1.1384378196, 0.9214870022, 1.047296153, 0.8934465433, 0.7104426886, 0.816238741, 0.3819910241, 0.3342454263]}