{"source": [{"position": [-201.2418980184538, -331.7313649354402], "counts": 500000.0}, {"position": [-6.710817949295184, -65.6579387618239], "counts": 500000.0}], "output": [0.0, 0.0, 0.0, 0.0, 0.0, 0.0, 0.0, 0.0, 0.0, 0.0, 0.2771310045, 0.2228689955, 0.0, 0.0, 0.0187436817, 0.4812563183, 0.0, 0.0, 0.0, 0.0, 0.0, 0.0, 0.0, 0.0, 0.0, 0.0, 0.0, 0.0, 0.0, 0.0, 0.0, 0.0, 0.0, 0.0, 0.0, 0.0, 0.0, 0.0, 0.0, 0.0, 0.0, 0.0, 0.0, 0.0, 0.0, 0.0, 0.0, 0.0, 0.0, 0.0, 0.0, 0.0, 0.0, 0.0, 0.0, 0.0, 0.0, 0.0, 0.0, 0.0, 0.0, 0.0, 0.0, 0.0], "num_sources": 2, "seg_angles": 64, "input": [1.7417886391, 2.0686310906, 2.1948494032, 2.2117209839, 2.2134903265, 2.1870613701, 2.3351785997, 2.0913256939, 2.1723940031, 1.742736498, 1.0953549234, 1.2246492444, 1.3448949161, 1.5147237522, 1.5180507816, 1.4897746368, 1.4560036206, 1.3978670969, 1.4461857899, 0.9466365621, 0.4662302208, 0.5517754097, 0.7041195594, 0.8004474487, 0.7012541366, 0.6686133041, 0.5995688613, 0.7010470654, 0.6195374323, 0.2764537105, 0.0588379058, 0.145948517, 0.1925836538, 0.1988941883, 0.0828444003, 0.1477428884, 0.0721464038, 0.1225072854, 0.0831293219, -0.1926037355, -0.0707157826, -0.1616795145, -0.2575582763, -0.2899791027, -0.2377156464, -0.2365458346, -0.2267366694, -0.2460650445, -0.3061498986, -0.5489897158, -0.307584366, -0.3718513718, -0.5274258751, -0.5051137023, -0.4759439843, -0.5075177506, -0.5184000027, -0.5483427142, -0.5985366387, -0.6891342174, -0.3534184083, -0.6054038392, -0.6534632216, -0.6788906781, -0.7045615609, -0.6865509876, -0.7089656818, -0.7412645862, -0.8127154895, -0.9064855551, -0.4755458898, -0.7102803632, -0.8018285101, -0.859560447, -0.8407524007, -0.8464126183, -0.9037634454, -0.8551259863, -0.9198456348, -0.9964916662, -0.4943210711, -0.7845857319, -0.8632667745, -0.9208222667, -0.9046236229, -0.9153282566, -0.9943034053, -1.0025194782, -1.0205002067, -1.0391689597, -0.5717227136, -0.8832524228, -0.9955346611, -1.0114256219, -1.0181453157, -1.0417635268, -1.0431910256, -1.0384211571, -1.0668794411, -1.091307172]}