{"source": [{"position": [163.17271535370563, -125.74046669270223], "counts": 500000.0}, {"position": [-148.53813781046364, 237.35294735014293], "counts": 500000.0}], "output": [0.0, 0.0, 0.0, 0.0, 0.0, 0.0, 0.0, 0.0, 0.0, 0.0, 0.0, 0.0, 0.0, 0.0, 0.0, 0.0, 0.0, 0.0, 0.0, 0.0, 0.0, 0.0, 0.0, 0.0, 0.0, 0.3438002075, 0.1561997925, 0.0, 0.0, 0.0, 0.0, 0.0, 0.0, 0.0, 0.0, 0.0, 0.0, 0.0, 0.0, 0.0, 0.0, 0.0, 0.0, 0.0, 0.0, 0.0, 0.0, 0.0, 0.0, 0.0, 0.0, 0.0, 0.0, 0.1521071542, 0.3478928458, 0.0, 0.0, 0.0, 0.0, 0.0, 0.0, 0.0, 0.0, 0.0], "num_sources": 2, "seg_angles": 64, "input": [2.1547134373, 1.8227588467, 1.0313567526, 1.0873602803, 0.89317512, 0.5481000185, 0.698373772, 0.4733970716, 0.7760654511, 0.7938735459, 1.1943842496, 0.4503573734, 0.2000885903, -0.299480189, -0.1944719094, -0.249546436, -0.3950016606, -0.1614443789, 0.0277464031, 0.9969625615, 0.6339161873, -0.1839561895, -0.5188412886, -0.9704454156, -0.9346072308, -0.7797538836, -1.0064397756, -0.3480838653, 0.1899047296, 1.0995403766, 0.0345722701, -0.6683692973, -1.1860272373, -1.2282332972, -1.2723000771, -1.1820319053, -1.0088740224, -0.2181354155, 0.2781071168, 1.3289369944, -0.0975331372, -0.8858201469, -1.3630487033, -1.6297097261, -1.579115904, -1.3321152063, -0.9023379157, -0.4796744659, 0.4271440284, 1.3069030012, -0.2101593652, -0.8271518422, -1.4100385844, -1.5152828002, -1.2868217056, -1.214694531, -0.9381481621, -0.3395503501, 0.4773803841, 1.6293138549, -0.1569099066, -1.0217384721, -1.2494978259, -1.2725084566, -1.2507242693, -0.8924593237, -0.6189064772, 0.0034034706, 0.788789749, 1.7043220255, -0.2530071824, -0.8905748371, -0.9806422683, -0.8557341252, -0.7102229855, -0.6242194917, -0.1706938538, 0.63828521, 1.3145964415, 2.1224330395, -0.2838364529, -0.6636798819, -0.5328782704, -0.0728593486, -0.0529567028, 0.0481753676, 0.3252822209, 0.809672708, 1.497992879, 2.515933233, -0.0107733834, 0.2787028407, 0.2848326159, 0.5995268422, 0.7342154506, 0.6375708195, 0.9723714221, 1.1759068119, 1.8474328641, 2.5281911077]}