{"source": [{"position": [-62.412406414619554, 67.59209662036204], "counts": 500000.0}, {"position": [-289.77090459615545, -49.687250371959294], "counts": 500000.0}], "output": [0.0, 0.1351173977, 0.3648826023, 0.0, 0.0, 0.0, 0.0, 0.0, 0.0, 0.0, 0.0, 0.0, 0.0, 0.0, 0.0, 0.0, 0.0, 0.0, 0.0, 0.0, 0.0, 0.0, 0.0, 0.0, 0.0, 0.0, 0.0, 0.0, 0.0, 0.0, 0.0, 0.0, 0.0, 0.0, 0.0, 0.0, 0.0, 0.0, 0.0, 0.0, 0.0, 0.0, 0.0, 0.0, 0.0, 0.0, 0.0, 0.0, 0.0, 0.0, 0.0, 0.0, 0.0, 0.0, 0.0, 0.2028083613, 0.2971916387, 0.0, 0.0, 0.0, 0.0, 0.0, 0.0, 0.0], "num_sources": 2, "seg_angles": 64, "input": [1.3968395543, 0.45158602, -0.1575272138, -0.5249165713, -0.8292795373, -0.8898213805, -0.9474151771, -0.9591801031, -1.0242164498, -1.0484392196, 1.6313128935, 0.5890527901, 0.0381082207, -0.5159345613, -0.8340811758, -1.0225158612, -1.0883013689, -1.1486041077, -1.1952660412, -1.231113454, 1.7026986828, 0.7992687576, 0.0644334922, -0.3958360308, -0.7533599295, -1.0349027523, -1.0839783558, -1.1729115957, -1.1987909731, -1.2127408426, 1.7866261243, 0.808465298, 0.0342328025, -0.4570458763, -0.7021240773, -0.9303977367, -1.0092359926, -1.120063189, -1.137303841, -1.2174772272, 1.817032698, 0.9405127937, 0.1606223749, -0.3857476251, -0.6894467557, -0.8336293794, -0.9660332201, -1.0269311937, -1.0557730917, -1.125588974, 1.9479318106, 0.9511923549, 0.246102735, -0.3146950248, -0.6289871308, -0.7228739327, -0.8236185289, -0.899384829, -0.9266991783, -0.9704438311, 1.9741269081, 0.9932268634, 0.162103265, -0.0672050612, -0.4072810304, -0.4220127432, -0.5606770286, -0.6134614607, -0.7253737353, -0.8027016499, 2.0003690989, 1.0291784764, 0.4471465319, 0.1335072144, 0.0548631422, -0.107871784, -0.2098959626, -0.3485718681, -0.3277861042, -0.4283004625, 2.0659017988, 1.4125518145, 0.996829208, 0.6994227161, 0.6445545702, 0.466748576, 0.5293596224, 0.3822298098, 0.2179715874, 0.0497895841, 1.9236865472, 1.719970569, 1.6916996047, 1.4764043402, 1.4173089566, 1.2838189165, 1.2526415905, 1.0633807566, 1.0398832301, 0.739077527]}