{"source": [{"position": [-51.593567770529006, -113.85562684693201], "counts": 500000.0}, {"position": [11.35956004636817, -154.58318277080775], "counts": 500000.0}], "output": [0.0, 0.0, 0.0, 0.0, 0.0, 0.0, 0.0, 0.0, 0.0, 0.0, 0.0, 0.1668987792, 0.3331012208, 0.0, 0.0, 0.0, 0.1264149734, 0.3735850266, 0.0, 0.0, 0.0, 0.0, 0.0, 0.0, 0.0, 0.0, 0.0, 0.0, 0.0, 0.0, 0.0, 0.0, 0.0, 0.0, 0.0, 0.0, 0.0, 0.0, 0.0, 0.0, 0.0, 0.0, 0.0, 0.0, 0.0, 0.0, 0.0, 0.0, 0.0, 0.0, 0.0, 0.0, 0.0, 0.0, 0.0, 0.0, 0.0, 0.0, 0.0, 0.0, 0.0, 0.0, 0.0, 0.0], "num_sources": 2, "seg_angles": 64, "input": [1.8492125837, 2.0048229118, 2.1622607379, 2.329629318, 2.214223132, 1.9756864885, 2.1177093643, 2.1516378743, 2.1777761629, 1.7524933084, 1.2315560822, 1.3281101118, 1.3657639014, 1.324508625, 1.3997679026, 1.4448316815, 1.4349510731, 1.4079451854, 1.2796253034, 0.7720689928, 0.8458259377, 0.5576241028, 0.651909199, 0.6407571001, 0.578533976, 0.656093004, 0.6472099404, 0.4502573518, 0.5306383195, 0.1972436544, 0.6288793156, 0.1053101668, 0.0009292756, 0.1488616955, 0.102310681, 0.0320071487, 0.0594870253, -0.0444229157, -0.1977215635, -0.243384521, 0.2921059467, -0.1270289287, -0.3097592363, -0.2984792897, -0.3155598231, -0.2571284354, -0.2897551854, -0.4028514134, -0.4329679191, -0.5137343824, 0.163456119, -0.2717684681, -0.4613141412, -0.5941710945, -0.5066774254, -0.5369353056, -0.5975067432, -0.6467996444, -0.6591323954, -0.7478288928, 0.1207809998, -0.4265906763, -0.6859643457, -0.7618997129, -0.7763127587, -0.8374122131, -0.8595833143, -0.9149041158, -0.9289063052, -0.8155166738, 0.1771512534, -0.4965368088, -0.7933902555, -0.8818920326, -0.9198186549, -0.8719645498, -0.9456846266, -1.0186876009, -0.9611042706, -0.9824116626, 0.1836005283, -0.5985693782, -0.884323081, -0.9377107536, -1.027644073, -1.0210302039, -1.0415726311, -1.0418824348, -1.0377880781, -1.0453586084, -0.1333507233, -0.6812184857, -0.9642386145, -1.0761487165, -1.1225471095, -1.1043946558, -1.1368255922, -1.1372204478, -1.1509709543, -1.0192506382]}