{"source": [{"position": [-363.49554038309606, -19.157038435025136], "counts": 500000.0}, {"position": [223.02563933411523, -148.60539761263436], "counts": 500000.0}], "output": [0.231837659, 0.268162341, 0.0, 0.0, 0.0, 0.0, 0.0, 0.0, 0.0, 0.0, 0.0, 0.0, 0.0, 0.0, 0.0, 0.0, 0.0, 0.0, 0.0, 0.0, 0.0, 0.0, 0.0, 0.0, 0.0, 0.0, 0.4934336154, 0.0065663846, 0.0, 0.0, 0.0, 0.0, 0.0, 0.0, 0.0, 0.0, 0.0, 0.0, 0.0, 0.0, 0.0, 0.0, 0.0, 0.0, 0.0, 0.0, 0.0, 0.0, 0.0, 0.0, 0.0, 0.0, 0.0, 0.0, 0.0, 0.0, 0.0, 0.0, 0.0, 0.0, 0.0, 0.0, 0.0, 0.0], "num_sources": 2, "seg_angles": 64, "input": [2.9148458688, 2.6098407873, 1.8927763958, 1.8627165346, 1.4271095636, 1.3606607484, 1.3131552997, 1.3184689342, 1.361738533, 1.0462042663, 1.8403025491, 1.5404473015, 1.0432770209, 0.6539057653, 0.2737149893, -0.1373514609, -0.2741092427, 0.0620233122, 0.1554099578, 1.3990131245, 0.9811024461, 0.7192795313, 0.1343805107, -0.3354646834, -0.5198229141, -0.7443676109, -0.8201024378, -0.2421465786, 0.1700041923, 1.2054053264, 1.1678564214, 0.3904711248, -0.4349503631, -0.647882741, -0.9161968133, -0.8503889286, -0.9908052076, -0.1064750995, 0.5103396953, 1.4693395147, 0.552001992, 0.0954990146, -0.6565006163, -0.8556527441, -1.2487457952, -1.2331563328, -0.9444906962, -0.1710992048, 0.6903667818, 1.4691928592, 0.5681627779, -0.0978917441, -0.5802624022, -0.9996844057, -1.0617752253, -1.1548219199, -0.7961126384, -0.3416278924, 0.4746960534, 1.3072625904, 0.4096262326, -0.124439191, -0.5869634852, -0.9321263949, -1.1039290863, -1.016097485, -0.8150852105, -0.314726349, 0.5006353434, 1.3769655998, 0.1045745983, -0.1462474387, -0.890349233, -1.0896031448, -1.2604656951, -1.2154939671, -0.9744193989, -0.3733845238, 0.4809266685, 0.7434563552, 0.2081208093, -0.2045623805, -0.7076430292, -1.1201263344, -0.9908283641, -1.2446902001, -0.9320789073, -0.4360945406, 0.1026033021, 1.1564752798, -0.1129939636, -0.5047823129, -0.9320766307, -1.572599913, -1.4897116334, -1.4261517537, -1.2873766982, -0.8289201306, -0.1202100157, 0.8517071364]}