{"source": [{"position": [453.1600032791591, 199.17583043138654], "counts": 500000.0}, {"position": [268.3298137250775, -245.95753915313352], "counts": 500000.0}], "output": [0.0, 0.0, 0.0, 0.0, 0.0, 0.0, 0.0, 0.0, 0.0, 0.0, 0.0, 0.0, 0.0, 0.0, 0.0, 0.0, 0.0, 0.0, 0.0, 0.0, 0.0, 0.0, 0.0, 0.0, 0.2785882419, 0.2214117581, 0.0, 0.0, 0.0, 0.0, 0.0, 0.0, 0.0, 0.0, 0.0, 0.0, 0.3909545448, 0.1090454552, 0.0, 0.0, 0.0, 0.0, 0.0, 0.0, 0.0, 0.0, 0.0, 0.0, 0.0, 0.0, 0.0, 0.0, 0.0, 0.0, 0.0, 0.0, 0.0, 0.0, 0.0, 0.0, 0.0, 0.0, 0.0, 0.0], "num_sources": 2, "seg_angles": 64, "input": [0.4747087822, 0.6894669931, 0.3722732063, 0.5902590448, 0.511296082, 0.7891598152, 0.7853183973, 1.3999044877, 1.5893551238, 1.5359821209, -0.4383353489, -0.1181481007, -0.2033450514, 0.151878467, 0.1526954735, 0.2024871637, 0.3910169615, 0.7023386225, 1.1027463446, 1.9511727369, -0.8715607922, -0.6834264163, -0.6492115536, -0.4366667352, -0.3123474562, -0.310251176, 0.1242312096, 0.3208913579, 1.323686504, 1.9274634233, -1.1278885874, -0.9793298487, -0.8795219791, -0.9199798367, -0.579874527, -0.4398433028, -0.0977651686, 0.25709644, 1.1326555341, 2.2650940719, -1.1668849063, -1.1012246502, -1.1088817659, -0.9680152505, -0.8221527201, -0.845342038, -0.1312911732, 0.5638678926, 1.3198438311, 2.1080790039, -1.2474813082, -1.2688582364, -1.1807874181, -1.0405614333, -0.9146722653, -0.7146221372, -0.3062552873, 0.2050878277, 1.4392965988, 2.2034217137, -1.3377535505, -1.2713034965, -1.206217495, -1.0296235317, -1.0244962725, -0.7272265665, -0.4387428421, 0.2607661077, 1.0354832421, 1.8296624845, -1.1858504064, -1.2149274922, -1.1155763705, -0.935377267, -0.928672209, -0.7596126324, -0.4332984802, 0.3140148673, 1.1428843671, 2.0988989328, -1.0783053046, -1.0247155431, -0.7827671035, -0.7989509704, -0.5811644081, -0.5930906708, -0.351629842, 0.2325591592, 1.0075015951, 1.9319450324, -0.4630458659, -0.3889811187, -0.240332099, -0.080669749, -0.0656208687, -0.0067897901, 0.1342236519, 0.4803125007, 0.8285693397, 2.0496719052]}