{"source": [{"position": [205.9999983506715, 0.02606766861534726], "counts": 500000.0}, {"position": [380.67741229607515, -243.6979847425169], "counts": 500000.0}], "output": [0.0, 0.0, 0.0, 0.0, 0.0, 0.0, 0.0, 0.0, 0.0, 0.0, 0.0, 0.0, 0.0, 0.0, 0.0, 0.0, 0.0, 0.0, 0.0, 0.0, 0.0, 0.0, 0.0, 0.0, 0.0, 0.0, 0.4000998415, 0.0999001585, 0.0, 0.0, 0.0, 0.0, 0.4993555265, 0.0006444735, 0.0, 0.0, 0.0, 0.0, 0.0, 0.0, 0.0, 0.0, 0.0, 0.0, 0.0, 0.0, 0.0, 0.0, 0.0, 0.0, 0.0, 0.0, 0.0, 0.0, 0.0, 0.0, 0.0, 0.0, 0.0, 0.0, 0.0, 0.0, 0.0, 0.0], "num_sources": 2, "seg_angles": 64, "input": [-0.2961607732, -0.3125563302, -0.2363232309, -0.1166802268, -0.1296419088, 0.1716357069, 0.4541660113, 0.6189262334, 1.2719883155, 1.8726049925, -0.6952821724, -0.5999809483, -0.5544254985, -0.3121487453, -0.3551000558, -0.215051181, 0.1828783982, 0.6805296757, 1.3714956341, 2.2218122544, -0.8693036434, -0.8121017071, -0.7366430285, -0.5800179952, -0.5447058918, -0.3115121522, 0.04966, 0.7525736062, 1.3561834294, 2.1416329484, -1.0111155414, -0.9748970507, -0.7901438527, -0.69326115, -0.5115530869, -0.2938359031, 0.1342357698, 0.5899323691, 1.4432873973, 1.9922937256, -1.0580485443, -0.9961844614, -0.9111308561, -0.7983155281, -0.5750562379, -0.2376628936, -0.1244949862, 0.5699792455, 1.4528827374, 2.6289742788, -1.0550866441, -1.0046929538, -0.8737570359, -0.7025394439, -0.5018864332, -0.2762675081, 0.0860194714, 0.5715946859, 1.4693489663, 2.170251889, -1.1060151513, -0.9729744061, -0.9098037127, -0.7230731119, -0.517779344, -0.1518595467, 0.1507795626, 0.4905904292, 1.427055866, 2.2584961247, -1.133932414, -1.0611319986, -0.9107059481, -0.7831967868, -0.6448401624, -0.3043609866, 0.2502359842, 0.6175406206, 1.169756101, 2.1964235933, -1.1591964688, -1.0788928713, -0.9632354709, -0.8462459381, -0.5823455841, -0.4049152162, -0.1035804242, 0.348946426, 1.1888500164, 2.081132233, -1.144061008, -1.1149228196, -0.968741417, -0.9437177637, -0.7250325201, -0.550369583, -0.2927653123, 0.2173776491, 0.91086978, 1.602319439]}