{"source": [{"position": [292.43240210778947, -362.82129237059416], "counts": 500000.0}, {"position": [393.46487045527, 146.9196913882465], "counts": 500000.0}], "output": [0.0, 0.0, 0.0, 0.0, 0.0, 0.0, 0.0, 0.0, 0.0, 0.0, 0.0, 0.0, 0.0, 0.0, 0.0, 0.0, 0.0, 0.0, 0.0, 0.0, 0.0, 0.0, 0.0450075545, 0.4549924455, 0.0, 0.0, 0.0, 0.0, 0.0, 0.0, 0.0, 0.0, 0.0, 0.0, 0.0, 0.179944867, 0.320055133, 0.0, 0.0, 0.0, 0.0, 0.0, 0.0, 0.0, 0.0, 0.0, 0.0, 0.0, 0.0, 0.0, 0.0, 0.0, 0.0, 0.0, 0.0, 0.0, 0.0, 0.0, 0.0, 0.0, 0.0, 0.0, 0.0, 0.0], "num_sources": 2, "seg_angles": 64, "input": [-0.0528835246, 0.5646891805, 0.5005973344, 0.3376872815, 0.5389597229, 0.7543807587, 0.8082048355, 1.1300802689, 1.4911973242, 2.2069913024, -0.3371251768, -0.1926883537, -0.3352581144, -0.1558423115, -0.1011835882, 0.2693826404, 0.4379503226, 0.8957439004, 1.3537306269, 2.2004407042, -0.7854547362, -0.6589012791, -0.6634243513, -0.4350627796, -0.329542668, -0.2070420913, 0.3079731283, 0.3941986924, 0.8797558387, 2.3255335435, -1.0757676465, -0.8879498453, -0.8200167622, -0.6795104425, -0.669339723, -0.3750180379, -0.1255690231, 0.1289458421, 1.4251989761, 2.5019635698, -1.16828096, -1.0936390529, -0.9949664023, -1.0288778883, -0.7514597572, -0.6904453342, -0.2342226121, 0.2666595851, 1.197823386, 2.1956910419, -1.2857999506, -1.197485776, -1.1493776568, -1.1348533194, -0.7996728469, -0.5427116369, -0.1911521136, 0.0196933997, 1.0845190013, 2.0668925556, -1.192874752, -1.2841841671, -1.0784878039, -1.0470065227, -0.9359987474, -0.8375905834, -0.1474095596, 0.0758365407, 0.9607735603, 2.0742238064, -1.198794665, -1.2171759539, -1.0423122254, -0.9926758344, -0.9092015841, -0.7276911905, -0.2804212381, 0.209883124, 1.0669369498, 2.2767829976, -1.0884527519, -0.9182890293, -0.8566329641, -0.7527782414, -0.9386848686, -0.6047242794, -0.4005937202, 0.1339879624, 0.937727607, 1.7398490373, -0.374254309, -0.3314907782, -0.0910684924, -0.0468241285, -0.1701601152, -0.1560860608, 0.1594041675, 0.5717862342, 0.909413744, 1.370899833]}