{"source": [{"position": [52.154532532875564, -88.81950650773298], "counts": 500000.0}, {"position": [-345.1492324686469, -244.54244483586885], "counts": 500000.0}], "output": [0.0, 0.0, 0.0, 0.0, 0.0, 0.0, 0.3606188907, 0.1393811093, 0.0, 0.0, 0.0, 0.0, 0.0, 0.0, 0.0, 0.0, 0.0, 0.0, 0.0, 0.0, 0.0, 0.2958826032, 0.2041173968, 0.0, 0.0, 0.0, 0.0, 0.0, 0.0, 0.0, 0.0, 0.0, 0.0, 0.0, 0.0, 0.0, 0.0, 0.0, 0.0, 0.0, 0.0, 0.0, 0.0, 0.0, 0.0, 0.0, 0.0, 0.0, 0.0, 0.0, 0.0, 0.0, 0.0, 0.0, 0.0, 0.0, 0.0, 0.0, 0.0, 0.0, 0.0, 0.0, 0.0, 0.0], "num_sources": 2, "seg_angles": 64, "input": [1.8531534986, 1.9819556634, 2.0773074847, 2.1614224292, 2.0406258157, 2.0927703418, 2.162466339, 2.2822400156, 2.1207423692, 1.8081776588, 0.927717912, 1.0560962142, 1.1084042504, 1.0904619681, 1.1080690605, 1.169040054, 1.1967965195, 1.2344038199, 1.1942641254, 1.4635434899, 0.4406027618, 0.4159894761, 0.318901315, 0.3817437618, 0.329570836, 0.2984172512, 0.2529261184, 0.2019464746, 0.380962485, 1.120266249, 0.0131592808, -0.0349815655, -0.1302068624, -0.254857052, -0.290660677, -0.2399255075, -0.3225459911, -0.2662379949, 0.0359578729, 1.1039635721, -0.32740516, -0.4115081766, -0.3924562594, -0.598621811, -0.6556585311, -0.6502667549, -0.5910018362, -0.6021426197, -0.2288520468, 0.9794386382, -0.4691325283, -0.4870331039, -0.6589707039, -0.720018885, -0.8855849708, -0.824091502, -0.8482750359, -0.6887996339, -0.0117852235, 0.8685088753, -0.5619238305, -0.7023368443, -0.8633541623, -0.9085660701, -0.9784040195, -0.9789797046, -0.9496256247, -0.6834168037, -0.1419177352, 0.8878855863, -0.5583531997, -0.7131567776, -0.9237861895, -1.0146387081, -1.1462599168, -1.0811800114, -0.9907132544, -0.7624623146, -0.2466626176, 0.8014237975, -0.6985448548, -0.8469185822, -0.9680049329, -1.0698261827, -1.10300625, -1.1084945901, -1.0508321882, -0.7477215446, -0.1774990062, 0.8659181904, -0.8351169659, -0.9300063874, -1.0684354929, -1.1889508348, -1.1747704497, -1.2635728546, -1.0772562384, -0.9650070783, -0.3786097819, 0.6220908609]}