{"source": [{"position": [-416.6510580648526, 73.01298386889039], "counts": 500000.0}, {"position": [-170.87584921037657, -27.026730409589742], "counts": 500000.0}], "output": [0.0, 0.2010858761, 0.2989141239, 0.0, 0.0, 0.0, 0.0, 0.0, 0.0, 0.0, 0.0, 0.0, 0.0, 0.0, 0.0, 0.0, 0.0, 0.0, 0.0, 0.0, 0.0, 0.0, 0.0, 0.0, 0.0, 0.0, 0.0, 0.0, 0.0, 0.0, 0.0, 0.0, 0.0, 0.0, 0.0, 0.0, 0.0, 0.0, 0.0, 0.0, 0.0, 0.0, 0.0, 0.0, 0.0, 0.0, 0.0, 0.0, 0.0, 0.0, 0.0, 0.0, 0.0, 0.0, 0.0, 0.0, 0.0, 0.0, 0.0, 0.0, 0.0, 0.0, 0.3835076373, 0.1164923627], "num_sources": 2, "seg_angles": 64, "input": [1.6111165088, 1.1420467079, 0.5436649541, 0.0184316836, -0.1051788607, -0.3021623703, -0.2715449874, -0.3690181712, -0.476822433, -0.5613791099, 2.0062937515, 1.2727944393, 0.7272289032, 0.0148367323, -0.3791697276, -0.4755370225, -0.7498142293, -0.8706641401, -0.9184379905, -1.0314111573, 2.000674693, 1.272369295, 0.8422400932, 0.2269327543, -0.277429863, -0.6201357917, -0.8264557411, -0.854902426, -0.9370070858, -1.0641879654, 2.3702426726, 1.2677023516, 0.7816289666, 0.1877277705, -0.1787602576, -0.5010848441, -0.769786599, -0.9138353146, -0.9650580948, -1.0471265335, 2.0786884782, 1.5325163357, 0.9191865229, 0.1553736697, -0.1709720247, -0.646607813, -0.7093512643, -0.874452083, -0.9734062864, -1.0731460493, 2.1665887852, 1.3039523645, 0.5983365696, 0.1820614279, -0.0529431283, -0.5766765996, -0.7547294298, -0.9526519857, -1.0249514131, -1.0749306836, 2.1488281607, 1.536844001, 0.6390182338, -0.0116929501, -0.2941077532, -0.5404508122, -0.8579986049, -0.8758217604, -1.0178814807, -1.0705696392, 2.0491363846, 1.6484856669, 0.6335309515, 0.1347638054, -0.1578788607, -0.5971874563, -0.8143512262, -0.8611900655, -0.9784661302, -1.0696897426, 2.1484002303, 1.4382539431, 0.5586778769, -0.0065387019, -0.3842219741, -0.6357912218, -0.7154491995, -0.8299456435, -0.9679114024, -1.0424821131, 1.9367010471, 1.210650731, 0.3844180426, -0.0229979639, -0.2665936522, -0.4853629504, -0.6665373406, -0.6438516468, -0.7235824243, -0.8000633126]}