{"source": [{"position": [71.55147686264931, 118.0016362546459], "counts": 500000.0}, {"position": [-306.52893939566616, 196.30590748362113], "counts": 500000.0}], "output": [0.0, 0.0, 0.0, 0.0, 0.0, 0.0, 0.0, 0.0, 0.0, 0.0, 0.0, 0.0, 0.0, 0.0, 0.0, 0.0, 0.0, 0.0, 0.0, 0.0, 0.0, 0.0, 0.0, 0.0, 0.0, 0.0, 0.0, 0.0, 0.0, 0.0, 0.0, 0.0, 0.0, 0.0, 0.0, 0.0, 0.0, 0.0, 0.0, 0.0, 0.0, 0.0, 0.2760843184, 0.2239156816, 0.0, 0.0, 0.0, 0.0, 0.0, 0.0, 0.0, 0.0, 0.0, 0.0, 0.0, 0.0, 0.0, 0.0, 0.4009894898, 0.0990105102, 0.0, 0.0, 0.0, 0.0], "num_sources": 2, "seg_angles": 64, "input": [-0.5997374241, -0.8523072203, -1.0269425219, -1.1969151552, -1.2759373905, -1.2761492567, -1.1377367531, -0.9316403734, -0.5777407122, 0.3313938919, -0.4156875519, -0.5892362299, -0.9061732915, -1.0756184191, -1.1414881953, -1.1447509653, -1.0920158611, -0.8088413289, -0.3383379708, 0.8509032412, -0.3718217532, -0.5594598583, -0.9479771572, -0.9760480449, -1.0883836933, -1.1555135474, -0.996008144, -0.8528333348, -0.2121591366, 0.9062982375, -0.2755356776, -0.5113564597, -0.7907851354, -0.9570695489, -1.0712083994, -1.0812836187, -1.0145919403, -0.7463530614, -0.3001602433, 0.8359924176, -0.2272863214, -0.4166475767, -0.589883129, -0.8016477095, -0.8179043305, -0.8953707739, -0.8822669775, -0.6766244836, -0.2791697984, 0.7690813533, -0.0299735247, -0.1995120706, -0.3743534303, -0.5678830874, -0.6729318958, -0.7464366287, -0.7932054697, -0.5425271588, -0.2583024506, 0.8384655115, 0.1888960494, 0.093918129, -0.1029210916, -0.2010121251, -0.30838238, -0.3688886435, -0.3817859561, -0.3111622352, -0.0019049906, 0.9722201451, 0.6441871846, 0.6082438566, 0.2965382981, 0.2147979607, 0.0703991452, 0.1643731627, 0.0923531998, 0.3178600241, 0.4048809479, 1.0033502232, 1.126907635, 1.0595204611, 0.8339864346, 1.2035772098, 1.0346587982, 1.161678343, 1.105703208, 1.1319372693, 1.0102245159, 1.3526651082, 1.7298793615, 2.183392812, 2.0804390744, 2.2219969783, 2.0147149094, 2.3914680657, 2.2730242084, 2.2144302933, 2.1089124683, 1.9005194808]}