{"source": [{"position": [298.1940023756861, 292.92377327074246], "counts": 500000.0}, {"position": [-336.43044236601236, 253.09199404447634], "counts": 500000.0}], "output": [0.0, 0.0, 0.0, 0.0, 0.0, 0.0, 0.0, 0.0, 0.0, 0.0, 0.0, 0.0, 0.0, 0.0, 0.0, 0.0, 0.0, 0.0, 0.0, 0.0, 0.0, 0.0, 0.0, 0.0, 0.0, 0.0, 0.0, 0.0, 0.0, 0.0, 0.0, 0.0, 0.0, 0.0, 0.0, 0.0, 0.0, 0.0, 0.0, 0.0454060872, 0.4545939128, 0.0, 0.0, 0.0, 0.0, 0.0, 0.0, 0.0, 0.0, 0.0, 0.0, 0.0, 0.0, 0.0, 0.0, 0.0, 0.0, 0.2847680597, 0.2152319403, 0.0, 0.0, 0.0, 0.0, 0.0], "num_sources": 2, "seg_angles": 64, "input": [0.1499306411, -0.4799170199, -1.0375665777, -1.1554793615, -1.3836901248, -1.3564587613, -1.0967216517, -0.9708486952, -0.4329557381, -0.1448446963, 0.3377734643, -0.2711714259, -0.8262553777, -0.952861108, -1.1862783804, -1.3213251122, -1.1652903384, -0.8314040129, -0.3154590793, 0.1513478172, 0.1874832108, 0.0158129452, -0.6244609617, -0.8389551431, -1.1083746203, -1.3154910177, -1.0216258566, -0.5763164964, -0.3440033281, 0.0336785168, 0.458900598, -0.147064336, -0.6711861171, -0.9793567721, -1.1359710301, -1.1725001278, -0.9657252844, -0.7554834089, -0.3432348831, 0.3955046225, 0.2519105397, -0.1446005787, -0.3381199395, -1.1388053094, -1.0174627729, -1.0221156139, -0.7678994545, -0.6179035789, -0.0904684119, 0.4578344304, 0.6421663126, 0.21111611, -0.2725985458, -0.7374181264, -0.9352371474, -0.985528175, -0.7066818682, -0.5838424863, 0.0417201665, 0.3711860368, 0.9333183327, 0.1137175651, -0.3823511753, -0.2667597525, -0.6445320115, -0.7524464297, -0.5960701787, -0.4500776151, 0.1568701272, 0.7475726174, 1.4607093805, 0.5772653396, 0.2536025785, -0.0972997493, -0.1381126735, -0.3565693831, -0.4258854153, 0.0163370743, 0.4470395935, 0.9480559271, 1.4694645785, 1.1883683315, 0.8236294985, 0.6705055981, 0.9962444788, 1.0484141829, 0.7016698483, 0.7042006574, 0.9253148089, 0.9702844161, 1.8874266954, 2.3354265489, 2.4983217199, 1.9905869495, 1.9327235867, 2.332408644, 2.276282995, 2.4999502362, 2.0177822223, 1.7672032926]}