{"source": [{"position": [19.45651612028359, 17.246564308903523], "counts": 500000.0}, {"position": [80.52043409088839, 407.1135710017721], "counts": 500000.0}], "output": [0.0, 0.0, 0.0, 0.0, 0.0, 0.0, 0.0, 0.0, 0.0, 0.0, 0.0, 0.0, 0.0, 0.0, 0.0, 0.0, 0.0, 0.0, 0.0, 0.0, 0.0, 0.0, 0.0, 0.0, 0.0, 0.0, 0.0, 0.0, 0.0, 0.0, 0.0, 0.0, 0.0, 0.0, 0.0, 0.0, 0.0, 0.0, 0.0, 0.3062854633, 0.1937145367, 0.0, 0.0, 0.0, 0.0, 0.0, 0.4944694006, 0.0055305994, 0.0, 0.0, 0.0, 0.0, 0.0, 0.0, 0.0, 0.0, 0.0, 0.0, 0.0, 0.0, 0.0, 0.0, 0.0, 0.0], "num_sources": 2, "seg_angles": 64, "input": [-1.1527170114, -1.1382226128, -1.099980642, -1.0739178291, -1.0000789113, -0.8770100265, -0.6658914194, -0.4316759415, 0.1063136403, 0.9679417085, -1.1312294561, -1.1009169915, -1.0631088343, -1.0027470417, -0.9257391922, -0.823772181, -0.5716967568, -0.2199694638, 0.380381977, 1.349563869, -1.104572292, -1.0847729542, -1.0398628061, -0.9613482144, -0.8958990825, -0.7310950588, -0.5286364752, -0.1013304264, 0.5042225156, 1.4372401832, -1.0797332924, -1.0358619724, -1.0228184402, -0.9189388746, -0.833889162, -0.702796121, -0.4740270672, -0.0159638573, 0.5738790184, 1.4914744931, -1.0152159178, -0.9949231313, -0.9607922647, -0.8874858091, -0.7903322679, -0.6551494347, -0.3613142064, -0.003986021, 0.6469922041, 1.6867794099, -0.9411522641, -0.8616414322, -0.8132933661, -0.769818688, -0.7096359688, -0.5889090448, -0.2579478115, 0.0775822081, 0.8213633042, 1.8170067073, -0.7858800081, -0.6539992927, -0.6010124357, -0.5438873398, -0.5045624822, -0.3566075466, -0.1381214845, 0.3069768572, 0.9600525348, 1.9617548074, -0.5453914829, -0.4056620925, -0.2542756876, -0.1933658734, -0.0732386875, -0.0086758192, 0.0712142311, 0.4538769664, 1.1403102609, 2.0824741319, -0.0214082757, 0.223593717, 0.3504935868, 0.4284711767, 0.5874285003, 0.6866986576, 0.7511130184, 0.9903138412, 1.3439566463, 2.3652276563, 0.9184894087, 1.1406971131, 1.3030666942, 1.3743937051, 1.3993542561, 1.6326006724, 1.752152389, 1.9703845304, 2.1013541647, 2.3507157825]}