{"source": [{"position": [-111.76450524252184, 198.72769149742143], "counts": 500000.0}, {"position": [-156.30709531301625, 42.56867339731951], "counts": 500000.0}], "output": [0.0, 0.0, 0.0, 0.0, 0.0, 0.0, 0.0, 0.0, 0.0, 0.0, 0.0, 0.0, 0.0, 0.0, 0.0, 0.0, 0.0, 0.0, 0.0, 0.0, 0.0, 0.0, 0.0, 0.0, 0.0, 0.0, 0.0, 0.0, 0.0, 0.0, 0.0, 0.0, 0.0, 0.0, 0.0, 0.0, 0.0, 0.0, 0.0, 0.0, 0.0, 0.0, 0.0, 0.0, 0.0, 0.0, 0.0, 0.0, 0.0, 0.0, 0.0, 0.0, 0.0, 0.3908078038, 0.1091921962, 0.0, 0.0, 0.0, 0.0, 0.0, 0.0, 0.3541745269, 0.1458254731, 0.0], "num_sources": 2, "seg_angles": 64, "input": [1.5829059386, 0.6171751082, -0.1244121822, -0.5072258975, -0.8846673358, -1.0094827955, -1.1412166098, -1.2252051616, -1.2287093605, -1.3017935929, 1.8420227392, 0.7521344604, 0.0055206338, -0.4784992409, -0.7336036827, -0.9624260377, -1.0194955283, -1.1755841925, -1.2042622229, -1.285848617, 1.9933978961, 0.8735547454, 0.253038299, -0.35991891, -0.7042114757, -0.9126543212, -1.0266152587, -1.1339336581, -1.1469007588, -1.252828708, 1.6748772713, 0.8532986125, 0.2677581986, -0.4079670755, -0.6363615184, -0.7220482228, -0.9439013464, -1.0747395261, -1.1012282003, -1.2248701299, 2.1067439154, 0.9965243299, 0.1276012072, -0.2003861998, -0.5377947931, -0.7140716682, -0.9246877744, -0.917367931, -1.0407779506, -1.1519635795, 1.886129623, 1.0956642413, 0.2989651559, -0.0542908649, -0.4894783932, -0.6770757584, -0.6790133564, -0.7956899265, -0.9251241451, -0.9844581427, 2.0602846749, 0.8538887958, 0.2262382551, 0.0165631106, -0.2665507229, -0.5597724315, -0.5787853315, -0.5747385603, -0.6883618628, -0.9149069147, 1.9549286265, 1.0008666822, 0.6173551159, 0.2137949006, -0.0195582636, -0.2065069568, -0.2668604844, -0.3606387618, -0.378542551, -0.6819396121, 2.0705375925, 1.4476646909, 0.8817488933, 0.6975369518, 0.3466696583, 0.2113107349, 0.1778914174, 0.1483715148, 0.083639432, -0.3213224385, 1.8070069943, 1.6294207109, 1.3251951268, 1.1706858583, 1.2211352839, 1.1832423245, 1.176582341, 1.2180816293, 1.0517414278, 0.8215818232]}