{"source": [{"position": [-34.996676100057364, -0.48235044073154004], "counts": 500000.0}, {"position": [-85.50806270582363, 51.849505419983814], "counts": 500000.0}], "output": [0.4298094745, 0.0701905255, 0.0, 0.0, 0.0, 0.0, 0.0, 0.0, 0.0, 0.0, 0.0, 0.0, 0.0, 0.0, 0.0, 0.0, 0.0, 0.0, 0.0, 0.0, 0.0, 0.0, 0.0, 0.0, 0.0, 0.0, 0.0, 0.0, 0.0, 0.0, 0.0, 0.0, 0.0, 0.0, 0.0, 0.0, 0.0, 0.0, 0.0, 0.0, 0.0, 0.0, 0.0, 0.0, 0.0, 0.0, 0.0, 0.0, 0.0, 0.0, 0.0, 0.0, 0.0, 0.0, 0.0, 0.0, 0.0, 0.0, 0.2761205996, 0.2238794004, 0.0, 0.0, 0.0, 0.0], "num_sources": 2, "seg_angles": 64, "input": [1.720262134, 0.9687163668, 0.2321989525, -0.2111132986, -0.5638884592, -0.7479072384, -0.8693338205, -0.9814872136, -1.0359940378, -1.1072226415, 2.1638360416, 1.295152257, 0.5381411489, 0.0282065214, -0.3984101349, -0.6055438255, -0.7864968623, -0.9210379134, -1.0103909524, -1.0605099096, 2.1982030315, 1.4406694872, 0.6550233959, 0.1020462037, -0.334856121, -0.5278459081, -0.7839448694, -0.8898682459, -0.9861515582, -1.0641928331, 2.1873047296, 1.5267228249, 0.6686110981, 0.1132141613, -0.2576123662, -0.5101509613, -0.7619323604, -0.8488347767, -0.98555086, -1.056835354, 2.2209008031, 1.3312335401, 0.6521530676, 0.1012822478, -0.3227075084, -0.5799900789, -0.7322345695, -0.888782399, -0.9677226468, -1.0450878082, 2.1432732469, 1.4515187271, 0.6580900045, 0.1179289991, -0.2752355038, -0.5179328225, -0.7320381645, -0.8807279461, -0.9276396969, -1.0023372212, 2.2296060698, 1.3500509121, 0.6840841035, 0.1158186463, -0.2316983032, -0.5528557084, -0.6906434223, -0.827494862, -0.889263681, -1.0017654699, 2.2141516, 1.4200711599, 0.6377203486, 0.1178717166, -0.2310523647, -0.4700374034, -0.6262047501, -0.7722554816, -0.8595749358, -0.9541145346, 2.2488848399, 1.3701231734, 0.6028720695, 0.1860341201, -0.2001540436, -0.391455181, -0.4881872214, -0.6427202118, -0.7156972574, -0.8094820789, 1.8477872162, 1.1832574335, 0.5093316353, 0.2632212196, -0.0024332035, -0.2316450318, -0.2593962077, -0.4467667512, -0.4653237858, -0.5558044753]}