{"source": [{"position": [-206.78545145554284, -150.91645724150612], "counts": 500000.0}, {"position": [-26.772981578270937, -88.01822230316611], "counts": 500000.0}], "output": [0.0, 0.0, 0.0, 0.0, 0.0, 0.0, 0.2890871374, 0.2109128626, 0.0, 0.0, 0.0, 0.0, 0.0038642672, 0.4961357328, 0.0, 0.0, 0.0, 0.0, 0.0, 0.0, 0.0, 0.0, 0.0, 0.0, 0.0, 0.0, 0.0, 0.0, 0.0, 0.0, 0.0, 0.0, 0.0, 0.0, 0.0, 0.0, 0.0, 0.0, 0.0, 0.0, 0.0, 0.0, 0.0, 0.0, 0.0, 0.0, 0.0, 0.0, 0.0, 0.0, 0.0, 0.0, 0.0, 0.0, 0.0, 0.0, 0.0, 0.0, 0.0, 0.0, 0.0, 0.0, 0.0, 0.0], "num_sources": 2, "seg_angles": 64, "input": [1.8320966677, 1.9736174645, 2.2001088943, 1.9331785984, 2.0141590358, 2.0226563109, 2.0110950889, 2.0079208462, 1.8906437822, 1.6530767645, 1.4736423355, 1.3614134106, 1.3114940399, 1.2136573148, 1.1026567126, 1.1904586422, 1.2389854363, 1.0888765648, 1.0191273539, 0.7813302736, 1.168136855, 0.6427343653, 0.5649933982, 0.4639905687, 0.4797439384, 0.4450700052, 0.3013228594, 0.2818938276, 0.3797708979, 0.0249535972, 0.9648270956, 0.3437165246, 0.1137559878, 0.049688701, -0.0449725649, -0.1111118097, -0.2536373596, -0.1569289105, -0.2356550742, -0.4173930422, 1.0753758812, 0.103590801, -0.0959069793, -0.3451764628, -0.4158014027, -0.4833530352, -0.4800015645, -0.5799283483, -0.5506491108, -0.7250341018, 0.9517068664, -0.0554644423, -0.4744311251, -0.61265259, -0.6512152754, -0.7409003287, -0.782451878, -0.8103686938, -0.8259310138, -0.9077138761, 0.8049272749, -0.0675820461, -0.4845742272, -0.6656772258, -0.7816512366, -0.865146013, -0.9466488098, -0.9715823255, -0.9545976369, -1.0912157337, 1.0282296814, -0.1454954392, -0.6053036341, -0.7971862539, -0.8674735945, -0.9247791959, -0.9772419439, -1.0662580355, -1.0600179825, -1.123541483, 0.7075952417, -0.2826546754, -0.6082172646, -0.8562207909, -1.0031508803, -1.0451138219, -1.0907871118, -1.1516459231, -1.1600472024, -1.1953843155, 0.6732174924, -0.4053980432, -0.8289583198, -1.0097146215, -1.1155726618, -1.127694905, -1.1910085038, -1.1869344099, -1.220818013, -1.2574641277]}