{"source": [{"position": [-88.4441027448661, -210.14671229799328], "counts": 500000.0}, {"position": [31.790762070360532, -108.43591400908524], "counts": 500000.0}], "output": [0.0, 0.0, 0.0, 0.0, 0.0, 0.0, 0.0, 0.0, 0.0, 0.0, 0.0, 0.0288609463, 0.4711390537, 0.0, 0.0, 0.0, 0.0, 0.0, 0.0475690009, 0.4524309991, 0.0, 0.0, 0.0, 0.0, 0.0, 0.0, 0.0, 0.0, 0.0, 0.0, 0.0, 0.0, 0.0, 0.0, 0.0, 0.0, 0.0, 0.0, 0.0, 0.0, 0.0, 0.0, 0.0, 0.0, 0.0, 0.0, 0.0, 0.0, 0.0, 0.0, 0.0, 0.0, 0.0, 0.0, 0.0, 0.0, 0.0, 0.0, 0.0, 0.0, 0.0, 0.0, 0.0, 0.0], "num_sources": 2, "seg_angles": 64, "input": [1.5860965258, 2.1861477258, 2.2747333695, 2.1514539111, 2.1839553518, 2.1933083425, 2.3385962413, 2.0171446416, 2.1402981143, 1.8387728988, 0.9721108339, 1.2920897162, 1.427526511, 1.5938303015, 1.299311394, 1.3999006054, 1.4648817413, 1.2842587436, 1.2267356997, 1.1198499933, 0.5284801978, 0.6150376224, 0.6008373637, 0.5121553268, 0.6089941383, 0.5998642448, 0.7078873823, 0.5914043607, 0.4537697882, 0.5073077231, 0.3388927476, -0.0028560937, 0.0795207837, -0.038879856, 0.1396493378, 0.0469888857, 0.0369340311, 0.0034153377, -0.0286571068, 0.4038284735, -0.0577940142, -0.3579943388, -0.3881577595, -0.3673038099, -0.327846198, -0.4050739622, -0.3729576939, -0.3960083935, -0.308846154, 0.1492286376, -0.2713018353, -0.4486633028, -0.6188433632, -0.6459845094, -0.7161561879, -0.6620619827, -0.6656418362, -0.7256752037, -0.6477348934, 0.1061030541, -0.3274536216, -0.7000675209, -0.7736288458, -0.852907126, -0.8004396178, -0.8306915344, -0.8589213477, -0.8259973434, -0.7082277003, 0.0628752519, -0.4907714256, -0.7413635754, -0.9658417346, -0.9614626646, -0.9446502359, -0.972395696, -0.8976203519, -0.9872823995, -0.8288013646, -0.090658919, -0.4058609881, -0.8403780443, -0.9855705038, -1.0537450718, -1.0935626383, -1.068120685, -1.0976315901, -1.0136768069, -0.8444126647, -0.0898430437, -0.5972715214, -0.8925478817, -1.080087528, -1.1090202926, -1.1583982841, -1.1365551235, -1.1525244859, -1.1318169007, -0.9879693824, -0.3315623946]}