{"source": [{"position": [-98.06565049535915, 102.69921223126333], "counts": 500000.0}, {"position": [207.01274760630733, -158.9550953209343], "counts": 500000.0}], "output": [0.0, 0.0, 0.0, 0.0, 0.0, 0.0, 0.0, 0.0, 0.0, 0.0, 0.0, 0.0, 0.0, 0.0, 0.0, 0.0, 0.0, 0.0, 0.0, 0.0, 0.0, 0.0, 0.0, 0.0, 0.0, 0.3350149808, 0.1649850192, 0.0, 0.0, 0.0, 0.0, 0.0, 0.0, 0.0, 0.0, 0.0, 0.0, 0.0, 0.0, 0.0, 0.0, 0.0, 0.0, 0.0, 0.0, 0.0, 0.0, 0.0, 0.0, 0.0, 0.0, 0.0, 0.0, 0.0, 0.0, 0.1175222951, 0.3824777049, 0.0, 0.0, 0.0, 0.0, 0.0, 0.0, 0.0], "num_sources": 2, "seg_angles": 64, "input": [2.295060064, 1.4268188723, 0.3219596675, -0.0920200238, -0.0605454345, -0.2911351083, -0.3959522207, -0.5001133315, -0.4477790346, -0.5052180994, 1.689269615, 0.9101796634, -0.0854501421, -0.429384279, -0.7678572466, -0.8770477528, -0.8668176463, -1.0055789154, -0.8248888116, -0.3592199158, 1.5236381448, 0.6249444921, -0.3797914764, -0.7681796061, -1.0656496989, -1.3835908872, -1.31527087, -1.1077473687, -0.5699610215, -0.1933250791, 1.5074529822, 0.3810580758, -0.504511145, -1.065202863, -1.1705047569, -1.4056007921, -1.4179529152, -1.241356635, -0.6895109885, -0.2486621356, 1.2127987148, 0.1059111588, -0.5003377529, -1.131117848, -1.2819884606, -1.3891413287, -1.2915636635, -1.0204589241, -0.7077246988, -0.1353301581, 1.3579257015, 0.4232105611, -0.5454315749, -0.947778132, -1.2733448909, -1.2305209666, -0.9650662562, -0.8223178329, -0.2086383523, 0.0719912776, 1.0183724161, 0.108271893, -0.741156947, -0.8839442771, -0.9820333455, -0.8701375589, -0.8352539876, -0.5271769107, 0.0481998814, 0.4660281998, 1.1378832519, 0.2157961724, -0.3437529374, -0.5316605641, -0.5587783951, -0.2229230615, -0.4058278448, -0.0764357034, 0.5933557521, 1.1820160572, 1.1079638897, 0.435797015, 0.3456942735, 0.4161805642, 0.4113717793, 0.4212146016, 0.6685116578, 0.9197242442, 1.3883907272, 1.433249307, 1.3125552604, 1.0945443178, 1.3353627556, 1.5752050213, 1.3201501612, 1.3787418532, 1.7002550781, 1.881020148, 2.3018605981, 2.3957327074]}