{"source": [{"position": [-358.8177285135839, -251.1848675863098], "counts": 500000.0}, {"position": [-322.15658844480004, 23.326648314915083], "counts": 500000.0}], "output": [0.13187258, 0.0, 0.0, 0.0, 0.0, 0.0, 0.3894795353, 0.1105204647, 0.0, 0.0, 0.0, 0.0, 0.0, 0.0, 0.0, 0.0, 0.0, 0.0, 0.0, 0.0, 0.0, 0.0, 0.0, 0.0, 0.0, 0.0, 0.0, 0.0, 0.0, 0.0, 0.0, 0.0, 0.0, 0.0, 0.0, 0.0, 0.0, 0.0, 0.0, 0.0, 0.0, 0.0, 0.0, 0.0, 0.0, 0.0, 0.0, 0.0, 0.0, 0.0, 0.0, 0.0, 0.0, 0.0, 0.0, 0.0, 0.0, 0.0, 0.0, 0.0, 0.0, 0.0, 0.0, 0.36812742], "num_sources": 2, "seg_angles": 64, "input": [1.7090777119, 1.3753973261, 0.8481775787, 0.8335733733, 0.3782622205, 0.2242313832, 0.142208447, 0.1120469058, -0.1040410364, -0.1554978436, 1.9980287087, 1.1764751976, 0.4122945651, 0.2423920796, -0.1174050099, -0.2739287449, -0.2357987257, -0.3080917003, -0.2350242781, -0.5353930548, 2.3215380473, 1.1653750862, 0.3980619433, 0.0881198992, -0.2195827411, -0.4172015087, -0.5466419811, -0.7044946645, -0.6895840509, -0.8279256421, 2.287367519, 1.1765314588, 0.4841626476, 0.0008829276, -0.4244102752, -0.5845001439, -0.8153165526, -0.7418371557, -0.8189589888, -1.0056855438, 2.1303948241, 1.2179047759, 0.588975646, -0.0188894484, -0.2715266076, -0.5422961673, -0.8644980392, -0.9595570705, -1.0818306516, -1.1083101719, 2.2506890382, 1.3357150407, 0.4690565804, 0.1066452492, -0.2835653002, -0.6089709179, -0.8665922546, -0.9622029913, -1.0470876791, -1.1736602923, 2.3709950693, 1.3081726665, 0.4790593787, 0.096194537, -0.3854198414, -0.6681190155, -0.8994075529, -0.95345676, -1.054446304, -1.1488261869, 2.2943157027, 1.4819336067, 0.540246952, -0.0982585978, -0.4373261836, -0.6956859495, -0.9046856513, -1.0434689635, -1.1334763328, -1.1800543628, 2.2557888556, 1.1693406724, 0.6120581727, -0.0747918823, -0.4741330393, -0.7608545239, -0.9069061272, -1.0110206927, -1.1233005457, -1.2146905371, 1.7130453943, 0.8229648337, 0.2215121729, -0.2419076638, -0.4412292741, -0.7828791768, -0.7659677805, -0.8401353538, -1.0176252699, -1.0308333924]}