{"source": [{"position": [-65.70843636214776, -334.6093265150294], "counts": 500000.0}, {"position": [-230.13985163848534, -89.69196557003282], "counts": 500000.0}], "output": [0.0, 0.0, 0.0, 0.1073546652, 0.3926453348, 0.0, 0.0, 0.0, 0.0, 0.0, 0.0, 0.0, 0.0, 0.0, 0.4875562318, 0.0124437682, 0.0, 0.0, 0.0, 0.0, 0.0, 0.0, 0.0, 0.0, 0.0, 0.0, 0.0, 0.0, 0.0, 0.0, 0.0, 0.0, 0.0, 0.0, 0.0, 0.0, 0.0, 0.0, 0.0, 0.0, 0.0, 0.0, 0.0, 0.0, 0.0, 0.0, 0.0, 0.0, 0.0, 0.0, 0.0, 0.0, 0.0, 0.0, 0.0, 0.0, 0.0, 0.0, 0.0, 0.0, 0.0, 0.0, 0.0, 0.0], "num_sources": 2, "seg_angles": 64, "input": [1.9054575471, 1.8023279743, 1.7398487497, 1.882791255, 1.7381810161, 1.6532137356, 1.605250315, 1.7475916081, 1.2297009649, 1.2317115804, 1.4973686897, 1.5090763893, 1.2200454214, 0.5611233721, 0.6770154419, 0.6378937653, 0.3460997751, 0.5229197436, 0.3784484781, 0.2524160714, 1.7611948526, 1.1421743388, 0.5951943999, 0.5254380528, 0.3149032138, -0.1215034033, 0.0876963893, -0.2165456414, -0.4130133705, -0.6598525527, 1.6613556453, 0.9266893043, 0.5140194793, 0.1216216689, -0.2012135409, -0.4288085988, -0.5886534931, -0.5030998434, -0.6290460335, -0.8869728543, 1.4436547273, 0.8991230811, 0.4769613837, -0.1812155875, -0.3247100986, -0.6434199416, -0.6586760995, -0.7914811393, -0.8802990956, -1.0106112111, 1.2501017744, 0.4503972678, 0.2997432766, -0.2837644493, -0.4693893167, -0.7107609488, -0.8409307576, -0.9690071653, -0.9846238225, -1.1396823558, 1.3948730309, 0.4713927631, -0.0568870442, -0.3716130885, -0.654060441, -0.8229855177, -0.9774579845, -1.0494197969, -1.1458879517, -1.2637211202, 1.4676164935, 0.4480427491, -0.2141395373, -0.3817482113, -0.8019227832, -0.9376835769, -1.0268648613, -1.2061749956, -1.2104713522, -1.2895627742, 1.5571257887, 0.4530372905, -0.2921912273, -0.4843124718, -0.8128013216, -1.0471662895, -1.1503607975, -1.2124259365, -1.2666784769, -1.3294538332, 1.0897997467, 0.202980187, -0.2850485771, -0.6382099655, -0.9217430558, -1.0844493033, -1.2242002747, -1.3280655097, -1.3292983515, -1.3393310499]}