{"source": [{"position": [-108.41264169565599, -168.06754332877395], "counts": 500000.0}, {"position": [-471.06906926145354, -102.06827119701771], "counts": 500000.0}], "output": [0.0, 0.0, 0.4132882868, 0.0867117132, 0.0, 0.0, 0.0, 0.0, 0.0, 0.0, 0.4177067678, 0.0822932322, 0.0, 0.0, 0.0, 0.0, 0.0, 0.0, 0.0, 0.0, 0.0, 0.0, 0.0, 0.0, 0.0, 0.0, 0.0, 0.0, 0.0, 0.0, 0.0, 0.0, 0.0, 0.0, 0.0, 0.0, 0.0, 0.0, 0.0, 0.0, 0.0, 0.0, 0.0, 0.0, 0.0, 0.0, 0.0, 0.0, 0.0, 0.0, 0.0, 0.0, 0.0, 0.0, 0.0, 0.0, 0.0, 0.0, 0.0, 0.0, 0.0, 0.0, 0.0, 0.0], "num_sources": 2, "seg_angles": 64, "input": [1.8955125095, 1.7878328912, 1.6753848316, 1.8316353691, 1.4781516132, 1.5085661516, 1.3818783968, 1.5519524427, 1.5168546244, 1.1710726318, 1.7421621786, 1.3384255641, 1.0066786472, 0.7085316756, 0.7368340248, 0.6555324175, 0.7285735787, 0.4081692417, 0.5094785311, 0.1539847025, 1.6629383888, 1.1245832743, 0.4028155044, 0.1256510782, 0.0529441454, 0.0781055634, 0.0134109473, -0.0930007564, -0.0653002354, -0.4057824926, 1.8979384818, 0.7880226627, 0.1632653155, -0.0264330226, -0.2874622434, -0.3185223419, -0.3093090817, -0.4948352453, -0.5287922823, -0.6830079934, 1.8846195628, 0.6611959236, 0.0634690314, -0.3753154344, -0.4141783299, -0.7070707737, -0.5793429906, -0.7186932213, -0.7320289001, -0.9556225748, 1.5819398762, 0.5475410268, -0.0683598058, -0.2573583467, -0.7175881692, -0.774692248, -0.8745606693, -0.8623712764, -0.9652571284, -0.9906490653, 1.7206292485, 0.645958824, -0.1151756173, -0.5261214137, -0.7616447527, -0.8292709775, -1.001526659, -0.9766942634, -1.130612003, -1.1748056033, 1.6111676392, 0.6016173817, -0.2814520836, -0.5983139362, -0.8584889917, -1.0034112518, -1.0260499426, -1.0938878741, -1.2064208926, -1.2471271188, 1.6236935095, 0.4008562251, -0.2813040039, -0.6515350438, -0.9042116786, -1.070470123, -1.1176184525, -1.1692783466, -1.2213967535, -1.2774177221, 1.2428000013, 0.3130789027, -0.338977421, -0.8270885855, -0.996834278, -1.098061673, -1.1694176644, -1.2327952914, -1.2799807579, -1.3225287328]}