{"source": [{"position": [-25.520181102518343, 174.13994474701852], "counts": 500000.0}, {"position": [78.0532879812188, 55.88992964140253], "counts": 500000.0}], "output": [0.0, 0.0, 0.0, 0.0, 0.0, 0.0, 0.0, 0.0, 0.0, 0.0, 0.0, 0.0, 0.0, 0.0, 0.0, 0.0, 0.0, 0.0, 0.0, 0.0, 0.0, 0.0, 0.0, 0.0, 0.0, 0.0, 0.0, 0.0, 0.0, 0.0, 0.0, 0.0, 0.0, 0.0, 0.0, 0.0, 0.0, 0.0, 0.3351559442, 0.1648440558, 0.0, 0.0, 0.0, 0.0, 0.0, 0.0, 0.0, 0.0, 0.0, 0.25890322, 0.24109678, 0.0, 0.0, 0.0, 0.0, 0.0, 0.0, 0.0, 0.0, 0.0, 0.0, 0.0, 0.0, 0.0], "num_sources": 2, "seg_angles": 64, "input": [-1.0525569429, -1.2850174367, -1.2781121482, -1.2374112527, -1.1815009083, -1.0259776967, -0.826729356, -0.4423433856, 0.0401021956, 0.6969322271, -1.0540138722, -1.2542070565, -1.1958347155, -1.1382239542, -1.0350996256, -0.9657831004, -0.6365979124, -0.2708098904, 0.1855309142, 0.9530947945, -0.941924402, -1.193932127, -1.168354174, -1.0769634196, -0.9925084285, -0.7804394123, -0.6194778984, -0.1916271384, 0.4009233122, 0.8918986005, -0.9561985516, -1.1119605642, -1.102017648, -1.0165240541, -0.9134036853, -0.754128483, -0.5256858027, -0.2017902194, 0.4380972362, 1.0528714931, -0.8932493241, -1.0744352342, -1.000281582, -0.8821614879, -0.8141017765, -0.6432243097, -0.4321740712, -0.1095033847, 0.5701218982, 1.1206255928, -0.7157188464, -0.8251382819, -0.7641450618, -0.7746964325, -0.6717552619, -0.4992073519, -0.2726096833, -0.0178297068, 0.7343399462, 1.3421667816, -0.5425508454, -0.5234077827, -0.5007275006, -0.423130148, -0.4289129207, -0.2635575452, -0.1245018964, 0.2332608405, 0.8543098551, 1.3374963089, -0.2420253795, -0.0565702034, 0.0243966508, 0.0367140984, 0.066390658, 0.0296146409, 0.2779507545, 0.4598231695, 1.0239868055, 1.5656389548, 0.3971699816, 0.7610727424, 0.8410013856, 0.934685261, 0.8925191081, 0.8581207662, 0.9809384661, 1.0090637411, 1.4051099418, 1.7685250503, 1.3917051478, 1.7521126819, 1.7926705404, 1.8565057464, 1.8784565292, 1.8916792957, 2.0598734621, 2.0653016227, 2.0670479609, 1.982924121]}