{"source": [{"position": [-96.8183422137568, -217.41713044509592], "counts": 500000.0}, {"position": [-18.626857761545836, 192.09903739980356], "counts": 500000.0}], "output": [0.0, 0.0, 0.0, 0.0, 0.0, 0.0, 0.0, 0.0, 0.0, 0.0, 0.0, 0.133685196, 0.366314804, 0.0, 0.0, 0.0, 0.0, 0.0, 0.0, 0.0, 0.0, 0.0, 0.0, 0.0, 0.0, 0.0, 0.0, 0.0, 0.0, 0.0, 0.0, 0.0, 0.0, 0.0, 0.0, 0.0, 0.0, 0.0, 0.0, 0.0, 0.0, 0.0, 0.0, 0.0, 0.0, 0.0, 0.0, 0.0, 0.0077010295, 0.4922989705, 0.0, 0.0, 0.0, 0.0, 0.0, 0.0, 0.0, 0.0, 0.0, 0.0, 0.0, 0.0, 0.0, 0.0], "num_sources": 2, "seg_angles": 64, "input": [0.9527763928, 0.6259576513, 0.6183062235, 0.9232486189, 0.9539431809, 0.5675536015, 0.6254263191, 0.9178694943, 0.3461427757, 0.2458242026, 0.854968767, 0.1858733532, -0.3115001268, 0.1063248324, -0.1451770101, 0.0456215839, -0.1008178482, 0.1500740382, 0.110663606, -0.4856262814, 0.7769389539, -0.6798033159, -0.5098465656, -0.6824511203, -0.6872406477, -0.7561378217, -0.6842648285, -0.6310578921, -0.6238605913, -1.1935133646, 0.4954957046, -0.7993189699, -1.0331206841, -0.9845767562, -0.9771239975, -0.9754279789, -0.9210091094, -0.923096808, -1.0315714241, -1.4435362172, 0.5107112299, -0.7006388909, -0.9022070732, -1.1143381716, -1.1377855091, -1.2587753754, -0.9077745715, -0.8692062139, -1.3266288937, -1.3320892813, 0.4802809439, -0.5627661776, -0.7609087958, -1.1029398427, -0.7102580712, -0.9552436238, -0.9070068927, -1.0297068675, -1.0549274001, -1.5734041242, 1.3319048606, -0.0672244107, 0.0370679529, -0.7093833259, -0.744069099, -0.7987923938, -0.6874041341, -0.6312395843, -1.0095388115, -1.0555726978, 1.6530935464, 0.7391718057, 0.249943047, 0.1622855859, -0.2794706931, -0.2501336122, -0.1575979805, -0.1756287741, -0.3316533874, -0.4763311809, 2.600172711, 1.5101268339, 1.0478948552, 0.9133789988, 0.9371104125, 0.7770636583, 0.7763721759, 0.6158723696, 0.5565015508, 0.0456169614, 2.8539143889, 2.4612956665, 1.7673899663, 2.0352607723, 1.7031344411, 1.357824415, 1.5941800656, 1.5583734867, 1.5579853475, 0.8237878715]}