{"source": [{"position": [-322.1634291794267, 325.53759368059553], "counts": 500000.0}, {"position": [185.9312270950286, 5.057547917412723], "counts": 500000.0}], "output": [0.0, 0.0, 0.0, 0.0, 0.0, 0.0, 0.0, 0.0, 0.0, 0.0, 0.0, 0.0, 0.0, 0.0, 0.0, 0.0, 0.0, 0.0, 0.0, 0.0, 0.0, 0.0, 0.0, 0.0, 0.0, 0.0, 0.0, 0.0, 0.0, 0.0, 0.0, 0.0, 0.3614997036, 0.1385002964, 0.0, 0.0, 0.0, 0.0, 0.0, 0.0, 0.0, 0.0, 0.0, 0.0, 0.0, 0.0, 0.0, 0.0, 0.0, 0.0, 0.0, 0.0, 0.0, 0.0, 0.0, 0.0265312585, 0.4734687415, 0.0, 0.0, 0.0, 0.0, 0.0, 0.0, 0.0], "num_sources": 2, "seg_angles": 64, "input": [-0.5442991059, -1.0113865572, -1.1324871671, -1.1242018326, -1.1966301274, -1.074525709, -0.6605823593, -0.1521190166, 0.4633874373, 1.5239076126, -0.4182486274, -0.8046133, -1.0760116755, -0.9458184958, -0.8437887872, -0.7824906834, -0.3721190952, 0.3717893617, 1.1146379762, 1.5179395931, -0.2121126887, -0.7141316291, -0.86110688, -0.8380236398, -0.9548488961, -0.6222161511, -0.2419165893, 0.1569305289, 1.3284247494, 1.8629891655, -0.1952378986, -0.6635299638, -0.8848776484, -0.8833874058, -0.9616944223, -0.6843912292, -0.0990423675, 0.4495114214, 1.185653715, 1.831899822, -0.5139111664, -0.6939985909, -0.8152969214, -0.9035269352, -0.9175714716, -0.7397664483, -0.1505922657, 0.617207572, 1.1961690289, 1.8716496749, -0.2407803437, -0.7423775555, -0.8463587938, -0.9075512359, -0.7901209871, -0.644257145, -0.3146159411, 0.3039590652, 1.5461913597, 2.096297415, -0.1398400225, -0.6756049895, -1.0599486343, -0.9191424865, -0.652272548, -0.2692523679, -0.0598041087, 0.5232108769, 1.2193179766, 2.1243915317, -0.2589044177, -0.754406607, -0.9305704768, -0.5997897362, -0.6109152496, -0.4109659262, 0.342304995, 0.8537287784, 1.6203313342, 2.1783854182, -0.3108299606, -0.4353497584, -0.6675130083, -0.4834982983, -0.3025469317, -0.1779940389, 0.3244210655, 1.0180307529, 1.8771529225, 2.8848203929, -0.445568215, -0.2981098548, -0.1079189173, -0.1024814174, 0.1259109371, 0.2039589785, 0.5236216001, 1.0036051358, 1.9093557745, 2.6786997525]}