{"source": [{"position": [68.98402461882662, 198.34617300918396], "counts": 500000.0}, {"position": [-470.45316566028146, -117.89325222513745], "counts": 500000.0}], "output": [0.0, 0.0, 0.2494818375, 0.2505181625, 0.0, 0.0, 0.0, 0.0, 0.0, 0.0, 0.0, 0.0, 0.0, 0.0, 0.0, 0.0, 0.0, 0.0, 0.0, 0.0, 0.0, 0.0, 0.0, 0.0, 0.0, 0.0, 0.0, 0.0, 0.0, 0.0, 0.0, 0.0, 0.0, 0.0, 0.0, 0.0, 0.0, 0.0, 0.0, 0.0, 0.0, 0.0, 0.0, 0.0, 0.2046644541, 0.2953355459, 0.0, 0.0, 0.0, 0.0, 0.0, 0.0, 0.0, 0.0, 0.0, 0.0, 0.0, 0.0, 0.0, 0.0, 0.0, 0.0, 0.0, 0.0], "num_sources": 2, "seg_angles": 64, "input": [-0.5609692733, -0.7581309579, -0.8149000945, -1.0200309201, -0.8630528528, -1.1370702621, -0.9520490118, -0.8344621774, -0.2311066383, 0.5286791964, -0.2739993583, -0.5215447513, -0.7385551634, -1.1727979644, -1.2808073103, -1.3029798341, -1.2398266008, -1.247410063, -0.8098439606, 0.2785303777, -0.127326482, -0.2411104161, -0.6876192344, -0.8087160659, -1.2359982639, -1.212054226, -1.3918148121, -1.2195451587, -0.7094513181, 0.3786826567, -0.2414324601, -0.2377155084, -0.3437890733, -0.7206519919, -0.9026195835, -1.1322615206, -1.3139206649, -1.2501859305, -0.9058745165, 0.0505823413, 0.0343732243, -0.0966646095, -0.3581470493, -0.6642839334, -0.7793366052, -1.0237553908, -1.0521165534, -0.953725606, -0.8542532566, 0.0457383282, 0.384368987, 0.1991332219, -0.1454803002, -0.2936129072, -0.6142042037, -0.716553315, -0.6369609563, -0.7426960457, -0.512222167, 0.2338659121, 0.5869123515, 0.6870462524, 0.4386040279, 0.1381570597, -0.2386875275, -0.2569984788, -0.2276677257, -0.3215042788, -0.6343701482, 0.5276082355, 1.0704470569, 0.9763316913, 0.9998039162, 0.6529410858, 0.4143900655, 0.2186815276, 0.1385916044, 0.2856658247, 0.1185934014, 0.6217961074, 2.0693547731, 1.8871088143, 1.5515964216, 1.3901495204, 1.0936474775, 1.0503002207, 0.8515842168, 1.08802998, 0.6138139943, 0.9542605355, 2.1851768463, 2.3485889205, 2.5294388016, 2.0209498829, 1.90787056, 1.808282645, 1.6618992677, 1.6304522557, 1.6403962849, 1.2724396067]}