{"source": [{"position": [-15.827821114766527, -15.280054933113004], "counts": 500000.0}, {"position": [42.17674321404421, -202.65764809613424], "counts": 500000.0}], "output": [0.0, 0.0, 0.0, 0.0, 0.0, 0.0, 0.0, 0.0896706021, 0.4103293979, 0.0, 0.0, 0.0, 0.0, 0.0, 0.0, 0.0, 0.0, 0.0, 0.4549800476, 0.0450199524, 0.0, 0.0, 0.0, 0.0, 0.0, 0.0, 0.0, 0.0, 0.0, 0.0, 0.0, 0.0, 0.0, 0.0, 0.0, 0.0, 0.0, 0.0, 0.0, 0.0, 0.0, 0.0, 0.0, 0.0, 0.0, 0.0, 0.0, 0.0, 0.0, 0.0, 0.0, 0.0, 0.0, 0.0, 0.0, 0.0, 0.0, 0.0, 0.0, 0.0, 0.0, 0.0, 0.0, 0.0], "num_sources": 2, "seg_angles": 64, "input": [2.488926876, 2.3436226014, 2.186960694, 2.0553551043, 1.7076731571, 1.6674039291, 1.5521643801, 1.3885027549, 1.1970244583, 0.9468951922, 2.2839291252, 1.3727971272, 1.0657964685, 0.9574257137, 0.7838347245, 0.6698573165, 0.5049301725, 0.452062956, 0.2601117353, -0.0018801787, 2.0158205588, 1.0604163398, 0.4403885867, 0.1998982964, 0.0777737711, -0.0535760058, -0.1225737972, -0.2120724642, -0.3163617007, -0.4215533902, 1.8246889819, 0.854084497, 0.2183823259, -0.1672950503, -0.3543444908, -0.4218955831, -0.473519928, -0.5384523855, -0.6262238828, -0.6944356897, 1.7341124568, 0.7002330887, 0.0456206145, -0.3395287753, -0.5539590843, -0.661317784, -0.7156563181, -0.7585555588, -0.800404489, -0.8443084386, 1.4939071229, 0.5307302601, -0.0866031417, -0.4477536752, -0.6859969812, -0.7931900356, -0.8449452799, -0.9114380248, -0.935263141, -0.9127072511, 1.3983173976, 0.4511306656, -0.1346495931, -0.5214074558, -0.7409330762, -0.8637354507, -0.9235622522, -0.9527670657, -1.003229157, -0.9776958644, 1.161940433, 0.2827095764, -0.2561414024, -0.6341641933, -0.8165979709, -0.9117182421, -0.9718596034, -1.0209629592, -1.0491155919, -1.0132302922, 1.0315645004, 0.1475311202, -0.3725456604, -0.6671621357, -0.8543307822, -0.9486853077, -1.0167580849, -1.0628654022, -1.0863622887, -1.0382788136, 0.705340208, -0.0889447795, -0.574399663, -0.7925503714, -0.9431111213, -1.0133011886, -1.0631739674, -1.0868048457, -1.1033688731, -1.0596393072]}