{"source": [{"position": [-372.82663310688105, 29.60239257538318], "counts": 500000.0}, {"position": [67.92316876110384, -259.24976980790285], "counts": 500000.0}], "output": [0.0964662795, 0.0, 0.0, 0.0, 0.0, 0.0, 0.0, 0.0, 0.0, 0.0, 0.0, 0.0, 0.0, 0.0, 0.0, 0.0, 0.0, 0.0, 0.194982804, 0.305017196, 0.0, 0.0, 0.0, 0.0, 0.0, 0.0, 0.0, 0.0, 0.0, 0.0, 0.0, 0.0, 0.0, 0.0, 0.0, 0.0, 0.0, 0.0, 0.0, 0.0, 0.0, 0.0, 0.0, 0.0, 0.0, 0.0, 0.0, 0.0, 0.0, 0.0, 0.0, 0.0, 0.0, 0.0, 0.0, 0.0, 0.0, 0.0, 0.0, 0.0, 0.0, 0.0, 0.0, 0.4035337205], "num_sources": 2, "seg_angles": 64, "input": [2.6537456689, 2.0994086004, 2.0671653167, 1.6924808676, 1.757043444, 1.5943981232, 1.3133460081, 1.2974914998, 1.1324894285, 1.0758628694, 1.9883467764, 1.9396922092, 1.5152224664, 1.240706746, 1.0363321943, 0.9397046189, 0.818613361, 0.7378588315, 0.4897003007, 0.534598044, 1.6641594866, 1.2883492223, 1.0306333233, 0.7305072979, 0.7207928151, 0.1264265588, 0.0645590678, -0.0673522157, -0.3223471641, 0.0942234857, 1.0299129078, 1.1616469321, 0.5495475001, 0.2776988117, 0.0997913713, -0.2150220521, -0.4977905441, -0.4321758274, -0.3612367771, -0.0896240821, 0.7017875604, 0.6739469965, 0.1608985567, -0.1500359587, -0.4162594419, -0.6258863992, -0.5316590046, -0.7936673954, -0.8355505419, -0.1782172176, 0.6901214012, 0.5861054696, 0.0790301511, -0.3538863634, -0.7374626797, -0.8616603686, -0.939788284, -1.0686593755, -0.9643951841, -0.0585143061, 0.6038508602, 0.3020351384, -0.3356906913, -0.7429377189, -0.8044969291, -1.0385639594, -1.0232414699, -1.2140435487, -1.0486742179, -0.1488505743, 0.6247625251, 0.3369625893, -0.421246108, -0.8699604913, -1.1846427812, -1.1741370046, -1.3283803674, -1.436844261, -1.1343240529, -0.2018608584, 0.4257004434, -0.2295904232, -0.6569049198, -0.9862871193, -1.1903947913, -1.3580625848, -1.4716112927, -1.4007627859, -1.3506201313, -0.289623556, 0.0849135461, -0.2065036137, -0.8523140029, -1.026130534, -1.1424706832, -1.2893968325, -1.244085837, -1.3339879761, -1.0772649872, -0.3174731045]}