{"source": [{"position": [-205.88214158830576, 85.68280909851639], "counts": 500000.0}, {"position": [-46.957159747450554, -2.0062772620975515], "counts": 500000.0}], "output": [0.2825320885, 0.2174679115, 0.0, 0.0, 0.0, 0.0, 0.0, 0.0, 0.0, 0.0, 0.0, 0.0, 0.0, 0.0, 0.0, 0.0, 0.0, 0.0, 0.0, 0.0, 0.0, 0.0, 0.0, 0.0, 0.0, 0.0, 0.0, 0.0, 0.0, 0.0, 0.0, 0.0, 0.0, 0.0, 0.0, 0.0, 0.0, 0.0, 0.0, 0.0, 0.0, 0.0, 0.0, 0.0, 0.0, 0.0, 0.0, 0.0, 0.0, 0.0, 0.0, 0.0, 0.0, 0.0, 0.0, 0.0, 0.0, 0.0, 0.0, 0.0085166407, 0.4914833593, 0.0, 0.0, 0.0], "num_sources": 2, "seg_angles": 64, "input": [1.8219836865, 0.9495077859, 0.2641423222, -0.2016519425, -0.4541635169, -0.6720441629, -0.752660164, -0.9007695512, -0.9995320017, -1.0435253037, 2.0877848729, 1.2585767505, 0.6048813167, 0.0326115379, -0.2676748059, -0.5200119073, -0.7522019368, -0.8838151926, -0.9586832867, -1.0253393304, 2.1336996893, 1.4847004546, 0.6126691591, 0.0873426821, -0.2652444334, -0.5241355524, -0.7130944975, -0.855917316, -0.9530644501, -1.0365941907, 2.2642821632, 1.425123461, 0.7055930825, 0.2609998456, -0.2527012028, -0.5011168473, -0.7123072944, -0.8393565859, -0.9254356342, -1.0047800309, 2.1967486014, 1.4709432047, 0.6735765917, 0.2230124779, -0.2305893734, -0.5014690642, -0.6747071241, -0.7869603538, -0.9209365064, -0.9999681685, 2.2577106621, 1.4121971536, 0.8276563131, 0.2392661299, -0.240748056, -0.5273234929, -0.688483753, -0.8224520955, -0.9259958975, -1.0052339461, 2.2603301937, 1.4328626518, 0.7128230968, 0.1808302322, -0.1889382681, -0.5264737735, -0.6857096412, -0.8588859786, -0.9226923241, -1.0024745961, 2.161324262, 1.376883702, 0.6701990354, 0.1340345397, -0.2019399577, -0.4999779303, -0.7452530269, -0.8023862442, -0.9013645222, -0.9816286098, 2.1046530787, 1.3842038833, 0.6392113723, 0.0345515382, -0.270658705, -0.5008357057, -0.6496568554, -0.8011676827, -0.8306829678, -0.9180753748, 1.8136091771, 1.1157173245, 0.5089771293, 0.0631970069, -0.2545606488, -0.3565099687, -0.5119675034, -0.631098745, -0.7136477968, -0.7911423719]}