{"source": [{"position": [114.65367023713392, -312.63962624906424], "counts": 500000.0}, {"position": [-277.9672556951959, -321.4952639795517], "counts": 500000.0}], "output": [0.0, 0.0, 0.0, 0.0, 0.0, 0.0, 0.0, 0.0, 0.1308394012, 0.3691605988, 0.0, 0.0, 0.0, 0.0, 0.0, 0.0, 0.0, 0.0, 0.0, 0.2098315155, 0.2901684845, 0.0, 0.0, 0.0, 0.0, 0.0, 0.0, 0.0, 0.0, 0.0, 0.0, 0.0, 0.0, 0.0, 0.0, 0.0, 0.0, 0.0, 0.0, 0.0, 0.0, 0.0, 0.0, 0.0, 0.0, 0.0, 0.0, 0.0, 0.0, 0.0, 0.0, 0.0, 0.0, 0.0, 0.0, 0.0, 0.0, 0.0, 0.0, 0.0, 0.0, 0.0, 0.0, 0.0], "num_sources": 2, "seg_angles": 64, "input": [1.9030516684, 2.1607336054, 2.2211711757, 2.3186981959, 2.403882615, 2.2488898125, 1.9462992613, 1.952486833, 2.0350812823, 1.8486581079, 1.2009488312, 1.1869220021, 1.3787786509, 1.2607963044, 1.2798831573, 1.3720636351, 1.2353096989, 1.305408585, 1.4673453348, 0.9153690886, 0.865938281, 0.5902705483, 0.4942406867, 0.4735833972, 0.5159262718, 0.4248139645, 0.352805108, 0.3906410899, 0.361562285, 0.5383613262, 0.2767070539, 0.1143498825, -0.032340624, -0.0136919445, -0.1091397059, -0.3054913543, -0.177965228, -0.1469305605, -0.2198486, 0.2232694139, 0.2788338956, 0.0571540808, -0.3320871786, -0.5017192822, -0.5192888769, -0.5551418744, -0.6397380586, -0.5244609453, -0.4372434816, 0.1327967431, 0.3217480022, -0.0279206624, -0.4677619, -0.7330647291, -0.7697564587, -0.8580450795, -0.8419135132, -0.8973788785, -0.6761824077, 0.0535672699, 0.2196688985, -0.2630604707, -0.4729147258, -0.8193216799, -0.9989274846, -1.0223193182, -1.0561670024, -1.0125051033, -0.7936364787, -0.0669537079, 0.0898595119, -0.2839057025, -0.8113944485, -0.9890433891, -1.0197085677, -1.0952230017, -1.1403277859, -1.0816908531, -0.8169337101, -0.1328406325, 0.0690565194, -0.5346465171, -0.7645502583, -1.0087166209, -1.0599696772, -1.1824255164, -1.0811221892, -1.1755152139, -0.8834832515, -0.1999175789, -0.2443603086, -0.5585784579, -0.890237734, -1.125736319, -1.1989410718, -1.280373619, -1.2828996836, -1.1877723664, -0.903267151, -0.2604331348]}