{"source": [{"position": [358.5364590443773, -210.96826191614582], "counts": 500000.0}, {"position": [58.387018513589695, 183.956397195351], "counts": 500000.0}], "output": [0.0, 0.0, 0.0, 0.0, 0.0, 0.0, 0.0, 0.0, 0.0, 0.0, 0.0, 0.0, 0.0, 0.0, 0.0, 0.0, 0.0, 0.0, 0.0, 0.0, 0.0, 0.0, 0.0, 0.0, 0.0, 0.0, 0.2087286706, 0.2912713294, 0.0, 0.0, 0.0, 0.0, 0.0, 0.0, 0.0, 0.0, 0.0, 0.0, 0.0, 0.0, 0.0, 0.0, 0.0, 0.0, 0.0652647391, 0.4347352609, 0.0, 0.0, 0.0, 0.0, 0.0, 0.0, 0.0, 0.0, 0.0, 0.0, 0.0, 0.0, 0.0, 0.0, 0.0, 0.0, 0.0, 0.0], "num_sources": 2, "seg_angles": 64, "input": [-0.6411057923, -0.3907936189, -0.622103883, -0.3805855492, -0.3134211871, -0.2383791053, -0.2716251217, -0.3253135674, -0.023463897, 0.8962136364, -1.0632352195, -0.9898758049, -0.9869194264, -0.95337821, -0.917343049, -0.8392502801, -0.7951586997, -0.7379522403, 0.0496034867, 1.0934709389, -1.3663182292, -1.2422531643, -1.2362944093, -1.1622530914, -1.0266377725, -1.1983351408, -0.8215783345, -0.850201873, 0.031726926, 1.3871625266, -1.3661897751, -1.1781364203, -1.1177695789, -1.1790741558, -1.1431489748, -0.912536489, -0.7626599552, -0.5688247741, 0.1073412581, 1.4362644382, -1.2159885705, -1.0475434534, -0.9643192935, -0.9414105723, -0.8456113188, -0.6633052263, -0.7382017409, -0.3559043288, -0.0296747953, 1.487887776, -0.9775661634, -0.7478664563, -0.7112253669, -0.7338155707, -0.7777643409, -0.5972514096, -0.3302099005, -0.1224826647, 0.2244936847, 1.4982598701, -0.8046400815, -0.433846342, -0.5436293836, -0.3420313007, -0.1750019717, -0.2126039868, 0.0158840755, 0.0613328898, 0.3801786391, 1.5533010309, -0.2168445828, 0.044305613, 0.0309850446, 0.2053465683, 0.2531779602, 0.2121100925, 0.4624134859, 0.3835392393, 0.9208665499, 1.6540368038, 0.3634450982, 0.7876396296, 0.9389890649, 0.814544772, 0.8665980424, 1.1026038412, 1.0893589712, 1.5278256652, 1.5658208838, 2.1325765571, 0.9676712082, 1.2599791071, 1.531545938, 1.267177281, 1.4678319763, 1.7695178859, 1.6271786385, 1.8106572173, 2.414433911, 2.455557389]}