{"source": [{"position": [66.50902432072905, 32.4430221142339], "counts": 500000.0}, {"position": [-4.1037963615241395, 201.95830969639044], "counts": 500000.0}], "output": [0.0, 0.0, 0.0, 0.0, 0.0, 0.0, 0.0, 0.0, 0.0, 0.0, 0.0, 0.0, 0.0, 0.0, 0.0, 0.0, 0.0, 0.0, 0.0, 0.0, 0.0, 0.0, 0.0, 0.0, 0.0, 0.0, 0.0, 0.0, 0.0, 0.0, 0.0, 0.0, 0.0, 0.0, 0.0, 0.0, 0.1886164943, 0.3113835057, 0.0, 0.0, 0.0, 0.0, 0.0, 0.0, 0.0, 0.0, 0.0, 0.0, 0.3965252414, 0.1034747586, 0.0, 0.0, 0.0, 0.0, 0.0, 0.0, 0.0, 0.0, 0.0, 0.0, 0.0, 0.0, 0.0, 0.0], "num_sources": 2, "seg_angles": 64, "input": [-1.337067459, -1.2652518454, -1.2125859065, -1.1159662221, -1.050440699, -0.894782749, -0.6353420227, -0.2546503335, 0.3146019648, 0.9244626893, -1.2985924782, -1.2551540668, -1.1632236859, -1.0667380807, -0.8758859318, -0.7655307293, -0.4242974344, -0.0168895455, 0.5804007038, 1.3091618107, -1.2505979121, -1.1935230756, -1.0954327121, -0.9963478575, -0.8866293311, -0.6448079304, -0.3547818881, 0.1586701944, 0.7534498206, 1.4365533703, -1.2009741243, -1.1491525998, -1.0118941917, -0.9394718276, -0.7662184553, -0.6088072726, -0.2292964411, 0.1786977803, 0.6596955096, 1.522473031, -1.2064325262, -1.0661408729, -0.9621000925, -0.8591601225, -0.7198831841, -0.5394663149, -0.1883256828, 0.2511327595, 0.7918517095, 1.6877845888, -1.1235437562, -0.9404477292, -0.8837995071, -0.7549256498, -0.5862942125, -0.4555714529, -0.1429149581, 0.3586102562, 1.0369228933, 1.6777869716, -0.8679079233, -0.7805528157, -0.7385792075, -0.59819539, -0.4601937219, -0.2218331169, 0.0862248264, 0.5118960712, 1.0699435683, 1.6624614941, -0.5963023333, -0.4967600718, -0.24061844, -0.2732923791, -0.2465841884, -0.0206733244, 0.2012007152, 0.5100374525, 1.3367839072, 1.7917526206, -0.1457867598, 0.0791051724, 0.2075837943, 0.3551466388, 0.351807746, 0.3649302231, 0.5388082237, 0.8541293296, 1.4466190062, 1.9562126649, 1.1213801804, 1.414390991, 1.4361674928, 1.4885407473, 1.5883909366, 1.5061463946, 1.8205623052, 1.7564674011, 1.8404069727, 2.1372676123]}