{"source": [{"position": [-38.312567731889466, -54.96496296541445], "counts": 500000.0}, {"position": [458.0079011089492, 52.438178093588675], "counts": 500000.0}], "output": [0.0, 0.0, 0.0, 0.0, 0.0, 0.0, 0.0, 0.0, 0.0, 0.1002570663, 0.3997429337, 0.0, 0.0, 0.0, 0.0, 0.0, 0.0, 0.0, 0.0, 0.0, 0.0, 0.0, 0.0, 0.0, 0.0, 0.0, 0.0, 0.0, 0.0, 0.0, 0.0, 0.0, 0.0, 0.4194257176, 0.0805742824, 0.0, 0.0, 0.0, 0.0, 0.0, 0.0, 0.0, 0.0, 0.0, 0.0, 0.0, 0.0, 0.0, 0.0, 0.0, 0.0, 0.0, 0.0, 0.0, 0.0, 0.0, 0.0, 0.0, 0.0, 0.0, 0.0, 0.0, 0.0, 0.0], "num_sources": 2, "seg_angles": 64, "input": [1.7641441898, 1.8334797503, 1.9057999843, 1.8528562523, 2.1086016527, 1.8113765176, 1.8802783073, 2.1300858861, 1.9800986391, 1.7920362151, 1.5909045534, 0.9525946565, 1.0265823013, 1.1245884254, 1.0558875991, 0.9560610542, 1.0420298072, 0.9780894472, 1.1299352867, 0.8887121352, 1.4706461019, 0.4633260821, 0.282234927, 0.2866003009, 0.2440321732, 0.1784931453, 0.2116640178, 0.2699394318, 0.2836757344, 0.2294140004, 1.2865353629, 0.3538404894, -0.1641498081, -0.3121808838, -0.3406509266, -0.2824198895, -0.2859456379, -0.1953428691, -0.2266468395, -0.1637237943, 1.385986314, 0.2085596378, -0.3924097102, -0.6556369925, -0.5869002121, -0.562935879, -0.5634118135, -0.5254410315, -0.4805598439, -0.4132507142, 1.2520079238, 0.2237690454, -0.4162356411, -0.7645016039, -0.868695244, -0.8789913454, -0.8712971194, -0.7582451587, -0.6798364584, -0.6552745542, 1.3035362012, 0.1283532759, -0.5316395591, -0.8941922424, -0.9111164815, -1.0295708144, -0.9718253413, -0.9142767833, -0.8745021622, -0.7820378374, 1.2895965889, 0.0081204605, -0.5477591285, -0.8637816377, -1.0514113299, -1.085316789, -0.9966726339, -1.0722570955, -0.9746250609, -0.8806586148, 1.0887545326, -0.0463780439, -0.5711154782, -0.9865000365, -1.1113276424, -1.1446905905, -1.1458195452, -1.1287965476, -1.020365179, -0.9340005527, 0.8580543934, -0.1582418011, -0.6622498446, -0.9730176678, -1.1326044498, -1.1648299356, -1.2050321955, -1.169614367, -1.1208851564, -1.0094862851]}