{"source": [{"position": [-273.8689190578083, -364.5981557469918], "counts": 500000.0}, {"position": [204.0904764296999, -398.8120828544417], "counts": 500000.0}], "output": [0.0, 0.0, 0.0, 0.0, 0.0, 0.0, 0.0, 0.0, 0.0, 0.2810796421, 0.2189203579, 0.0, 0.0, 0.0, 0.0, 0.0, 0.0, 0.0, 0.0, 0.0, 0.0910299179, 0.4089700821, 0.0, 0.0, 0.0, 0.0, 0.0, 0.0, 0.0, 0.0, 0.0, 0.0, 0.0, 0.0, 0.0, 0.0, 0.0, 0.0, 0.0, 0.0, 0.0, 0.0, 0.0, 0.0, 0.0, 0.0, 0.0, 0.0, 0.0, 0.0, 0.0, 0.0, 0.0, 0.0, 0.0, 0.0, 0.0, 0.0, 0.0, 0.0, 0.0, 0.0, 0.0, 0.0], "num_sources": 2, "seg_angles": 64, "input": [2.0830126179, 2.2767551281, 1.9692513973, 2.0310635523, 2.1239736977, 2.4883572921, 1.9581855347, 2.2168926217, 2.0747964539, 1.9814149115, 1.0449813414, 1.0893467373, 0.8695590308, 1.1603722219, 1.2819102405, 1.4260088767, 1.2124962995, 1.197495478, 1.2885492512, 0.9894327812, 0.8249118204, 0.1932733075, 0.4168861886, 0.3489438938, 0.1921506243, 0.3611522829, 0.3146765371, 0.339506258, 0.225224415, 0.6638870705, 0.5977092505, 0.378628978, -0.2433012228, 0.0469048135, -0.1749485302, -0.2258612186, -0.3442946792, -0.1186241754, -0.1742477324, 0.4784035814, 0.5397324168, -0.0659126804, -0.3805742914, -0.620871334, -0.6048621131, -0.7425859566, -0.5633666786, -0.5808034444, -0.2598740055, 0.2482327049, 0.3081117132, -0.2109689171, -0.4443967106, -0.8469032248, -0.9028417758, -0.9033014828, -0.925057963, -0.6591319393, -0.3768186, 0.3277840757, 0.2139546239, -0.4154998051, -0.596386573, -0.9618974564, -1.035849906, -1.0304364121, -1.0642372689, -0.9402343837, -0.6122196151, 0.2930206525, 0.2810388596, -0.5706119148, -0.7581772214, -1.035846742, -1.159332712, -1.203325806, -1.1656689861, -1.0746442616, -0.5534070902, 0.1574815831, 0.1163480349, -0.3794579334, -0.7867024268, -1.0455269257, -1.1977453861, -1.2151180998, -1.1735421359, -1.0177775388, -0.6770952252, 0.1204840615, 0.1961074249, -0.596031774, -1.0240194396, -1.1072206012, -1.2619482923, -1.3458983206, -1.3294194321, -1.1905485698, -0.8707357918, -0.1822979149]}