{"source": [{"position": [-94.08271021006419, -64.37735346788561], "counts": 500000.0}, {"position": [14.903048013966123, -53.98054427192655], "counts": 500000.0}], "output": [0.0, 0.0, 0.0, 0.0, 0.0, 0.0, 0.4437860075, 0.0562139925, 0.0, 0.0, 0.0, 0.0, 0.0, 0.0, 0.0, 0.0, 0.0, 0.0, 0.1281011415, 0.3718988585, 0.0, 0.0, 0.0, 0.0, 0.0, 0.0, 0.0, 0.0, 0.0, 0.0, 0.0, 0.0, 0.0, 0.0, 0.0, 0.0, 0.0, 0.0, 0.0, 0.0, 0.0, 0.0, 0.0, 0.0, 0.0, 0.0, 0.0, 0.0, 0.0, 0.0, 0.0, 0.0, 0.0, 0.0, 0.0, 0.0, 0.0, 0.0, 0.0, 0.0, 0.0, 0.0, 0.0, 0.0], "num_sources": 2, "seg_angles": 64, "input": [1.8771955242, 2.2980175618, 2.1896540639, 2.3635294138, 2.2147053319, 2.3242121922, 2.1776156462, 2.2334742868, 2.2064123397, 1.8427461261, 1.3027726691, 1.3256120279, 1.2480843589, 1.2801080083, 1.1890486213, 1.2492803874, 1.2511129928, 1.2420535343, 1.0546602281, 0.8858871893, 0.9165843643, 0.83009797, 0.5663713521, 0.5489345183, 0.4826757596, 0.3418521965, 0.4343106805, 0.3885408358, 0.3328581767, 0.3224671641, 0.5557875793, 0.3739651659, 0.1721885918, -0.0421226688, -0.0380792649, -0.1478661914, -0.1794636593, -0.1916083499, -0.2598910974, 0.0678886573, 0.2736216171, 0.0759115342, -0.2333234207, -0.3349331686, -0.4245099006, -0.5009077215, -0.5100302521, -0.557609844, -0.6476447449, -0.1486192722, 0.1503529828, -0.0965812531, -0.479347861, -0.5635365975, -0.665173264, -0.7660201371, -0.83929157, -0.7972132836, -0.8282423706, -0.3123221346, -0.0777465398, -0.2429394996, -0.4856113499, -0.7384491659, -0.8063824416, -0.8725667419, -0.9159813137, -0.9566923677, -0.9549126817, -0.3871353694, -0.0986060965, -0.2918170553, -0.6720766768, -0.8041420974, -0.9514932364, -0.9977289743, -1.0839895209, -1.0791054375, -1.0377520951, -0.3366976579, -0.1017853282, -0.4377861738, -0.7076719711, -0.8714435254, -1.0410272333, -1.0896447028, -1.124818343, -1.1444694981, -1.0705813738, -0.4474887924, -0.3022735732, -0.6061337034, -0.8431593623, -1.0129657522, -1.1299795849, -1.1577803547, -1.2195816944, -1.2241793639, -1.1339841894, -0.5676727829]}