{"source": [{"position": [199.59263849743851, -147.19639485269616], "counts": 500000.0}, {"position": [173.90166700498995, -5.848949725001908], "counts": 500000.0}], "output": [0.0, 0.0, 0.0, 0.0, 0.0, 0.0, 0.0, 0.0, 0.0, 0.0, 0.0, 0.0, 0.0, 0.0, 0.0, 0.0, 0.0, 0.0, 0.0, 0.0, 0.0, 0.0, 0.0, 0.0, 0.0, 0.2362830251, 0.2637169749, 0.0, 0.0, 0.0, 0.0, 0.1712302821, 0.3287697179, 0.0, 0.0, 0.0, 0.0, 0.0, 0.0, 0.0, 0.0, 0.0, 0.0, 0.0, 0.0, 0.0, 0.0, 0.0, 0.0, 0.0, 0.0, 0.0, 0.0, 0.0, 0.0, 0.0, 0.0, 0.0, 0.0, 0.0, 0.0, 0.0, 0.0, 0.0], "num_sources": 2, "seg_angles": 64, "input": [-0.0957994885, 0.0135664345, -0.0516609891, 0.0870938347, 0.2118545187, 0.4237217442, 0.5780744045, 0.9701699664, 1.3677313196, 1.8066703254, -0.4997509533, -0.4579648258, -0.382185379, -0.2737490473, -0.114183357, 0.1136329561, 0.3161081725, 0.6758356774, 1.5206501862, 2.2385320209, -0.8507312281, -0.755650648, -0.6065829268, -0.5351289057, -0.4225019549, -0.1911203992, 0.1421516563, 0.5361258119, 1.2979513069, 2.1936560007, -0.9800471556, -0.8176527062, -0.8391226046, -0.6611507258, -0.5256154272, -0.3078437435, -0.0063706919, 0.5626327189, 1.2611910722, 2.2669539433, -1.0786437514, -0.9833532786, -0.8956443443, -0.8169135002, -0.7041806173, -0.2688231453, 0.0583968795, 0.3327962797, 1.2005512441, 2.0512565763, -1.0883000572, -1.0360116607, -0.9727476586, -0.7662250884, -0.6441294631, -0.2200216785, 0.0609997287, 0.4600788691, 1.3935127546, 2.3330457054, -1.145071084, -1.1057756654, -1.0015615953, -0.823340405, -0.6565983837, -0.3345169317, 0.0227714747, 0.5542401372, 1.2395856279, 2.2702371743, -1.1666236864, -1.1082746102, -1.0081026413, -0.7829445853, -0.6873119988, -0.3988262828, -0.1474537002, 0.4570423092, 1.2985387004, 2.1415140923, -1.1962910407, -1.103278841, -1.0414245022, -0.870865843, -0.7458861463, -0.3762824641, -0.1276602131, 0.4321282527, 1.1943731395, 1.9962068959, -1.1586384184, -1.140645511, -1.0485735388, -1.0249171694, -0.8177042448, -0.6394354881, -0.4062870985, 0.1765935729, 0.9341773452, 1.7217486593]}