{"source": [{"position": [287.74200542626147, -65.03490073240164], "counts": 500000.0}, {"position": [156.75613190858599, -32.054876525389886], "counts": 500000.0}], "output": [0.0, 0.0, 0.0, 0.0, 0.0, 0.0, 0.0, 0.0, 0.0, 0.0, 0.0, 0.0, 0.0, 0.0, 0.0, 0.0, 0.0, 0.0, 0.0, 0.0, 0.0, 0.0, 0.0, 0.0, 0.0, 0.0, 0.0, 0.0, 0.0, 0.1593697301, 0.8406302699, 0.0, 0.0, 0.0, 0.0, 0.0, 0.0, 0.0, 0.0, 0.0, 0.0, 0.0, 0.0, 0.0, 0.0, 0.0, 0.0, 0.0, 0.0, 0.0, 0.0, 0.0, 0.0, 0.0, 0.0, 0.0, 0.0, 0.0, 0.0, 0.0, 0.0, 0.0, 0.0, 0.0], "num_sources": 2, "seg_angles": 64, "input": [-0.0122995987, 0.0943342059, 0.1040671879, 0.2180847155, 0.3131378028, 0.3345028301, 0.3535259302, 0.6111333355, 1.1328425109, 1.7539499339, -0.9607451576, -0.8328224105, -0.7844530655, -0.7372422968, -0.5826505871, -0.2804093369, 0.0471587935, 0.7164940927, 1.3123635933, 1.9194660272, -1.0262581274, -0.9591341167, -0.8894871233, -0.8403448855, -0.6241120366, -0.3016229815, 0.0697722006, 0.6881502171, 1.4610593246, 2.0931043251, -1.0610158897, -1.0004503053, -0.8385749361, -0.7756128064, -0.5000989703, -0.2677014639, 0.0526904859, 0.6273890692, 1.3363862414, 2.2198968388, -1.1004268917, -1.0145051597, -0.8772547309, -0.726101539, -0.5136188919, -0.2718948981, 0.1521266544, 0.7117999145, 1.3108680692, 2.2294129941, -1.0528469094, -1.0120617366, -0.8910331287, -0.6908242472, -0.5154889007, -0.2125539141, 0.2101844456, 0.7336778402, 1.3175650131, 2.2015758736, -1.1134657986, -1.0151879705, -0.9394771085, -0.8005171184, -0.6355418257, -0.286200897, 0.1966520482, 0.7044128331, 1.4295187204, 2.1345341252, -1.1201472751, -1.0111079116, -0.9400699342, -0.7995077557, -0.5662301184, -0.3453501953, 0.1071396333, 0.806377663, 1.4312269438, 2.1420537009, -1.1265476917, -1.0293653538, -0.9071860506, -0.8625122336, -0.5801052917, -0.2540758838, -0.0107532024, 0.649030491, 1.251845916, 1.8842727336, -1.1115156335, -1.0530314448, -1.017234742, -0.8833432479, -0.6914200618, -0.5903378572, -0.2892527143, 0.3252639845, 1.027248068, 1.7168350342]}