{"source": [{"position": [412.4838936679894, -179.88062003588595], "counts": 500000.0}, {"position": [-213.12667361486666, -198.13636968982274], "counts": 500000.0}], "output": [0.0, 0.0, 0.0, 0.0, 0.0, 0.0, 0.0, 0.1855532839, 0.3144467161, 0.0, 0.0, 0.0, 0.0, 0.0, 0.0, 0.0, 0.0, 0.0, 0.0, 0.0, 0.0, 0.0, 0.0, 0.0, 0.0, 0.0, 0.0, 0.0943640038, 0.4056359962, 0.0, 0.0, 0.0, 0.0, 0.0, 0.0, 0.0, 0.0, 0.0, 0.0, 0.0, 0.0, 0.0, 0.0, 0.0, 0.0, 0.0, 0.0, 0.0, 0.0, 0.0, 0.0, 0.0, 0.0, 0.0, 0.0, 0.0, 0.0, 0.0, 0.0, 0.0, 0.0, 0.0, 0.0, 0.0], "num_sources": 2, "seg_angles": 64, "input": [2.073846575, 2.0319014833, 2.2030300658, 2.0166976546, 2.3516103273, 2.1705771455, 2.3370537622, 2.10858612, 2.4276448944, 2.3602276238, 1.2556773962, 0.6903035287, 0.5841187547, 0.5722742249, 0.5649303349, 0.5725222279, 0.5496194662, 1.1308084177, 1.2443637552, 1.5832702823, 0.8684950137, 0.5012498954, -0.0004182931, -0.3926570081, -0.5924076192, -0.266304092, -0.1512214226, 0.4886231143, 0.6303123389, 0.9821390046, 1.131359549, 0.1150907218, -0.5391628979, -0.7588222403, -0.9347606172, -0.747150101, -0.6732998787, -0.2885431641, -0.0048728835, 0.2908014168, 0.5787196598, -0.007093383, -0.3463940588, -0.8835828298, -0.9010566186, -0.8180893704, -0.8283005967, -0.4590646608, -0.2934421224, 0.2897723328, 0.8285576949, 0.1477186262, -0.4694752891, -0.9578319399, -0.9116532435, -1.0258298299, -1.0216582956, -0.6366964507, -0.3326041181, 0.148580112, 0.6634540413, -0.0519575093, -0.5318966613, -0.9680921241, -0.9953534605, -0.9875053961, -0.8754858272, -0.4711065531, -0.1925311101, 0.0260355868, 0.6505445449, -0.0928033984, -0.4286537275, -0.9853066814, -1.0392115084, -0.9936549011, -1.0166063888, -0.8342212144, -0.3359227872, 0.0724853465, 0.8279162002, -0.125413998, -0.5840300395, -0.8877860566, -1.2961985408, -1.194584654, -0.9845697824, -0.9231584798, -0.3628330469, -0.079877552, 0.3433286115, -0.2959746834, -0.6765839053, -1.032739101, -1.3084920993, -1.3082503746, -1.3957062682, -0.9276970887, -0.5809208, -0.4067291074]}