{"source": [{"position": [-8.02423417648922, 47.32453555906135], "counts": 500000.0}, {"position": [6.904692482870668, 79.70147565583079], "counts": 500000.0}], "output": [0.0, 0.0, 0.0, 0.0, 0.0, 0.0, 0.0, 0.0, 0.0, 0.0, 0.0, 0.0, 0.0, 0.0, 0.0, 0.0, 0.0, 0.0, 0.0, 0.0, 0.0, 0.0, 0.0, 0.0, 0.0, 0.0, 0.0, 0.0, 0.0, 0.0, 0.0, 0.0, 0.0, 0.0, 0.0, 0.0, 0.0, 0.0, 0.0, 0.0, 0.0, 0.0, 0.0, 0.0, 0.0, 0.0, 0.0, 0.4401139483, 0.0598860517, 0.1445860219, 0.3554139781, 0.0, 0.0, 0.0, 0.0, 0.0, 0.0, 0.0, 0.0, 0.0, 0.0, 0.0, 0.0, 0.0], "num_sources": 2, "seg_angles": 64, "input": [-0.806374362, -0.9997870057, -0.9921800281, -1.0029795962, -0.987655797, -1.0023042093, -1.0026247567, -1.0057308302, -1.0118022211, -0.986859244, -0.7414914588, -0.926264273, -0.9197317551, -0.9177487752, -0.9133622251, -0.8998540117, -0.9058341274, -0.9407257685, -0.9219129847, -0.9408921039, -0.7166281002, -0.8482012919, -0.8259877983, -0.8195878134, -0.8296248669, -0.8287939242, -0.8494467429, -0.845835963, -0.8516630881, -0.8478865286, -0.6044478224, -0.7119011905, -0.6953314688, -0.7161086026, -0.6992455003, -0.6871112747, -0.6846086695, -0.6840761145, -0.7050776382, -0.7742411779, -0.5267286158, -0.5260765058, -0.5240012123, -0.53820333, -0.4615059387, -0.4822183543, -0.4993021511, -0.4778437091, -0.5534574799, -0.6188194768, -0.2870208697, -0.2492854206, -0.227644517, -0.1884800868, -0.1696161197, -0.2256716148, -0.1673245691, -0.2408962454, -0.3228233824, -0.4068706382, -0.042391692, 0.1397362317, 0.1024667637, 0.1866301505, 0.1738079028, 0.2171632736, 0.1615564514, 0.1160918986, 0.11545221, -0.1712570099, 0.3852888185, 0.6248793918, 0.6675624889, 0.7143860203, 0.7259459826, 0.8189859417, 0.7473856336, 0.732069094, 0.5875130733, 0.3709327341, 1.0296180607, 1.3233374709, 1.4104785219, 1.5266022458, 1.4581582092, 1.5385541276, 1.4332615725, 1.3487296993, 1.3132474844, 0.9671765316, 1.770050891, 2.1206636424, 2.1489997846, 2.1645890791, 2.1854913224, 2.1247516997, 2.210182535, 2.2690365221, 2.1772556416, 1.8513209475]}