{"source": [{"position": [265.91678321923064, 374.12466425288875], "counts": 500000.0}, {"position": [-18.48262789706027, -9.969577023064192], "counts": 500000.0}], "output": [0.0, 0.0, 0.0, 0.0, 0.0, 0.4806633265, 0.0193366735, 0.0, 0.0, 0.0, 0.0, 0.0, 0.0, 0.0, 0.0, 0.0, 0.0, 0.0, 0.0, 0.0, 0.0, 0.0, 0.0, 0.0, 0.0, 0.0, 0.0, 0.0, 0.0, 0.0, 0.0, 0.0, 0.0, 0.0, 0.0, 0.0, 0.0, 0.0, 0.0, 0.0, 0.0, 0.1470304663, 0.3529695337, 0.0, 0.0, 0.0, 0.0, 0.0, 0.0, 0.0, 0.0, 0.0, 0.0, 0.0, 0.0, 0.0, 0.0, 0.0, 0.0, 0.0, 0.0, 0.0, 0.0, 0.0], "num_sources": 2, "seg_angles": 64, "input": [2.2962227885, 1.5929129841, 1.2690753162, 1.0817290337, 0.7897567636, 0.6463741274, 0.4935468617, 0.3417341427, 0.241473328, 0.088252772, 2.4640396397, 1.5564383427, 0.6683005877, 0.1671996372, -0.1359576203, -0.2743771288, -0.4002424497, -0.4981702396, -0.5475068156, -0.5872231766, 2.4563361693, 1.5196098239, 0.557388674, 0.0256058192, -0.2700808233, -0.5362762322, -0.6954997187, -0.789859097, -0.8309639535, -0.8588656171, 2.4581579283, 1.3863960563, 0.5855517102, -0.0010685564, -0.3790716523, -0.6060179098, -0.7355115806, -0.8358833034, -0.9053783663, -0.9320196475, 2.2703861679, 1.3238304478, 0.4613326181, -0.080377568, -0.4094267215, -0.6604749956, -0.7899258692, -0.8896090017, -0.9306877911, -0.9700245672, 2.1722753638, 1.2441462581, 0.3956143382, -0.1167276811, -0.4327189068, -0.6657214641, -0.8462768761, -0.9156336797, -0.9665704034, -0.9649729334, 2.0128836805, 1.0961563165, 0.2803254741, -0.1932530146, -0.5305007218, -0.6852515838, -0.8374425714, -0.9329774354, -0.9839092159, -0.9850410121, 1.8733267604, 0.9197004756, 0.2337895807, -0.1756871191, -0.5144469073, -0.7268464343, -0.864315042, -0.9098919028, -0.9708862452, -0.9925067795, 1.6776988372, 0.8542092353, 0.1777524025, -0.2909951506, -0.5600379694, -0.7689241214, -0.8534132645, -0.9054463931, -0.9634877652, -0.9928382476, 1.3552292181, 0.5153339339, 0.0174915981, -0.3639771935, -0.6015735283, -0.7748788014, -0.8336550998, -0.9122070332, -0.9608219367, -1.0232503758]}