{"source": [{"position": [33.63719443173826, 115.18914510821513], "counts": 500000.0}, {"position": [13.83204629483428, 244.60922814828055], "counts": 500000.0}], "output": [0.0, 0.0, 0.0, 0.0, 0.0, 0.0, 0.0, 0.0, 0.0, 0.0, 0.0, 0.0, 0.0, 0.0, 0.0, 0.0, 0.0, 0.0, 0.0, 0.0, 0.0, 0.0, 0.0, 0.0, 0.0, 0.0, 0.0, 0.0, 0.0, 0.0, 0.0, 0.0, 0.0, 0.0, 0.0, 0.0, 0.0, 0.0, 0.0, 0.0, 0.0, 0.0, 0.0, 0.0, 0.0, 0.446995962, 0.053004038, 0.2876877989, 0.2123122011, 0.0, 0.0, 0.0, 0.0, 0.0, 0.0, 0.0, 0.0, 0.0, 0.0, 0.0, 0.0, 0.0, 0.0, 0.0], "num_sources": 2, "seg_angles": 64, "input": [-1.1213467287, -1.0776939673, -1.1121757808, -1.0882158139, -1.0914101673, -1.0875742266, -1.0556567295, -1.0454537015, -0.860549803, -0.1543680407, -1.1013416053, -1.0341564873, -1.0366896363, -1.0247843657, -1.0235106408, -1.0056455933, -1.0131606137, -0.9324983664, -0.7847033381, -0.0416676332, -0.9726250899, -0.8666933245, -0.8835297971, -0.9163961256, -0.8715991977, -0.8814186262, -0.9037446048, -0.8470763951, -0.6973863499, 0.0166296581, -0.891653547, -0.8130055036, -0.7572627121, -0.7646504096, -0.8084422002, -0.7014330566, -0.7662726391, -0.7303747651, -0.5923676137, 0.0914232875, -0.7475097202, -0.6012653405, -0.5464754416, -0.5763514071, -0.5093610037, -0.6234347254, -0.5967449368, -0.5524352656, -0.4942612141, 0.0878459337, -0.5047327382, -0.3270567506, -0.2346532348, -0.2858916269, -0.3177710957, -0.2734252542, -0.3652651045, -0.2424400154, -0.2171239507, 0.3348478905, -0.2425732677, -0.027459661, 0.0708671434, 0.0975373907, 0.0583546714, 0.2720229849, 0.186223049, 0.1280170056, 0.1685148439, 0.4280587506, 0.2387225603, 0.5694362891, 0.5241775427, 0.6838636346, 0.6284412262, 0.7157179742, 0.5831607048, 0.6824005907, 0.5043993207, 0.7482290442, 0.9109071556, 1.365610355, 1.2907334434, 1.4068889818, 1.4516549533, 1.3834412924, 1.4389597451, 1.536659578, 1.3050193819, 1.1031499288, 1.7624744028, 2.1268554912, 2.1195102424, 2.1067993304, 2.2075590426, 2.1458459465, 2.1940393412, 2.164037347, 2.0166870416, 1.789042454]}