{"source": [{"position": [-254.40203038556024, 178.8871346288058], "counts": 500000.0}, {"position": [-128.02013292212627, 298.72369435081833], "counts": 500000.0}], "output": [0.0, 0.0, 0.0, 0.0, 0.0, 0.0, 0.0, 0.0, 0.0, 0.0, 0.0, 0.0, 0.0, 0.0, 0.0, 0.0, 0.0, 0.0, 0.0, 0.0, 0.0, 0.0, 0.0, 0.0, 0.0, 0.0, 0.0, 0.0, 0.0, 0.0, 0.0, 0.0, 0.0, 0.0, 0.0, 0.0, 0.0, 0.0, 0.0, 0.0, 0.0, 0.0, 0.0, 0.0, 0.0, 0.0, 0.0, 0.0, 0.0, 0.0, 0.0, 0.0, 0.4379651091, 0.0620348909, 0.0, 0.0, 0.0, 0.1212110931, 0.3787889069, 0.0, 0.0, 0.0, 0.0, 0.0], "num_sources": 2, "seg_angles": 64, "input": [1.0736798325, 0.037509283, -0.4748416751, -0.8386984436, -0.9256058964, -1.1468687321, -1.1697753337, -1.1966063167, -1.2491294247, -1.2595051157, 1.6057301059, 0.3878765881, -0.4586634631, -0.6334959627, -0.816260733, -1.0113069584, -1.1240204131, -1.1688397382, -1.1994006064, -1.2275228266, 1.555732806, 0.5187164214, -0.2657923188, -0.5861449586, -0.822970428, -0.9671736, -1.082834477, -1.1074914788, -1.1556075021, -1.2075473834, 1.5937094928, 0.4501054561, -0.1007140532, -0.6665124045, -0.7621633663, -0.9834602645, -0.9864105744, -0.9628593412, -1.0699853596, -1.1386709948, 1.2370511879, 0.4871205826, -0.2443273935, -0.4146108222, -0.630350156, -0.8022473205, -0.9023246249, -0.8673358896, -0.9090208709, -1.0191929588, 1.6625137895, 0.6007168549, -0.0212190061, -0.3672936705, -0.5949146261, -0.5774847486, -0.6908709447, -0.7581181058, -0.7540003265, -0.9343608582, 1.6152880414, 0.6012930268, 0.0106172775, -0.2146864756, -0.3092809333, -0.3378065399, -0.3677988561, -0.4328314004, -0.4319531504, -0.5686024517, 1.3595459393, 0.6843109565, 0.4535111851, 0.1263736547, 0.0338840812, 0.2093087433, -0.0250832655, 0.1200343561, 0.0127310371, -0.3756113162, 1.7203910713, 1.1598466349, 0.9547823132, 0.866038227, 0.6864477196, 0.7566350457, 1.0893864647, 0.7800997262, 0.9535365907, 0.4955551447, 1.6277947665, 1.7922624898, 1.9520845774, 1.5643233696, 1.8639985811, 1.8766032186, 1.7751165271, 1.6810160061, 1.7801788016, 1.5047488814]}