{"source": [{"position": [-185.33404702937307, 176.59923842336957], "counts": 500000.0}, {"position": [277.5082451769581, 297.72163821060326], "counts": 500000.0}], "output": [0.0, 0.0, 0.0, 0.0, 0.0, 0.0, 0.0, 0.0, 0.0, 0.0, 0.0, 0.0, 0.0, 0.0, 0.0, 0.0, 0.0, 0.0, 0.0, 0.0, 0.0, 0.0, 0.0, 0.0, 0.0, 0.0, 0.0, 0.0, 0.0, 0.0, 0.0, 0.0, 0.0, 0.0, 0.0, 0.0, 0.0, 0.0, 0.0, 0.0, 0.3211086954, 0.1788913046, 0.0, 0.0, 0.0, 0.0, 0.0, 0.0, 0.0, 0.0, 0.0, 0.0, 0.0, 0.0, 0.0, 0.0, 0.3771116585, 0.1228883415, 0.0, 0.0, 0.0, 0.0, 0.0, 0.0], "num_sources": 2, "seg_angles": 64, "input": [0.4394311094, -0.3296835406, -0.8755620763, -1.1190832789, -1.2381257052, -1.2449305644, -1.3330256898, -1.0677607268, -0.8306309739, -0.4372147015, 0.6042267051, 0.0326005816, -0.5601152456, -0.9922804129, -1.1327708218, -1.1348139792, -1.194376397, -1.0354119923, -0.7052144509, -0.1622871815, 0.7968407859, -0.0177147374, -0.5265551131, -0.9116329999, -1.1746886363, -1.2301424632, -1.1937993669, -1.099903811, -0.5575696088, -0.0619089627, 0.9154110569, -0.0151191095, -0.5001290118, -0.7230709845, -1.0540917228, -1.1596064438, -1.0101415505, -0.8779576841, -0.4962529375, -0.0398687093, 1.0460924379, 0.1780655454, -0.4002859908, -0.8649432327, -0.8924069789, -1.1510299179, -1.1146469148, -0.9478827054, -0.6051567389, 0.0742760926, 0.9963938538, 0.1623437172, -0.2689673852, -0.6966005861, -0.9486564245, -0.891961694, -0.7973673861, -0.6146748609, -0.2451796741, 0.1044884356, 1.3098218084, 0.4016846166, -0.1337142282, -0.3753175104, -0.5627745338, -0.5557717562, -0.5003213662, -0.4890448209, -0.2094143449, 0.2537125492, 1.2210172776, 0.7766033789, 0.0757478241, -0.0434287443, 0.2023558664, 0.0500984326, 0.1485764316, -0.0062647904, 0.3779328239, 0.7163338432, 1.4275112767, 0.7912424605, 1.1351402464, 0.7827848687, 0.9810964557, 0.8936095068, 1.1644132622, 0.7657465078, 0.7405575998, 1.2270891678, 1.918871681, 2.1027712206, 2.1311482818, 2.2288984754, 1.9714689982, 2.0078815, 2.1798695153, 1.8817472042, 2.0017618441, 2.1415889303]}