{"source": [{"position": [32.06105106115983, -164.91236765280433], "counts": 500000.0}, {"position": [314.8684960778911, -44.517751264490485], "counts": 500000.0}], "output": [0.0, 0.0, 0.0, 0.0, 0.0, 0.0, 0.0, 0.0, 0.0, 0.0, 0.0, 0.0, 0.0, 0.0, 0.0, 0.0, 0.0, 0.02206349, 0.47793651, 0.0, 0.0, 0.0, 0.0, 0.0, 0.0, 0.0, 0.0, 0.0, 0.0, 0.0, 0.2153277378, 0.2846722622, 0.0, 0.0, 0.0, 0.0, 0.0, 0.0, 0.0, 0.0, 0.0, 0.0, 0.0, 0.0, 0.0, 0.0, 0.0, 0.0, 0.0, 0.0, 0.0, 0.0, 0.0, 0.0, 0.0, 0.0, 0.0, 0.0, 0.0, 0.0, 0.0, 0.0, 0.0, 0.0], "num_sources": 2, "seg_angles": 64, "input": [1.3442515797, 1.5613541745, 1.4261903524, 1.7855931712, 1.8093198795, 1.9435819942, 1.8571975201, 1.7374801135, 2.0438637194, 2.1266135776, 0.3186587164, 0.5548634797, 0.9269769968, 0.6757110155, 1.0459752418, 1.0373328292, 1.1808860729, 1.3845463282, 1.7684108307, 1.9090880321, -0.3147553695, 0.0139213078, 0.0845817928, 0.2853657684, 0.3528984581, 0.632371023, 0.5431445815, 0.9144953235, 1.1194658375, 1.4890102362, -0.5860145896, -0.3398953533, -0.308264712, -0.1340340974, -0.1292288437, 0.0220386325, 0.1728761194, 0.3714851808, 0.670939671, 0.9893085138, -0.8434355351, -0.7143977636, -0.661857634, -0.5214580722, -0.4121376513, -0.2224885245, -0.1722979664, -0.0450409093, 0.4768420852, 1.1430593007, -1.0244083258, -0.8679984816, -0.8515845463, -0.7687758388, -0.7281133536, -0.558703579, -0.2955965759, -0.1405563248, 0.1175937906, 1.2438002161, -1.1784712872, -1.0765781532, -0.9025213076, -0.9376929391, -0.7387454407, -0.7041369951, -0.6314468029, -0.4277852853, 0.0192765991, 1.0440850898, -1.2723479847, -1.1491291797, -1.1235384743, -1.0869220283, -1.030258329, -0.7489839592, -0.6731506441, -0.2271448826, -0.0273444865, 0.9479786389, -1.3424810305, -1.3021565178, -1.2624323232, -1.1420807282, -1.0790733725, -0.8515349277, -0.8013644169, -0.556421393, -0.3026469758, 0.9560403227, -1.4185644212, -1.3834306321, -1.3580637434, -1.2446438519, -1.1835923518, -1.034014251, -0.9843045045, -0.7194788086, -0.2435669937, 0.7386193562]}