{"source": [{"position": [-70.7233108774312, -18.089038076531953], "counts": 500000.0}, {"position": [58.27126815650275, 283.06440840810944], "counts": 500000.0}], "output": [0.0, 0.0, 0.2247046745, 0.2752953255, 0.0, 0.0, 0.0, 0.0, 0.0, 0.0, 0.0, 0.0, 0.0, 0.0, 0.0, 0.0, 0.0, 0.0, 0.0, 0.0, 0.0, 0.0, 0.0, 0.0, 0.0, 0.0, 0.0, 0.0, 0.0, 0.0, 0.0, 0.0, 0.0, 0.0, 0.0, 0.0, 0.0, 0.0, 0.0, 0.0, 0.0, 0.0, 0.0, 0.0, 0.0, 0.0339851831, 0.4660148169, 0.0, 0.0, 0.0, 0.0, 0.0, 0.0, 0.0, 0.0, 0.0, 0.0, 0.0, 0.0, 0.0, 0.0, 0.0, 0.0, 0.0], "num_sources": 2, "seg_angles": 64, "input": [1.4610066965, 0.9114539754, 0.436902983, 0.296881228, 0.0982440767, -0.0378780985, 0.006564622, -0.1033094909, -0.1576802538, -0.1732340237, 1.9330479892, 1.173706675, 0.2793577083, -0.1059304387, -0.5450567933, -0.856433626, -0.8661900016, -1.0285452523, -1.0441799172, -0.8786727633, 1.9711848374, 1.0786005645, 0.4598902327, -0.016923531, -0.3705103224, -0.8141903893, -0.9503166168, -1.0866246844, -1.160495255, -1.0620639862, 1.8809178798, 1.1418616016, 0.392072632, -0.1004722134, -0.4809089712, -0.7810438867, -0.9459169978, -1.1298219886, -1.1801325833, -1.0266192366, 1.9039897151, 1.4673060624, 0.5116440381, 0.0156632124, -0.4793278087, -0.7411514419, -0.9590412316, -1.0434704352, -1.1174630536, -1.046000812, 2.1516763845, 1.3541246824, 0.7158589915, -0.0278958895, -0.4132520014, -0.6710290931, -0.874288177, -0.9696029389, -1.0701618596, -1.02263847, 2.2402622335, 1.5362445893, 0.6698809113, 0.231742688, -0.3695122372, -0.5994251547, -0.6786853746, -0.9282020805, -0.9722806112, -0.9852084352, 2.266828949, 1.5171422483, 0.8462975125, 0.2059952298, -0.1363584768, -0.4682684016, -0.5636229601, -0.7827735669, -0.8608492299, -0.9217431266, 2.4509125341, 1.6122711816, 0.8446320183, 0.273894836, -0.0473144724, -0.2714169071, -0.4641601465, -0.5904213849, -0.7787521371, -0.8709392514, 2.1777269478, 1.4159684212, 0.9320693644, 0.2174617432, 0.027206648, -0.212168412, -0.4308503549, -0.5507430373, -0.525111078, -0.7612134736]}