{"source": [{"position": [367.2772195001712, -160.96100160045918], "counts": 500000.0}, {"position": [101.0919888231066, 264.328223608053], "counts": 500000.0}], "output": [0.0, 0.0, 0.0, 0.0, 0.0, 0.0, 0.0, 0.0, 0.0, 0.0, 0.0, 0.0, 0.0, 0.0, 0.0, 0.0, 0.0, 0.0, 0.0, 0.0, 0.0, 0.0, 0.0, 0.0, 0.0, 0.0, 0.0, 0.1036147825, 0.3963852175, 0.0, 0.0, 0.0, 0.0, 0.0, 0.0, 0.0, 0.0, 0.0, 0.0, 0.0, 0.0, 0.0, 0.0, 0.0, 0.3603812445, 0.1396187555, 0.0, 0.0, 0.0, 0.0, 0.0, 0.0, 0.0, 0.0, 0.0, 0.0, 0.0, 0.0, 0.0, 0.0, 0.0, 0.0, 0.0, 0.0], "num_sources": 2, "seg_angles": 64, "input": [-0.5934398409, -0.5022006191, -0.4754335011, -0.3969852969, -0.3970160294, -0.3253018119, -0.3098002465, -0.0454421351, 0.3962712749, 1.5684960003, -1.1056537565, -1.1084344782, -0.8955594344, -0.88480666, -0.8221906073, -0.8778860641, -0.6339857185, -0.2651685076, 0.3162642662, 1.7521463846, -1.2311861979, -1.2073917567, -1.1162259566, -1.0435984658, -1.0868582838, -0.9731452372, -0.7882036335, -0.4538411794, 0.4004070966, 1.5703725691, -1.2940227783, -1.2722605779, -1.2095611306, -1.2413433322, -1.0339013378, -0.776870463, -0.7531225156, -0.3472307397, 0.4198639292, 1.8520369866, -1.2495853995, -1.1096571948, -1.2421493935, -1.0794016377, -0.9141022884, -0.7941842889, -0.6191247568, 0.0005803635, 0.5141017591, 1.6743439279, -1.1129973521, -0.8568771685, -1.0160650926, -0.8883926547, -0.8163124924, -0.611456913, -0.3372127123, 0.288934142, 0.6571929649, 1.7976963301, -0.8954918625, -0.5269476356, -0.5396671799, -0.538645964, -0.3940092658, -0.1946472436, -0.1242071011, 0.174605883, 0.6423384836, 1.8125976677, -0.5938561513, -0.4853060526, -0.2135728244, -0.0479906734, 0.0038594858, 0.1712685344, 0.3835083983, 0.7451124296, 0.9568054719, 1.8472748568, 0.0189387899, 0.4690797456, 0.4211594176, 0.450148324, 0.818493429, 0.704692055, 0.9516495861, 1.2857922787, 1.5976009033, 2.0027911502, 0.4674610406, 1.0377244864, 1.0796820171, 1.4517549453, 1.0759024572, 1.1669226627, 1.4525543998, 1.779070075, 2.2065294237, 2.2859031996]}