{"source": [{"position": [-14.522743253353196, -85.77930944229607], "counts": 500000.0}, {"position": [257.0783039190655, -156.56227404485594], "counts": 500000.0}], "output": [0.0, 0.0, 0.0, 0.0, 0.0, 0.0, 0.0, 0.0, 0.0, 0.0, 0.0, 0.0, 0.0, 0.0, 0.3541563651, 0.1458436349, 0.0, 0.0, 0.0, 0.0, 0.0, 0.0, 0.0, 0.0, 0.0, 0.0, 0.2859264679, 0.2140735321, 0.0, 0.0, 0.0, 0.0, 0.0, 0.0, 0.0, 0.0, 0.0, 0.0, 0.0, 0.0, 0.0, 0.0, 0.0, 0.0, 0.0, 0.0, 0.0, 0.0, 0.0, 0.0, 0.0, 0.0, 0.0, 0.0, 0.0, 0.0, 0.0, 0.0, 0.0, 0.0, 0.0, 0.0, 0.0, 0.0], "num_sources": 2, "seg_angles": 64, "input": [1.9329999818, 2.3106661111, 2.2085376235, 2.229227566, 2.2381554854, 2.3243643079, 2.1880991737, 2.1964734531, 2.2006607588, 1.9901135668, 0.841586021, 1.1067238473, 1.2166981599, 1.3352269765, 1.3453823747, 1.1979316237, 1.3649428995, 1.3631802319, 1.3943482892, 1.2688969393, 0.3069596814, 0.384713879, 0.5266406948, 0.4683218678, 0.6069654939, 0.5726551633, 0.5546430459, 0.6000137881, 0.8178498044, 0.7729124, -0.0837880323, -0.2127367365, -0.0260767173, -0.0610789763, -0.1014888315, 0.0186149813, 0.1702911578, 0.2118752938, 0.245065121, 0.3391466777, -0.2280794871, -0.4011072457, -0.4411342513, -0.4506875687, -0.4116735947, -0.3956394016, -0.3466113519, -0.1347163321, 0.0058163867, -0.0320133375, -0.3363845005, -0.6788795778, -0.715564603, -0.6978448452, -0.6546755868, -0.5649036062, -0.479651714, -0.3514706974, -0.3180074644, -0.1275501273, -0.4501661251, -0.8442692408, -0.9483666356, -0.8731982855, -0.8087778603, -0.7713620248, -0.6996841631, -0.593172646, -0.4054684593, -0.3568492827, -0.5009159185, -1.0195830481, -0.9962548985, -1.0223011718, -0.9094689566, -0.8712781258, -0.8024650036, -0.7075472205, -0.4715611772, -0.3570687502, -0.5784061304, -1.0681901158, -1.0781553958, -1.1114563996, -1.018745887, -1.003406809, -0.8734326111, -0.8090401581, -0.5831567189, -0.4577870025, -0.6627607176, -1.1382651173, -1.1881149527, -1.1812119824, -1.1636075278, -1.0666017717, -0.9780744904, -0.9144632178, -0.7783417957, -0.5419584452]}