{"source": [{"position": [113.73369285074487, -17.01902202044589], "counts": 500000.0}, {"position": [71.23242310312155, 438.2487215028218], "counts": 500000.0}], "output": [0.0, 0.0, 0.0, 0.0, 0.0, 0.0, 0.0, 0.0, 0.0, 0.0, 0.0, 0.0, 0.0, 0.0, 0.0, 0.0, 0.0, 0.0, 0.0, 0.0, 0.0, 0.0, 0.0, 0.0, 0.0, 0.0, 0.0, 0.0, 0.0, 0.0, 0.2564932175, 0.2435067825, 0.0, 0.0, 0.0, 0.0, 0.0, 0.0, 0.0, 0.0, 0.0, 0.0, 0.0, 0.0, 0.0, 0.0, 0.320626875, 0.179373125, 0.0, 0.0, 0.0, 0.0, 0.0, 0.0, 0.0, 0.0, 0.0, 0.0, 0.0, 0.0, 0.0, 0.0, 0.0, 0.0], "num_sources": 2, "seg_angles": 64, "input": [-0.6989833047, -0.605372939, -0.5322193505, -0.4996440995, -0.4302624854, -0.3783567153, -0.1075587456, 0.2064422033, 0.6441902052, 1.714608951, -1.1617487126, -1.1422654864, -1.07470042, -0.9523205126, -0.7999452009, -0.4579018291, -0.1689800614, 0.4743079439, 1.1853641877, 2.1211603981, -1.2436440211, -1.1624992368, -1.0873073467, -0.8615437535, -0.6928012299, -0.4673121983, -0.2063810519, 0.5213329455, 1.1878860002, 2.0884281288, -1.2164033842, -1.1054041934, -1.0447801548, -0.8394796153, -0.7122120817, -0.4067781384, -0.0612130016, 0.5514015312, 1.3368409722, 2.0434304438, -1.188468458, -1.0617869338, -1.0227952436, -0.8070415757, -0.6161653093, -0.4183039732, 0.0771998198, 0.5176344742, 1.2783782527, 2.016385949, -1.096819404, -1.0293321703, -0.7729150613, -0.7643475946, -0.5623466844, -0.3348967831, 0.0413897735, 0.6646885145, 1.3566674402, 2.0896947814, -1.0636559668, -0.868107529, -0.6935269419, -0.711020089, -0.504554086, -0.1059952265, 0.2159404746, 0.6199601542, 1.5173422977, 2.3319291197, -0.86483566, -0.751019967, -0.6413668104, -0.4691366328, -0.2975699407, -0.0692307169, 0.3077576958, 0.8024198711, 1.6317539029, 2.2426495517, -0.8564367718, -0.6115158189, -0.5130698637, -0.3791135711, -0.2618120082, -0.1262814001, 0.2961309266, 0.8990080598, 1.6509283703, 2.1005790619, -0.630469478, -0.3701674686, -0.3231342298, -0.284093391, -0.1760745084, 0.0459861799, 0.3666359604, 0.9055177655, 1.3348937487, 1.9785604814]}