{"source": [{"position": [104.82600428446028, -33.339298519229764], "counts": 500000.0}, {"position": [-72.81598101285275, -86.41083791478862], "counts": 500000.0}], "output": [0.0, 0.0, 0.0, 0.0, 0.0, 0.0, 0.0, 0.0, 0.0662129917, 0.4337870083, 0.0, 0.0, 0.0, 0.0, 0.0, 0.0, 0.0, 0.0, 0.0, 0.0, 0.0, 0.0, 0.0, 0.0, 0.0, 0.0, 0.0, 0.0, 0.0682632724, 0.4317367276, 0.0, 0.0, 0.0, 0.0, 0.0, 0.0, 0.0, 0.0, 0.0, 0.0, 0.0, 0.0, 0.0, 0.0, 0.0, 0.0, 0.0, 0.0, 0.0, 0.0, 0.0, 0.0, 0.0, 0.0, 0.0, 0.0, 0.0, 0.0, 0.0, 0.0, 0.0, 0.0, 0.0, 0.0], "num_sources": 2, "seg_angles": 64, "input": [1.5936324055, 1.6841233003, 1.9533709615, 1.9199717645, 1.9725924313, 1.8416753849, 1.9821170435, 2.0154515082, 2.5801008568, 2.371069878, 0.7664449476, 0.249267401, 0.245653994, 0.4853418501, 0.3828559028, 0.6228814664, 0.692084592, 0.8982965373, 1.5847456643, 1.8925776381, 0.5776173572, -0.1566664649, -0.4944970038, -0.4732015117, -0.2214647961, 0.0608953015, 0.1646182246, 0.5809152456, 1.0790776099, 1.6080260805, 0.5697247466, -0.2735321094, -0.7624200646, -0.9098137841, -0.7123752683, -0.421794604, -0.3021952007, 0.2925752311, 0.598543887, 1.243461749, 0.3144031121, -0.4151211779, -0.8496343637, -1.0831289071, -1.0055351543, -0.7683854297, -0.5321397329, -0.080287658, 0.53626254, 1.1315560481, 0.2541460421, -0.3151782544, -0.8524055227, -1.15859294, -1.1720835647, -0.9007755681, -0.695561326, -0.2361813711, 0.3190922735, 0.8301572729, 0.1953565945, -0.4094366128, -0.786120486, -1.1429812491, -1.1886516022, -1.0310159267, -0.8181822973, -0.422565719, 0.2284585092, 0.7772199615, 0.2191854262, -0.429788687, -0.9513656868, -1.1705991427, -1.2476480756, -1.1474840695, -0.8398654153, -0.4713441556, 0.2514763886, 0.7045718275, 0.4045203166, -0.4226631661, -0.9854616744, -1.2180266429, -1.2119713632, -1.2222496706, -0.9334184335, -0.515221906, -0.0140519001, 0.5170356669, 0.0996378247, -0.7920702674, -1.1896099481, -1.3698956904, -1.3631658701, -1.2905473472, -1.2189610347, -0.7613525007, -0.1944560752, 0.2603536285]}