{"source": [{"position": [-44.182414817513035, 32.75536934447854], "counts": 500000.0}, {"position": [-99.23317952343848, 274.62115009894825], "counts": 500000.0}], "output": [0.0, 0.0, 0.0, 0.0, 0.0, 0.0, 0.0, 0.0, 0.0, 0.0, 0.0, 0.0, 0.0, 0.0, 0.0, 0.0, 0.0, 0.0, 0.0, 0.0, 0.0, 0.0, 0.0, 0.0, 0.0, 0.0, 0.0, 0.0, 0.0, 0.0, 0.0, 0.0, 0.0, 0.0, 0.0, 0.0, 0.0, 0.0, 0.0, 0.0, 0.0, 0.0, 0.0, 0.0, 0.0, 0.0, 0.0, 0.0, 0.0, 0.0, 0.0, 0.2340350804, 0.2659649196, 0.0, 0.0, 0.0, 0.0, 0.249067116, 0.250932884, 0.0, 0.0, 0.0, 0.0, 0.0], "num_sources": 2, "seg_angles": 64, "input": [1.3551163529, 0.3676387687, -0.3035085318, -0.6536617921, -0.858957769, -1.0273184269, -1.1027078238, -1.1477676722, -1.197109525, -1.2434305405, 1.5298246754, 0.6075161082, -0.0496645901, -0.5065785924, -0.8043691578, -0.9614085755, -1.0487085741, -1.1685253341, -1.1598247809, -1.2121485779, 1.6980644611, 0.6633999996, -0.0893944274, -0.4019313842, -0.7446975926, -0.9317736324, -1.0223032556, -1.1108864477, -1.1340857457, -1.1959815097, 1.6736205024, 0.7613664193, 0.0354075229, -0.4205746118, -0.6491216059, -0.8745902207, -0.9694010775, -1.0243385942, -1.0881966377, -1.1527869345, 1.594394249, 0.7482223454, 0.0424105395, -0.3224835659, -0.5761170129, -0.7432156428, -0.91387496, -1.0129642147, -1.0662652119, -1.0746651787, 1.8036300386, 0.8329791723, 0.2029526044, -0.2259070313, -0.5684549161, -0.6873215946, -0.8662167972, -0.8508317794, -0.8918200759, -0.9611151719, 1.888011837, 0.891582984, 0.2384599561, -0.1508468007, -0.4349388656, -0.5346991601, -0.5519805108, -0.6506450365, -0.7249176419, -0.7788410201, 1.9152525527, 1.1416178307, 0.3811643311, 0.1210061326, -0.0372538985, -0.2223918989, -0.2619130324, -0.2360764063, -0.3652905881, -0.4626790711, 1.9549287665, 1.1978343169, 0.8533063468, 0.672193004, 0.746733886, 0.5049201352, 0.5404660717, 0.3979844143, 0.4335246597, 0.0697676045, 1.7912873946, 1.7727820025, 1.7120040274, 1.6375790459, 1.6729815022, 1.5279644871, 1.5038849248, 1.4315471431, 1.4331895129, 1.0809623959]}