{"source": [{"position": [37.719468923211366, -395.204050667691], "counts": 500000.0}, {"position": [84.17552363623915, -224.75426852579452], "counts": 500000.0}], "output": [0.0, 0.0, 0.0, 0.0, 0.0, 0.0, 0.0, 0.0, 0.0, 0.0, 0.0, 0.0, 0.0, 0.0, 0.0, 0.0, 0.0153806483, 0.4846193517, 0.0, 0.174928518, 0.325071482, 0.0, 0.0, 0.0, 0.0, 0.0, 0.0, 0.0, 0.0, 0.0, 0.0, 0.0, 0.0, 0.0, 0.0, 0.0, 0.0, 0.0, 0.0, 0.0, 0.0, 0.0, 0.0, 0.0, 0.0, 0.0, 0.0, 0.0, 0.0, 0.0, 0.0, 0.0, 0.0, 0.0, 0.0, 0.0, 0.0, 0.0, 0.0, 0.0, 0.0, 0.0, 0.0, 0.0], "num_sources": 2, "seg_angles": 64, "input": [1.6100969787, 1.9218079149, 2.2500909917, 2.0512988558, 2.1642185675, 2.362792217, 2.1281128517, 2.1480074664, 2.2594199343, 1.7025011606, 0.7654195139, 1.2107880064, 1.4494670787, 1.3490852452, 1.4478413816, 1.2596406336, 1.2517670394, 1.3329535592, 1.3331893692, 0.9816523437, 0.3369681662, 0.5217408011, 0.5180684304, 0.7081594195, 0.5236407517, 0.6477829536, 0.7607487652, 0.5836754797, 0.5056247689, 0.883977216, -0.2956318145, 0.1027739089, 0.0104469458, 0.0015914972, 0.0999486605, 0.1025672579, 0.10679041, 0.0534006759, 0.1166415242, 0.5226632905, -0.6674886091, -0.4071311447, -0.3152984595, -0.2633065564, -0.3047551107, -0.2690904557, -0.2980718545, -0.3336224712, -0.1822505251, 0.5018616034, -0.754037232, -0.7126285179, -0.6168141262, -0.6904251655, -0.6375266582, -0.5742700504, -0.5989225963, -0.5373736374, -0.4840376114, 0.4054854291, -0.9203754218, -0.8368406196, -0.8425656524, -0.8229934942, -0.7815549083, -0.7803574929, -0.8286652952, -0.6828385718, -0.4878975811, 0.4041679212, -1.0042995507, -0.936762615, -0.9251350391, -0.9754480313, -0.9287276546, -0.9437220986, -0.9286899634, -0.7771825928, -0.5825985687, 0.3591666703, -1.0946326337, -1.0992186026, -1.0333785161, -1.0554820924, -0.9975115589, -1.0463959601, -0.9511178708, -0.862497202, -0.6283736963, 0.1511173256, -1.1655478987, -1.1427847723, -1.1577276343, -1.1055088267, -1.0984678785, -1.061760496, -1.0436085465, -0.9511188279, -0.6956168277, 0.2109266073]}