{"source": [{"position": [-258.7681892535671, -328.27278935426574], "counts": 500000.0}, {"position": [-102.4331818637714, 452.5521442367317], "counts": 500000.0}], "output": [0.0, 0.0, 0.0, 0.0, 0.0, 0.0, 0.0, 0.0, 0.0, 0.3997970442, 0.1002029558, 0.0, 0.0, 0.0, 0.0, 0.0, 0.0, 0.0, 0.0, 0.0, 0.0, 0.0, 0.0, 0.0, 0.0, 0.0, 0.0, 0.0, 0.0, 0.0, 0.0, 0.0, 0.0, 0.0, 0.0, 0.0, 0.0, 0.0, 0.0, 0.0, 0.0, 0.0, 0.0, 0.0, 0.0, 0.0, 0.0, 0.0, 0.0, 0.0, 0.3663338698, 0.1336661302, 0.0, 0.0, 0.0, 0.0, 0.0, 0.0, 0.0, 0.0, 0.0, 0.0, 0.0, 0.0], "num_sources": 2, "seg_angles": 64, "input": [1.663460817, 1.1750928552, 0.718154844, 0.9496636142, 0.8348246666, 1.1042728676, 0.9209777453, 0.5949208579, 0.3829151661, 0.1534578853, 1.97821108, 0.2060817687, 0.2112836581, 0.1376347765, 0.0593709051, 0.0011254915, -0.2587001727, -0.1649507937, 0.0821524919, -0.4156142488, 1.9218510048, -0.0510051892, -0.3644764343, -0.6870428757, -0.8535121484, -0.7211640942, -0.5005828296, -0.3513923229, -0.6493078087, -0.8677358368, 1.6803937885, -0.0815803826, -0.6255881853, -0.934252864, -0.9120116064, -0.9991080554, -1.013390531, -0.8593705524, -1.35043473, -1.3135108338, 1.7916257745, -0.0405828234, -0.5884600694, -1.0564940522, -1.1465799312, -1.1804295586, -1.1253241895, -1.2969169908, -1.1796444895, -1.5808339688, 1.9797368326, 0.150460689, -0.4209689836, -0.8095666277, -0.792740369, -1.0787486094, -0.8875904784, -1.2330631713, -1.2644420858, -1.3767720782, 1.6185671278, 0.6620079195, -0.0265986499, -0.0967189951, -0.7296782394, -0.8083982797, -0.7431140222, -1.060127802, -0.892143397, -1.499762806, 2.0194904449, 0.7420636877, 0.1671936008, -0.096092111, -0.0820440543, -0.0638540566, -0.5243752601, -0.6617861669, -0.2778695788, -0.9601279351, 1.9997958663, 1.5844742406, 0.9075061399, 0.5466264289, 0.4284652115, 0.0065396368, 0.0234324648, -0.3666134807, -0.2228795006, -0.2029816085, 3.0389751118, 1.6832464544, 1.5414770538, 1.2055420463, 0.9150677511, 1.0870991326, 0.5436004678, 0.2410746001, 0.2833889808, 0.405752968]}