{"source": [{"position": [-171.57193868920697, 339.0620442550699], "counts": 500000.0}, {"position": [-58.38496983078254, -111.65659540689305], "counts": 500000.0}], "output": [0.0, 0.0, 0.0, 0.0, 0.0, 0.0, 0.0, 0.0, 0.0, 0.0, 0.0, 0.453774371, 0.046225629, 0.0, 0.0, 0.0, 0.0, 0.0, 0.0, 0.0, 0.0, 0.0, 0.0, 0.0, 0.0, 0.0, 0.0, 0.0, 0.0, 0.0, 0.0, 0.0, 0.0, 0.0, 0.0, 0.0, 0.0, 0.0, 0.0, 0.0, 0.0, 0.0, 0.0, 0.0, 0.0, 0.0, 0.0, 0.0, 0.0, 0.0, 0.0, 0.0, 0.1141963736, 0.3858036264, 0.0, 0.0, 0.0, 0.0, 0.0, 0.0, 0.0, 0.0, 0.0, 0.0], "num_sources": 2, "seg_angles": 64, "input": [1.9684579988, 2.026405213, 1.9156185182, 1.8272813379, 1.8145001622, 1.7158869173, 1.6869846967, 1.8442666172, 1.5161193494, 1.1578294236, 1.7849614883, 1.193758186, 1.0454511911, 0.995174615, 0.9356468144, 0.8306006639, 0.6622431294, 0.9441572964, 0.7250086289, 0.3677987901, 1.9307744057, 0.8148214778, 0.2660248595, 0.1066925944, 0.2974833581, 0.2442474494, 0.0121002469, 0.2439744814, -0.0422752341, -0.2219900109, 1.641290233, 0.290734726, -0.157876876, -0.3616396662, -0.4067168852, -0.5212489873, -0.4851978749, -0.5089249317, -0.4853949339, -0.7489002311, 1.5966569601, 0.237589909, -0.5160566679, -0.6101866525, -0.8001326094, -0.8795385135, -0.8338314238, -0.883026053, -0.8581336798, -1.0713494969, 1.5476247347, -0.0716697939, -0.6286671695, -0.886885711, -0.9429981905, -1.0013137081, -1.0271171452, -0.9740237795, -1.1383451352, -1.1602703373, 1.6696370134, 0.145860044, -0.6992544636, -0.860019355, -1.1258931658, -0.9736900376, -1.0054969061, -1.0819735426, -1.0014946661, -1.2503041658, 1.5761927277, 0.0739426301, -0.5642346518, -0.7798726057, -0.931460281, -1.0376268797, -0.9096724891, -0.9665656902, -1.0224142625, -1.1473502183, 1.591744913, 0.2914249443, -0.2483793453, -0.6796962985, -0.6891690006, -0.6402523696, -0.7959238394, -0.6769074786, -0.8562079786, -0.9783794955, 1.2372460853, 0.323179252, -0.1823436412, -0.4832205506, -0.4014730798, -0.5486112152, -0.3967457772, -0.4935789549, -0.7273324092, -0.7181375705]}