{"source": [{"position": [227.31180328679238, 398.76101124170424], "counts": 500000.0}, {"position": [309.81683522917797, 127.43048539724063], "counts": 500000.0}], "output": [0.0, 0.0, 0.0, 0.0, 0.0, 0.0, 0.0, 0.0, 0.0, 0.0, 0.0, 0.0, 0.0, 0.0, 0.0, 0.0, 0.0, 0.0, 0.0, 0.0, 0.0, 0.0, 0.0, 0.0, 0.0, 0.0, 0.0, 0.0, 0.0, 0.0, 0.0, 0.0, 0.0, 0.0, 0.0, 0.0126389509, 0.4873610491, 0.0, 0.0, 0.0, 0.0, 0.0, 0.1386751239, 0.3613248761, 0.0, 0.0, 0.0, 0.0, 0.0, 0.0, 0.0, 0.0, 0.0, 0.0, 0.0, 0.0, 0.0, 0.0, 0.0, 0.0, 0.0, 0.0, 0.0, 0.0], "num_sources": 2, "seg_angles": 64, "input": [-1.2723101382, -1.2376741759, -1.1889793212, -1.1047606304, -1.0672077828, -0.8069077766, -0.5758553789, -0.1884906192, 0.3393748126, 1.5786128826, -1.2720672881, -1.2475197382, -1.1653994715, -1.0380477227, -0.9882716798, -0.7614302264, -0.550016426, -0.1330097489, 0.8441552766, 1.6519220071, -1.1689079509, -1.1361355019, -1.0396333734, -1.0807344595, -0.9839992289, -0.7306623884, -0.426010371, -0.1801583761, 0.8245278381, 1.7433680996, -1.1818279241, -1.0597618684, -0.9323405973, -0.8601735647, -0.8908599977, -0.6833277673, -0.4061157767, 0.1239198403, 0.9990137638, 1.6507197392, -1.1229301612, -1.0086336826, -0.9069154879, -0.8132722735, -0.6625589535, -0.5813763806, -0.298980333, 0.0090996436, 0.7525149239, 1.815459141, -1.0608428211, -0.8356327816, -0.838271641, -0.7466380544, -0.5796464228, -0.4713598895, -0.346808163, 0.0984644246, 0.9463389193, 1.6178211382, -0.8654919213, -0.6616989608, -0.6408433494, -0.6484674272, -0.5694452423, -0.0999036248, -0.165831405, 0.0243454606, 0.9175570264, 2.0125286018, -0.3678232924, -0.2386440248, -0.2756031473, -0.3875576392, -0.176936874, -0.128487881, 0.1390770917, 0.5687386553, 0.9065184269, 1.9417718373, 0.0765030101, 0.394646615, 0.2606672813, 0.3620002798, 0.2743783388, 0.4334353682, 0.4493977104, 0.7409465823, 1.0451966448, 1.7867757179, 1.0621388213, 1.4330527008, 1.5162353574, 1.5729749395, 1.611849872, 1.296690475, 1.7493201297, 1.7324077402, 1.4897785662, 2.064953405]}