{"source": [{"position": [56.23018799333869, -135.82034441950805], "counts": 500000.0}, {"position": [-423.37112012094826, -143.40814010206552], "counts": 500000.0}], "output": [0.0, 0.0, 0.0, 0.3366454404, 0.1633545596, 0.0, 0.0, 0.0, 0.0, 0.0, 0.0, 0.0, 0.0, 0.0, 0.0, 0.0, 0.0, 0.0, 0.0, 0.0009103504, 0.4990896496, 0.0, 0.0, 0.0, 0.0, 0.0, 0.0, 0.0, 0.0, 0.0, 0.0, 0.0, 0.0, 0.0, 0.0, 0.0, 0.0, 0.0, 0.0, 0.0, 0.0, 0.0, 0.0, 0.0, 0.0, 0.0, 0.0, 0.0, 0.0, 0.0, 0.0, 0.0, 0.0, 0.0, 0.0, 0.0, 0.0, 0.0, 0.0, 0.0, 0.0, 0.0, 0.0, 0.0], "num_sources": 2, "seg_angles": 64, "input": [1.9645586362, 2.2435221234, 2.1661259839, 2.1159087891, 1.9727562928, 1.9796113556, 2.2294193948, 2.2303172361, 2.1065846914, 1.9135991841, 1.3696657747, 1.5343650945, 1.2869612511, 1.3989066874, 1.2754934195, 1.0457966014, 1.0682600296, 0.9475441475, 0.902345242, 1.1115829544, 0.7666931096, 0.7949285314, 0.6810110414, 0.5205820044, 0.2446150379, 0.4383691857, 0.3338038508, 0.2191986167, 0.3397482438, 0.6616328423, 0.3306839993, 0.292454232, 0.0477848047, -0.021900517, -0.2997378294, -0.2620529425, -0.1392314946, -0.2848605182, -0.1297198975, 0.6262867512, 0.0598651015, 4.05483e-05, -0.1966182821, -0.4457667602, -0.4725757105, -0.4991412821, -0.6266383301, -0.6486227625, -0.3605364464, 0.4394258246, -0.2857383477, -0.2440304834, -0.5288521967, -0.4707944905, -0.7536156653, -0.7530181288, -0.8555223764, -0.8519931369, -0.4987152969, 0.5905889424, -0.3066977667, -0.5394136054, -0.696876451, -0.7661634808, -1.0178134752, -1.0093701193, -1.0071899881, -0.9964351837, -0.4360206947, 0.5038675549, -0.4940835436, -0.5085124447, -0.8232098702, -0.9893320059, -1.1269202743, -1.0455432784, -1.1083963427, -0.9796731055, -0.53582676, 0.4724324755, -0.4636068428, -0.7054953598, -0.8527116577, -1.0943327746, -1.1132483678, -1.1006151631, -1.2134130375, -1.0354451759, -0.6320228722, 0.2866930694, -0.6120338771, -0.7476220386, -1.071782025, -1.2117097105, -1.2242877765, -1.2798017736, -1.3408027733, -1.1793781974, -0.8554167731, 0.2368568248]}