{"source": [{"position": [-41.095759554911574, -123.333444558258], "counts": 500000.0}, {"position": [-209.74583753682276, -22.971365566216193], "counts": 500000.0}], "output": [0.0, 0.444433397, 0.055566603, 0.0, 0.0, 0.0, 0.0, 0.0, 0.0, 0.0, 0.0, 0.0, 0.1380901808, 0.3619098192, 0.0, 0.0, 0.0, 0.0, 0.0, 0.0, 0.0, 0.0, 0.0, 0.0, 0.0, 0.0, 0.0, 0.0, 0.0, 0.0, 0.0, 0.0, 0.0, 0.0, 0.0, 0.0, 0.0, 0.0, 0.0, 0.0, 0.0, 0.0, 0.0, 0.0, 0.0, 0.0, 0.0, 0.0, 0.0, 0.0, 0.0, 0.0, 0.0, 0.0, 0.0, 0.0, 0.0, 0.0, 0.0, 0.0, 0.0, 0.0, 0.0, 0.0], "num_sources": 2, "seg_angles": 64, "input": [2.0626241833, 2.0440558791, 1.6463264227, 1.7376020243, 1.482929914, 1.4195845725, 1.5892317728, 1.4772531972, 1.4167382471, 0.9548549334, 1.7796647545, 1.6149742094, 1.3314646867, 1.0320114585, 0.8247481029, 0.7676453912, 0.7286507256, 0.6011994356, 0.4700365227, 0.10289233, 1.7125500423, 0.9683526145, 0.9008479779, 0.4738951173, 0.2619770198, 0.1611372037, 0.1580586121, 0.0727751053, -0.124859017, -0.3464974694, 1.7310816858, 0.6909768993, 0.3883750786, 0.0455374097, -0.1118828698, -0.2059034094, -0.2719748033, -0.2922818221, -0.4541757601, -0.6127334181, 1.495346371, 0.5725696963, 0.1119107046, -0.1417725821, -0.3808360347, -0.5113571935, -0.5876722648, -0.6890394049, -0.8470753323, -0.9286157759, 1.5048263627, 0.3155273794, -0.1297050527, -0.382452051, -0.4931023658, -0.7463723576, -0.8593685461, -0.8225133957, -1.0134765541, -1.0977767658, 1.5469495091, 0.2713572234, -0.197628442, -0.5360014956, -0.7608839947, -0.8824326522, -0.952876817, -1.0104232396, -1.0605811615, -1.185515984, 1.4328996675, 0.258598979, -0.3059576548, -0.5867573251, -0.8354122991, -0.9660139457, -1.0142562199, -1.0723871374, -1.1426932748, -1.2628278128, 1.4587200092, 0.0639771448, -0.4598643895, -0.6862576094, -0.9075916809, -1.0871030628, -1.1809254027, -1.2254131208, -1.2474891623, -1.3354251809, 1.230230977, 0.0023779951, -0.5737470534, -0.8801672212, -1.0859347285, -1.1831278802, -1.1657515574, -1.3025980753, -1.3780354559, -1.3918202652]}