{"source": [{"position": [263.3558462027189, 63.91164425087087], "counts": 500000.0}, {"position": [145.7785932682102, -343.33307697444724], "counts": 500000.0}], "output": [0.0, 0.0, 0.0, 0.0, 0.0, 0.0, 0.0, 0.0, 0.0, 0.0, 0.0, 0.0, 0.0, 0.0, 0.0, 0.0, 0.0, 0.0, 0.0, 0.0, 0.4550232934, 0.0449767066, 0.0, 0.0, 0.0, 0.0, 0.0, 0.0, 0.0, 0.0, 0.0, 0.0, 0.0, 0.0, 0.2874732066, 0.2125267934, 0.0, 0.0, 0.0, 0.0, 0.0, 0.0, 0.0, 0.0, 0.0, 0.0, 0.0, 0.0, 0.0, 0.0, 0.0, 0.0, 0.0, 0.0, 0.0, 0.0, 0.0, 0.0, 0.0, 0.0, 0.0, 0.0, 0.0, 0.0], "num_sources": 2, "seg_angles": 64, "input": [0.1018338893, 0.2739146089, 0.1578717253, 0.3030952809, 0.4663549979, 0.712861135, 1.0123487842, 1.1166813735, 1.602026437, 2.3239186823, -0.5430480645, -0.2015443367, -0.2673427565, 0.1307113018, 0.3932773072, 0.4358756092, 0.6953778177, 1.0229580053, 1.6235104981, 2.233976163, -0.6632393789, -0.560200592, -0.3719085007, -0.1944197337, -0.2541359753, -0.077274006, 0.2213656175, 0.8402428248, 1.2949252021, 2.1588994608, -1.0804433548, -0.7399749229, -0.7329312316, -0.5577497128, -0.5501391939, -0.1556901425, 0.0680347414, 0.3893500566, 1.1266075121, 2.2344219319, -1.1799955575, -1.0249050703, -0.8754175907, -0.7667237272, -0.6111912821, -0.4141534019, -0.3473893748, 0.2943502314, 0.9388053328, 1.9578572296, -1.2160346198, -1.2390212349, -1.1217075007, -1.0458070758, -0.7076570325, -0.5396726006, -0.2915524053, 0.2495909805, 0.9121904169, 2.3430374197, -1.2974958779, -1.1531413669, -1.1311910557, -1.1474373376, -0.8574537084, -0.5914500817, -0.3465203952, 0.072772881, 0.8928744919, 2.2279694094, -1.2186112376, -1.2956456287, -1.1173511778, -1.1228472673, -0.8673540291, -0.777328784, -0.2616462395, 0.0343578101, 0.7926783503, 2.0517022824, -1.2613071507, -1.2045038197, -1.0511419574, -0.9947258279, -0.8519259255, -0.7459367831, -0.5120527735, -0.0882445035, 0.6663772799, 2.0477996084, -0.4432689454, -0.4421780442, -0.3630008107, -0.4246449303, -0.2511367949, -0.3112431615, -0.1174172159, -0.0560099164, 0.6356749394, 1.5770034971]}