{"source": [{"position": [151.17113743740165, 459.7861320286664], "counts": 500000.0}, {"position": [133.1449694727679, -164.9739891743414], "counts": 500000.0}], "output": [0.0, 0.0, 0.0, 0.0, 0.0, 0.0, 0.0, 0.0, 0.0, 0.0, 0.0, 0.0, 0.0, 0.0, 0.0, 0.0, 0.0, 0.0, 0.0, 0.0, 0.0, 0.0, 0.0417035674, 0.4582964326, 0.0, 0.0, 0.0, 0.0, 0.0, 0.0, 0.0, 0.0, 0.0, 0.0, 0.0, 0.0, 0.0, 0.0, 0.0, 0.0, 0.0, 0.0, 0.0, 0.0, 0.1177892631, 0.3822107369, 0.0, 0.0, 0.0, 0.0, 0.0, 0.0, 0.0, 0.0, 0.0, 0.0, 0.0, 0.0, 0.0, 0.0, 0.0, 0.0, 0.0, 0.0], "num_sources": 2, "seg_angles": 64, "input": [0.6179210766, 1.3076584031, 1.2627791021, 1.2369109819, 1.1869087503, 1.1324092328, 1.5098075735, 1.6288593931, 1.5947189717, 1.8460130843, 0.0347943455, 0.1463768061, 0.6353632893, 0.3321311573, 0.4425695202, 0.5178302792, 0.4921893894, 0.6535951953, 0.8434360905, 1.9671587324, -0.6313221397, -0.3203201099, -0.4496644632, -0.0387697292, -0.2089392559, -0.1736730617, -0.1879504088, -0.0290282712, 0.510455429, 2.2479473676, -0.9423295821, -0.7346793802, -0.7500919788, -0.7137718615, -0.9121419073, -0.8824557666, -0.6886488796, -0.3366558954, 0.5350017503, 2.1760124248, -1.31041728, -1.1191870038, -1.009683283, -1.0293543553, -0.9142666969, -0.9613912602, -0.8174696844, -0.395062655, 0.3635030621, 1.8836893842, -1.3334058753, -1.1156115387, -1.0378102451, -0.9478026479, -0.9334526585, -0.9450621392, -0.8215436228, -0.3676016463, 0.3451971401, 2.0125315908, -1.2497863455, -1.0431941054, -1.0154433899, -1.0892320185, -0.9026371633, -0.8075069929, -0.6486421965, -0.1028661343, 0.5195176707, 1.9215694313, -1.1650114885, -0.9349109242, -0.9082701163, -0.9550029515, -0.7882338582, -0.6933561108, -0.5485280971, -0.094270089, 0.749216918, 2.246385851, -0.9857775836, -0.6172468069, -0.7623641546, -0.5453239329, -0.5170950322, -0.2010594507, -0.1092971456, 0.3405949135, 1.011134414, 1.8888214272, -0.5162881948, -0.4604523696, -0.4063434462, -0.346776591, -0.1698562541, -0.1756019247, 0.0794207196, 0.2197527518, 1.1942204184, 2.1855361131]}