{"source": [{"position": [112.01803066755035, -192.82365209009953], "counts": 500000.0}, {"position": [-229.454429349983, -291.533299730363], "counts": 500000.0}], "output": [0.0, 0.0, 0.0, 0.0, 0.0, 0.0, 0.0, 0.0, 0.0, 0.3959907893, 0.1040092107, 0.0, 0.0, 0.0, 0.0, 0.0, 0.0, 0.0, 0.0, 0.0, 0.0, 0.3196614832, 0.1803385168, 0.0, 0.0, 0.0, 0.0, 0.0, 0.0, 0.0, 0.0, 0.0, 0.0, 0.0, 0.0, 0.0, 0.0, 0.0, 0.0, 0.0, 0.0, 0.0, 0.0, 0.0, 0.0, 0.0, 0.0, 0.0, 0.0, 0.0, 0.0, 0.0, 0.0, 0.0, 0.0, 0.0, 0.0, 0.0, 0.0, 0.0, 0.0, 0.0, 0.0, 0.0], "num_sources": 2, "seg_angles": 64, "input": [1.8760827662, 1.9810696219, 2.1267526474, 2.2435170189, 2.2036920878, 2.1467328358, 2.18331889, 2.3725215917, 2.242778402, 1.9034199836, 1.0097603247, 1.2130386813, 1.0910348692, 1.0993523208, 1.3945331355, 1.3023650722, 1.3092442673, 1.1879817284, 1.3379415836, 1.0652014313, 0.6818128608, 0.5612583187, 0.3411756164, 0.4095441367, 0.296200264, 0.1016410355, 0.5197512235, 0.3535676555, 0.3722187855, 0.8187646966, 0.3171156283, -0.0304434257, -0.1580889642, -0.2545599592, -0.2456434365, -0.1478040831, -0.3540862444, -0.169815754, -0.0377999955, 0.5739895094, 0.1773018637, -0.066256742, -0.3593838633, -0.5680592811, -0.6078368692, -0.5920373911, -0.5905674249, -0.5898619282, -0.2272331184, 0.637926662, -0.289284892, -0.1477177882, -0.6132940795, -0.7938110167, -0.8554830193, -0.8810124763, -0.7754430115, -0.767517254, -0.2850543477, 0.466671683, -0.2030748695, -0.395822708, -0.7114599855, -1.0140713589, -0.9949184264, -0.9432981362, -0.9713744209, -0.8583435548, -0.3862524166, 0.3737164524, -0.1557758258, -0.5970450426, -0.9815027843, -1.0291200938, -1.201356416, -1.1423463857, -1.0809039117, -0.8545936495, -0.5470069862, 0.4390745639, -0.2420756969, -0.7530472887, -0.9282561533, -1.1009358428, -1.1491649031, -1.2272970206, -1.04389995, -0.8514287668, -0.5859667701, 0.3083837575, -0.3356289331, -0.8079127126, -1.0513072504, -1.17701395, -1.2012487105, -1.2041101823, -1.2360213548, -1.0663055765, -0.7539794505, 0.1515098787]}