{"source": [{"position": [-45.40443268232138, 123.945300406254], "counts": 500000.0}, {"position": [402.4257095300138, 21.506936305876053], "counts": 500000.0}], "output": [0.0, 0.0, 0.0, 0.0, 0.0, 0.0, 0.0, 0.0, 0.0, 0.0, 0.0, 0.0, 0.0, 0.0, 0.0, 0.0, 0.0, 0.0, 0.0, 0.0, 0.0, 0.0, 0.0, 0.0, 0.0, 0.0, 0.0, 0.0, 0.0, 0.0, 0.0, 0.0, 0.2280744743, 0.2719255257, 0.0, 0.0, 0.0, 0.0, 0.0, 0.0, 0.0, 0.0, 0.0, 0.0, 0.0, 0.0, 0.0, 0.0, 0.0, 0.0, 0.0, 0.2116342272, 0.2883657728, 0.0, 0.0, 0.0, 0.0, 0.0, 0.0, 0.0, 0.0, 0.0, 0.0, 0.0], "num_sources": 2, "seg_angles": 64, "input": [0.100601139, -0.9352761577, -1.3136047372, -1.3581914802, -1.3268529771, -1.2780780032, -1.1837678897, -1.109186303, -0.8845289416, -0.5086459631, 0.3337583414, -0.7347642834, -1.2151707223, -1.2425397277, -1.332369446, -1.1487320859, -1.0879057792, -0.8235461377, -0.6402555469, -0.3676974394, 0.4189062537, -0.7943703516, -1.0318594577, -1.2496348122, -1.0683965877, -0.9958745577, -1.0069987033, -0.7891493323, -0.4991513574, -0.4456827363, 0.4978515374, -0.6998423183, -0.95910399, -0.9526427151, -0.9096970147, -1.0113444123, -0.7698927612, -0.6778825995, -0.3052751582, -0.3023503379, 0.3891515127, -0.6399044306, -0.739948212, -0.8750173831, -0.781545873, -0.6890870558, -0.4734273603, -0.4956306393, -0.1349447554, -0.0255820315, 0.5977941039, -0.497273005, -0.4952746025, -0.6868790692, -0.6044008459, -0.4497480867, -0.2777079203, -0.1407021084, -0.0082131187, 0.0296012033, 0.6096570953, -0.3126641515, -0.1591140407, -0.0625943718, -0.0827209958, -0.0821123764, 0.116459306, 0.3370406432, 0.1659746268, 0.4771969109, 0.6498288988, 0.1294641284, 0.2356450365, 0.3395233197, 0.4907440424, 0.3220818403, 0.646302566, 0.7412609651, 0.7855215164, 0.8436559454, 0.9972391772, 0.9935705771, 1.0335413382, 1.0490234268, 1.2870400822, 1.0683971859, 1.4119957923, 1.6152592988, 1.5942633379, 1.5376020052, 1.4921219166, 1.6865166165, 1.8401933074, 2.0493786792, 1.9267684977, 2.1391383604, 2.0630887007, 1.9517498973, 2.3038896277, 2.3759565012]}