{"source": [{"position": [-448.41864473785307, 200.0042975824947], "counts": 500000.0}, {"position": [433.2772179108248, -132.2113930017217], "counts": 500000.0}], "output": [0.0, 0.0, 0.0, 0.0, 0.0, 0.0, 0.0, 0.0, 0.0, 0.0, 0.0, 0.0, 0.0, 0.0, 0.0, 0.0, 0.0, 0.0, 0.0, 0.0, 0.0, 0.0, 0.0, 0.0, 0.0, 0.0, 0.0, 0.0, 0.0083722137, 0.4916277863, 0.0, 0.0, 0.0, 0.0, 0.0, 0.0, 0.0, 0.0, 0.0, 0.0, 0.0, 0.0, 0.0, 0.0, 0.0, 0.0, 0.0, 0.0, 0.0, 0.0, 0.0, 0.0, 0.0, 0.0, 0.0, 0.0, 0.0, 0.0, 0.0, 0.1367015663, 0.3632984337, 0.0, 0.0, 0.0], "num_sources": 2, "seg_angles": 64, "input": [2.6400499495, 1.8238356273, 0.961613201, 0.2843079146, 0.0147315047, 0.1461410454, -0.4773319986, -0.2710893834, 0.0334339474, 0.5717897795, 1.4992906568, 0.8395957241, -0.497396974, -0.81353583, -1.1291976488, -1.3798642292, -0.8843833556, -0.552543739, 0.1336279352, 0.8267253096, 0.96628304, 0.1803397033, -0.6062506666, -1.3131532471, -1.3194865403, -1.5998094742, -1.1605700326, -0.1244928468, 0.1536832988, 1.1638071789, 0.5771124879, 0.1612149881, -0.7630017098, -1.091728101, -1.3915377087, -1.0559691535, -0.6989315964, -0.3367286186, 0.8673351029, 1.2542142438, 0.7986000183, 0.3431407044, -0.537269121, -0.984549424, -1.7195206135, -0.9043415048, -1.0608964073, -0.5860689266, 0.838974292, 1.5002718108, 1.1534673138, 0.067961302, -0.4032410814, -0.9095758755, -0.8531377326, -1.3470396992, -0.872280195, -0.1383730389, 0.5183128788, 1.2978804623, 0.806987877, 0.3457077118, -0.2725088014, -0.8387005433, -1.2711361036, -1.0211688952, -0.6259943513, -0.2426225603, 0.5454284349, 1.428102256, 0.6813948169, -0.2458377357, -0.7986141548, -1.0799681131, -1.160925439, -1.1321588911, -0.5604008608, -0.3338368799, 0.7834023761, 1.3724464941, 0.4540056952, -0.3070489272, -0.7592654292, -0.9793978227, -0.8227857218, -0.3547376218, -0.0456748299, 0.5495253238, 1.3218983878, 2.2591843155, 0.4376153638, 0.4506321279, 0.0298587928, -0.2965354781, -0.1534847589, 0.4109757414, 0.5977896878, 1.5203684376, 2.418556245, 3.0544788867]}