{"source": [{"position": [23.71461928669794, -181.45692831106496], "counts": 500000.0}, {"position": [66.20762234315465, 104.84536586643307], "counts": 500000.0}], "output": [0.0, 0.0, 0.0, 0.0, 0.0, 0.0, 0.0, 0.0, 0.0, 0.0, 0.0, 0.0, 0.0, 0.0, 0.0, 0.0, 0.0, 0.3381520092, 0.1618479908, 0.0, 0.0, 0.0, 0.0, 0.0, 0.0, 0.0, 0.0, 0.0, 0.0, 0.0, 0.0, 0.0, 0.0, 0.0, 0.0, 0.0, 0.0, 0.0, 0.0, 0.0, 0.0, 0.0, 0.3685814166, 0.1314185834, 0.0, 0.0, 0.0, 0.0, 0.0, 0.0, 0.0, 0.0, 0.0, 0.0, 0.0, 0.0, 0.0, 0.0, 0.0, 0.0, 0.0, 0.0, 0.0, 0.0], "num_sources": 2, "seg_angles": 64, "input": [-0.1571009936, 0.4285921015, 0.2864268858, 0.2691277943, 0.1476847756, 0.3674499665, 0.7604649111, 1.0245128198, 1.4909037322, 2.5904136572, -0.4759493027, -0.3075876616, -0.2639126812, -0.2628101584, -0.3243856431, -0.1506600262, 0.2965325596, 0.5426933553, 1.096884714, 2.3437995239, -1.0599169944, -0.7883347059, -0.712929377, -0.514387989, -0.6201152665, -0.5248018825, -0.4329159249, -0.0474283974, 0.9554593843, 2.1241950214, -1.466737497, -1.0760951911, -1.1462930422, -0.8470203454, -1.0615123373, -0.8796991504, -0.7723024621, -0.3559143863, 0.1397612892, 1.6740627322, -1.3767130765, -1.3055952763, -1.2738927632, -1.2030847588, -1.1796122938, -1.092886354, -0.8846425275, -0.6291991885, 0.0121917384, 1.3595914659, -1.4722016469, -1.2927399569, -1.0582436583, -0.9943416519, -0.9541676081, -1.0242649893, -0.9641140163, -0.5816788805, -0.2073367072, 1.6981872457, -1.1579818616, -1.0114782537, -1.0375580218, -0.7232224405, -0.7988047703, -0.9920806557, -0.7747777996, -0.6243454718, -0.165549942, 1.4315056212, -0.7738935362, -0.372265722, -0.2054550029, -0.4375591381, -0.4116180003, -0.2752571504, -0.296112845, -0.4773808549, 0.0544028168, 1.4937962536, 0.0494233805, 0.3545966867, 0.5612840093, 0.4359146248, 0.3484760982, 0.5953021425, 0.6234798897, 0.6683448596, 0.5240792957, 1.3017025421, 0.7926631857, 1.296769513, 1.3709216144, 1.3524304486, 1.3999599896, 1.3735998373, 1.5057813175, 1.599868505, 1.6837897252, 1.8518402061]}