{"source": [{"position": [98.79999376153415, 32.474008571791906], "counts": 500000.0}, {"position": [17.929737886460067, -320.49886817167214], "counts": 500000.0}], "output": [0.0, 0.0, 0.0, 0.0, 0.0, 0.0, 0.0, 0.0, 0.0, 0.0, 0.0, 0.0, 0.0, 0.0, 0.0, 0.0, 0.2153802051, 0.2846197949, 0.0, 0.0, 0.0, 0.0, 0.0, 0.0, 0.0, 0.0, 0.0, 0.0, 0.0, 0.0, 0.0, 0.0, 0.0, 0.0, 0.0, 0.3826770359, 0.1173229641, 0.0, 0.0, 0.0, 0.0, 0.0, 0.0, 0.0, 0.0, 0.0, 0.0, 0.0, 0.0, 0.0, 0.0, 0.0, 0.0, 0.0, 0.0, 0.0, 0.0, 0.0, 0.0, 0.0, 0.0, 0.0, 0.0, 0.0], "num_sources": 2, "seg_angles": 64, "input": [-0.5577554657, -0.4021820121, -0.2320030446, -0.2729670319, -0.1016257359, 0.1869804808, 0.4834878606, 0.9526860232, 1.6369667983, 2.2314807347, -0.7906238778, -0.5729957626, -0.5735843049, -0.3946096814, -0.3229931734, -0.0146962077, 0.4952779859, 0.8285971529, 1.6812133473, 2.5545207398, -1.0766118166, -0.9049227964, -0.7482337842, -0.5890278224, -0.5240313854, -0.0700375089, 0.1483179864, 0.7668497094, 1.405575436, 2.0049888367, -1.112679376, -0.9378109385, -0.9673529924, -0.8079862182, -0.5350760249, -0.3154228291, 0.1155714746, 0.7006783783, 1.3481552272, 1.9901095572, -1.2328992662, -1.0552287181, -1.0160543857, -0.9152913549, -0.6752607276, -0.3630795116, 0.1338887532, 0.6145649233, 1.3674555581, 2.1056136925, -1.3234089907, -1.2149072952, -1.1026237729, -0.9430871271, -0.8525206866, -0.5512964424, -0.0878756577, 0.5290605743, 1.2010018491, 1.9810764852, -1.3560869273, -1.2067082829, -1.1174552852, -1.030094324, -0.8528551526, -0.5376619678, -0.3801438306, 0.5587649586, 1.0187451023, 1.7556546412, -1.3519401316, -1.171096305, -1.1253472896, -1.0595690344, -0.9100915192, -0.557622028, -0.3300098667, 0.3544409016, 1.0471837627, 1.8244563344, -1.0672780931, -0.7876786593, -0.8128500209, -0.7738871066, -0.629588977, -0.5391655909, -0.1984963546, 0.1093646775, 1.0032840028, 1.7553304255, 0.0041517383, 0.2394164118, 0.1937651049, 0.1702804004, 0.4407855088, 0.4545284039, 0.4556417366, 0.6676876678, 0.9058209703, 1.5309681602]}