{"source": [{"position": [-283.00372331825196, -124.05600585222093], "counts": 500000.0}, {"position": [-326.907791642591, -216.32220358383077], "counts": 500000.0}], "output": [0.0, 0.0, 0.0, 0.0, 0.395958487, 0.1268416616, 0.4771998514, 0.0, 0.0, 0.0, 0.0, 0.0, 0.0, 0.0, 0.0, 0.0, 0.0, 0.0, 0.0, 0.0, 0.0, 0.0, 0.0, 0.0, 0.0, 0.0, 0.0, 0.0, 0.0, 0.0, 0.0, 0.0, 0.0, 0.0, 0.0, 0.0, 0.0, 0.0, 0.0, 0.0, 0.0, 0.0, 0.0, 0.0, 0.0, 0.0, 0.0, 0.0, 0.0, 0.0, 0.0, 0.0, 0.0, 0.0, 0.0, 0.0, 0.0, 0.0, 0.0, 0.0, 0.0, 0.0, 0.0, 0.0], "num_sources": 2, "seg_angles": 64, "input": [1.7211155484, 1.3254919922, 1.3847268289, 1.1972655676, 1.2254703518, 1.332038285, 1.1888812997, 1.1172082463, 1.1930072642, 0.8202222571, 1.8242978355, 1.2288784621, 0.5642043636, 0.2455981924, 0.1004475137, 0.2593636845, 0.0894027832, 0.1218123765, -0.037898087, -0.1695085512, 2.0187570001, 0.9808566815, 0.3361227073, -0.2338367902, -0.3016252609, -0.403503664, -0.5066081027, -0.5215097663, -0.6765308602, -0.8087543939, 1.688676035, 1.0119201125, 0.3848821174, -0.196579718, -0.5516379438, -0.6455347128, -0.7719594477, -0.8071602313, -0.8400837567, -1.0205539255, 1.9628471964, 1.2956976866, 0.4214810887, -0.1581588513, -0.3901328163, -0.6654026193, -0.8564940459, -0.9896653255, -1.0781372744, -1.0861668628, 1.9673139084, 1.1346499877, 0.3734786072, -0.0842676664, -0.4282507338, -0.7523692263, -0.9310369446, -1.0500493422, -1.1282653339, -1.2378753962, 1.9701700827, 0.9116589911, 0.4367881524, 0.0223194433, -0.5913319792, -0.6551159368, -0.9407536579, -1.0333412374, -1.1147634606, -1.1808878934, 1.9891622749, 1.2768752687, 0.4370901884, -0.099403204, -0.4784219868, -0.7766456779, -0.9341013096, -1.0097473783, -1.1308304503, -1.2534885227, 1.7750077056, 1.0415030097, 0.2992106806, -0.2605251809, -0.6444547561, -0.902087325, -0.9292048976, -1.0792166946, -1.1828920392, -1.192444664, 1.7050706368, 0.834216228, 0.115697395, -0.4251586168, -0.7334006213, -0.8851564103, -1.0427297558, -1.1240822245, -1.1966826149, -1.204459892]}