{"source": [{"position": [-338.5365946527828, -133.7496694608904], "counts": 500000.0}, {"position": [-128.20312179886199, -35.397168827833774], "counts": 500000.0}], "output": [0.0, 0.0, 0.1280046165, 0.4557218456, 0.4162735379, 0.0, 0.0, 0.0, 0.0, 0.0, 0.0, 0.0, 0.0, 0.0, 0.0, 0.0, 0.0, 0.0, 0.0, 0.0, 0.0, 0.0, 0.0, 0.0, 0.0, 0.0, 0.0, 0.0, 0.0, 0.0, 0.0, 0.0, 0.0, 0.0, 0.0, 0.0, 0.0, 0.0, 0.0, 0.0, 0.0, 0.0, 0.0, 0.0, 0.0, 0.0, 0.0, 0.0, 0.0, 0.0, 0.0, 0.0, 0.0, 0.0, 0.0, 0.0, 0.0, 0.0, 0.0, 0.0, 0.0, 0.0, 0.0, 0.0], "num_sources": 2, "seg_angles": 64, "input": [1.6951653924, 1.0830201234, 0.7719416734, 0.7798088921, 0.6726412045, 0.6197884417, 0.4897028254, 0.5641170179, 0.4376086003, 0.3131168091, 2.1279147239, 1.3157297373, 0.4559627674, 0.1588546455, -0.1425381632, -0.4572727591, -0.5542465971, -0.5416238317, -0.5944572053, -0.731952278, 1.9502958666, 1.0889837238, 0.5164164661, 0.0287556728, -0.3435052251, -0.5182372894, -0.8034005167, -0.8192535875, -0.9491693183, -0.9557604408, 2.1798550351, 1.509832713, 0.7616018267, 0.0695092994, -0.3570183992, -0.583334952, -0.788331974, -0.9359526432, -0.9940197612, -1.0705682897, 2.0054529125, 1.5569026274, 0.6838167684, 0.0490605179, -0.3389280848, -0.5357743831, -0.8167100466, -0.9586179226, -1.0606381611, -1.127470994, 2.0019577525, 1.4189714717, 0.5396604594, 0.0189282224, -0.4037657221, -0.6426053935, -0.7586073414, -0.9549084842, -1.0566937939, -1.1033898058, 2.2178287026, 1.3334398566, 0.6266298694, 0.032558327, -0.3324340037, -0.6264630246, -0.8258016583, -0.9281096012, -1.0234957001, -1.1396995396, 2.1996933761, 1.1806756957, 0.6011720548, 0.0534875097, -0.3450773988, -0.6529298028, -0.8484395781, -0.9328577904, -1.0509547965, -1.117041275, 2.0970475845, 1.3338770914, 0.5104055157, -0.0473353773, -0.4288217089, -0.7392942083, -0.792869407, -0.9434021336, -1.0247706939, -1.1353702347, 1.60033999, 0.7795149986, 0.2486442652, -0.2810530934, -0.5422557453, -0.7631448106, -0.9266995791, -1.051061305, -1.1017289165, -1.18082428]}