{"source": [{"position": [-146.7843949191112, -322.13404260995196], "counts": 500000.0}, {"position": [-75.15056477335622, -115.74278644583251], "counts": 500000.0}], "output": [0.0, 0.0, 0.0, 0.0, 0.0, 0.0, 0.0, 0.0, 0.0, 0.0, 0.4329099284, 0.2445988699, 0.3224912017, 0.0, 0.0, 0.0, 0.0, 0.0, 0.0, 0.0, 0.0, 0.0, 0.0, 0.0, 0.0, 0.0, 0.0, 0.0, 0.0, 0.0, 0.0, 0.0, 0.0, 0.0, 0.0, 0.0, 0.0, 0.0, 0.0, 0.0, 0.0, 0.0, 0.0, 0.0, 0.0, 0.0, 0.0, 0.0, 0.0, 0.0, 0.0, 0.0, 0.0, 0.0, 0.0, 0.0, 0.0, 0.0, 0.0, 0.0, 0.0, 0.0, 0.0, 0.0], "num_sources": 2, "seg_angles": 64, "input": [1.7903370473, 1.8221581548, 1.9558878916, 1.7881522298, 2.1105379811, 2.1594895315, 2.0914966715, 1.9132688778, 1.7845214803, 1.4660967201, 1.4136704658, 0.9228326015, 1.1979578891, 1.1232405623, 1.1335579155, 0.9565108747, 1.035428449, 1.1468206039, 0.8381897982, 0.6366506362, 1.2980600681, 0.6291171783, 0.2998710802, 0.5229376926, 0.4285067891, 0.377619735, 0.1840353291, 0.3798286669, 0.3474895438, -0.0538819595, 1.4043698654, 0.3466294799, -0.048295324, -0.0432390569, -0.1027476827, -0.1871799579, -0.1603802815, -0.2979542716, -0.2384285751, -0.500042374, 1.2652354654, 0.3902249725, -0.3989452021, -0.4473798049, -0.5298985431, -0.4998221203, -0.5533871014, -0.574309307, -0.6174097163, -0.7610648899, 1.209200931, 0.2618382908, -0.3787433081, -0.599276426, -0.6810066764, -0.6989836655, -0.7662675781, -0.7338157517, -0.8565100477, -0.9039822791, 1.2217270945, 0.1150843947, -0.4710283877, -0.7617736914, -0.8923211097, -0.9442693083, -0.9637031464, -1.0305981384, -0.9579319768, -1.0590146836, 1.1871006348, 0.1539193162, -0.3917264234, -0.8596322991, -0.9327692874, -0.9873986441, -0.9952897631, -1.0872809887, -1.1438474841, -1.1387943775, 1.0748805201, 0.0597349355, -0.4988228376, -0.9070408203, -0.974112446, -1.1187125095, -1.0744711144, -1.1444914323, -1.1383180381, -1.1965652759, 0.8332427697, -0.2297071201, -0.653520641, -0.9593068334, -1.0823545693, -1.1684139662, -1.2280312163, -1.2197347794, -1.2003960399, -1.2331298854]}