{"source": [{"position": [87.35161431868717, 68.48865216894934], "counts": 500000.0}, {"position": [-112.93141977792286, 341.8281650580341], "counts": 500000.0}], "output": [0.0, 0.0, 0.0, 0.0, 0.0, 0.0, 0.0, 0.0, 0.0, 0.0, 0.0, 0.0, 0.0, 0.0, 0.0, 0.0, 0.0, 0.0, 0.0, 0.0, 0.0, 0.0, 0.0, 0.0, 0.0, 0.0, 0.0, 0.0, 0.0, 0.0, 0.0, 0.0, 0.0, 0.0, 0.0, 0.0, 0.0, 0.0, 0.1134691817, 0.3865308183, 0.0, 0.0, 0.0, 0.0, 0.0, 0.0, 0.0, 0.0, 0.0, 0.0, 0.0, 0.374910706, 0.125089294, 0.0, 0.0, 0.0, 0.0, 0.0, 0.0, 0.0, 0.0, 0.0, 0.0, 0.0], "num_sources": 2, "seg_angles": 64, "input": [-0.9829249687, -1.1842983972, -1.2224213526, -1.2046843975, -1.1507052435, -1.0394677891, -0.7471670358, -0.5060121692, 0.0832360956, 0.9647370332, -0.8900368873, -1.1233449753, -1.1461841569, -1.2116061873, -1.1055902833, -0.936403135, -0.5774723014, -0.2794244541, 0.4452808769, 1.1645418244, -0.7821066502, -1.1361661278, -1.1432294022, -1.1374981525, -0.9664625386, -0.8115893916, -0.6285884762, -0.0983841784, 0.5184746688, 1.4155420351, -0.8668601096, -1.0883277819, -1.088933263, -1.0918965672, -0.9480407502, -0.7789079135, -0.5131305025, -0.1385406674, 0.4517974856, 1.4158305486, -0.8218653573, -1.0131164729, -1.0533196296, -1.0485905765, -0.9300499687, -0.6635354089, -0.3810491552, 0.0069433305, 0.7091376757, 1.4557707191, -0.6568994665, -0.891557273, -0.8410644729, -0.8092197139, -0.7719163531, -0.5990093636, -0.3947011683, 0.0740659424, 0.7391269377, 1.4243218779, -0.4935643273, -0.5691008554, -0.5834620929, -0.54307405, -0.4578107942, -0.3610947348, -0.2114864439, 0.217998521, 0.896102091, 1.5563282015, -0.18667594, -0.1918580167, -0.067465316, -0.0810425185, 0.0422915862, 0.1044364537, 0.1301007219, 0.2175178592, 0.7579420084, 1.6987205295, 0.3842317144, 0.4611296191, 0.7806042064, 0.5759840136, 0.7355554072, 0.79789639, 0.9662395614, 0.8400013018, 1.2624790133, 1.7745045906, 1.4154699322, 1.7927448208, 1.7364469339, 1.7186608853, 1.8001186821, 1.8424976004, 1.8749541486, 1.9851624728, 1.9249262664, 1.989083093]}