{"source": [{"position": [-316.4577084606947, -249.52658927618512], "counts": 500000.0}, {"position": [-354.63117742617425, -180.66745140540755], "counts": 500000.0}], "output": [0.0, 0.0, 0.0, 0.0, 0.1002982522, 0.3997017478, 0.0994894058, 0.4005105942, 0.0, 0.0, 0.0, 0.0, 0.0, 0.0, 0.0, 0.0, 0.0, 0.0, 0.0, 0.0, 0.0, 0.0, 0.0, 0.0, 0.0, 0.0, 0.0, 0.0, 0.0, 0.0, 0.0, 0.0, 0.0, 0.0, 0.0, 0.0, 0.0, 0.0, 0.0, 0.0, 0.0, 0.0, 0.0, 0.0, 0.0, 0.0, 0.0, 0.0, 0.0, 0.0, 0.0, 0.0, 0.0, 0.0, 0.0, 0.0, 0.0, 0.0, 0.0, 0.0, 0.0, 0.0, 0.0, 0.0], "num_sources": 2, "seg_angles": 64, "input": [1.7055874548, 1.73466917, 1.4820682737, 1.1353987898, 1.3934891397, 1.3704868375, 1.0398366639, 1.3483800146, 1.4478716301, 1.2390067384, 2.0026972299, 0.9724466665, 0.3090775009, 0.3499343798, 0.1593324212, 0.2744668632, 0.1390144761, 0.3504382686, 0.2231830095, -0.0474826667, 1.6415222262, 0.9679953968, 0.3667420371, -0.0432925739, -0.2429778653, -0.227026404, -0.4613272236, -0.4709687459, -0.5016139423, -0.7342384404, 2.0544532134, 1.2655183871, 0.2217625864, -0.1422115861, -0.5979704421, -0.6204490923, -0.6617813561, -0.8003139163, -0.7329833179, -0.8726450497, 1.7659985727, 1.3315992286, 0.1821249123, -0.1383944607, -0.5581155619, -0.8607883891, -0.870711819, -0.8704524186, -1.0104088724, -1.0029410326, 1.7228444245, 1.0070882474, 0.1759639694, -0.1514026545, -0.5697881499, -0.7765723684, -0.9855081809, -0.9948458339, -1.0613945541, -1.138639925, 1.7590904753, 1.2779873572, 0.3033458245, -0.1568113758, -0.5456015087, -0.7676000713, -0.9039903731, -0.9842227011, -1.1316656382, -1.1969582817, 1.7762753022, 0.8338666371, 0.109588652, -0.0405517738, -0.4963771979, -0.7480441033, -0.9113709417, -1.0560147665, -1.1533897532, -1.2155257168, 2.0590518791, 0.9552077755, 0.1079848258, -0.4268358067, -0.6572597107, -0.9420032969, -0.9380842334, -1.0872904423, -1.1767158427, -1.2010868237, 1.6478755325, 0.7297080922, -0.1438573266, -0.4420290987, -0.8574934101, -0.9243584201, -1.086017531, -1.1478649225, -1.2084227658, -1.2462904054]}