{"source": [{"position": [40.4147857481641, 121.45223379143751], "counts": 500000.0}, {"position": [-49.70661867581515, -161.52477227910617], "counts": 500000.0}], "output": [0.0, 0.0, 0.0, 0.0, 0.0, 0.0, 0.0, 0.0, 0.0, 0.0, 0.0, 0.0, 0.0204352323, 0.4795647677, 0.0, 0.0, 0.0, 0.0, 0.0, 0.0, 0.0, 0.0, 0.0, 0.0, 0.0, 0.0, 0.0, 0.0, 0.0, 0.0, 0.0, 0.0, 0.0, 0.0, 0.0, 0.0, 0.0, 0.0, 0.0, 0.0, 0.0, 0.0, 0.0, 0.0, 0.1360465518, 0.3639534482, 0.0, 0.0, 0.0, 0.0, 0.0, 0.0, 0.0, 0.0, 0.0, 0.0, 0.0, 0.0, 0.0, 0.0, 0.0, 0.0, 0.0, 0.0], "num_sources": 2, "seg_angles": 64, "input": [0.1763993887, 0.947360271, 0.4827458547, 0.7661615789, 0.76669267, 0.6517886642, 0.4946198414, 0.4684998821, 1.4594283996, 2.5006268511, -0.3279554666, -0.2326596871, 0.0271777363, 0.0280805783, -0.182306506, -0.0599195161, 0.1466942938, 0.2198578873, 0.3417180013, 1.6290369397, -0.5384436395, -0.5894076069, -0.892011672, -0.674115586, -0.6014105164, -0.6653208757, -0.6078453786, -0.6418243394, -0.109574069, 1.1893523201, -0.4556005421, -1.2123479787, -1.060536373, -1.0224570783, -1.0172277676, -1.1330164219, -1.2521202322, -1.0524910645, -0.8493920583, 0.5992670171, -0.4579904909, -0.9632117814, -1.239019921, -1.3498710679, -1.1562490907, -1.2381560785, -1.3264228632, -0.9873220901, -0.9323887433, 0.0435037787, -0.2298430962, -1.0991265555, -1.3145118913, -1.1154662295, -0.8785423011, -1.0253270138, -1.2475695167, -1.004184836, -1.0629021295, 0.3031853961, 0.3045772993, -0.6874234543, -0.9018572347, -0.8487710499, -0.7592836326, -0.7560056523, -0.7621087205, -0.6733019726, -0.8199937653, 0.1624401794, 0.6822420512, 0.0292065201, -0.3548242878, -0.2334038055, -0.3343137182, -0.1642703137, -0.2878360646, -0.4787169589, -0.205023929, 0.4097266379, 1.7859039656, 0.8983768148, 0.9533793464, 0.772909675, 0.5722311839, 0.9933850599, 1.2189229534, 0.6354806789, 0.6957604152, 0.6458916377, 2.4439418252, 2.0996331188, 2.2391152747, 1.7890267027, 1.5443417696, 1.641177875, 1.8169696286, 1.7440397283, 1.2867266938, 1.4656202458]}