{"source": [{"position": [-429.0786828201719, -242.7766132668184], "counts": 500000.0}, {"position": [259.932945361014, -420.0843533338847], "counts": 500000.0}], "output": [0.0, 0.0, 0.0, 0.0, 0.0, 0.3776377407, 0.1223622593, 0.0, 0.0, 0.0, 0.0, 0.0, 0.0, 0.0, 0.0, 0.0, 0.0, 0.0, 0.0, 0.0, 0.0, 0.1779806445, 0.3220193555, 0.0, 0.0, 0.0, 0.0, 0.0, 0.0, 0.0, 0.0, 0.0, 0.0, 0.0, 0.0, 0.0, 0.0, 0.0, 0.0, 0.0, 0.0, 0.0, 0.0, 0.0, 0.0, 0.0, 0.0, 0.0, 0.0, 0.0, 0.0, 0.0, 0.0, 0.0, 0.0, 0.0, 0.0, 0.0, 0.0, 0.0, 0.0, 0.0, 0.0, 0.0], "num_sources": 2, "seg_angles": 64, "input": [1.9385196861, 2.0625791429, 2.2077752188, 2.1454586501, 2.3154875286, 1.966696864, 2.2688834941, 2.2953302617, 2.0372579157, 1.8492579217, 1.8583486303, 0.7266015056, 0.9448164992, 0.9084602528, 0.927205718, 0.6639066392, 0.8395063196, 0.6779551204, 0.8684148989, 1.1611957653, 1.0868938952, 1.0127065418, 0.7522548578, 0.0394816442, -0.2952950074, -0.0184869559, -0.000200959, -0.1390697332, 0.0745286415, 0.6324652208, 1.0396637218, 0.5305835395, 0.1749075121, -0.3524651644, -0.7402746306, -0.5467894559, -0.8586375408, -0.8279777405, -0.5320286265, 0.1325493823, 0.5119494543, 0.471560157, -0.1629465017, -0.5659535049, -0.6033011065, -1.0099590028, -0.9164661226, -0.9104238858, -0.5166274882, 0.4028209919, 0.6109733479, 0.2793815526, -0.4215937811, -0.6088522935, -0.815619137, -1.1291483995, -1.0164300357, -0.9062917022, -0.5144289397, 0.1771951214, 0.4968004435, 0.1568027723, -0.4055859335, -0.6314505389, -1.0634102299, -1.1535573912, -1.1821340914, -0.9635930714, -0.5392046606, 0.2717544253, 0.6982869936, 0.2945049814, -0.4870207315, -0.7505515098, -0.9318144091, -1.073788435, -1.2291156906, -1.0368254801, -0.5432945576, 0.1514839162, 0.078791504, -0.1384574499, -0.5802703821, -0.8128547217, -1.0981073102, -1.2404506682, -1.2160663087, -1.0524182605, -0.647825552, 0.0708729896, 0.3105816909, -0.250128521, -0.8352362075, -1.073007607, -1.126545146, -1.4441790439, -1.3366748019, -1.1790713928, -0.7961703343, 0.1046248223]}