{"source": [{"position": [127.39861434513074, -477.2898417763998], "counts": 500000.0}, {"position": [245.49241651057957, -35.177740629496284], "counts": 500000.0}], "output": [0.0, 0.0, 0.0, 0.0, 0.0, 0.0, 0.0, 0.0, 0.0, 0.0, 0.0, 0.0, 0.0, 0.0, 0.0, 0.0, 0.0, 0.0, 0.1715543532, 0.3284456468, 0.0, 0.0, 0.0, 0.0, 0.0, 0.0, 0.0, 0.0, 0.0, 0.0, 0.2248590839, 0.2751409161, 0.0, 0.0, 0.0, 0.0, 0.0, 0.0, 0.0, 0.0, 0.0, 0.0, 0.0, 0.0, 0.0, 0.0, 0.0, 0.0, 0.0, 0.0, 0.0, 0.0, 0.0, 0.0, 0.0, 0.0, 0.0, 0.0, 0.0, 0.0, 0.0, 0.0, 0.0, 0.0], "num_sources": 2, "seg_angles": 64, "input": [0.2522171162, 0.7221122237, 0.666083753, 0.8140308603, 0.7034819604, 0.9346183825, 1.0036461759, 1.3629961228, 1.7449536621, 2.1363541049, -0.4040882853, -0.2068867293, -0.1746282399, 0.0356547284, 0.0985659857, 0.5245830955, 0.6035287012, 0.9974959218, 1.5454965875, 2.2426910227, -0.7405030145, -0.4643794039, -0.465648445, -0.2421953933, -0.2423426941, 0.1171948228, 0.2803911527, 1.0745460657, 1.3849240696, 1.8341045254, -0.910584268, -0.7765623655, -0.6180205426, -0.6143559218, -0.2762755215, -0.3552017152, 0.1941318453, 0.5399100548, 1.1212007943, 1.7904725782, -1.1130472336, -0.9580015404, -0.8724866582, -0.8932942698, -0.4558284995, -0.387582647, 0.0070354683, 0.4343666534, 0.9532915469, 1.8313107134, -1.1629314799, -1.0068775652, -0.8490678661, -0.8493822163, -0.6101586027, -0.4505691195, -0.044700646, 0.3803966778, 0.8307537874, 1.8602982748, -1.2027185163, -1.0593240658, -1.0857720062, -0.9479888309, -0.808626449, -0.7160158803, -0.3638945445, 0.5534673041, 0.8312392714, 1.9428834681, -1.3310592244, -1.1728171642, -1.1327797202, -0.9681132632, -0.7292168409, -0.5590171017, -0.4287563073, 0.1913712377, 0.7744040288, 2.1864943888, -1.2956042271, -1.249959892, -1.1447505807, -0.9342280623, -0.7841788947, -0.5745659284, -0.3611003136, 0.2526226865, 0.5568832088, 2.1293064501, -1.2976573203, -1.279774942, -1.2134204486, -1.1315213491, -0.9751121598, -0.8782587512, -0.560672412, -0.261529829, 0.4794197467, 1.6731046832]}