{"source": [{"position": [-248.49822436876008, 35.35014123837905], "counts": 500000.0}, {"position": [139.58806323107856, 62.643216738896825], "counts": 500000.0}], "output": [0.0, 0.0, 0.0, 0.0, 0.0, 0.0, 0.0, 0.0, 0.0, 0.0, 0.0, 0.0, 0.0, 0.0, 0.0, 0.0, 0.0, 0.0, 0.0, 0.0, 0.0, 0.0, 0.0, 0.0, 0.0, 0.0, 0.0, 0.0, 0.0, 0.0, 0.0, 0.0, 0.0, 0.0, 0.0, 0.0, 0.3516259126, 0.1483740874, 0.0, 0.0, 0.0, 0.0, 0.0, 0.0, 0.0, 0.0, 0.0, 0.0, 0.0, 0.0, 0.0, 0.0, 0.0, 0.0, 0.0, 0.0, 0.0, 0.0, 0.0, 0.0, 0.0, 0.0, 0.2196706861, 0.2803293139], "num_sources": 2, "seg_angles": 64, "input": [-0.2744377679, -0.750933528, -1.2623059684, -1.4853774193, -1.4424582713, -1.4349514719, -0.9288324642, -0.4395013737, -0.0035866, 1.2195830561, 0.0174341062, -0.2164131842, -0.8433481991, -1.2090865032, -1.0072193502, -1.08779818, -0.8303423647, -0.5942545898, 0.5800811221, 1.7311412041, 0.3583837259, -0.2658018262, -0.7750805879, -1.0271822514, -1.05456063, -0.9100488518, -0.7698094978, -0.0549098242, 0.8787504623, 1.5899933967, 0.1956699725, -0.3808320312, -1.0636957262, -1.1696962031, -1.067093443, -1.0136828934, -0.619586581, -0.1269167474, 0.9615207309, 1.7470442404, 0.2569667204, -0.0196984876, -0.6127184556, -1.065115056, -1.0221130072, -0.9868315076, -0.5600630735, -0.1704246187, 0.7350721775, 1.7118811273, 0.3318413238, -0.1124474257, -0.6383173866, -0.9856674587, -1.0951998649, -0.9157643236, -0.4928423083, 0.0110606376, 0.9412414257, 1.7626564892, 0.1059147795, -0.2074369086, -0.9320940599, -1.0264236762, -0.9596958871, -0.8060467916, -0.4346684609, 0.0191508582, 0.9837429066, 1.7550843949, 0.4922108239, 0.1767454284, -0.3068476694, -0.7331492391, -0.8723684628, -0.9485441358, -0.5781381158, 0.1740210976, 0.6795206464, 1.8543934809, 1.090702782, 0.6810490024, 0.3422499698, -0.0933959406, -0.2188762456, -0.4750822734, -0.4478035679, -0.1697263353, 0.9396042208, 1.5741113225, 2.2574561019, 2.2995413964, 1.7620236847, 1.4392809309, 1.4720850624, 1.3251188756, 1.0996742662, 1.0396120548, 1.4203368115, 1.9832922574]}