{"source": [{"position": [-226.4422661825897, -398.1053881651103], "counts": 500000.0}, {"position": [37.300775361194944, -196.49084497109192], "counts": 500000.0}], "output": [0.0, 0.0, 0.0, 0.0, 0.0, 0.0, 0.0, 0.0, 0.0, 0.0, 0.1338853695, 0.3661146305, 0.0, 0.0, 0.0, 0.0, 0.0, 0.0445489482, 0.4554510518, 0.0, 0.0, 0.0, 0.0, 0.0, 0.0, 0.0, 0.0, 0.0, 0.0, 0.0, 0.0, 0.0, 0.0, 0.0, 0.0, 0.0, 0.0, 0.0, 0.0, 0.0, 0.0, 0.0, 0.0, 0.0, 0.0, 0.0, 0.0, 0.0, 0.0, 0.0, 0.0, 0.0, 0.0, 0.0, 0.0, 0.0, 0.0, 0.0, 0.0, 0.0, 0.0, 0.0, 0.0, 0.0], "num_sources": 2, "seg_angles": 64, "input": [1.6826297749, 2.1306992672, 2.3009907784, 2.1397830401, 2.1412888962, 2.3020069618, 1.9715229495, 2.1281656068, 2.1257597045, 1.9879509055, 1.0587775883, 1.2392042585, 1.1997533763, 1.5288161991, 1.503282798, 1.2600277848, 1.2754003759, 1.4340979054, 1.4078601371, 1.2402136571, 0.6651274125, 0.445927079, 0.6587291989, 0.6103715514, 0.6532289718, 0.6467068831, 0.5687268738, 0.7197676854, 0.4926454438, 0.4559802451, 0.2893026926, 0.2215142148, 0.1342763331, 0.0999721822, 0.0218016806, 0.0129039768, -0.0387596303, 0.126627625, 0.0584728524, 0.0780934794, 0.1539919532, -0.1223342691, -0.3643188192, -0.3392422791, -0.4891713458, -0.3882489412, -0.350400604, -0.3623281958, -0.3517890056, 0.0027074041, -0.0725369562, -0.4367364518, -0.4829440787, -0.5993550389, -0.5527219659, -0.6170271209, -0.6838773314, -0.769189177, -0.5941249584, -0.281592143, -0.3435575448, -0.4880958419, -0.7134084645, -0.8491147294, -0.8882956535, -0.8888902439, -0.8747116696, -0.9055341819, -0.8111125068, -0.274045034, -0.3914873407, -0.5987938897, -0.7761194798, -0.9498355394, -0.9593741002, -0.9791342203, -1.0245560236, -0.9497972637, -0.9994519669, -0.298350291, -0.3258431791, -0.7108051745, -0.8894132772, -1.0141074425, -1.062988388, -1.0738757164, -1.155791813, -1.050380898, -0.9904575549, -0.4686354259, -0.520321642, -0.8868160925, -1.0557879061, -1.0673224425, -1.1657758652, -1.1664062453, -1.2078235632, -1.1083525586, -1.0465004528, -0.3473377682]}