{"source": [{"position": [-113.66112438341798, 8.783439183895203], "counts": 500000.0}, {"position": [-97.08995511300873, 19.35305185633395], "counts": 500000.0}], "output": [0.1072099454, 0.0, 0.0, 0.0, 0.0, 0.0, 0.0, 0.0, 0.0, 0.0, 0.0, 0.0, 0.0, 0.0, 0.0, 0.0, 0.0, 0.0, 0.0, 0.0, 0.0, 0.0, 0.0, 0.0, 0.0, 0.0, 0.0, 0.0, 0.0, 0.0, 0.0, 0.0, 0.0, 0.0, 0.0, 0.0, 0.0, 0.0, 0.0, 0.0, 0.0, 0.0, 0.0, 0.0, 0.0, 0.0, 0.0, 0.0, 0.0, 0.0, 0.0, 0.0, 0.0, 0.0, 0.0, 0.0, 0.0, 0.0, 0.0, 0.0, 0.0, 0.0020514737, 0.4979485263, 0.3927900546], "num_sources": 2, "seg_angles": 64, "input": [1.6244215865, 0.9434168425, 0.2414195612, -0.1968571105, -0.5010344032, -0.7191676906, -0.8530470461, -0.9655903244, -1.047350752, -1.0963427151, 2.1136987201, 1.2715399804, 0.6438096857, 0.0663318009, -0.3816274594, -0.5853223084, -0.7996559831, -0.9067915605, -0.9808032998, -1.0544826167, 2.166765358, 1.4222798724, 0.6948834449, 0.150754657, -0.2496553447, -0.5134406365, -0.7055638919, -0.887323343, -0.9637672212, -1.0604551371, 2.2060634489, 1.3659725919, 0.7377564725, 0.0863765923, -0.2526500335, -0.5349044521, -0.7224930022, -0.8375771323, -0.9259976786, -1.0518624732, 2.1996446779, 1.5133466581, 0.7107686918, 0.1742035857, -0.2190150789, -0.4846897993, -0.6604511827, -0.835175616, -0.9371822703, -1.0255452335, 2.1875641946, 1.5412324644, 0.8509715114, 0.1485542622, -0.2185917096, -0.5422493022, -0.753657764, -0.8355060772, -0.95275283, -1.0203242004, 2.0395952402, 1.4827635471, 0.7704167159, 0.1926349374, -0.2834440219, -0.4849899778, -0.6209097972, -0.8541572227, -0.9828737882, -1.0546386415, 2.1445861912, 1.5528839071, 0.8070616494, 0.1528730703, -0.3275629942, -0.4851261095, -0.7290917536, -0.8704325484, -0.9601550694, -1.0056451783, 2.082869764, 1.2982368073, 0.6480846386, 0.081389392, -0.2279329264, -0.5193109892, -0.7003064478, -0.818110036, -0.9041387039, -0.992425524, 1.8032781243, 1.1004980491, 0.4985986676, 0.1975581413, -0.0213339959, -0.170697441, -0.320671114, -0.3806259108, -0.4697070663, -0.4519135657]}