{"source": [{"position": [-56.354178133246606, -38.055309838790045], "counts": 500000.0}, {"position": [64.2425086714179, -393.79423571149795], "counts": 500000.0}], "output": [0.0, 0.0, 0.0, 0.0, 0.0, 0.0, 0.4750496598, 0.0249503402, 0.0, 0.0, 0.0, 0.0, 0.0, 0.0, 0.0, 0.0, 0.0, 0.1764039954, 0.3235960046, 0.0, 0.0, 0.0, 0.0, 0.0, 0.0, 0.0, 0.0, 0.0, 0.0, 0.0, 0.0, 0.0, 0.0, 0.0, 0.0, 0.0, 0.0, 0.0, 0.0, 0.0, 0.0, 0.0, 0.0, 0.0, 0.0, 0.0, 0.0, 0.0, 0.0, 0.0, 0.0, 0.0, 0.0, 0.0, 0.0, 0.0, 0.0, 0.0, 0.0, 0.0, 0.0, 0.0, 0.0, 0.0], "num_sources": 2, "seg_angles": 64, "input": [2.0793754201, 1.6810982638, 1.8101263116, 1.6748691818, 1.6182418089, 1.5889546182, 1.5628420208, 1.4429761702, 1.3348398493, 0.990254162, 1.9996425582, 1.2790715464, 0.751993431, 0.5747824156, 0.511901036, 0.5213185623, 0.4411404109, 0.3014355595, 0.2923043789, 0.1403488424, 1.8254971956, 1.0271713782, 0.5480734112, 0.0144543646, -0.175996148, -0.1957015961, -0.3032547936, -0.2552555388, -0.3561263078, -0.5556402179, 1.7491337961, 0.9679532235, 0.3920200212, -0.1336788197, -0.299658888, -0.5126000453, -0.6126766266, -0.7032645929, -0.7320767482, -0.7913710903, 1.6222465179, 0.7932295316, 0.1491231012, -0.1893224755, -0.5058701842, -0.7306646553, -0.8882187515, -0.9869584355, -0.9468259878, -0.9256534408, 1.74353752, 0.865186386, 0.189125449, -0.2754678482, -0.5746421358, -0.8145300618, -0.9394347165, -1.0419389085, -1.0683742606, -1.0341992579, 1.7728800613, 0.7959635389, 0.0879846268, -0.3191580694, -0.6512768754, -0.8696639275, -0.9584088788, -1.0938628318, -1.1257157593, -1.0245328411, 1.6560115546, 0.7038867342, 0.0197363322, -0.362714739, -0.7387557727, -0.9313415396, -1.0646412614, -1.1299030021, -1.1745884561, -1.1278480168, 1.4103789955, 0.6964225308, 0.0649247242, -0.4425720245, -0.7786549425, -0.9137242175, -1.078092543, -1.1574313233, -1.1746021208, -1.1215937617, 1.2480077817, 0.3751499979, -0.1970076461, -0.6452740444, -0.9054543744, -1.0338552113, -1.1282037745, -1.1972139646, -1.2683085347, -1.1518123349]}