{"source": [{"position": [404.7295695992797, -290.16887409228065], "counts": 500000.0}, {"position": [-20.111142505885923, -36.87196695469267], "counts": 500000.0}], "output": [0.0, 0.0, 0.0, 0.0, 0.0, 0.0, 0.0, 0.0, 0.0, 0.0, 0.0430626051, 0.4569373949, 0.0, 0.0, 0.0, 0.0, 0.0, 0.0, 0.0, 0.0, 0.0, 0.0, 0.0, 0.0, 0.0, 0.1678617705, 0.3321382295, 0.0, 0.0, 0.0, 0.0, 0.0, 0.0, 0.0, 0.0, 0.0, 0.0, 0.0, 0.0, 0.0, 0.0, 0.0, 0.0, 0.0, 0.0, 0.0, 0.0, 0.0, 0.0, 0.0, 0.0, 0.0, 0.0, 0.0, 0.0, 0.0, 0.0, 0.0, 0.0, 0.0, 0.0, 0.0, 0.0, 0.0], "num_sources": 2, "seg_angles": 64, "input": [1.9703529185, 2.2024266793, 2.312841797, 2.2757306535, 2.0379457619, 2.0523084864, 2.0504800002, 1.9463062075, 1.976425228, 1.6516376963, 1.3916241067, 1.2740095996, 1.4181964253, 1.18926146, 1.1879697836, 1.1845445173, 1.0841239007, 1.0542068693, 1.0185896671, 0.7411163825, 1.2796020581, 0.4879481531, 0.4649677084, 0.4911301632, 0.374825215, 0.3778549059, 0.3740023153, 0.3366036563, 0.2963981155, 0.1430453523, 1.1132717885, 0.1284111117, -0.1134484369, -0.0513722469, -0.2039747783, -0.1805062329, -0.1464467673, -0.2137456937, -0.1403831385, -0.3626163331, 1.0531160957, -0.0389221505, -0.3839535598, -0.4723764664, -0.4871399624, -0.5059569556, -0.5185847974, -0.5644478989, -0.4952449362, -0.5118761235, 0.9207703073, -0.0204698949, -0.5572886792, -0.655011721, -0.685954048, -0.706603254, -0.7308160157, -0.7308711249, -0.6682206703, -0.7269204085, 0.7544612698, -0.1822736565, -0.6675941555, -0.8428709374, -0.8895381188, -0.9313231512, -0.8911784536, -0.8676162684, -0.8255506033, -0.8124372885, 0.7516627107, -0.2684184835, -0.6737408454, -0.9471613081, -0.9940302962, -0.9890460996, -0.9787358456, -0.9596845703, -0.9071251958, -0.8863105, 0.7551157732, -0.2721862094, -0.7829627051, -0.9993274396, -1.0529413249, -1.1020881766, -1.0426292429, -1.0475136826, -0.9722034759, -0.925289093, 0.4722601991, -0.5213249087, -0.893056123, -1.0490893398, -1.1333118003, -1.1226044502, -1.1300243064, -1.0878205237, -1.0703842703, -1.0029998951]}