{"source": [{"position": [-163.27300808836566, 469.4155140488824], "counts": 500000.0}, {"position": [368.6924632970991, 312.01741539202146], "counts": 500000.0}], "output": [0.0, 0.0, 0.0, 0.0, 0.0, 0.0, 0.0, 0.0, 0.0, 0.0, 0.0, 0.0, 0.0, 0.0, 0.0, 0.0, 0.0, 0.0, 0.0, 0.0, 0.0, 0.0, 0.0, 0.0, 0.0, 0.0, 0.0, 0.0, 0.0, 0.0, 0.0, 0.0, 0.0, 0.0, 0.0, 0.0, 0.0, 0.0, 0.0, 0.4230575421, 0.0769424579, 0.0, 0.0, 0.0, 0.0, 0.0, 0.0, 0.0, 0.0, 0.0, 0.0, 0.2952181921, 0.2047818079, 0.0, 0.0, 0.0, 0.0, 0.0, 0.0, 0.0, 0.0, 0.0, 0.0, 0.0], "num_sources": 2, "seg_angles": 64, "input": [-0.4388199904, -1.2085507284, -1.2982097138, -1.307660171, -1.0784580921, -1.1865617621, -1.1560356709, -0.684020392, -0.5005329328, 0.0617286503, -0.2979439734, -0.9005108376, -1.1975381534, -1.300896467, -1.3039023133, -1.1440426987, -0.8276124355, -0.506699613, 0.0413240217, 0.5632721704, -0.2802445735, -0.9225584017, -1.1517083531, -1.1643754173, -1.0950248856, -0.9008955209, -0.6941289036, -0.5593771907, -0.0477412693, 0.4386100806, -0.0727198744, -0.887683852, -1.1666417743, -1.2423760529, -1.0601766078, -0.9755584233, -0.5291389897, -0.3766960222, 0.0720458839, 0.8606291014, -0.2034875178, -0.8166626223, -1.0191692719, -0.9394659812, -0.940430484, -0.9380429175, -0.4965669135, -0.4321766712, -0.1697654603, 0.6668053946, -0.2775637391, -0.7139218317, -0.5885134208, -0.711197427, -0.6378157398, -0.5718094039, -0.3489283737, -0.3028778049, 0.1169613587, 0.8508382337, 0.0974255211, -0.4409088643, -0.2942551759, -0.2822272193, -0.1780455756, -0.218064604, -0.0856346789, 0.033110857, 0.3211507721, 1.073927348, 0.5016623305, 0.0663940355, 0.2909157984, 0.1595993179, 0.2348538498, 0.1971989102, 0.2608892306, 0.3987046094, 0.9444999254, 0.8404753907, 0.7622215168, 1.0704924134, 1.3457953428, 0.9656863416, 1.0619762214, 0.9509025769, 1.0849532782, 1.3972292435, 1.1920952179, 1.6319226247, 1.8215763397, 2.077291722, 1.8105398493, 2.1936727604, 2.0251071286, 2.2414307661, 2.1762279274, 2.1258039883, 2.1787653341, 1.8658603715]}