{"source": [{"position": [87.73730512185725, 67.99386214912435], "counts": 500000.0}, {"position": [321.63312261701975, 97.20151457474913], "counts": 500000.0}], "output": [0.0, 0.0, 0.0, 0.0, 0.0, 0.0, 0.0, 0.0, 0.0, 0.0, 0.0, 0.0, 0.0, 0.0, 0.0, 0.0, 0.0, 0.0, 0.0, 0.0, 0.0, 0.0, 0.0, 0.0, 0.0, 0.0, 0.0, 0.0, 0.0, 0.0, 0.0, 0.0, 0.0, 0.0, 0.0052917846, 0.4947082154, 0.0, 0.0, 0.1422538492, 0.3577461508, 0.0, 0.0, 0.0, 0.0, 0.0, 0.0, 0.0, 0.0, 0.0, 0.0, 0.0, 0.0, 0.0, 0.0, 0.0, 0.0, 0.0, 0.0, 0.0, 0.0, 0.0, 0.0, 0.0, 0.0], "num_sources": 2, "seg_angles": 64, "input": [-1.2161730279, -1.1877644325, -1.1509613557, -0.9918498985, -0.9429862702, -0.8162381201, -0.4950053186, -0.0400251608, 0.6456035292, 1.3908267, -1.2209618431, -1.1719081289, -1.0795285494, -1.0036522291, -0.8595367384, -0.659896236, -0.2647227441, 0.0109544519, 0.8786780559, 1.9712795729, -1.1746994032, -1.1417226388, -1.0907339459, -0.9640423181, -0.8484125909, -0.5818260887, -0.2867125426, 0.2778949027, 1.0692186472, 1.7822524569, -1.1792848808, -1.1292611682, -1.0386998379, -0.9760856416, -0.8158764604, -0.572119071, -0.287324383, 0.2503508851, 1.0182698064, 1.9110831841, -1.1209356639, -1.0598759061, -0.945047703, -0.9479969653, -0.7991633426, -0.5818083759, -0.2880021394, 0.2509239972, 1.1038978082, 1.8512692215, -1.0524533705, -0.9308229448, -0.9078418044, -0.8603495858, -0.7233638848, -0.499557553, -0.239076912, 0.3615842339, 1.196140867, 1.9873751893, -0.9229423301, -0.84240705, -0.7234548992, -0.6970369154, -0.6282664538, -0.3942619577, -0.1493061174, 0.3198895187, 1.0099532583, 2.0101002086, -0.6096468266, -0.4156741148, -0.5178266203, -0.4014037712, -0.3242373101, -0.2237760047, 0.0388401879, 0.2960203706, 0.9452537691, 2.0694146475, -0.0693530142, 0.068844231, 0.142402655, 0.2115652572, 0.1512513956, 0.2818536966, 0.4187463101, 0.7562825367, 0.9795148036, 2.0465699874, 0.9410795438, 1.3217381275, 1.2790866129, 1.1852563694, 1.2814193628, 1.3616711988, 1.250999913, 1.4821072623, 1.5322624861, 1.7241733417]}