{"source": [{"position": [-121.0756016500929, 130.47872886056186], "counts": 500000.0}, {"position": [-326.17676141783375, -61.90896793658892], "counts": 500000.0}], "output": [0.0, 0.0447100732, 0.4552899268, 0.0, 0.0, 0.0, 0.0, 0.0, 0.0, 0.0, 0.0, 0.0, 0.0, 0.0, 0.0, 0.0, 0.0, 0.0, 0.0, 0.0, 0.0, 0.0, 0.0, 0.0, 0.0, 0.0, 0.0, 0.0, 0.0, 0.0, 0.0, 0.0, 0.0, 0.0, 0.0, 0.0, 0.0, 0.0, 0.0, 0.0, 0.0, 0.0, 0.0, 0.0, 0.0, 0.0, 0.0, 0.0, 0.0, 0.0, 0.0, 0.0, 0.0, 0.0, 0.0, 0.1902867155, 0.3097132845, 0.0, 0.0, 0.0, 0.0, 0.0, 0.0, 0.0], "num_sources": 2, "seg_angles": 64, "input": [1.7052560337, 0.6136964051, -0.0547528044, -0.3919015485, -0.58383085, -0.6541594414, -0.7536008874, -0.8432140868, -0.8964623767, -0.9211460024, 2.0404334109, 0.84283779, 0.0678942679, -0.4328304428, -0.7615230917, -1.0022950841, -1.1194004533, -1.1532901788, -1.1762176432, -1.237449582, 1.7538645547, 1.0049507465, 0.0612096989, -0.377205679, -0.6996397609, -0.9936283106, -1.0027264198, -1.1507884892, -1.223510705, -1.289822893, 2.0783393867, 1.2173445488, 0.2255782452, -0.3063560677, -0.6963889801, -0.8674669069, -1.0375296709, -1.0030686499, -1.1766635465, -1.2146511885, 2.0263989753, 1.156250239, 0.2586784069, -0.3301840357, -0.6729447167, -0.7232986584, -0.9808886041, -0.9496559442, -1.1410557587, -1.2259987933, 1.9137762125, 1.0594595497, 0.1796956613, -0.2729388733, -0.5451639534, -0.664473878, -0.8523856638, -0.9508719704, -1.0111935992, -1.0442959105, 2.1127085207, 0.9069330905, 0.3335435875, -0.2184947942, -0.3608303939, -0.5486579279, -0.5976871801, -0.7343234782, -0.7756066628, -0.9687454549, 1.970225314, 1.0796780996, 0.4400127575, 0.0406460513, -0.175547989, -0.0693468752, -0.4181079034, -0.3560666463, -0.3668243091, -0.6385106707, 1.9658901689, 1.2801904284, 1.1232561545, 0.5871711915, 0.4540518132, 0.3528776421, 0.2887184813, 0.1331087473, 0.0614017795, -0.1756895612, 1.866467372, 1.663692268, 1.4146113265, 1.235406972, 1.1065006675, 0.9402008601, 0.8618864574, 1.1748514648, 0.6830324002, 0.5085841987]}