{"source": [{"position": [48.4080874437679, -94.300885839087], "counts": 500000.0}, {"position": [-96.81809743662461, -20.670171957491466], "counts": 500000.0}], "output": [0.0, 0.0, 0.4287617717, 0.0712382283, 0.0, 0.0, 0.0, 0.0, 0.0, 0.0, 0.0, 0.0, 0.0, 0.0, 0.0, 0.0, 0.0, 0.0, 0.0, 0.0, 0.0846146569, 0.4153853431, 0.0, 0.0, 0.0, 0.0, 0.0, 0.0, 0.0, 0.0, 0.0, 0.0, 0.0, 0.0, 0.0, 0.0, 0.0, 0.0, 0.0, 0.0, 0.0, 0.0, 0.0, 0.0, 0.0, 0.0, 0.0, 0.0, 0.0, 0.0, 0.0, 0.0, 0.0, 0.0, 0.0, 0.0, 0.0, 0.0, 0.0, 0.0, 0.0, 0.0, 0.0, 0.0], "num_sources": 2, "seg_angles": 64, "input": [2.4929095947, 2.4585450248, 2.0394463988, 1.6155226121, 1.6144551405, 1.8041055068, 1.5281581138, 1.4859257919, 1.3708534419, 1.2753943754, 2.3283838111, 1.9028464092, 1.2834788813, 0.7975043496, 0.6809580131, 0.5830803892, 0.362811417, 0.0858782186, 0.2538967386, 0.3216274382, 1.6638556013, 1.3913528322, 0.9399922111, 0.3965952933, 0.0807127002, -0.157901355, -0.2395506429, -0.31115381, -0.1277875374, 0.0804453982, 1.5153180506, 0.7769951607, 0.425455677, 0.1129974443, -0.2984189629, -0.5783803167, -0.5900235814, -0.7649073269, -0.5504588033, 0.1137109665, 1.1669901747, 0.57159556, 0.1751983169, -0.2879460797, -0.5126076568, -0.7942313405, -0.9406875434, -0.9527833359, -0.7218399775, -0.035347267, 0.9891238274, 0.5122609212, -0.0580786946, -0.3464981518, -0.7090024608, -0.9377516547, -1.0291812384, -1.0817867866, -0.8629160894, -0.0315337085, 1.0373674125, 0.3917969895, -0.1754809058, -0.6089649466, -0.9369734993, -1.1059291905, -1.2100493818, -1.1458696105, -0.8024322307, -0.0376955634, 0.8157267915, 0.1575881398, -0.2185281224, -0.6661569932, -1.0370842475, -1.136851267, -1.2116430794, -1.2170603857, -0.8649253442, -0.1753781004, 0.7614441125, 0.2483484229, -0.4293110983, -0.7211018422, -0.958494781, -1.2848608431, -1.3412471551, -1.2378255542, -0.8870192555, -0.1623692172, 0.5722573374, -0.1178320593, -0.6044649645, -1.092497254, -1.2545656413, -1.4433899291, -1.4448391601, -1.3583898286, -1.0384749384, -0.3344302957]}