{"source": [{"position": [-175.9315457518403, 316.3733414960371], "counts": 500000.0}, {"position": [5.9293149510579815, 33.47899676231592], "counts": 500000.0}], "output": [0.0, 0.0, 0.0, 0.0, 0.0, 0.0, 0.0, 0.0, 0.0, 0.0, 0.0, 0.0, 0.0, 0.0, 0.0, 0.0, 0.0, 0.0, 0.0, 0.0, 0.0, 0.0, 0.0, 0.0, 0.0, 0.0, 0.0, 0.0, 0.0, 0.0, 0.0, 0.0, 0.0, 0.0, 0.0, 0.0, 0.0, 0.0, 0.0, 0.0, 0.0, 0.0, 0.0, 0.0, 0.0, 0.0, 0.3927338564, 0.1072661436, 0.0, 0.0, 0.0, 0.0, 0.0, 0.4152952697, 0.0847047303, 0.0, 0.0, 0.0, 0.0, 0.0, 0.0, 0.0, 0.0, 0.0], "num_sources": 2, "seg_angles": 64, "input": [-0.8379104807, -0.9238552027, -0.9776593861, -0.9612420249, -0.9733832379, -1.0012868535, -1.0030322686, -0.9839463431, -0.9982341613, -0.8952428831, -0.7847848537, -0.8720778562, -0.8954058179, -0.9259138857, -0.8995045775, -0.93218129, -0.9174332022, -0.9255071456, -0.9299339035, -0.818235142, -0.75432106, -0.8230602371, -0.8074795318, -0.8271391016, -0.8321988653, -0.8399066707, -0.8346837826, -0.8453961169, -0.8512379946, -0.7853146175, -0.6254785665, -0.6752077969, -0.700789179, -0.7047285413, -0.6959211339, -0.7455401153, -0.6791331556, -0.6899271067, -0.7303554539, -0.6906455222, -0.5389128565, -0.5207336985, -0.5481973254, -0.5065272231, -0.4871395007, -0.5231406221, -0.4805509463, -0.4930120885, -0.5590535384, -0.5446526449, -0.3175550391, -0.2571215562, -0.2803353953, -0.2286067184, -0.2532027424, -0.2539688722, -0.2160063202, -0.2603616138, -0.2693467883, -0.3712287782, -0.0569124457, 0.0829403825, 0.0613221025, 0.136059399, 0.1538202423, 0.102308817, 0.1583719068, 0.1016532442, 0.1069799184, -0.0806124843, 0.3869660321, 0.5498010063, 0.6816661344, 0.6855504304, 0.7162777569, 0.6822702612, 0.7370670195, 0.6895971715, 0.6162020988, 0.371713395, 1.0213078368, 1.3060694381, 1.3042592129, 1.3340741395, 1.417232702, 1.4184140722, 1.461997313, 1.4182925093, 1.4521756179, 1.0280120667, 1.8003055278, 2.0630080394, 2.2238151916, 2.2591637372, 2.1799241597, 2.1674127142, 2.3231643088, 2.3344780268, 2.1088097598, 1.9999305714]}