{"source": [{"position": [195.33315966965193, 337.5573384381833], "counts": 500000.0}, {"position": [-212.92425194809653, -41.86003980341529], "counts": 500000.0}], "output": [0.0, 0.011353551, 0.488646449, 0.0, 0.0, 0.0, 0.0, 0.0, 0.0, 0.0, 0.0, 0.0, 0.0, 0.0, 0.0, 0.0, 0.0, 0.0, 0.0, 0.0, 0.0, 0.0, 0.0, 0.0, 0.0, 0.0, 0.0, 0.0, 0.0, 0.0, 0.0, 0.0, 0.0, 0.0, 0.0, 0.0, 0.0, 0.0, 0.0, 0.0, 0.0, 0.0, 0.1716918404, 0.3283081596, 0.0, 0.0, 0.0, 0.0, 0.0, 0.0, 0.0, 0.0, 0.0, 0.0, 0.0, 0.0, 0.0, 0.0, 0.0, 0.0, 0.0, 0.0, 0.0, 0.0], "num_sources": 2, "seg_angles": 64, "input": [1.0171394319, 0.5487768209, -0.0193034705, -0.269928767, -0.3570771089, -0.5684564336, -0.4350195474, -0.4548901453, 0.0323263952, 0.3557483438, 1.5267410169, 0.6818600323, -0.0538598055, -0.6622328073, -0.9722100665, -1.0616705254, -1.2927887288, -1.1222295647, -0.7927321145, -0.3295460539, 1.6658636527, 0.9710190066, 0.2359413222, -0.6415565409, -0.9932174818, -1.149144192, -1.33791402, -1.2133005982, -1.0367630826, -0.1375643905, 1.5526398241, 1.0151168517, 0.1300298287, -0.3901016596, -0.782191508, -1.1218497513, -1.2487690495, -1.2389230714, -0.9596746168, -0.437869836, 1.6015459208, 1.0449744222, 0.1491937072, -0.5834953208, -0.6225951464, -0.9363955925, -1.1690479043, -1.1059538458, -1.0313332272, -0.3280127302, 1.8157777894, 1.2345103293, 0.42985411, -0.1291740697, -0.617613524, -0.8409454801, -1.1389300058, -1.1750800354, -0.8340373063, -0.3943180627, 2.3203742743, 1.375370069, 0.76286017, 0.0279290533, -0.5518716904, -0.5928526414, -0.8401875922, -1.0729423114, -0.7730674322, -0.3118156904, 2.090735771, 1.5258728922, 0.9828322548, 0.2243153566, 0.1758343562, -0.6014891178, -0.5812508514, -0.9062615749, -0.8822017531, -0.3758252567, 2.6231431187, 1.9618428223, 1.3357806852, 0.6915250211, 0.3426796961, -0.0020614707, -0.3606351779, -0.3769200596, -0.5247325181, -0.1178338106, 2.6598898428, 1.7533052006, 1.5298903134, 1.0903095503, 0.759175231, 0.3761624644, 0.2658226927, 0.1157464765, -0.0312298086, -0.1095601726]}