{"source": [{"position": [-322.1616221252454, -315.61509664404616], "counts": 500000.0}, {"position": [-328.27493252018274, 313.61053661965747], "counts": 500000.0}], "output": [0.0, 0.0, 0.0, 0.0, 0.0, 0.0, 0.0, 0.0522753632, 0.4477246368, 0.0, 0.0, 0.0, 0.0, 0.0, 0.0, 0.0, 0.0, 0.0, 0.0, 0.0, 0.0, 0.0, 0.0, 0.0, 0.0, 0.0, 0.0, 0.0, 0.0, 0.0, 0.0, 0.0, 0.0, 0.0, 0.0, 0.0, 0.0, 0.0, 0.0, 0.0, 0.0, 0.0, 0.0, 0.0, 0.0, 0.0, 0.0, 0.0, 0.0, 0.0, 0.0, 0.0, 0.0, 0.0, 0.0, 0.0, 0.3836674622, 0.1163325378, 0.0, 0.0, 0.0, 0.0, 0.0, 0.0], "num_sources": 2, "seg_angles": 64, "input": [2.2085899757, 1.2832996413, 0.7270736848, 0.4239983978, 0.7188694514, 0.5487758505, 0.1608350161, 0.2336161679, 0.3801455696, 0.1177862285, 2.0070366831, 1.1533807588, 0.3287957715, -0.1280560107, -0.1296878287, 0.0775866444, -0.1636269191, -0.4514786089, -0.324867816, -0.6384236634, 2.0081701397, 1.0599673856, 0.3073784005, -0.2290663819, -0.5913239829, -0.6383481397, -0.6496978535, -0.7496665437, -1.0440940718, -0.967766018, 2.307482433, 1.2752899024, 0.2708994496, -0.5455484734, -0.912946205, -0.8885967262, -1.000874932, -1.0853667251, -1.0006174775, -1.2343723544, 2.1276865935, 1.2535508068, 0.1296676155, -0.5215969555, -0.9672638018, -1.0665332548, -1.1432915772, -1.1895740181, -1.1945308884, -1.2551687397, 2.284036056, 0.7183903289, -0.0805653399, -0.3607530095, -0.8360176328, -1.0615314423, -1.0365396035, -1.2347847144, -1.2059702345, -1.1992877029, 1.9570964508, 0.9734438847, 0.0126145767, -0.4464899407, -0.6171901191, -1.0506937774, -0.8636924073, -0.9936457586, -1.0169496004, -1.0919035563, 2.2741032378, 1.1695976759, 0.024328765, -0.399068602, -0.3857053716, -0.7078626541, -0.8084246191, -0.7052080399, -0.9365581233, -0.9387605019, 2.2634692819, 1.10325865, 0.2851960467, 0.0238482322, -0.2840696257, 0.0782423286, -0.236518714, -0.3633348525, -0.5818620775, -0.673029201, 2.068792767, 1.0818883298, 0.6637179674, 0.5702562211, 0.478191782, 0.658723898, 0.3226291825, 0.1977378031, 0.4079902368, 0.1013669186]}