{"source": [{"position": [51.424232608493966, 28.923144722306827], "counts": 500000.0}, {"position": [-26.062119955682327, -120.20717908434433], "counts": 500000.0}], "output": [0.0, 0.0, 0.0, 0.0, 0.0, 0.0, 0.0, 0.0, 0.0, 0.0, 0.0, 0.0, 0.0, 0.0873748678, 0.4126251322, 0.0, 0.0, 0.0, 0.0, 0.0, 0.0, 0.0, 0.0, 0.0, 0.0, 0.0, 0.0, 0.0, 0.0, 0.0, 0.0, 0.0, 0.0, 0.0, 0.0, 0.0, 0.0, 0.3906465697, 0.1093534303, 0.0, 0.0, 0.0, 0.0, 0.0, 0.0, 0.0, 0.0, 0.0, 0.0, 0.0, 0.0, 0.0, 0.0, 0.0, 0.0, 0.0, 0.0, 0.0, 0.0, 0.0, 0.0, 0.0, 0.0, 0.0], "num_sources": 2, "seg_angles": 64, "input": [-0.4131989598, -0.1196941392, -0.1463802613, 0.0160741903, 0.0832440676, 0.3615156113, 0.5639762313, 1.1079953669, 1.6319155407, 2.4969605979, -0.6978656629, -0.6324554345, -0.382379355, -0.2222492614, -0.2393659906, 0.0414624165, 0.4182577304, 0.9343918713, 1.5206567805, 2.5911386713, -0.9120024555, -0.8259108006, -0.7667667985, -0.6703275788, -0.5691042221, -0.2343791077, 0.0580436965, 0.7487517419, 1.5402137413, 2.111220689, -1.0826378664, -1.1464970011, -1.0366910903, -0.9896799499, -0.7040114278, -0.5493962043, -0.1409980022, 0.5222607634, 1.2427569123, 1.8640713596, -1.1095855458, -1.3510188221, -1.1648491122, -1.0340588769, -0.8027469055, -0.6253974196, -0.2661562865, 0.2955712098, 1.1220339373, 1.6297050953, -1.1159584084, -1.3694279005, -1.2681992483, -1.1965331034, -1.0804267725, -0.8108877315, -0.4259064124, 0.0324186408, 0.8619872439, 1.8289170896, -0.9862442715, -1.3251855393, -1.3396485552, -1.2129206363, -1.1174914916, -0.8119424902, -0.4713463342, 0.1122822163, 0.8234901753, 1.8895045252, -0.7142334878, -1.0726083858, -0.9848028229, -0.9889067103, -0.9421447289, -0.7815498343, -0.4561800325, 0.1046374777, 0.7791794031, 1.8470708174, -0.2452052316, -0.5411849105, -0.4992508711, -0.46003548, -0.4291221245, -0.410297294, -0.1980522006, 0.0383103665, 0.774034901, 1.7185982268, 0.7885671283, 0.5020264075, 0.6355512035, 0.6503648225, 0.7016591299, 0.7882638287, 0.8529034886, 0.8808073944, 1.143925181, 1.4347796584]}