{"source": [{"position": [184.7180852317743, -34.97469068207714], "counts": 500000.0}, {"position": [135.71809735119908, 8.752031271107745], "counts": 500000.0}], "output": [0.0, 0.0, 0.0, 0.0, 0.0, 0.0, 0.0, 0.0, 0.0, 0.0, 0.0, 0.0, 0.0, 0.0, 0.0, 0.0, 0.0, 0.0, 0.0, 0.0, 0.0, 0.0, 0.0, 0.0, 0.0, 0.0, 0.0, 0.0, 0.0, 0.0, 0.4530235964, 0.0469764036, 0.1720253494, 0.3279746506, 0.0, 0.0, 0.0, 0.0, 0.0, 0.0, 0.0, 0.0, 0.0, 0.0, 0.0, 0.0, 0.0, 0.0, 0.0, 0.0, 0.0, 0.0, 0.0, 0.0, 0.0, 0.0, 0.0, 0.0, 0.0, 0.0, 0.0, 0.0, 0.0, 0.0], "num_sources": 2, "seg_angles": 64, "input": [-0.6583850456, -0.6077284722, -0.5739767852, -0.3950686865, -0.3463348361, -0.1157109519, 0.1861476334, 0.3787641279, 0.9624467966, 1.99302222, -0.9725087717, -0.9755896751, -0.8092766501, -0.7039430279, -0.585022572, -0.3109916556, 0.1167638883, 0.6077375719, 1.1221930047, 2.2179175438, -1.0183877071, -0.9575899577, -0.8481818896, -0.6508968736, -0.5047447681, -0.237052693, 0.1872306889, 0.7615596061, 1.5652166038, 2.0815227213, -0.9971033209, -0.9181378953, -0.8757841081, -0.7501943589, -0.4985759104, -0.25074127, 0.2357458087, 0.7456512841, 1.4105486125, 2.2282795472, -1.0366078587, -0.9201365695, -0.8578912893, -0.7285575286, -0.4691290508, -0.2008102452, 0.2536954423, 0.809375277, 1.4106364906, 2.127583942, -1.0421516102, -0.9501820012, -0.8427506583, -0.7473079313, -0.4536441051, -0.2721516402, 0.1466375117, 0.8171300775, 1.4272489432, 2.1330329829, -1.048427328, -0.9795367977, -0.8774482635, -0.7284902829, -0.5029848105, -0.3191833281, 0.1342600129, 0.7652704796, 1.4381110002, 2.2953155363, -1.0062840916, -0.9648372878, -0.8172763152, -0.6048413082, -0.4604121165, -0.2525777306, 0.1554980215, 0.6669957034, 1.3374418444, 2.2094498133, -1.0425635474, -0.9552671358, -0.8711378086, -0.7037071031, -0.6439019134, -0.3272986002, 0.1106680526, 0.5276579931, 1.4139442792, 2.0720800824, -1.0023531979, -0.889736604, -0.846106685, -0.747901408, -0.6850042367, -0.4272851782, -0.1579568825, 0.2173568159, 0.9353730308, 1.7402573406]}