{"source": [{"position": [-208.39192750984756, -343.7685333894456], "counts": 500000.0}, {"position": [-41.4682520724378, -17.47524163085472], "counts": 500000.0}], "output": [0.0, 0.0, 0.0, 0.0, 0.4687850604, 0.0312149396, 0.0, 0.0, 0.0, 0.0, 0.2754822783, 0.2245177217, 0.0, 0.0, 0.0, 0.0, 0.0, 0.0, 0.0, 0.0, 0.0, 0.0, 0.0, 0.0, 0.0, 0.0, 0.0, 0.0, 0.0, 0.0, 0.0, 0.0, 0.0, 0.0, 0.0, 0.0, 0.0, 0.0, 0.0, 0.0, 0.0, 0.0, 0.0, 0.0, 0.0, 0.0, 0.0, 0.0, 0.0, 0.0, 0.0, 0.0, 0.0, 0.0, 0.0, 0.0, 0.0, 0.0, 0.0, 0.0, 0.0, 0.0, 0.0, 0.0], "num_sources": 2, "seg_angles": 64, "input": [1.9345989397, 1.4568092114, 1.2496985469, 0.9769144925, 0.9234673287, 0.8438870444, 0.7115288699, 0.7178587508, 0.587294218, 0.4665507383, 2.0814141385, 1.3864534112, 0.6552340075, 0.1839760766, -0.0262157705, -0.1598177557, -0.2571123606, -0.3089756357, -0.3108639837, -0.5450425154, 2.1862983239, 1.2609485719, 0.5911802271, 0.0956366637, -0.3129331653, -0.5248676714, -0.6184270043, -0.7032948876, -0.7516888796, -0.8317710422, 2.1941730081, 1.3046815743, 0.4990012247, 0.0742770217, -0.3632002589, -0.5745128087, -0.7211701917, -0.8292436716, -0.9194330378, -1.0074575854, 2.1107584637, 1.2343039232, 0.4238901733, -0.0712588948, -0.3759266694, -0.5820482315, -0.7991448057, -0.9096023662, -1.0048623195, -1.075049256, 2.0529409053, 1.1896371449, 0.3920540234, -0.036884029, -0.4689302956, -0.658120585, -0.8179073924, -0.9669770933, -1.0266870066, -1.0910655843, 2.0534677612, 1.256610144, 0.4168098645, -0.1137001271, -0.4476685692, -0.7185962614, -0.8785384486, -0.9976328353, -1.0632660258, -1.1076907056, 1.9926883888, 1.1324015524, 0.3101691272, -0.1766979203, -0.5215654499, -0.7014020767, -0.910135495, -0.9902095267, -1.0696999209, -1.1294571547, 1.9036889379, 1.0021674561, 0.2918621309, -0.2130320837, -0.5562722476, -0.7727117335, -0.894504813, -1.0360752486, -1.1012678788, -1.1577265667, 1.7333100181, 0.728697662, -0.0188580149, -0.4301559881, -0.7274427656, -0.8302791734, -1.006950192, -1.0519719429, -1.1515215676, -1.1818165777]}