{"source": [{"position": [-247.66301811930768, -252.94076274107243], "counts": 500000.0}, {"position": [25.76484260756505, -13.31063054131548], "counts": 500000.0}], "output": [0.0, 0.0, 0.0, 0.0, 0.0, 0.0, 0.0, 0.0, 0.4463081626, 0.0536918374, 0.0, 0.0, 0.0, 0.0, 0.0, 0.0, 0.0, 0.0, 0.0, 0.0, 0.0, 0.0, 0.0, 0.0, 0.0, 0.0, 0.0, 0.4286023584, 0.0713976416, 0.0, 0.0, 0.0, 0.0, 0.0, 0.0, 0.0, 0.0, 0.0, 0.0, 0.0, 0.0, 0.0, 0.0, 0.0, 0.0, 0.0, 0.0, 0.0, 0.0, 0.0, 0.0, 0.0, 0.0, 0.0, 0.0, 0.0, 0.0, 0.0, 0.0, 0.0, 0.0, 0.0, 0.0, 0.0], "num_sources": 2, "seg_angles": 64, "input": [0.370605924, 0.5829870743, 0.7148639405, 0.8164596911, 1.0039620327, 1.0218528954, 1.2357947281, 1.3968300712, 1.7135271188, 2.2785939881, -0.4904158008, -0.3499887078, -0.2742288775, -0.2794471433, -0.1501644444, -0.0121401947, 0.2614976401, 0.7031227934, 1.4702266224, 2.3591897998, -0.7471947404, -0.7471061745, -0.7390827975, -0.6635088139, -0.5366926314, -0.3345724835, 0.0770607483, 0.5606954535, 1.3135721007, 2.3203295706, -0.8787217789, -0.8827613117, -0.8572846496, -0.7583999408, -0.6138230975, -0.3956606226, -0.0444073288, 0.464832736, 1.2730899844, 2.2185027558, -0.9303416754, -0.938028767, -0.8830343813, -0.8190223951, -0.6861914732, -0.4952212999, -0.1614962736, 0.415176126, 1.166306929, 2.1849550981, -0.9189783784, -0.9608193094, -0.9160747947, -0.855560527, -0.7299306888, -0.5209434036, -0.1587728833, 0.3804115238, 1.109247942, 2.1304757616, -0.9395989288, -0.9803019638, -0.9073606295, -0.8742819093, -0.755234397, -0.562061829, -0.2318064233, 0.3355805111, 1.0659839728, 1.9319636544, -0.9745105838, -0.973164013, -0.965898648, -0.9192549264, -0.782011784, -0.5907883807, -0.2669585134, 0.2106508193, 0.9849332091, 1.8108340414, -0.9813109548, -0.9748561721, -0.9999054412, -0.9163658544, -0.8451448027, -0.6558302757, -0.3592695628, 0.1889116087, 0.8475583843, 1.7651917581, -1.0217186165, -1.0475585174, -1.0589700251, -1.0154583003, -0.9075126938, -0.7353565592, -0.5261377543, -0.1074093718, 0.5114846297, 1.4087919841]}