{"source": [{"position": [-88.52293626171296, -146.30341675984434], "counts": 500000.0}, {"position": [1.0226356076106669, -62.991699583469305], "counts": 500000.0}], "output": [0.0, 0.0, 0.0, 0.0, 0.0, 0.0, 0.0, 0.0, 0.0, 0.0, 0.2712554789, 0.2287445211, 0.0, 0.0, 0.0, 0.0, 0.4173258869, 0.0826741131, 0.0, 0.0, 0.0, 0.0, 0.0, 0.0, 0.0, 0.0, 0.0, 0.0, 0.0, 0.0, 0.0, 0.0, 0.0, 0.0, 0.0, 0.0, 0.0, 0.0, 0.0, 0.0, 0.0, 0.0, 0.0, 0.0, 0.0, 0.0, 0.0, 0.0, 0.0, 0.0, 0.0, 0.0, 0.0, 0.0, 0.0, 0.0, 0.0, 0.0, 0.0, 0.0, 0.0, 0.0, 0.0, 0.0], "num_sources": 2, "seg_angles": 64, "input": [1.8388257336, 2.105433524, 2.2603329189, 2.2237854818, 2.1177866807, 2.2073835337, 2.2317115195, 2.3222180395, 2.175471874, 1.8120791395, 1.1397295266, 1.2861297254, 1.3695611249, 1.4448473535, 1.4329488568, 1.3239481527, 1.3897885322, 1.4405372441, 1.3723353207, 0.9442462305, 0.6520908004, 0.5903564656, 0.548205224, 0.6240456546, 0.6171104341, 0.6294932681, 0.6799222583, 0.6476676753, 0.5274783247, 0.2830454231, 0.3141598357, 0.2303691059, 0.173005325, 0.1124997188, 0.1013353281, 0.1079025514, 0.0427516, 0.0751862976, 0.0604090231, -0.186408331, 0.0207803833, -0.0729500896, -0.2545478635, -0.2878408257, -0.2955606882, -0.3218827031, -0.2997537163, -0.3827248358, -0.4200876061, -0.5425871378, -0.1809063398, -0.338693429, -0.4728812237, -0.5777211485, -0.5508307219, -0.6076180089, -0.5400367325, -0.5801651829, -0.6027732191, -0.7544421615, -0.3222547184, -0.482374674, -0.6469347991, -0.7140118535, -0.7348869346, -0.7516884532, -0.7703578888, -0.7568843316, -0.7971922296, -0.8927123529, -0.3532840676, -0.5952580246, -0.7804223823, -0.8218316906, -0.8203847505, -0.9181976753, -0.8659264435, -0.8567420851, -0.8801122698, -0.991422127, -0.4171725303, -0.6834026327, -0.8295554499, -0.9037063319, -0.9654099459, -0.9545820288, -0.9898538464, -1.0004593123, -1.0271245188, -1.0614536471, -0.5626566849, -0.7953804641, -0.9229722161, -0.9825197557, -1.0248847873, -1.0456249335, -1.0500253487, -1.0536106127, -1.0858143374, -1.0974141085]}