{"source": [{"position": [-385.51664268951674, -106.66263736380945], "counts": 500000.0}, {"position": [-381.46227955420954, 20.26152208759534], "counts": 500000.0}], "output": [0.2297394484, 0.0, 0.1252967898, 0.3747032102, 0.0, 0.0, 0.0, 0.0, 0.0, 0.0, 0.0, 0.0, 0.0, 0.0, 0.0, 0.0, 0.0, 0.0, 0.0, 0.0, 0.0, 0.0, 0.0, 0.0, 0.0, 0.0, 0.0, 0.0, 0.0, 0.0, 0.0, 0.0, 0.0, 0.0, 0.0, 0.0, 0.0, 0.0, 0.0, 0.0, 0.0, 0.0, 0.0, 0.0, 0.0, 0.0, 0.0, 0.0, 0.0, 0.0, 0.0, 0.0, 0.0, 0.0, 0.0, 0.0, 0.0, 0.0, 0.0, 0.0, 0.0, 0.0, 0.0, 0.2702605516], "num_sources": 2, "seg_angles": 64, "input": [1.7811046071, 1.4171719856, 0.6072845331, 0.3460758984, 0.1286344677, -0.0197347349, -0.1847183209, -0.234100889, -0.4362741007, -0.5330750052, 2.1289671415, 1.5030977619, 0.6135882516, -0.0898494928, -0.1529859251, -0.5288692651, -0.686362962, -0.6242333232, -0.7845546853, -0.8820651286, 2.2335196953, 1.4033998545, 0.5153538243, -0.0290217837, -0.3088998933, -0.4293285954, -0.7620234965, -0.8607566094, -0.960833524, -1.0680448756, 2.2565481949, 1.4323064685, 0.5727923273, 0.1244149791, -0.3343589972, -0.6430682884, -0.7489064036, -0.8121068768, -0.9974466211, -1.0933014548, 2.0639586347, 1.4084721121, 0.5953979389, 0.2771650973, -0.4370574378, -0.6440007422, -0.6251338027, -0.9189166788, -0.9821814953, -1.1003969761, 2.0978100838, 1.5764941956, 0.7113945857, 0.026413208, -0.3765475725, -0.4643640118, -0.7937543025, -0.8160961025, -1.0660181135, -1.1072623774, 2.0198069834, 1.5896398888, 0.7428249742, 0.0993752423, -0.1913047991, -0.6448003332, -0.6856678746, -0.8265565673, -0.9933556198, -1.1249036414, 2.2061962268, 1.3879302638, 0.645185317, 0.2096184702, -0.2257928167, -0.462254599, -0.7357537243, -0.8687665762, -1.0205600317, -1.0544695209, 2.1884755959, 1.186883645, 0.5756791512, 0.0125133176, -0.3283580418, -0.55811891, -0.833557989, -0.9525472273, -0.9998157078, -1.0372772044, 1.4597537428, 1.1478268852, 0.2504507448, -0.088551359, -0.3487091487, -0.56316374, -0.7845989369, -0.7851914568, -0.920923908, -0.9718756962]}