{"source": [{"position": [-332.6492827935704, -329.1936430991996], "counts": 500000.0}, {"position": [-203.52614510152512, -143.4507171822886], "counts": 500000.0}], "output": [0.0, 0.0, 0.0, 0.0, 0.0, 0.0, 0.3731365441, 0.153454763, 0.4734086929, 0.0, 0.0, 0.0, 0.0, 0.0, 0.0, 0.0, 0.0, 0.0, 0.0, 0.0, 0.0, 0.0, 0.0, 0.0, 0.0, 0.0, 0.0, 0.0, 0.0, 0.0, 0.0, 0.0, 0.0, 0.0, 0.0, 0.0, 0.0, 0.0, 0.0, 0.0, 0.0, 0.0, 0.0, 0.0, 0.0, 0.0, 0.0, 0.0, 0.0, 0.0, 0.0, 0.0, 0.0, 0.0, 0.0, 0.0, 0.0, 0.0, 0.0, 0.0, 0.0, 0.0, 0.0, 0.0], "num_sources": 2, "seg_angles": 64, "input": [1.6679050616, 1.5638271304, 1.6646115828, 1.4419124072, 1.5459992384, 1.6603061665, 1.5140847446, 1.6022406137, 1.4334540291, 1.1839380161, 1.7546264188, 0.9961894628, 0.5987512235, 0.549731081, 0.6163464442, 0.567552498, 0.5999815765, 0.5683176286, 0.3662327402, 0.2720201996, 1.9545859762, 0.7555653189, 0.3525801275, -0.2061634974, -0.2746512408, -0.1159781831, -0.1995774686, -0.2799887435, -0.2323768553, -0.4712246212, 1.6905278645, 0.8929570052, 0.1714907208, -0.2739406134, -0.52370225, -0.5995255432, -0.648608102, -0.6451192938, -0.6718983657, -0.7351445925, 1.8391967584, 0.930692935, 0.1664284542, -0.3277194225, -0.5952652738, -0.8646810555, -0.7962423103, -0.9386800594, -1.0040958888, -0.9972353227, 1.854262836, 0.8335078845, 0.0734837008, -0.3323019404, -0.7048910132, -0.8018004385, -0.8605936509, -1.0901396573, -1.0646553903, -1.0886864315, 1.8881356813, 0.7234182454, 0.1129268262, -0.3516716627, -0.6111638201, -0.8559454236, -0.972073874, -1.0500493749, -1.1033305732, -1.1929014107, 1.5722237414, 0.9095313997, 0.2125171146, -0.3665921652, -0.6339157736, -0.8902951909, -1.1001546659, -1.1316509316, -1.1820860531, -1.2291636316, 1.6987347437, 0.8191529821, 0.0652365263, -0.4316681588, -0.6715591852, -0.9207391755, -1.083189918, -1.1338072277, -1.2020758193, -1.2116113076, 1.3510457543, 0.7269614107, -0.1326382214, -0.4792338038, -0.8712556595, -0.9084108408, -1.0890136012, -1.1729528463, -1.2072074288, -1.2319473006]}