{"source": [{"position": [-147.29608317116407, 193.26889010503868], "counts": 500000.0}, {"position": [-139.34728670423564, 124.70498662109529], "counts": 500000.0}], "output": [0.0, 0.0, 0.0, 0.0, 0.0, 0.0, 0.0, 0.0, 0.0, 0.0, 0.0, 0.0, 0.0, 0.0, 0.0, 0.0, 0.0, 0.0, 0.0, 0.0, 0.0, 0.0, 0.0, 0.0, 0.0, 0.0, 0.0, 0.0, 0.0, 0.0, 0.0, 0.0, 0.0, 0.0, 0.0, 0.0, 0.0, 0.0, 0.0, 0.0, 0.0, 0.0, 0.0, 0.0, 0.0, 0.0, 0.0, 0.0, 0.0, 0.0, 0.0, 0.0, 0.0, 0.0, 0.1833666978, 0.3166333022, 0.2178728063, 0.2821271937, 0.0, 0.0, 0.0, 0.0, 0.0, 0.0], "num_sources": 2, "seg_angles": 64, "input": [1.2544900462, 0.3175927569, -0.2053388801, -0.6290496694, -0.9445731944, -1.1018362263, -1.1952886574, -1.221285616, -1.2624699783, -1.2647024801, 1.6210795737, 0.5191339035, -0.0485706577, -0.6033949304, -0.8535010665, -1.0660308896, -1.1275545134, -1.1624171812, -1.2238042903, -1.2455802724, 1.5601729563, 0.6401962919, -0.0989052247, -0.5998004491, -0.8175753753, -0.9549642312, -1.0233813308, -1.1206122328, -1.1316305504, -1.1854233498, 1.680292533, 0.572252668, -0.1178273769, -0.4899520903, -0.8697402555, -0.9297175233, -1.0128112238, -1.0719772109, -1.0785056518, -1.1327167837, 1.6664081745, 0.6685070651, 0.0115153823, -0.5367800015, -0.7279608808, -0.8622211897, -0.9111955606, -0.9733868606, -0.9653169348, -1.0851303361, 1.7412259638, 0.7371085767, -0.1493294483, -0.4768409871, -0.6292595477, -0.7522138013, -0.649978654, -0.7428435244, -0.8414151683, -0.90357569, 1.539871886, 0.7331189762, 0.0283293536, -0.2890007621, -0.2575420063, -0.5050044473, -0.4345006999, -0.397385564, -0.4743909057, -0.5476405527, 1.7266724969, 0.6508651671, 0.3420414397, 0.0646883625, 0.0538611676, 0.0201281266, -0.0278991747, 0.0050262506, -0.0685791527, -0.1338961298, 1.6906794208, 1.0103825063, 0.8758477553, 0.8718735416, 0.8249726075, 0.7646426859, 0.838935235, 0.7781135718, 0.5203330741, 0.3504645703, 1.5756232187, 1.7142971394, 1.822114912, 1.5349927889, 1.7757204893, 1.6743972291, 1.6843386776, 1.8524232013, 1.5946399614, 1.2248556387]}