{"source": [{"position": [-2.7263112874936937, -23.844647759270515], "counts": 500000.0}, {"position": [239.7892560657053, -134.63325248784417], "counts": 500000.0}], "output": [0.0, 0.0, 0.0, 0.0, 0.0, 0.0, 0.0, 0.0, 0.0, 0.0, 0.0, 0.0, 0.0, 0.0, 0.0797927659, 0.4202072341, 0.0, 0.0, 0.0, 0.0, 0.0, 0.0, 0.0, 0.0, 0.0, 0.0, 0.1055717199, 0.3944282801, 0.0, 0.0, 0.0, 0.0, 0.0, 0.0, 0.0, 0.0, 0.0, 0.0, 0.0, 0.0, 0.0, 0.0, 0.0, 0.0, 0.0, 0.0, 0.0, 0.0, 0.0, 0.0, 0.0, 0.0, 0.0, 0.0, 0.0, 0.0, 0.0, 0.0, 0.0, 0.0, 0.0, 0.0, 0.0, 0.0], "num_sources": 2, "seg_angles": 64, "input": [1.9079219163, 2.2497657912, 2.2639898956, 2.3350283809, 2.3757112206, 2.2952101675, 2.2071224458, 2.1991079007, 2.1409273662, 1.829624571, 0.9408184465, 1.3105873143, 1.3661124031, 1.4128407506, 1.3922074998, 1.4053920627, 1.3890325429, 1.3918645527, 1.3677917124, 1.0566936707, 0.2221391572, 0.5472632009, 0.6429711011, 0.6352789895, 0.643752394, 0.668444566, 0.5559265907, 0.6489772121, 0.6876480938, 0.4350292954, -0.1646724822, 0.0116172041, 0.1077664193, 0.1053539655, 0.0854402641, 0.1612018632, 0.1144057137, 0.1127107383, 0.1295969459, -0.0574899788, -0.4505635987, -0.3596146406, -0.3115475011, -0.2590194247, -0.2475239619, -0.2520632057, -0.2252852563, -0.2508335404, -0.2296217078, -0.3046201094, -0.6830606586, -0.5751399652, -0.5619266909, -0.4951910069, -0.5439475123, -0.4698429263, -0.4955245899, -0.4387373673, -0.4835519368, -0.4935490667, -0.8249667205, -0.7325707961, -0.7050957941, -0.6787797109, -0.7012016284, -0.6775314833, -0.67805782, -0.6720058994, -0.6258968879, -0.590125574, -0.9268790655, -0.8516587955, -0.8225655283, -0.7943826136, -0.8032228, -0.7844620784, -0.79812788, -0.758817927, -0.7242357293, -0.7071196492, -0.975192249, -0.9243885651, -0.9145298677, -0.891894354, -0.865117652, -0.8832968924, -0.8582740874, -0.836367975, -0.787426299, -0.7512307583, -1.0210254282, -1.0005721422, -0.966825452, -0.9787764905, -0.9477178092, -0.9517201927, -0.9432327766, -0.9200456664, -0.8756286746, -0.8489794841]}