{"source": [{"position": [-341.33864805894245, -178.08123803841153], "counts": 500000.0}, {"position": [151.92966738000615, 188.3650078167405], "counts": 500000.0}], "output": [0.0, 0.0, 0.0, 0.0, 0.0509607814, 0.4490392186, 0.0, 0.0, 0.0, 0.0, 0.0, 0.0, 0.0, 0.0, 0.0, 0.0, 0.0, 0.0, 0.0, 0.0, 0.0, 0.0, 0.0, 0.0, 0.0, 0.0, 0.0, 0.0, 0.0, 0.0, 0.0, 0.0, 0.0, 0.0, 0.0, 0.0, 0.0, 0.0, 0.0, 0.0, 0.0, 0.4567666874, 0.0432333126, 0.0, 0.0, 0.0, 0.0, 0.0, 0.0, 0.0, 0.0, 0.0, 0.0, 0.0, 0.0, 0.0, 0.0, 0.0, 0.0, 0.0, 0.0, 0.0, 0.0, 0.0], "num_sources": 2, "seg_angles": 64, "input": [-0.3133908164, -0.5437807576, -0.4184076674, -0.51761798, -0.1731283617, -0.4429774821, 0.0802348498, 0.6561027046, 0.7109854876, 2.1213615617, -0.05724819, -0.584438817, -0.8793800729, -1.2941651797, -1.1421068696, -0.8946368011, -0.7660593117, -0.2029057838, 0.3204681098, 1.5542699798, -0.2947978566, -0.2664618634, -0.9903090142, -1.2463886988, -1.4724169471, -1.3608115069, -1.0102760219, -0.3551782607, 0.1453468677, 1.3438131957, -0.0765210314, -0.3217395928, -0.847167275, -1.2841718612, -1.4246294997, -1.3888830937, -1.2555929071, -0.9928245728, -0.0097018608, 1.1492437595, 0.1873734638, -0.1897862358, -0.630454626, -1.1566681737, -1.4172156002, -1.2122106993, -1.2357095897, -0.7526687585, -0.0225830085, 1.0539541915, 0.3045504149, -0.091166973, -0.6208694633, -0.9824884137, -1.0951785503, -1.4316593194, -1.2509929159, -0.8802979126, 0.0079338094, 0.8358307732, 0.5449303378, 0.562862778, -0.3843365586, -0.6390376605, -0.3965363669, -0.7761183081, -1.0199834982, -0.7701060076, 0.0380368596, 0.8819366305, 1.024055714, 1.0085247746, 0.6042130443, 0.1105186098, 0.0514094493, -0.4813400381, -0.4779237971, -0.4001418573, 0.0342001269, 0.8205032736, 1.6167154932, 1.6799124019, 1.3884122579, 0.7395155638, 0.7224176663, 0.5761589888, 0.3981897194, 0.5382234986, 0.1677140236, 0.6064458201, 2.7984358885, 2.6357639426, 2.2462630774, 1.6078849278, 1.48123111, 1.5130150992, 1.2211586996, 0.9184106571, 1.1680211414, 0.9670395428]}