{"source": [{"position": [-126.0448150427057, 266.7165247989897], "counts": 500000.0}, {"position": [-191.3643634705441, -42.375469242399014], "counts": 500000.0}], "output": [0.0, 0.0, 0.3901316624, 0.1098683376, 0.0, 0.0, 0.0, 0.0, 0.0, 0.0, 0.0, 0.0, 0.0, 0.0, 0.0, 0.0, 0.0, 0.0, 0.0, 0.0, 0.0, 0.0, 0.0, 0.0, 0.0, 0.0, 0.0, 0.0, 0.0, 0.0, 0.0, 0.0, 0.0, 0.0, 0.0, 0.0, 0.0, 0.0, 0.0, 0.0, 0.0, 0.0, 0.0, 0.0, 0.0, 0.0, 0.0, 0.0, 0.0, 0.0, 0.0, 0.0, 0.2516029081, 0.2483970919, 0.0, 0.0, 0.0, 0.0, 0.0, 0.0, 0.0, 0.0, 0.0, 0.0], "num_sources": 2, "seg_angles": 64, "input": [1.5961342439, 0.5716190611, -0.0247010113, -0.2639434185, -0.2384088746, -0.3587326508, -0.3318722373, -0.4498311935, -0.434457769, -0.8073548173, 2.1817716769, 0.9496723193, 0.2613057124, -0.5182589281, -0.7234486236, -0.9266004824, -1.0713716334, -1.073245378, -1.0850779629, -1.280026256, 1.9000078674, 1.0212448607, 0.1991146758, -0.3304392298, -0.7005395892, -0.9324207767, -1.086276172, -1.1749631652, -1.2067574973, -1.2915460056, 2.249804124, 1.0084978274, 0.3736241789, -0.1178446393, -0.649882134, -0.7902323132, -0.9117576778, -1.1342241634, -1.1910376074, -1.3467823575, 2.1995845101, 0.9515873197, 0.140967672, -0.2696703148, -0.4573666462, -0.8005277376, -0.894761722, -0.9600154549, -1.1312402527, -1.2582475764, 2.0580603514, 1.1173385783, 0.5185708302, -0.1621229932, -0.501445186, -0.5521139957, -0.8369353883, -0.908832832, -0.9959485669, -1.2096078132, 2.2843040487, 0.9584029023, 0.3127927757, 0.0177367352, -0.289985846, -0.3349712496, -0.6253560745, -0.8016323251, -0.908753995, -1.0782337394, 2.2425228061, 1.2804971003, 0.7634764482, 0.2626659621, 0.0978870009, -0.377401184, -0.365220706, -0.462443856, -0.491771233, -0.7923664182, 2.1316480513, 1.4245118338, 1.0728128889, 0.6721600843, 0.3947559963, 0.0505083747, 0.0912208733, -0.0611667136, -0.2388540957, -0.4989012878, 1.9247775837, 1.8963141926, 1.1407458022, 0.995819046, 0.6814719383, 0.1743280009, 0.4120095766, 0.2496024597, 0.0733406479, -0.1872891703]}