{"source": [{"position": [-102.04349918673762, -336.8844375653561], "counts": 500000.0}, {"position": [-190.88170637437554, -119.11832005030408], "counts": 500000.0}], "output": [0.0, 0.0, 0.0, 0.0, 0.0, 0.1585848215, 0.3414151785, 0.0, 0.0, 0.0, 0.0, 0.0, 0.0, 0.497933158, 0.002066842, 0.0, 0.0, 0.0, 0.0, 0.0, 0.0, 0.0, 0.0, 0.0, 0.0, 0.0, 0.0, 0.0, 0.0, 0.0, 0.0, 0.0, 0.0, 0.0, 0.0, 0.0, 0.0, 0.0, 0.0, 0.0, 0.0, 0.0, 0.0, 0.0, 0.0, 0.0, 0.0, 0.0, 0.0, 0.0, 0.0, 0.0, 0.0, 0.0, 0.0, 0.0, 0.0, 0.0, 0.0, 0.0, 0.0, 0.0, 0.0, 0.0], "num_sources": 2, "seg_angles": 64, "input": [1.9521645844, 1.7020762708, 2.0529872114, 1.6716413663, 1.758980649, 1.6022092187, 1.608398141, 1.8644923449, 1.660775, 1.4670798963, 1.6403037303, 1.2954241906, 0.8123976703, 0.6422953024, 0.7428396696, 0.7582942211, 0.8543975293, 0.8179196248, 0.6312103325, 0.3259597176, 1.5532350133, 0.8326387179, 0.375382299, 0.065051211, 0.0796990294, 0.0666710401, -0.0787017168, 0.0464262799, -0.0328896575, -0.2964888251, 2.0238055722, 0.7356527005, 0.0671763087, -0.1845823971, -0.234544199, -0.3487866946, -0.464580998, -0.5582662262, -0.5531246147, -0.7513894134, 1.6105509494, 0.5238904892, 0.0381442648, -0.2778805393, -0.6707148898, -0.5860642262, -0.7822706236, -0.796778841, -0.7791977834, -0.9239124192, 1.4767365137, 0.5410619639, 0.017864624, -0.4939896696, -0.6972128263, -0.7818445798, -0.8894192657, -1.0266118173, -1.0463432056, -1.0751479138, 1.3870129165, 0.6819896015, -0.124861664, -0.4985047959, -0.7446204328, -0.9319670231, -0.9670805102, -1.0280941504, -1.0688075628, -1.1950690082, 1.3894403429, 0.4892090416, -0.092564506, -0.4702669106, -0.7264900143, -0.8829529943, -0.9920887832, -1.1440049729, -1.2150908474, -1.1866010812, 1.1824329397, 0.3908678119, -0.1950663877, -0.4288396872, -0.8148147496, -0.9677980462, -1.1025703582, -1.1328335328, -1.1971817154, -1.3175089185, 1.239648702, 0.2652111103, -0.4071183715, -0.7509626471, -1.0114254557, -1.0505561151, -1.2024721439, -1.1559616317, -1.2943916972, -1.3123360563]}