{"source": [{"position": [-445.7138004124066, 33.88521981527216], "counts": 500000.0}, {"position": [-46.7252907818754, -32.645783821945365], "counts": 500000.0}], "output": [0.1135531951, 0.0, 0.0, 0.0, 0.0, 0.0, 0.3941306355, 0.1058693645, 0.0, 0.0, 0.0, 0.0, 0.0, 0.0, 0.0, 0.0, 0.0, 0.0, 0.0, 0.0, 0.0, 0.0, 0.0, 0.0, 0.0, 0.0, 0.0, 0.0, 0.0, 0.0, 0.0, 0.0, 0.0, 0.0, 0.0, 0.0, 0.0, 0.0, 0.0, 0.0, 0.0, 0.0, 0.0, 0.0, 0.0, 0.0, 0.0, 0.0, 0.0, 0.0, 0.0, 0.0, 0.0, 0.0, 0.0, 0.0, 0.0, 0.0, 0.0, 0.0, 0.0, 0.0, 0.0, 0.3864468049], "num_sources": 2, "seg_angles": 64, "input": [1.9074216874, 1.641782766, 1.4834540337, 1.316444508, 1.1874775808, 1.2566527006, 1.0947896559, 0.9777084909, 0.9905894736, 0.6889620003, 2.0626255908, 1.3268688491, 0.6055181217, 0.4024579477, 0.2331079959, 0.2178363189, 0.1336444773, 0.0406649016, 0.0985719724, -0.1801640751, 2.009763211, 1.2443493215, 0.4540786243, -0.0285980063, -0.2711975398, -0.2854749032, -0.4826233328, -0.4728674936, -0.5619582126, -0.6542525961, 1.99213622, 1.1258406115, 0.407514894, -0.1575221917, -0.4781619515, -0.5651639463, -0.7842659512, -0.7766127247, -0.7997137663, -0.9425640876, 1.9393513674, 1.1306251777, 0.2617257768, -0.1823049554, -0.5315600448, -0.6716087307, -0.8639824549, -0.9468167585, -0.9406846503, -1.0350565234, 1.9870876377, 1.0529258452, 0.3238345863, -0.2546513846, -0.5342596074, -0.7853975282, -0.9575311979, -1.0129099409, -1.0467589841, -1.1037081685, 2.1168041507, 1.1095389945, 0.29069529, -0.254112052, -0.5602730548, -0.7728262718, -0.9508122445, -1.0424978469, -1.1045424497, -1.1782762413, 1.7787369763, 0.9195709305, 0.2506072313, -0.2612929332, -0.6179251381, -0.8401054801, -0.9758171525, -1.0450175999, -1.0896861276, -1.1760939519, 1.9072813255, 0.8681460572, 0.1408117646, -0.3743037383, -0.6722609491, -0.8477128874, -1.0157165987, -1.0781249451, -1.1471572781, -1.1947201259, 1.4821064916, 0.5488891782, -0.069542154, -0.4427552392, -0.7075393879, -0.9212809501, -0.9842664277, -1.0684830955, -1.1421503874, -1.1653363185]}