{"source": [{"position": [153.7833663235608, -158.71885912579359], "counts": 500000.0}, {"position": [-404.78970962059407, -108.19561444566588], "counts": 500000.0}], "output": [0.0, 0.0, 0.1698068928, 0.3301931072, 0.0, 0.0, 0.0, 0.0, 0.0, 0.0, 0.0, 0.0, 0.0, 0.0, 0.0, 0.0, 0.0, 0.0, 0.0, 0.0, 0.0, 0.0, 0.0, 0.0804287674, 0.4195712326, 0.0, 0.0, 0.0, 0.0, 0.0, 0.0, 0.0, 0.0, 0.0, 0.0, 0.0, 0.0, 0.0, 0.0, 0.0, 0.0, 0.0, 0.0, 0.0, 0.0, 0.0, 0.0, 0.0, 0.0, 0.0, 0.0, 0.0, 0.0, 0.0, 0.0, 0.0, 0.0, 0.0, 0.0, 0.0, 0.0, 0.0, 0.0, 0.0], "num_sources": 2, "seg_angles": 64, "input": [1.9828747473, 2.3652658424, 2.3370690991, 2.0920775155, 2.06133432, 1.816712121, 2.1037800157, 1.9602362209, 2.0780070158, 1.5889993673, 1.4937942561, 1.2126336197, 1.3064997354, 0.7812934898, 0.6175697378, 0.2916720813, 0.3076123633, 0.3950053515, 0.7306195588, 1.0862305667, 0.6376135743, 0.8101142057, 0.2362821699, -0.0593034627, -0.1333327911, -0.3688787251, -0.2198068265, -0.3096315807, 0.3818739188, 1.1648453088, 0.3723686392, 0.168068806, -0.0911420074, -0.3589883815, -0.7109663162, -0.7076890749, -0.8774044757, -0.3502766838, 0.2877354131, 0.7987384796, 0.1570627893, 0.0388137387, -0.466572944, -0.5847170406, -1.02216277, -0.9839314931, -1.0373334736, -0.6417032041, 0.1359869976, 1.152180804, 0.0653085402, -0.0860050121, -0.5175781714, -0.8818875206, -1.0491682166, -1.0208946697, -1.0507522558, -0.3257617339, 0.0608068689, 0.9178546415, 0.0386604504, -0.1680944481, -0.5941503193, -0.9155032265, -1.1718508808, -1.1608738725, -0.9253555569, -0.640461668, -0.0520877008, 0.9479888411, -0.0718096911, -0.599125717, -0.9200348888, -1.1480309776, -1.0848753394, -1.2228820741, -0.9788093436, -0.5616581385, 0.3049160988, 1.23972074, 0.0712220594, -0.5249554724, -0.8054198709, -1.1598512684, -1.2574087878, -1.0971820165, -1.0578791088, -0.6848075816, 0.0023274307, 1.4256507291, -0.3955482221, -0.7358036599, -1.0277930667, -1.1546582715, -1.3142141715, -1.4698252612, -1.2517909593, -0.8433658927, -0.086368124, 0.9129361389]}