{"source": [{"position": [-256.6324510665748, -77.22554667700403], "counts": 500000.0}, {"position": [212.81713502785504, -69.89182383180255], "counts": 500000.0}], "output": [0.0, 0.0, 0.0113304667, 0.4886695333, 0.0, 0.0, 0.0, 0.0, 0.0, 0.0, 0.0, 0.0, 0.0, 0.0, 0.0, 0.0, 0.0, 0.0, 0.0, 0.0, 0.0, 0.0, 0.0, 0.0, 0.0, 0.0, 0.0, 0.0, 0.1160738364, 0.3839261636, 0.0, 0.0, 0.0, 0.0, 0.0, 0.0, 0.0, 0.0, 0.0, 0.0, 0.0, 0.0, 0.0, 0.0, 0.0, 0.0, 0.0, 0.0, 0.0, 0.0, 0.0, 0.0, 0.0, 0.0, 0.0, 0.0, 0.0, 0.0, 0.0, 0.0, 0.0, 0.0, 0.0, 0.0], "num_sources": 2, "seg_angles": 64, "input": [2.0790194297, 1.784000414, 2.1188827132, 1.6210304543, 1.5429165463, 1.3638244704, 1.8370365416, 1.5836794117, 1.830583842, 2.2767849699, 1.0005277332, 0.3217489701, 0.0587462004, -0.2199315385, -0.6251469666, -0.6007501015, -0.4558143146, 0.1948072836, 0.9384784811, 2.0087275923, 1.0597839738, 0.2750825482, -0.5643656929, -0.6993268633, -1.0185046067, -1.035297885, -0.7036558887, 0.0177782872, 0.8449432862, 1.4789463896, 0.8890119996, 0.1493577622, -0.3599476426, -0.9647216689, -1.1059525968, -0.9922126819, -0.657747986, -0.0992681721, 0.3398382955, 1.3241624527, 0.7734714296, -0.0831072309, -0.4478088682, -1.0133568153, -1.0303027789, -0.9275953184, -0.7139281528, -0.2998484832, 0.4338338321, 1.1977946085, 0.7750147974, 0.2775045278, -0.4453541897, -1.1237559207, -1.0301212928, -0.9156134852, -0.930449882, 0.0698323229, 0.6737537191, 1.2281731863, 0.4824590804, 0.3882432876, -0.6117835194, -1.1116161366, -1.0617882733, -0.7792669718, -0.6827391365, -0.3096731762, 0.3704958511, 1.2471823075, 0.8946483148, 0.1320802091, -0.8100057396, -1.0091736535, -1.1900880985, -1.0989519625, -0.8950548261, -0.2936589513, 0.6784558861, 1.195187918, 0.7024109764, 0.02476767, -0.7007674393, -1.1803631737, -1.1768329732, -1.2755693585, -1.0737541029, -0.5425831093, 0.4265724834, 1.0610832482, 0.41104028, -0.6624081711, -1.0976673018, -1.455501501, -1.3353013581, -1.5010423429, -1.2258814216, -0.8378099902, -0.2125359555, 0.8119996834]}