{"source": [{"position": [-287.5173040623893, -286.6527513642519], "counts": 500000.0}, {"position": [8.405464610319994, -290.87857976256123], "counts": 500000.0}], "output": [0.0, 0.0, 0.0, 0.0, 0.0, 0.0, 0.0, 0.0076686817, 0.4923313183, 0.0, 0.0, 0.0, 0.0, 0.0, 0.0, 0.0, 0.352870671, 0.147129329, 0.0, 0.0, 0.0, 0.0, 0.0, 0.0, 0.0, 0.0, 0.0, 0.0, 0.0, 0.0, 0.0, 0.0, 0.0, 0.0, 0.0, 0.0, 0.0, 0.0, 0.0, 0.0, 0.0, 0.0, 0.0, 0.0, 0.0, 0.0, 0.0, 0.0, 0.0, 0.0, 0.0, 0.0, 0.0, 0.0, 0.0, 0.0, 0.0, 0.0, 0.0, 0.0, 0.0, 0.0, 0.0, 0.0], "num_sources": 2, "seg_angles": 64, "input": [1.9190993342, 2.1810590847, 2.3094475941, 2.2613527898, 2.0700210061, 2.314615033, 2.1648388495, 2.1248556299, 2.1282300277, 1.9190459755, 1.2965906815, 1.1992660062, 1.2903648095, 1.2000663112, 1.1283429213, 1.2953478295, 1.3170654143, 1.2012315171, 1.146811101, 0.6776245034, 0.9446041976, 0.7124093863, 0.3889946367, 0.6331275643, 0.5391470444, 0.4321944214, 0.5793009278, 0.4703020801, 0.4236571061, 0.0805906016, 0.6549656034, 0.4374197607, 0.2556793148, -0.1459718614, -0.0154923131, -0.0525789423, -0.1137106196, -0.1210868831, -0.1082447001, -0.361371105, 0.391806736, 0.0174744739, 0.000395044, -0.3169666714, -0.4929256087, -0.5000091109, -0.4968875768, -0.5392876696, -0.4890286362, -0.7220314637, 0.2899037393, 0.006187792, -0.3603144624, -0.5490486836, -0.581885233, -0.7857607366, -0.7992306311, -0.6509940938, -0.8103373389, -0.9087016662, 0.2998235966, -0.069497544, -0.563166294, -0.6607345947, -0.8610951974, -0.7738559803, -0.9730661995, -0.875025328, -0.9539153209, -0.9986458589, 0.2236923873, -0.1217415366, -0.4988947955, -0.6864403495, -0.8618916523, -0.8800919985, -0.9720321194, -1.0960888977, -1.1078818152, -1.0834977383, 0.0737021076, -0.3322174898, -0.5291560324, -0.7647996049, -0.8304475914, -0.9894765213, -1.0660147171, -1.1688557429, -1.1561671969, -1.1324729347, -0.1619288339, -0.3979032711, -0.7728412493, -0.9174496087, -1.0915536229, -1.0926503859, -1.1680445669, -1.1450911465, -1.1593532384, -1.1648019579]}