{"source": [{"position": [284.93372110374474, 388.76313428355496], "counts": 500000.0}, {"position": [-4.881223385224879, 171.9307234273838], "counts": 500000.0}], "output": [0.0, 0.0, 0.0, 0.0, 0.0, 0.0, 0.0, 0.0, 0.0, 0.0, 0.0, 0.0, 0.0, 0.0, 0.0, 0.0, 0.0, 0.0, 0.0, 0.0, 0.0, 0.0, 0.0, 0.0, 0.0, 0.0, 0.0, 0.0, 0.0, 0.0, 0.0, 0.0, 0.0, 0.0, 0.0, 0.0, 0.0, 0.0, 0.0, 0.0, 0.0, 0.2212064806, 0.2787935194, 0.0, 0.0, 0.0, 0.0, 0.0, 0.3554464842, 0.1445535158, 0.0, 0.0, 0.0, 0.0, 0.0, 0.0, 0.0, 0.0, 0.0, 0.0, 0.0, 0.0, 0.0, 0.0], "num_sources": 2, "seg_angles": 64, "input": [-1.1677421042, -1.0773295588, -1.0604301202, -1.0730743672, -1.1118275, -1.0326921754, -1.0166195393, -0.914350338, -0.7242190949, -0.4795459208, -1.0823748775, -1.0187379743, -1.011011504, -0.9590367513, -0.9439210163, -0.9807756238, -0.8007597407, -0.7622252464, -0.5587207464, -0.4765563396, -1.0693232864, -0.9911928916, -0.9538873282, -0.8296751823, -0.867844961, -0.8446026957, -0.7946114802, -0.7574285194, -0.5115551719, -0.3276845826, -0.9655600599, -0.8822022447, -0.8309085567, -0.7910494112, -0.688147117, -0.8121083061, -0.7067206207, -0.6245172458, -0.4162532452, -0.2820232143, -0.8546833289, -0.6138497199, -0.5777040217, -0.5660708466, -0.5346894009, -0.6429501462, -0.6115195929, -0.3490327009, -0.3540424824, -0.0893211989, -0.5628198355, -0.4376382092, -0.3140895935, -0.3051824698, -0.2562195468, -0.2941531, -0.3268901986, -0.1426379978, -0.1473522918, 0.1429626875, -0.2391592252, -0.084284896, 0.0007161667, 0.0332790678, 0.0376412151, 0.0954542365, 0.2210437344, 0.207736503, 0.3997855818, 0.3392275312, 0.0875675, 0.5888584205, 0.5871602071, 0.6671128086, 0.7039557655, 0.7453078971, 0.6193961732, 0.6549416935, 0.6895977039, 0.6611959161, 0.8416459094, 1.2815602693, 1.2818382363, 1.473146608, 1.5327354048, 1.3586060175, 1.3694141176, 1.3729112129, 1.3540148771, 1.0449257777, 1.7624773095, 2.2377896526, 2.1539605408, 2.2108490229, 2.2730442856, 2.1812160693, 2.0016634099, 2.161896957, 2.3455032158, 1.78139776]}