{"source": [{"position": [-110.55366873596297, -73.93839549935448], "counts": 500000.0}, {"position": [-5.478776096174599, -40.632290268799586], "counts": 500000.0}], "output": [0.0, 0.0, 0.0, 0.0, 0.0, 0.0, 0.497809586, 0.002190414, 0.0, 0.0, 0.0, 0.0, 0.0, 0.0, 0.1826071894, 0.3173928106, 0.0, 0.0, 0.0, 0.0, 0.0, 0.0, 0.0, 0.0, 0.0, 0.0, 0.0, 0.0, 0.0, 0.0, 0.0, 0.0, 0.0, 0.0, 0.0, 0.0, 0.0, 0.0, 0.0, 0.0, 0.0, 0.0, 0.0, 0.0, 0.0, 0.0, 0.0, 0.0, 0.0, 0.0, 0.0, 0.0, 0.0, 0.0, 0.0, 0.0, 0.0, 0.0, 0.0, 0.0, 0.0, 0.0, 0.0, 0.0], "num_sources": 2, "seg_angles": 64, "input": [2.0414213501, 2.2428229881, 2.3148906406, 2.1755905032, 2.3480928451, 2.1923851894, 2.1772978782, 2.1409231326, 2.0933911571, 1.6993736371, 1.3008635171, 1.4247185493, 1.4691698049, 1.4283390373, 1.4593768614, 1.297882133, 1.2142671842, 1.2181553558, 1.1376354865, 0.8786621934, 0.7155773338, 0.7335577191, 0.7246507108, 0.6289664188, 0.6153791897, 0.5618328717, 0.5142334976, 0.5231939516, 0.4670559533, 0.0568457941, 0.3423081323, 0.2636863807, 0.1316881811, 0.1296798972, 0.0449306763, 0.0309129873, -0.0436513187, -0.0768998499, -0.1406304559, -0.3617486373, 0.0865014751, 0.0622446738, -0.1391584833, -0.2046721886, -0.2711551141, -0.355339883, -0.421556875, -0.4343191764, -0.5041871301, -0.6645845696, -0.0162744519, -0.1538880667, -0.3750224158, -0.3855605318, -0.5168179639, -0.5947220498, -0.6897368089, -0.693988875, -0.6885016562, -0.844714401, -0.1617526559, -0.3415025978, -0.5356121707, -0.6231982278, -0.7273279376, -0.7348394123, -0.8418609138, -0.8504965736, -0.9095312229, -0.9677370666, -0.196176147, -0.4418014224, -0.6632085318, -0.6967149687, -0.8469989123, -0.8878943255, -0.9462079238, -0.9774041386, -0.9864200045, -1.0377908947, -0.365387046, -0.525967799, -0.7033399255, -0.8797294909, -0.9275448662, -0.9708595467, -1.00991385, -1.03098321, -1.0517438243, -1.0929336426, -0.3994011029, -0.6922391772, -0.8172451971, -0.9564192915, -1.0128953407, -1.0550660581, -1.1046632435, -1.0893988473, -1.1039058894, -1.1472609883]}