{"source": [{"position": [-55.681368740416296, 437.4706677883601], "counts": 500000.0}, {"position": [-116.12710431015235, 304.61532404745986], "counts": 500000.0}], "output": [0.0, 0.0, 0.0, 0.0, 0.0, 0.0, 0.0, 0.0, 0.0, 0.0, 0.0, 0.0, 0.0, 0.0, 0.0, 0.0, 0.0, 0.0, 0.0, 0.0, 0.0, 0.0, 0.0, 0.0, 0.0, 0.0, 0.0, 0.0, 0.0, 0.0, 0.0, 0.0, 0.0, 0.0, 0.0, 0.0, 0.0, 0.0, 0.0, 0.0, 0.0, 0.0, 0.0, 0.0, 0.0, 0.0, 0.0, 0.0, 0.0, 0.3552339705, 0.1447660295, 0.1450561697, 0.3549438303, 0.0, 0.0, 0.0, 0.0, 0.0, 0.0, 0.0, 0.0, 0.0, 0.0, 0.0], "num_sources": 2, "seg_angles": 64, "input": [0.2145066536, -0.7048406797, -0.9952949437, -1.0548779507, -1.1212402883, -1.1271720023, -1.0950792747, -1.1564075126, -1.1590993202, -1.1336276568, 0.3273715268, -0.7027134534, -0.8593603664, -1.0012693695, -1.0681139015, -1.1039577763, -1.00641139, -0.9834260637, -1.0815266959, -1.0759370797, 0.5270648759, -0.4886697996, -0.8423351172, -0.8871630329, -0.967568685, -0.9149002226, -0.993887739, -0.9652029079, -0.9139543807, -1.0693287648, 0.4355373009, -0.4262522127, -0.6769251306, -0.7519582279, -0.6770337526, -0.852714864, -0.7264879532, -0.9205950309, -0.8619562675, -0.8999654418, 0.6350636762, -0.3720145995, -0.5843914398, -0.6917035388, -0.6322815436, -0.7506167603, -0.6116290846, -0.77453394, -0.6184132217, -0.86618183, 0.382185527, -0.1371145091, -0.2410148499, -0.3011670439, -0.3822245636, -0.4249387237, -0.3092306205, -0.3259699928, -0.3903946308, -0.6052863118, 0.5630177101, 0.0966345502, 0.0110372883, 0.0372577185, 0.0822187762, 0.1167728107, 0.2063494193, 0.1045700302, -0.0959434614, -0.3225361978, 0.8633107586, 0.6290693031, 0.6344330519, 0.705671376, 0.6518080628, 0.5768398312, 0.5328314554, 0.5989597506, 0.6091973399, 0.22669959, 1.3582722162, 1.3672714273, 1.469143841, 1.4943381146, 1.4309992177, 1.2878820776, 1.3622550204, 1.3326390037, 1.1432868683, 0.8665826535, 1.5945361172, 2.0730820363, 1.9504051694, 2.1915673426, 2.130128072, 2.1259006, 2.0618202863, 1.9599182167, 2.1907584001, 1.5456470559]}