{"source": [{"position": [-191.30912935034874, -383.98153214342415], "counts": 500000.0}, {"position": [219.7358195680494, -337.8241696485875], "counts": 500000.0}], "output": [0.0, 0.0, 0.0, 0.0, 0.0, 0.0, 0.0, 0.0, 0.0, 0.0, 0.0, 0.3541000098, 0.1458999902, 0.0, 0.0, 0.0, 0.0, 0.0, 0.0, 0.0, 0.0, 0.0629545591, 0.4370454409, 0.0, 0.0, 0.0, 0.0, 0.0, 0.0, 0.0, 0.0, 0.0, 0.0, 0.0, 0.0, 0.0, 0.0, 0.0, 0.0, 0.0, 0.0, 0.0, 0.0, 0.0, 0.0, 0.0, 0.0, 0.0, 0.0, 0.0, 0.0, 0.0, 0.0, 0.0, 0.0, 0.0, 0.0, 0.0, 0.0, 0.0, 0.0, 0.0, 0.0, 0.0], "num_sources": 2, "seg_angles": 64, "input": [1.6592291411, 1.9135538338, 2.068851511, 2.1754944867, 2.3308470296, 2.0182104406, 2.3562149615, 2.3333568332, 1.9560613364, 1.6153043695, 1.1572069522, 1.4195469722, 1.3129925945, 1.1019246768, 1.2297199357, 1.4499419193, 1.3551487057, 1.6100604742, 1.1544048765, 1.3537067391, 0.6654504401, 0.30138901, 0.3144044031, 0.5169992261, 0.222814991, 0.5188889074, 0.5478430136, 0.4672243387, 0.3854410765, 0.7327225753, 0.2702849514, -0.1969844965, -0.2637891083, -0.2525890916, -0.1621929646, -0.1291526895, -0.2751101814, -0.2017556598, 0.0084796792, 0.6003229602, 0.323692363, -0.3081539741, -0.4556343078, -0.5041706151, -0.5711158893, -0.5119445304, -0.4674173006, -0.4633098655, -0.138274009, 0.3489509078, 0.2136341501, -0.5019389161, -0.7888853763, -0.7820366866, -0.8205719314, -0.8060365252, -0.8208253691, -0.6617007763, -0.372451856, 0.2548989827, -0.0145390746, -0.5581911362, -0.9279040109, -0.98596417, -1.0602331343, -1.0251564745, -0.7650554298, -0.8002428294, -0.4215167588, 0.2757376821, -0.0224547021, -0.6844147357, -0.9726399158, -1.0446659166, -1.2070988223, -1.1289374874, -1.0249843646, -0.8078018565, -0.4422242933, 0.3130867121, 0.0330180623, -0.6492292686, -1.0797262612, -1.2663586416, -1.2606343692, -1.1888197804, -1.1038668392, -0.8257068954, -0.5412204468, 0.1824900361, -0.1764574639, -0.790930095, -1.16631702, -1.2150993162, -1.3733893694, -1.2556088838, -1.0749832151, -0.949415394, -0.6862163387, -0.1155054262]}