{"source": [{"position": [393.89669703257385, 9.021755196677022], "counts": 500000.0}, {"position": [306.1721971442575, 303.34730210743254], "counts": 500000.0}], "output": [0.0, 0.0, 0.0, 0.0, 0.0, 0.0, 0.0, 0.0, 0.0, 0.0, 0.0, 0.0, 0.0, 0.0, 0.0, 0.0, 0.0, 0.0, 0.0, 0.0, 0.0, 0.0, 0.0, 0.0, 0.0, 0.0, 0.0, 0.0, 0.0, 0.0, 0.0, 0.0, 0.3833719848, 0.1166280152, 0.0, 0.0, 0.0, 0.0, 0.0, 0.0236037884, 0.4763962116, 0.0, 0.0, 0.0, 0.0, 0.0, 0.0, 0.0, 0.0, 0.0, 0.0, 0.0, 0.0, 0.0, 0.0, 0.0, 0.0, 0.0, 0.0, 0.0, 0.0, 0.0, 0.0, 0.0], "num_sources": 2, "seg_angles": 64, "input": [-1.2618520897, -1.2506092863, -1.1187745835, -1.1026405762, -0.9044877149, -0.7340530811, -0.3853592451, 0.0907344739, 0.771634912, 1.9704639626, -1.2606889938, -1.1791379333, -1.0895480292, -0.9925201797, -0.9083820565, -0.6642585093, -0.2542820775, 0.3222340302, 1.0095760097, 1.9561629215, -1.2195341018, -1.1307016332, -0.9665417597, -1.0298611965, -0.7463533484, -0.5587685709, -0.2118675145, 0.4366222477, 1.3393874479, 2.0660322785, -1.1549535, -1.0665374629, -1.0252268021, -0.886687456, -0.6358549996, -0.5020209959, -0.0627928394, 0.4921311959, 1.4849134757, 2.0234323115, -1.096170462, -1.0650405916, -0.8927073173, -0.9343881956, -0.6584009278, -0.3594732894, 0.0766615545, 0.3167856326, 1.186202907, 2.2732864398, -1.0319556664, -1.0070653026, -0.8824482587, -0.6908851325, -0.610384032, -0.3901771798, -0.0583099465, 0.4659370567, 1.2071998052, 2.2580044944, -0.9830654036, -0.8486638795, -0.7567914354, -0.5822887867, -0.408933171, -0.4941233445, -0.0946406408, 0.5290369795, 1.0896910591, 1.9581440251, -0.7960873719, -0.6565458562, -0.596326059, -0.4002878754, -0.297362668, -0.07001221, 0.0568261306, 0.774604114, 1.1989297912, 2.317087858, -0.389287549, -0.1824350542, -0.131582974, -0.1705579757, 0.0796298507, 0.259982801, 0.194671231, 0.8001017443, 1.1664858298, 1.7754747466, 0.3864300362, 0.2081001287, 0.3699808058, 0.48227686, 0.5951418221, 0.6038521953, 0.8804944778, 1.010561957, 1.5800867451, 1.7757007478]}