{"source": [{"position": [11.451551416211185, 19.946477637965845], "counts": 500000.0}, {"position": [-17.090120379946953, -191.23788271521653], "counts": 500000.0}], "output": [0.0, 0.0, 0.0, 0.0, 0.0, 0.0, 0.0, 0.0, 0.0, 0.0, 0.0, 0.0, 0.0, 0.0, 0.0, 0.4539302862, 0.0460697138, 0.0, 0.0, 0.0, 0.0, 0.0, 0.0, 0.0, 0.0, 0.0, 0.0, 0.0, 0.0, 0.0, 0.0, 0.0, 0.0, 0.0, 0.0, 0.0, 0.0, 0.0, 0.0, 0.0, 0.0, 0.0, 0.1542875819, 0.3457124181, 0.0, 0.0, 0.0, 0.0, 0.0, 0.0, 0.0, 0.0, 0.0, 0.0, 0.0, 0.0, 0.0, 0.0, 0.0, 0.0, 0.0, 0.0, 0.0, 0.0], "num_sources": 2, "seg_angles": 64, "input": [-0.9698556836, -0.8935327735, -0.8755259864, -0.8891230931, -0.8569673455, -0.8170404064, -0.7326413678, -0.698297757, -0.3621250555, 0.3868629562, -1.0046288426, -0.9308051666, -0.937627549, -0.8904467139, -0.8556170669, -0.8577359134, -0.806203907, -0.645194235, -0.293178796, 0.5362856263, -1.0107936011, -0.9645937122, -0.9401879973, -0.8953118709, -0.8761033942, -0.8576711553, -0.804310757, -0.6511317409, -0.2953216355, 0.6091536428, -0.9796462015, -0.9426425529, -0.9072873348, -0.874178971, -0.8359418741, -0.8344621993, -0.7975993151, -0.6086838702, -0.290994121, 0.7097978917, -0.9322692317, -0.8756296861, -0.8144913612, -0.796892924, -0.7057484676, -0.7001129873, -0.6816867255, -0.529662259, -0.249275791, 0.8553812007, -0.7993860193, -0.7188416338, -0.6357788582, -0.59476107, -0.5321467346, -0.4486623878, -0.445562933, -0.3510755676, -0.0800579774, 0.9202355955, -0.5346645662, -0.4438594542, -0.3309853745, -0.2584323974, -0.1929432288, -0.1041355914, -0.0875618083, -0.0162119587, 0.1508181325, 1.1296881925, -0.1980913853, 0.0273827358, 0.1233672919, 0.2259293949, 0.3127597073, 0.3976854378, 0.4353751303, 0.5623754888, 0.5905017379, 1.3933244857, 0.3629192688, 0.6842289702, 0.8558110073, 1.0252184533, 1.1198314023, 1.2252967145, 1.3190798553, 1.4298055818, 1.5002521222, 1.7237185613, 1.2887738356, 1.7046428151, 1.8736751925, 1.9915621507, 2.1317151714, 2.3139116025, 2.4220730158, 2.489619264, 2.5476357274, 2.3656429825]}