{"source": [{"position": [19.82950807204963, -222.11661488871223], "counts": 500000.0}, {"position": [-2.2306198429516333, -22.891577820592236], "counts": 500000.0}], "output": [0.0, 0.0, 0.0, 0.0, 0.0, 0.0, 0.0, 0.0, 0.0, 0.0, 0.0, 0.0, 0.0, 0.0, 0.0, 0.4947103648, 0.0518168954, 0.4534727398, 0.0, 0.0, 0.0, 0.0, 0.0, 0.0, 0.0, 0.0, 0.0, 0.0, 0.0, 0.0, 0.0, 0.0, 0.0, 0.0, 0.0, 0.0, 0.0, 0.0, 0.0, 0.0, 0.0, 0.0, 0.0, 0.0, 0.0, 0.0, 0.0, 0.0, 0.0, 0.0, 0.0, 0.0, 0.0, 0.0, 0.0, 0.0, 0.0, 0.0, 0.0, 0.0, 0.0, 0.0, 0.0, 0.0], "num_sources": 2, "seg_angles": 64, "input": [1.813461413, 2.1780208693, 2.2331034097, 2.2984424616, 2.3576498498, 2.306677989, 2.2296437338, 2.2238799316, 2.0429633338, 1.8022617446, 0.9428957048, 1.3080111131, 1.4466243263, 1.4595854908, 1.5104071101, 1.4707828489, 1.4378816518, 1.3663170664, 1.2973394582, 0.9499355923, 0.2980097041, 0.5832229257, 0.6282081584, 0.6931706889, 0.7691253309, 0.7524458319, 0.7178863749, 0.6132810752, 0.553091747, 0.2638635784, -0.1264143187, 0.1080263421, 0.1399526841, 0.1451661828, 0.2121190311, 0.1897581099, 0.1571078584, 0.1038862554, 0.0590478879, -0.152276002, -0.4398884471, -0.2948599033, -0.2433557331, -0.2051934973, -0.2239339359, -0.2402691567, -0.2378695945, -0.2557505379, -0.3178023366, -0.4438689883, -0.6286884184, -0.5074286711, -0.5242002485, -0.4042228197, -0.4416069814, -0.4620688548, -0.471949994, -0.5337403956, -0.5587348471, -0.6272225454, -0.7803986328, -0.7001048224, -0.7007386342, -0.6580078519, -0.6223214054, -0.679641782, -0.6822197842, -0.6850894195, -0.7295316074, -0.7653295787, -0.8611795749, -0.7844442582, -0.7917011435, -0.7533371667, -0.7860368275, -0.7714509584, -0.8041674435, -0.8155897086, -0.8118477131, -0.8658313176, -0.9232073231, -0.8635274805, -0.8836030699, -0.8607143565, -0.8631070095, -0.8700291933, -0.8791074819, -0.8973885603, -0.8830838602, -0.9069811468, -0.9773511997, -0.939929395, -0.9397901078, -0.9190289016, -0.9340091486, -0.9425957805, -0.9434900737, -0.9635842532, -0.948474173, -0.933936493]}