{"source": [{"position": [-287.07790738575784, 299.68529341796915], "counts": 500000.0}, {"position": [269.7309043586318, -114.43006263161178], "counts": 500000.0}], "output": [0.0, 0.0, 0.0, 0.0, 0.0, 0.0, 0.0, 0.0, 0.0, 0.0, 0.0, 0.0, 0.0, 0.0, 0.0, 0.0, 0.0, 0.0, 0.0, 0.0, 0.0, 0.0, 0.0, 0.0, 0.0, 0.0, 0.0, 0.0434218095, 0.4565781905, 0.0, 0.0, 0.0, 0.0, 0.0, 0.0, 0.0, 0.0, 0.0, 0.0, 0.0, 0.0, 0.0, 0.0, 0.0, 0.0, 0.0, 0.0, 0.0, 0.0, 0.0, 0.0, 0.0, 0.0, 0.0, 0.0, 0.10941213, 0.39058787, 0.0, 0.0, 0.0, 0.0, 0.0, 0.0, 0.0], "num_sources": 2, "seg_angles": 64, "input": [1.6195706701, 1.3389610912, 0.9191886937, 0.3830783929, 0.3679779029, 0.1906367378, 0.4207314769, 0.3761212555, 0.6220262544, 0.8367560548, 0.8041298637, 0.3180337227, -0.4740864822, -0.648761243, -0.803210153, -0.9953078684, -0.9197524938, -0.2253423736, 0.2446516066, 1.1983198376, 0.6986571426, -0.2010097642, -0.9193188451, -1.1691302782, -1.3481462104, -1.3066712684, -0.6092764372, -0.3696098937, 0.546008072, 1.1686572653, 0.1972624776, -0.4894176113, -1.1171037414, -1.1693845551, -1.1383130664, -1.1095713187, -0.9643548364, -0.3975221907, 0.3094201676, 1.3393023107, -0.1433568407, -0.8086724839, -1.3404277597, -1.2249978846, -1.2667404504, -1.1440696162, -0.9055511131, -0.2708251631, 0.7408859732, 1.1528311318, -0.0951752317, -0.5656695006, -1.0310982198, -1.3034689889, -1.3555601071, -1.0177863048, -0.6864666062, -0.0355129206, 0.9486013116, 1.1178044834, 0.0941200838, -0.7350391227, -1.0202805366, -1.3431139312, -0.9937254499, -0.9257914085, -0.419835915, -0.0785742998, 0.9242964909, 1.6281577625, -0.0388380837, -0.418743437, -1.0571197635, -0.9194029907, -0.7677439986, -0.5140103537, 0.1294091658, 0.0681725081, 1.0316160421, 2.2929190851, -0.1907326936, -0.5861721351, -0.4791361949, -0.1371902289, -0.4054279847, 0.071850074, 0.4853031623, 0.9817583709, 2.1779573468, 2.6268820451, 0.0496841617, 0.1919890674, 0.3699377816, 0.1242576295, 0.345915013, 0.4332444329, 1.4682636632, 1.917818561, 2.4613392932, 2.8670427129]}