{"source": [{"position": [-5.277467289197052, 62.77856592031594], "counts": 500000.0}, {"position": [-425.3419403941791, 195.21330318837013], "counts": 500000.0}], "output": [0.0, 0.0, 0.0, 0.0, 0.0, 0.0, 0.0, 0.0, 0.0, 0.0, 0.0, 0.0, 0.0, 0.0, 0.0, 0.0, 0.0, 0.0, 0.0, 0.0, 0.0, 0.0, 0.0, 0.0, 0.0, 0.0, 0.0, 0.0, 0.0, 0.0, 0.0, 0.0, 0.0, 0.0, 0.0, 0.0, 0.0, 0.0, 0.0, 0.0, 0.0, 0.0, 0.0, 0.0, 0.0, 0.0, 0.0, 0.0, 0.0728657945, 0.4271342055, 0.0, 0.0, 0.0, 0.0, 0.0, 0.0, 0.0, 0.0, 0.0, 0.1913820534, 0.3086179466, 0.0, 0.0, 0.0], "num_sources": 2, "seg_angles": 64, "input": [-0.7886766264, -0.8786678075, -0.8863534432, -0.9435288239, -1.0001299889, -0.9901515189, -1.0393007647, -1.0694997189, -1.107317145, -1.1277003659, -0.6295876656, -0.7052786843, -0.7883152591, -0.8605830364, -0.8773393717, -0.965228951, -0.9950756712, -0.9851766875, -1.021741632, -1.0688160501, -0.6278404872, -0.5814458007, -0.6732489918, -0.7729736999, -0.8395449923, -0.8143069024, -0.9058509338, -0.9112685655, -0.9278570559, -1.0369595331, -0.5421434578, -0.4046988724, -0.5577123445, -0.66032388, -0.6867700647, -0.710187072, -0.7158795856, -0.7934476053, -0.7694410791, -0.8948047294, -0.4298185114, -0.3748077058, -0.3634651159, -0.4702376349, -0.5156000184, -0.4737453076, -0.5372101496, -0.5714121214, -0.6393683701, -0.7832987417, -0.1472753097, -0.1084711112, -0.1451779617, -0.1491029385, -0.1596260477, -0.2697030176, -0.3038327086, -0.373960559, -0.3678777429, -0.5344935256, 0.0709605712, 0.3058822215, 0.1631285491, 0.1185125311, 0.0794615958, 0.1562150063, 0.1269014639, 0.0789708381, -0.0306918997, -0.197331199, 0.5825340145, 0.6749389143, 0.6578271825, 0.6361427529, 0.7071887858, 0.6575732528, 0.7474436978, 0.5458633159, 0.5292877242, 0.3299012525, 1.2254571511, 1.3097557464, 1.3444614576, 1.3913390619, 1.4629094286, 1.3411735932, 1.4050187737, 1.333155488, 1.2841902434, 0.8466302793, 1.8590017564, 2.0867284253, 2.2566760682, 2.2762801534, 2.3433082059, 2.1604569472, 2.0971528906, 2.1787221057, 2.2345016502, 1.8960294677]}