{"source": [{"position": [158.74970109922887, -287.0235746431039], "counts": 500000.0}, {"position": [111.92919263284996, 289.0879724868511], "counts": 500000.0}], "output": [0.0, 0.0, 0.0, 0.0, 0.0, 0.0, 0.0, 0.0, 0.0, 0.0, 0.0, 0.0, 0.0, 0.0, 0.0, 0.0, 0.0, 0.0, 0.0, 0.0, 0.0, 0.4269762686, 0.0730237314, 0.0, 0.0, 0.0, 0.0, 0.0, 0.0, 0.0, 0.0, 0.0, 0.0, 0.0, 0.0, 0.0, 0.0, 0.0, 0.0, 0.0, 0.0, 0.0, 0.0, 0.0, 0.3813711985, 0.1186288015, 0.0, 0.0, 0.0, 0.0, 0.0, 0.0, 0.0, 0.0, 0.0, 0.0, 0.0, 0.0, 0.0, 0.0, 0.0, 0.0, 0.0, 0.0], "num_sources": 2, "seg_angles": 64, "input": [0.4700697392, 0.7734192857, 0.4617520985, 0.6388989576, 0.5707310975, 0.3868636218, 0.4165406233, 0.7829672524, 1.3290972886, 2.035064759, -0.1873624402, -0.004981842, -0.1996566624, -0.3090735819, 0.0927771239, -0.0998604192, 0.0208418484, 0.2904670171, 0.5259763508, 1.8728607244, -1.04251745, -0.7969646479, -0.7518657508, -0.4227839149, -0.5081321612, -0.3767231738, -0.6054843811, -0.4488326669, 0.4267950255, 1.8349912511, -1.2257228418, -0.8158153499, -0.995922122, -1.0786258973, -0.7695952135, -0.9659796957, -0.8607284897, -0.6336974412, 0.1000067303, 1.7587518504, -1.3151992524, -1.1541345983, -1.1882956124, -1.2292527243, -1.2153844011, -0.9235944643, -1.1510739214, -0.9005686513, -0.0857877076, 2.048068309, -1.3555669374, -1.1301393119, -1.0789716198, -0.8699408656, -0.9656194516, -1.0622840545, -1.0897929993, -0.8283094323, 0.1239582262, 1.7630427503, -1.23483942, -0.9996887146, -0.9577537985, -0.7637380788, -0.6481423334, -0.7201082399, -0.8980111521, -0.374908884, 0.3561748861, 2.0536084605, -0.9735098355, -0.576285615, -0.5580807816, -0.4317249226, -0.3432746101, -0.469530334, -0.1665224754, -0.078084765, 0.3965399832, 2.0636122678, -0.3364933832, -0.0507606598, 0.1582242781, 0.3009769534, 0.3533976566, 0.4328602612, 0.5043938258, 0.7410372464, 1.0044017828, 2.3609025838, 0.3157229208, 0.5159764018, 0.893097609, 0.9450197217, 0.9788201374, 0.9157561164, 1.1220471898, 1.3104341907, 1.8850712194, 2.8936825284]}