{"source": [{"position": [23.486987881484904, 80.64962120341907], "counts": 500000.0}, {"position": [350.0687204201138, -298.4156346162584], "counts": 500000.0}], "output": [0.0, 0.0, 0.0, 0.0, 0.0, 0.0, 0.0, 0.0, 0.0, 0.0, 0.0, 0.0, 0.0, 0.0, 0.0, 0.0, 0.0, 0.0, 0.0, 0.0, 0.0, 0.0, 0.0, 0.0, 0.0951902708, 0.4048097292, 0.0, 0.0, 0.0, 0.0, 0.0, 0.0, 0.0, 0.0, 0.0, 0.0, 0.0, 0.0, 0.0, 0.0, 0.0, 0.0, 0.0, 0.0, 0.0, 0.4432667168, 0.0567332832, 0.0, 0.0, 0.0, 0.0, 0.0, 0.0, 0.0, 0.0, 0.0, 0.0, 0.0, 0.0, 0.0, 0.0, 0.0, 0.0, 0.0], "num_sources": 2, "seg_angles": 64, "input": [-0.9556977967, -0.8377918115, -0.8031630242, -0.791405435, -0.8008757837, -0.7938148902, -0.7780684252, -0.7271200695, -0.626120182, 0.4000225836, -1.0891808654, -1.0284964236, -0.9815670405, -0.9373720171, -0.8983959536, -0.9291590237, -0.8892693742, -0.8492204653, -0.5690935485, 0.5385495325, -1.1079546962, -1.051141762, -1.0549156696, -1.0097632242, -0.9688255474, -0.9207135616, -0.959291943, -0.8369518444, -0.5394095204, 0.706494408, -1.0667056341, -0.9746886681, -0.8947629686, -0.9577988465, -0.988362267, -0.8309457391, -0.8571441068, -0.7102181423, -0.371542522, 0.6778742401, -0.9993955184, -0.8739173517, -0.811735586, -0.7166568495, -0.7422426487, -0.7239587081, -0.7068334072, -0.6120543811, -0.3368674468, 0.7692777005, -0.7154279487, -0.5942073778, -0.5330774578, -0.471193905, -0.5119444622, -0.4004394156, -0.389571275, -0.2500627861, -0.2282750993, 0.7146958538, -0.5305133637, -0.1548485594, -0.1291896507, -0.0677258407, -0.1685486231, -0.1033822915, 0.0248917724, 0.1122993054, 0.2440029763, 0.9678075477, -0.1478885427, 0.3217601841, 0.426051837, 0.4291115899, 0.5340078238, 0.6530718892, 0.5568991268, 0.6084381985, 0.9740196117, 1.2389766104, 0.6781296521, 0.9362915751, 1.0683024647, 1.170465571, 1.3427672662, 1.35809738, 1.3916646968, 1.4457944215, 1.510122435, 1.4807385337, 1.6379293422, 1.7480683588, 1.9810236133, 2.0264892404, 1.9760077255, 2.1327977541, 2.1665177631, 2.1790687802, 2.1554463668, 2.0229315573]}