{"source": [{"position": [199.86672291194122, 178.54213248542015], "counts": 500000.0}, {"position": [6.907486220446183, 35.33110009770919], "counts": 500000.0}], "output": [0.0, 0.0, 0.0, 0.0, 0.0, 0.0, 0.0, 0.0, 0.0, 0.0, 0.0, 0.0, 0.0, 0.0, 0.0, 0.0, 0.0, 0.0, 0.0, 0.0, 0.0, 0.0, 0.0, 0.0, 0.0, 0.0, 0.0, 0.0, 0.0, 0.0, 0.0, 0.0, 0.0, 0.0, 0.0, 0.0, 0.0, 0.0, 0.0, 0.2867018002, 0.2132981998, 0.0, 0.0, 0.0, 0.0, 0.0, 0.4833071085, 0.0166928915, 0.0, 0.0, 0.0, 0.0, 0.0, 0.0, 0.0, 0.0, 0.0, 0.0, 0.0, 0.0, 0.0, 0.0, 0.0, 0.0], "num_sources": 2, "seg_angles": 64, "input": [-1.073026274, -1.0588335477, -1.0336721205, -1.0435047184, -1.0151517475, -0.9993696315, -0.995698843, -0.9267467068, -0.8362679395, -0.5348379131, -1.021716465, -0.9817665958, -0.976008825, -0.9462506211, -0.9235610789, -0.9170180662, -0.8940696233, -0.8433085838, -0.7405635758, -0.4319235034, -0.9663170825, -0.9293672393, -0.8992026306, -0.8465877625, -0.8568971855, -0.8535303462, -0.7786482966, -0.735677676, -0.6735461205, -0.3701836391, -0.8986560648, -0.8231209434, -0.762903408, -0.7772165105, -0.728201415, -0.6969563153, -0.7160323053, -0.6466838944, -0.5430975241, -0.2748025308, -0.7493680273, -0.641182153, -0.6397995985, -0.5673517748, -0.5775417234, -0.4732022317, -0.5266354125, -0.4317769968, -0.3694074639, -0.1606364559, -0.5308825958, -0.3440126477, -0.4003569634, -0.3287083864, -0.3361087925, -0.3004747281, -0.2280450981, -0.1966894979, -0.1643323793, 0.0034573621, -0.2226931325, -0.081098475, 0.0618504799, 0.033673156, 0.1263282492, 0.1028196145, 0.0847691009, 0.1364584655, 0.1594177607, 0.2846354081, 0.1768236494, 0.3775756315, 0.6285868871, 0.4646180976, 0.6304619481, 0.6645502972, 0.6953653088, 0.6641200845, 0.7247825626, 0.581920209, 0.8369971452, 1.2746311362, 1.3761197644, 1.3722056085, 1.47906538, 1.4781913711, 1.4429553664, 1.4810677569, 1.3590973499, 1.1858052286, 1.7867159822, 2.0948376108, 2.2020338395, 2.1471183063, 2.2337515253, 2.2432387292, 2.2527700212, 2.3179341956, 2.2306500666, 1.8438291482]}