{"source": [{"position": [-19.982466887931807, -31.140022753246484], "counts": 500000.0}, {"position": [-79.07175203021691, 96.8124890232241], "counts": 500000.0}], "output": [0.0, 0.0, 0.0, 0.0, 0.0, 0.0, 0.0, 0.0, 0.0, 0.0, 0.4056157917, 0.0943842083, 0.0, 0.0, 0.0, 0.0, 0.0, 0.0, 0.0, 0.0, 0.0, 0.0, 0.0, 0.0, 0.0, 0.0, 0.0, 0.0, 0.0, 0.0, 0.0, 0.0, 0.0, 0.0, 0.0, 0.0, 0.0, 0.0, 0.0, 0.0, 0.0, 0.0, 0.0, 0.0, 0.0, 0.0, 0.0, 0.0, 0.0, 0.0, 0.0, 0.0, 0.0, 0.0, 0.0119746547, 0.4880253453, 0.0, 0.0, 0.0, 0.0, 0.0, 0.0, 0.0, 0.0], "num_sources": 2, "seg_angles": 64, "input": [2.1562333482, 2.1520225833, 2.0530269014, 1.8743082988, 1.8263173071, 1.5508385098, 1.7181519296, 1.5168585318, 1.2782396621, 1.0247941424, 2.0459979867, 1.4577529078, 1.1724282335, 0.9807369862, 0.9584915595, 0.7625454138, 0.6832450811, 0.6195196073, 0.5044934087, 0.1144186463, 1.9776127593, 0.7437648892, 0.4128950118, 0.2260064283, 0.2278079116, 0.0808612981, -0.0543193154, -0.1024103303, -0.2798264865, -0.5065953098, 1.8011556773, 0.5920528695, -0.0211333326, -0.2623636903, -0.3665282371, -0.4863430711, -0.5256949734, -0.5616070122, -0.6444507328, -0.7856705944, 1.705461286, 0.4966570412, -0.3546324073, -0.6200496856, -0.7120263999, -0.8019721049, -0.7969768207, -0.8429894876, -0.8843292416, -0.9833489804, 1.6381253891, 0.2688174871, -0.4463697735, -0.7839151562, -0.840579781, -0.9435054091, -0.9310439169, -1.0561502637, -1.05676732, -1.1561975894, 1.5627256478, 0.1733666391, -0.4744972811, -0.7932005085, -0.9446885703, -0.9778217438, -1.0188055852, -1.0483629877, -1.0796676309, -1.2219754001, 1.4969795866, 0.1978510102, -0.5061761279, -0.7019255194, -0.8587304332, -0.9449901194, -0.9302635816, -0.9933670393, -1.0342343243, -1.1438714961, 1.3955516284, 0.1132696732, -0.3266353809, -0.6570950703, -0.7288282441, -0.7761617022, -0.8640533588, -0.8457394429, -0.8588532024, -0.9970801055, 1.1848756925, 0.2083372398, -0.2186367438, -0.4078341429, -0.5390710943, -0.5527526538, -0.6613911003, -0.5966867684, -0.6763613166, -0.7670401117]}