{"source": [{"position": [-168.26072446547593, -302.3314879438679], "counts": 500000.0}, {"position": [240.08381131597872, 256.0483617287827], "counts": 500000.0}], "output": [0.0, 0.0, 0.0, 0.0, 0.0, 0.0, 0.0, 0.0, 0.0, 0.0, 0.0864760202, 0.4135239798, 0.0, 0.0, 0.0, 0.0, 0.0, 0.0, 0.0, 0.0, 0.0, 0.0, 0.0, 0.0, 0.0, 0.0, 0.0, 0.0, 0.0, 0.0, 0.0, 0.0, 0.0, 0.0, 0.0, 0.0, 0.0, 0.0, 0.0, 0.0, 0.3361752229, 0.1638247771, 0.0, 0.0, 0.0, 0.0, 0.0, 0.0, 0.0, 0.0, 0.0, 0.0, 0.0, 0.0, 0.0, 0.0, 0.0, 0.0, 0.0, 0.0, 0.0, 0.0, 0.0, 0.0], "num_sources": 2, "seg_angles": 64, "input": [0.4217007065, 0.3882506304, 0.9162460211, 0.576137939, 0.8735900292, 1.0314820491, 1.2896333035, 1.5448333779, 2.2136446038, 3.0252369311, 0.1375716128, 0.0028766952, -0.1461096793, 0.3225377, 0.1517349148, 0.3083276106, 0.3680001767, 1.0547731089, 1.620078547, 2.6222010707, 0.0505474649, -0.5521207292, -0.7123530655, -0.7186756656, -0.403662649, -0.5000579017, -0.1114359205, 0.39265979, 1.1166696744, 1.6321603072, 0.3603251726, -0.7124375685, -1.2265266498, -1.200388476, -1.0009229725, -0.7634994461, -0.3396807362, -0.4454152511, 0.0313255419, 1.2268787239, 0.5465237577, -0.5915946886, -1.4250069657, -1.6662413427, -1.4435071184, -1.3558190577, -1.2402332429, -0.3692648243, 0.0176949504, 0.8013458578, 0.8140037354, -0.3524689888, -1.2258383217, -1.4141835361, -1.7198282122, -1.4536471038, -1.3051105854, -0.8744507837, -0.2382675588, 0.8967234363, 0.6944452824, -0.2825250149, -0.8065165481, -1.3354286914, -1.4289716057, -0.9354844372, -1.2354111845, -1.3006539136, -0.392813262, 0.7161313207, 1.5215300452, 0.0067268045, -0.6398662469, -0.4906896618, -0.9120407191, -0.9860564119, -1.0116065621, -0.4513054257, -0.5000112012, 0.2024269263, 1.5764927019, 0.9809821241, 0.1937568073, -0.1036327699, -0.2555671086, -0.4576710547, -0.1659180256, -0.6414575128, -0.5878225394, 0.5514984538, 2.0575952286, 1.75803863, 0.9162300522, 0.8113172188, 0.3685381132, 0.1148969062, 0.1222272038, 0.5353067791, 0.2768131889, 0.2695297112]}