{"source": [{"position": [-318.66028653748305, 81.83288937737225], "counts": 500000.0}, {"position": [393.2136503460007, 242.54283164334726], "counts": 500000.0}], "output": [0.0, 0.0, 0.0, 0.0, 0.0, 0.0, 0.0, 0.0, 0.0, 0.0, 0.0, 0.0, 0.0, 0.0, 0.0, 0.0, 0.0, 0.0, 0.0, 0.0, 0.0, 0.0, 0.0, 0.0, 0.0, 0.0, 0.0, 0.0, 0.0, 0.0, 0.0, 0.0, 0.0, 0.0, 0.0, 0.0, 0.0, 0.1851378902, 0.3148621098, 0.0, 0.0, 0.0, 0.0, 0.0, 0.0, 0.0, 0.0, 0.0, 0.0, 0.0, 0.0, 0.0, 0.0, 0.0, 0.0, 0.0, 0.0, 0.0, 0.0, 0.0, 0.0, 0.2802224179, 0.2197775821, 0.0], "num_sources": 2, "seg_angles": 64, "input": [0.7863570266, 0.2041473096, -0.6464684646, -1.0158491029, -1.4142638793, -1.3735624411, -1.3362307265, -1.0038663493, -0.3179798022, -0.0856289029, 1.2988547705, 0.4033467645, -0.332464159, -0.8671301907, -1.0935867592, -1.1220601469, -0.8610832954, -0.942990498, -0.3026138301, 0.1203579531, 1.2246494575, 0.510339042, -0.0094506446, -0.7861915851, -1.0628765891, -0.9820346906, -0.8084842124, -0.9784736284, -0.097175252, 0.2844639668, 1.5042973651, 0.7921476692, -0.0790286991, -0.766033257, -0.8807211751, -1.1910791683, -1.1482404016, -0.7380655515, -0.1121523508, 0.4294829873, 1.2047510465, 0.9429518176, -0.0732242402, -0.8960117844, -0.8385690346, -0.9529567731, -1.1001410261, -0.9507848793, -0.402350935, 0.4454662545, 1.4328344223, 0.7062321383, -0.4194891164, -0.654949121, -0.7544525496, -0.9448106449, -1.2304616273, -0.7952000985, -0.3193548095, 0.0206516172, 1.3817920855, 1.0017160543, -0.0449212181, -0.3393596502, -0.6983439881, -0.8498908967, -0.9652802856, -0.822142878, -0.4402277463, 0.6221554182, 1.3688399215, 0.5062803406, 0.1612875555, -0.2955001315, -0.4790648821, -0.8502701626, -0.9544525919, -0.8832993668, 0.1220149214, 0.3308254371, 2.4460844655, 1.3554624575, 0.743011575, 0.2438845306, -0.1457685881, -0.2528587778, -0.3784029568, -0.6708877809, 0.2413492263, 0.4813467777, 2.6168824184, 2.4715987398, 1.9201781625, 1.6217963672, 1.5905497797, 1.6665889217, 1.525916623, 1.6346781188, 1.7332080616, 1.6604347274]}