{"source": [{"position": [27.889495144087075, 169.72382290240796], "counts": 500000.0}, {"position": [131.74986623363156, 460.5246711604279], "counts": 500000.0}], "output": [0.0, 0.0, 0.0, 0.0, 0.0, 0.0, 0.0, 0.0, 0.0, 0.0, 0.0, 0.0, 0.0, 0.0, 0.0, 0.0, 0.0, 0.0, 0.0, 0.0, 0.0, 0.0, 0.0, 0.0, 0.0, 0.0, 0.0, 0.0, 0.0, 0.0, 0.0, 0.0, 0.0, 0.0, 0.0, 0.0, 0.0, 0.0, 0.0, 0.0, 0.0, 0.0, 0.0, 0.0, 0.0, 0.4191206978, 0.4103556652, 0.1705236371, 0.0, 0.0, 0.0, 0.0, 0.0, 0.0, 0.0, 0.0, 0.0, 0.0, 0.0, 0.0, 0.0, 0.0, 0.0, 0.0], "num_sources": 2, "seg_angles": 64, "input": [-1.1423207017, -1.0940033902, -1.0397009246, -1.0844459332, -1.0883271138, -1.0752612389, -1.0774897911, -1.0341891931, -0.9316501025, 0.0078802557, -1.1365194707, -1.0015792736, -0.973848458, -0.9994388104, -0.9780208677, -0.9559317789, -1.0356786102, -0.9632411029, -0.9257549317, -0.0038308741, -1.0003299188, -0.9158730968, -0.8986827172, -0.8617776701, -0.9480173249, -0.9075995624, -0.9470025546, -0.8572954653, -0.8143336179, 0.0814379124, -0.8617388955, -0.8576751203, -0.7524075477, -0.8549790807, -0.7333040703, -0.7735141341, -0.7388167082, -0.6603514845, -0.6595669328, 0.1654821929, -0.7376948525, -0.6035837469, -0.4959315065, -0.5835255727, -0.5820776069, -0.5674208116, -0.508641733, -0.5865172928, -0.5125720679, 0.0889738699, -0.4742420604, -0.3289700696, -0.2833251168, -0.2931375065, -0.2729496744, -0.3705687843, -0.272943481, -0.1949309082, -0.2653428855, 0.2279323548, -0.2210511497, 0.1455917586, 0.0262897409, 0.1275910396, 0.0700815561, 0.0377791785, 0.2393120464, 0.2347657031, 0.0996423611, 0.3786399258, 0.1833202035, 0.5931884981, 0.712243483, 0.7305987618, 0.751543624, 0.642432755, 0.5904729308, 0.8878118602, 0.6015958607, 0.6085124785, 0.9927704749, 1.2094799038, 1.5583138401, 1.4262762424, 1.620591599, 1.2792835143, 1.3707068647, 1.2937383367, 1.2793278915, 1.1423188116, 1.7463314132, 2.1652816276, 2.1017360685, 2.1509148565, 2.2301127842, 2.180447934, 2.0149308796, 2.2398597364, 1.9259168692, 1.578465297]}