{"source": [{"position": [-255.12892788224738, 21.10047766414301], "counts": 500000.0}, {"position": [298.50920193156327, 57.51744398164081], "counts": 500000.0}], "output": [0.079742567, 0.0, 0.0, 0.0, 0.0, 0.0, 0.0, 0.0, 0.0, 0.0, 0.0, 0.0, 0.0, 0.0, 0.0, 0.0, 0.0, 0.0, 0.0, 0.0, 0.0, 0.0, 0.0, 0.0, 0.0, 0.0, 0.0, 0.0, 0.0, 0.0, 0.0, 0.0, 0.0, 0.0305578303, 0.4694421697, 0.0, 0.0, 0.0, 0.0, 0.0, 0.0, 0.0, 0.0, 0.0, 0.0, 0.0, 0.0, 0.0, 0.0, 0.0, 0.0, 0.0, 0.0, 0.0, 0.0, 0.0, 0.0, 0.0, 0.0, 0.0, 0.0, 0.0, 0.0, 0.420257433], "num_sources": 2, "seg_angles": 64, "input": [1.086942702, 0.1417882166, -0.7188182316, -1.3343549822, -1.6407114459, -1.4914775054, -1.3453266409, -1.0685077528, -0.6410473572, 0.7710808301, 1.7617082945, 0.6901794374, -0.4804259609, -0.8282714346, -1.2867599744, -1.2222098085, -1.0162196286, -0.2677160106, 0.2471324742, 0.9904486894, 1.8726088161, 0.6748322503, -0.2999260875, -0.6953942189, -1.3912420365, -1.0937763505, -0.7423284325, -0.3305661617, -0.0336989048, 1.7015466823, 1.8988028648, 0.9712444644, -0.1321262051, -0.4650067059, -0.904857914, -1.1201867922, -1.1103804245, -0.3151221937, 0.2280015564, 0.9789804599, 1.8771040773, 0.8663270625, 0.2272546526, -0.5287930367, -1.050099114, -0.9828716583, -0.5194225498, -0.7714593035, 0.4524197406, 1.0861519531, 1.7421695477, 1.2865168202, 0.1685667545, -0.3669565562, -1.0483489966, -1.0145237191, -0.3901092533, -0.2211565754, 0.1100927755, 1.2795835318, 1.8376997361, 1.3190698883, 0.2356494614, -0.6361984278, -1.1057740547, -0.8130011197, -0.5089439686, -0.4744411661, 0.4629707207, 1.1318319856, 2.0569848696, 0.7903245685, 0.0934443607, -0.7129770744, -1.0972125288, -1.006058169, -0.9750664325, -0.3439773551, 0.106264975, 1.1428064283, 1.4398180162, 0.7396630108, -0.1916614532, -0.7496395596, -1.1640107564, -1.3076418262, -1.0257079641, -0.298474899, 0.0892625513, 0.877509539, 2.5158744795, 1.430458555, 0.9470325143, 0.2242793489, -0.351851139, -0.366939115, -0.1497375253, -0.3528366067, 0.5231783268, 1.4267430757]}