{"source": [{"position": [-196.72784557166526, 367.6780586011776], "counts": 500000.0}, {"position": [170.47813459742892, -209.37336417075815], "counts": 500000.0}], "output": [0.0, 0.0, 0.0, 0.0, 0.0, 0.0, 0.0, 0.0, 0.0, 0.0, 0.0, 0.0, 0.0, 0.0, 0.0, 0.0, 0.0, 0.0, 0.0, 0.0, 0.0, 0.0, 0.0196867091, 0.4803132909, 0.0, 0.0, 0.0, 0.0, 0.0, 0.0, 0.0, 0.0, 0.0, 0.0, 0.0, 0.0, 0.0, 0.0, 0.0, 0.0, 0.0, 0.0, 0.0, 0.0, 0.0, 0.0, 0.0, 0.0, 0.0, 0.0, 0.0, 0.0, 0.0, 0.497847605, 0.002152395, 0.0, 0.0, 0.0, 0.0, 0.0, 0.0, 0.0, 0.0, 0.0], "num_sources": 2, "seg_angles": 64, "input": [2.5205098056, 1.6233407453, 1.4422904865, 1.5117404959, 1.2332438573, 1.338717538, 1.1692154205, 1.2195275656, 1.3836317547, 1.1678456062, 1.6283117857, 1.1987877964, 0.62874396, 0.2378541913, 0.3810373617, 0.19267976, 0.3933909502, 0.1542025793, 0.4787559252, 1.179025583, 1.1014319294, -0.0514971898, -0.288123199, -0.4776368669, -0.4236915252, -0.5651648308, -0.3148789668, -0.3327198447, -0.362321773, 0.8919736101, 0.318105057, -0.5785692608, -0.8437521993, -1.1612097283, -1.2031667298, -1.0403942199, -1.1204827184, -0.8932647775, 0.0003217282, 1.5594086325, 0.0258815496, -0.7830800111, -1.3627462776, -1.1849825879, -1.2514552301, -1.3754752329, -1.1867460975, -0.6957662972, -0.1424882655, 1.1909984311, -0.3375977199, -0.9356472898, -1.4571249772, -1.1084243907, -1.2128750069, -1.2618475506, -1.0765625931, -0.7753671465, 0.4246647999, 1.4957098354, -0.6303319056, -0.9661733732, -1.1622087942, -1.2161441009, -1.4169636015, -1.3866905338, -0.7902894163, -0.2244794794, 0.1846647645, 1.5072302668, -0.3662251265, -0.794418596, -0.9980504844, -1.1013679161, -0.8840907705, -0.7144206452, -0.6513697727, -0.3370073931, 0.6519305429, 1.8285519054, 0.0346036474, -0.5143350312, -0.4503085829, -0.3851016124, -0.2856107592, -0.1227937903, 0.0534650156, 0.4307052659, 0.9998974765, 2.3385913518, -0.2591768604, -0.1896771737, 0.2508948325, -0.1086658137, -0.0760157685, 0.3980021446, 0.4675410361, 0.859554634, 1.3954091883, 2.3445869924]}