{"source": [{"position": [203.34499543992095, 25.996400318861774], "counts": 500000.0}, {"position": [-273.24974219719553, 166.53701807455948], "counts": 500000.0}], "output": [0.0, 0.0, 0.0, 0.0, 0.0, 0.0, 0.0, 0.0, 0.0, 0.0, 0.0, 0.0, 0.0, 0.0, 0.0, 0.0, 0.0, 0.0, 0.0, 0.0, 0.0, 0.0, 0.0, 0.0, 0.0, 0.0, 0.0, 0.0, 0.0, 0.0, 0.0, 0.0, 0.0, 0.352409623, 0.147590377, 0.0, 0.0, 0.0, 0.0, 0.0, 0.0, 0.0, 0.0, 0.0, 0.0, 0.0, 0.0, 0.0, 0.0, 0.0, 0.0, 0.0, 0.0, 0.0, 0.0, 0.0, 0.0, 0.0, 0.2876424398, 0.2123575602, 0.0, 0.0, 0.0, 0.0], "num_sources": 2, "seg_angles": 64, "input": [-0.1312845072, -0.8194801291, -1.1854332708, -1.3271932935, -1.2472224362, -1.3869124149, -1.1232085379, -0.4637687587, 0.2847739425, 1.1706958878, -0.0470390272, -0.5618793486, -0.8079819243, -1.2528059071, -0.9973218342, -0.9728534252, -0.607445113, -0.2415043883, 0.8263891056, 1.5634046179, 0.078844233, -0.3138728614, -0.5989363586, -0.9309075386, -1.1591412235, -1.0222386746, -0.3562936652, 0.1125739236, 0.8985328902, 1.5762867847, 0.5259154749, -0.1956970194, -0.6645468978, -0.8836739646, -1.1027369304, -0.9416592814, -0.4747421085, -0.0316833189, 0.8304411939, 1.7233302374, 0.3484981733, -0.529812247, -0.6630730441, -0.9182285838, -1.0475863422, -0.7657027032, -0.318695364, 0.3015478453, 0.6744877007, 1.6168554875, -0.0834974401, -0.3076058873, -0.8202599917, -1.1050336227, -0.7500088257, -0.7862872959, -0.6105947419, 0.2544859973, 1.0284993488, 1.8495879233, 0.0671174281, -0.407336132, -0.8508809194, -0.9347645009, -0.9966204076, -0.8253140093, -0.3595006761, 0.0034958821, 1.3031458727, 2.0644248079, 0.0128099345, -0.3935226862, -0.7503529061, -1.1451976945, -0.9700788427, -0.5993498076, -0.1455704863, 0.4790771996, 1.2591000689, 2.1949199806, -0.0659587463, -0.1638292404, -0.5717852989, -0.592600475, -0.5332954834, -0.0500838768, 0.3554477622, 0.7662673286, 1.6223851666, 2.3710874562, 0.7348567273, 0.6606501134, 0.9200082761, 0.4265465991, 0.6656680502, 0.9089586192, 1.3288704355, 1.8701723445, 2.0683509631, 3.1633806542]}