{"source": [{"position": [-288.7024555827668, 317.31985777836314], "counts": 500000.0}, {"position": [66.4922293543318, 34.69558236275817], "counts": 500000.0}], "output": [0.0, 0.0, 0.0, 0.0, 0.0, 0.0, 0.0, 0.0, 0.0, 0.0, 0.0, 0.0, 0.0, 0.0, 0.0, 0.0, 0.0, 0.0, 0.0, 0.0, 0.0, 0.0, 0.0, 0.0, 0.0, 0.0, 0.0, 0.0, 0.0, 0.0, 0.0, 0.0, 0.0, 0.0, 0.0, 0.0, 0.0506213119, 0.4493786881, 0.0, 0.0, 0.0, 0.0, 0.0, 0.0, 0.0, 0.0, 0.0, 0.0, 0.0, 0.0, 0.0, 0.0, 0.0, 0.0, 0.0, 0.2403196066, 0.2596803934, 0.0, 0.0, 0.0, 0.0, 0.0, 0.0, 0.0], "num_sources": 2, "seg_angles": 64, "input": [-0.9622965061, -1.0822605221, -1.1235389086, -1.1196341067, -1.0477005745, -0.9355889665, -0.5964305769, -0.1938159902, 0.5346850346, 1.4008309821, -0.8981953651, -0.9824699512, -1.081906933, -1.036066077, -0.8963498156, -0.774598582, -0.3873995686, 0.0258284445, 0.7427434732, 1.6294351687, -0.8633303159, -0.9870825173, -1.0809612338, -1.0031979098, -0.9449884791, -0.8207693512, -0.3009617256, 0.0874644347, 1.0054779288, 1.8891997196, -0.8653285056, -1.0166839266, -1.0235183302, -0.9864037405, -0.8806209401, -0.6199310464, -0.3196303747, 0.2704491574, 1.0251444281, 1.7356063581, -0.9116951278, -0.9382083707, -1.0073488735, -0.9727616428, -0.8549736088, -0.6251239583, -0.2700727457, 0.2527040451, 1.1157805911, 1.828918511, -0.746737832, -0.9372608371, -0.8965246294, -0.9129795666, -0.7591583811, -0.5620881481, -0.2126231517, 0.3201139069, 1.0180699843, 1.8177135463, -0.7224484317, -0.8378873597, -0.8563165988, -0.8976976997, -0.7367694248, -0.4893634462, -0.1950155964, 0.3982722887, 1.0797658508, 2.0249991439, -0.390941043, -0.6251688424, -0.5364279104, -0.6614844262, -0.5232575189, -0.2308853077, 0.0865917426, 0.5490442183, 1.2333522199, 2.0662206134, -0.0651596658, -0.0093412216, 0.0437614354, -0.0111186023, 0.1240362825, 0.1848290548, 0.293473803, 0.7011953753, 1.2258790746, 2.0205876583, 0.8757836929, 1.2631315411, 1.2966272024, 1.3905018213, 1.3828934657, 1.5222780357, 1.5396556597, 1.6296367361, 1.6272989659, 1.9685192134]}