{"source": [{"position": [-9.53398321450233, 156.7102522621465], "counts": 500000.0}, {"position": [-175.25023551508582, 41.077426305782126], "counts": 500000.0}], "output": [0.0, 0.0, 0.0, 0.0, 0.0, 0.0, 0.0, 0.0, 0.0, 0.0, 0.0, 0.0, 0.0, 0.0, 0.0, 0.0, 0.0, 0.0, 0.0, 0.0, 0.0, 0.0, 0.0, 0.0, 0.0, 0.0, 0.0, 0.0, 0.0, 0.0, 0.0, 0.0, 0.0, 0.0, 0.0, 0.0, 0.0, 0.0, 0.0, 0.0, 0.0, 0.0, 0.0, 0.0, 0.0, 0.0, 0.0, 0.0, 0.1905345832, 0.3094654168, 0.0, 0.0, 0.0, 0.0, 0.0, 0.0, 0.0, 0.0, 0.0, 0.0, 0.0, 0.1725855702, 0.3274144298, 0.0], "num_sources": 2, "seg_angles": 64, "input": [0.499737256, -0.1125241356, -0.5299966639, -0.7808124059, -1.0512597159, -1.1513078566, -1.2417982849, -1.3313559407, -1.4125154463, -1.4740829005, 0.6190097687, 0.1630382967, -0.3671407907, -0.5357337162, -0.8853757237, -1.0724065663, -1.122132373, -1.2222900273, -1.3045395381, -1.4161981033, 0.7364471393, 0.158223845, -0.2667193051, -0.4662184173, -0.8360559081, -0.9751781258, -1.0877952341, -1.1757933111, -1.2038698242, -1.3425072447, 0.7439146718, 0.4079214499, 0.0133689281, -0.43678804, -0.6205894669, -0.8280848767, -0.9805339882, -1.0679771041, -1.0971442257, -1.2453052168, 0.8237771224, 0.5498901643, 0.0394692417, -0.2019327996, -0.6263341399, -0.6641889939, -0.7431988774, -0.9039744644, -0.9750473133, -1.0954562762, 1.1973050738, 0.559492819, 0.3486254104, -0.0123714585, -0.3575611888, -0.4260239922, -0.6396317644, -0.7308556609, -0.7758197683, -0.86387874, 1.403005008, 0.9520347594, 0.5364662914, 0.2234051019, -0.024679129, -0.1165238572, -0.2653861009, -0.3955772959, -0.5378798163, -0.8047195224, 1.5822190722, 1.1732152244, 0.7442950375, 0.4868490257, 0.4385506262, 0.1376809387, 0.1416229082, -0.0498769233, -0.0857010279, -0.3120420559, 1.7846944845, 1.7198957735, 1.3344190274, 1.0788421058, 1.0000671715, 0.6697873112, 0.6660553743, 0.7464781238, 0.4247698933, 0.0687523844, 2.1510996745, 2.0720163015, 2.1727014691, 2.0071482796, 1.7563605444, 1.736518468, 1.5488770086, 1.8960367474, 1.5542077895, 1.1823985315]}