{"source": [{"position": [-63.46834401696761, 121.41156990890056], "counts": 500000.0}, {"position": [-406.38377349841204, 166.05188537680428], "counts": 500000.0}], "output": [0.0, 0.0, 0.0, 0.0, 0.0, 0.0, 0.0, 0.0, 0.0, 0.0, 0.0, 0.0, 0.0, 0.0, 0.0, 0.0, 0.0, 0.0, 0.0, 0.0, 0.0, 0.0, 0.0, 0.0, 0.0, 0.0, 0.0, 0.0, 0.0, 0.0, 0.0, 0.0, 0.0, 0.0, 0.0, 0.0, 0.0, 0.0, 0.0, 0.0, 0.0, 0.0, 0.0, 0.0, 0.0, 0.0, 0.0, 0.0, 0.0, 0.0, 0.0, 0.0, 0.0468014375, 0.4531985625, 0.0, 0.0, 0.0, 0.0, 0.0, 0.0, 0.4755862016, 0.0244137984, 0.0, 0.0], "num_sources": 2, "seg_angles": 64, "input": [1.0753020648, 0.0125806581, -0.6159686685, -0.8852328837, -1.0564326445, -1.1370041429, -1.1521086561, -1.1968754293, -1.2370078869, -1.297514132, 1.3295603241, 0.2797709051, -0.4063760066, -0.7555958561, -0.9540063464, -1.0494331374, -1.1005371411, -1.1611624603, -1.1746879458, -1.2579539296, 1.366823268, 0.302795961, -0.3463657563, -0.6592699208, -0.8440606888, -0.9765412525, -1.076065202, -1.0882287572, -1.1458347365, -1.2191777535, 1.1966237283, 0.3733169569, -0.3554390633, -0.6984206961, -0.7520092544, -0.9035984279, -0.9629464853, -1.0037631769, -1.0507059718, -1.0947529327, 1.4633350641, 0.4010213683, -0.2196298963, -0.5831075804, -0.6624458964, -0.7414219722, -0.8552630832, -0.9106320057, -0.9329002214, -0.9879029385, 1.3784255532, 0.4309976917, -0.2076012427, -0.3656160842, -0.5641539129, -0.4718966037, -0.5795856332, -0.7241873628, -0.724757279, -0.7740771875, 1.6759754662, 0.3717531789, 0.0948765173, -0.0773395282, -0.1095436741, -0.2112985441, -0.3946829269, -0.4014274646, -0.447403567, -0.5583454051, 1.4888622781, 0.804962217, 0.5986163855, 0.2808203501, 0.2641229069, 0.2801119836, 0.2455983099, 0.0767009142, 0.009786154, -0.2076652779, 1.581577254, 1.1880720998, 1.1392257946, 1.1126163281, 0.8146015595, 0.7935242779, 0.6826966455, 1.0050965442, 0.7393904613, 0.4243445257, 1.7323579901, 1.9210339343, 1.9927936889, 1.9659499737, 1.7957278647, 1.7609787867, 1.9850879293, 1.734854266, 1.7327383922, 1.4225541098]}