{"source": [{"position": [304.2735877532036, 292.4065385653911], "counts": 500000.0}, {"position": [308.5235396633911, 187.44125872809303], "counts": 500000.0}], "output": [0.0, 0.0, 0.0, 0.0, 0.0, 0.0, 0.0, 0.0, 0.0, 0.0, 0.0, 0.0, 0.0, 0.0, 0.0, 0.0, 0.0, 0.0, 0.0, 0.0, 0.0, 0.0, 0.0, 0.0, 0.0, 0.0, 0.0, 0.0, 0.0, 0.0, 0.0, 0.0, 0.0, 0.0, 0.0, 0.0, 0.0, 0.219513569, 0.280486431, 0.101277746, 0.398722254, 0.0, 0.0, 0.0, 0.0, 0.0, 0.0, 0.0, 0.0, 0.0, 0.0, 0.0, 0.0, 0.0, 0.0, 0.0, 0.0, 0.0, 0.0, 0.0, 0.0, 0.0, 0.0, 0.0], "num_sources": 2, "seg_angles": 64, "input": [-1.2067709784, -1.1960134271, -1.1890076374, -1.1264491945, -0.9696286053, -0.8242967533, -0.5201449543, -0.2263323989, 0.7323274566, 1.5028682021, -1.1994315875, -1.222166094, -1.130507424, -1.0179474553, -0.867661493, -0.7002736683, -0.4141295278, 0.0168582105, 0.9670554564, 1.9921743848, -1.2459371048, -1.1635897205, -1.1475047136, -0.9825338391, -0.84634693, -0.7029582818, -0.4287518867, 0.0232714229, 0.9274186131, 1.6150998785, -1.1924305664, -1.1281078242, -1.0898392542, -0.9492541671, -0.9071207063, -0.6189891408, -0.108005083, 0.1741867716, 1.021109299, 1.5032598879, -1.1224253414, -1.1346939018, -1.0565857176, -1.0152499476, -0.7941688137, -0.6782848062, -0.0496400333, 0.1421344875, 1.116855046, 1.854651824, -1.0626867981, -0.9759135695, -0.8736822291, -0.8872272553, -0.7675553062, -0.4883094869, -0.3501779495, 0.1091703585, 0.9086868597, 1.6588989758, -0.80706049, -0.6722273903, -0.6936640032, -0.5929185213, -0.565554373, -0.458988489, -0.1811228841, 0.2519225752, 0.8191518355, 1.8541587382, -0.5293904614, -0.3455911129, -0.2541870884, -0.2927798065, -0.0788334195, -0.1872175981, 0.1171244261, 0.2456676294, 0.865242161, 1.804289681, 0.0213948697, 0.371773248, 0.4251091018, 0.4461449519, 0.5926608244, 0.4404996606, 0.3265019278, 0.5525439955, 0.8578051705, 1.7792904047, 1.2125239008, 1.4007187827, 1.4990050953, 1.5773838933, 1.5033578426, 1.5808132599, 1.4748102473, 1.5361312513, 1.5333722149, 1.8828423873]}