{"source": [{"position": [-184.54040775789053, -150.2958346214276], "counts": 500000.0}, {"position": [10.638011250078726, 55.9985063786812], "counts": 500000.0}], "output": [0.0, 0.0, 0.0, 0.0, 0.0, 0.0, 0.0190653426, 0.4809346574, 0.0, 0.0, 0.0, 0.0, 0.0, 0.0, 0.0, 0.0, 0.0, 0.0, 0.0, 0.0, 0.0, 0.0, 0.0, 0.0, 0.0, 0.0, 0.0, 0.0, 0.0, 0.0, 0.0, 0.0, 0.0, 0.0, 0.0, 0.0, 0.0, 0.0, 0.0, 0.0, 0.0, 0.0, 0.0, 0.0, 0.0, 0.0, 0.45611408, 0.04388592, 0.0, 0.0, 0.0, 0.0, 0.0, 0.0, 0.0, 0.0, 0.0, 0.0, 0.0, 0.0, 0.0, 0.0, 0.0, 0.0], "num_sources": 2, "seg_angles": 64, "input": [-0.7237960183, -0.644175748, -0.6681302581, -0.7410948792, -0.7612809881, -0.6715070591, -0.6645455536, -0.7953678168, -0.7353478595, -0.2043910899, -0.6430061052, -0.8857405447, -0.8862570676, -0.8703530017, -0.9375475224, -0.8817321483, -0.9111979174, -0.9354587011, -0.8904825417, -0.3178957818, -0.6217959659, -0.7363173438, -0.8937091294, -0.9362017141, -0.9609687395, -0.9465866537, -0.9785883669, -1.0124360121, -0.8819123484, -0.4181292439, -0.4831011369, -0.6233863243, -0.8526932438, -0.8952297242, -0.9029560168, -0.9427381046, -0.9618437436, -0.9393060687, -0.8850544694, -0.4321217448, -0.2659088523, -0.4962523438, -0.5669396436, -0.6702389905, -0.759038083, -0.707323115, -0.7513115144, -0.7848015181, -0.7899194728, -0.455949375, -0.1100419854, -0.1498070282, -0.3271529, -0.360989019, -0.4597749614, -0.4419998538, -0.5333127835, -0.5446518593, -0.6218890151, -0.2669496538, 0.3738184284, 0.2604567304, 0.1726966449, 0.0838916811, 0.0923512902, -0.1049793165, -0.0337370345, -0.1729714854, -0.1337515829, -0.0829912651, 0.6711616891, 0.8637599588, 0.6914905215, 0.7285136175, 0.6016915089, 0.5758992631, 0.5386407614, 0.4921283536, 0.3694944802, 0.2588442732, 1.5391386229, 1.640218867, 1.5289516164, 1.5422597832, 1.4023292655, 1.3910317265, 1.4424674194, 1.3164255656, 1.155255423, 0.7796202201, 2.20947329, 2.2798072268, 2.4005377988, 2.2593442478, 2.1686966238, 2.0565421349, 2.0338837496, 1.994485355, 2.0722501266, 1.6795090846]}