{"source": [{"position": [-106.86964706284296, 344.81861686495904], "counts": 500000.0}, {"position": [-359.72538480751547, 235.57938688494136], "counts": 500000.0}], "output": [0.0, 0.0, 0.0, 0.0, 0.0, 0.0, 0.0, 0.0, 0.0, 0.0, 0.0, 0.0, 0.0, 0.0, 0.0, 0.0, 0.0, 0.0, 0.0, 0.0, 0.0, 0.0, 0.0, 0.0, 0.0, 0.0, 0.0, 0.0, 0.0, 0.0, 0.0, 0.0, 0.0, 0.0, 0.0, 0.0, 0.0, 0.0, 0.0, 0.0, 0.0, 0.0, 0.0, 0.0, 0.0, 0.0, 0.0, 0.0, 0.0, 0.0, 0.0, 0.469352974, 0.030647026, 0.0, 0.0, 0.0, 0.0, 0.0, 0.4529117994, 0.0470882006, 0.0, 0.0, 0.0, 0.0], "num_sources": 2, "seg_angles": 64, "input": [0.8497613305, -0.0059113255, -0.6074263095, -0.8891677808, -0.9872249725, -1.1425706169, -1.2063354279, -1.2453926821, -1.2463674537, -1.2856123737, 1.2399447799, 0.0901665122, -0.4492265319, -0.6194407198, -0.8895035, -1.0364417256, -1.0809556071, -1.1727559713, -1.1810752005, -1.2445947599, 1.4953100261, 0.1771674279, -0.3843061362, -0.701619827, -0.7874697849, -0.8962939496, -1.071199462, -1.0548421666, -1.1152123029, -1.2435257051, 1.1753584974, 0.3744993587, -0.3109589374, -0.6120979594, -0.7340521162, -0.8551763458, -0.9851754035, -1.0419972941, -1.0040061492, -1.142839457, 1.4115234857, 0.2438302416, -0.2644334038, -0.3779180028, -0.6662407402, -0.7760783733, -0.7364513235, -0.9800819968, -0.9343151544, -0.9650478405, 1.4446756354, 0.2084074533, -0.05959392, -0.4042972785, -0.6146880626, -0.6435754366, -0.5249867742, -0.6414212901, -0.6363335566, -0.9081099597, 1.27261294, 0.6720140115, 0.1444462169, -0.1690392349, -0.1127984096, -0.2948992628, -0.4874914543, -0.2828182291, -0.4476187666, -0.5522572124, 1.5535456441, 0.9139941311, 0.6752703821, 0.1167360009, 0.0292045907, 0.0888923901, 0.1430985692, 0.1628929452, 0.0122272467, 0.036958058, 1.6085351769, 1.4214260224, 0.9715264106, 0.8632582262, 1.0850468431, 0.8984342866, 0.8902083179, 0.7170638835, 0.7341449736, 0.547987652, 1.9063386518, 2.1237702587, 1.9591053778, 1.8773456254, 1.7184030763, 1.7941645874, 1.9880295528, 1.8210954855, 1.7215745788, 1.5312747766]}