{"source": [{"position": [403.97482263348826, -138.32332658753444], "counts": 500000.0}, {"position": [109.29048157365844, -225.95705485201788], "counts": 500000.0}], "output": [0.0, 0.0, 0.0, 0.0, 0.0, 0.0, 0.0, 0.0, 0.0, 0.0, 0.0, 0.0, 0.0, 0.0, 0.0, 0.0, 0.0, 0.0, 0.0, 0.0, 0.2055966442, 0.2944033558, 0.0, 0.0, 0.0, 0.0, 0.0, 0.0, 0.1801334964, 0.3198665036, 0.0, 0.0, 0.0, 0.0, 0.0, 0.0, 0.0, 0.0, 0.0, 0.0, 0.0, 0.0, 0.0, 0.0, 0.0, 0.0, 0.0, 0.0, 0.0, 0.0, 0.0, 0.0, 0.0, 0.0, 0.0, 0.0, 0.0, 0.0, 0.0, 0.0, 0.0, 0.0, 0.0, 0.0], "num_sources": 2, "seg_angles": 64, "input": [1.2591393875, 1.571999383, 1.5492647247, 1.5877302289, 1.685134762, 1.9944059352, 1.623854331, 1.8760030163, 1.8298715298, 1.9902362073, 0.2033414191, 0.5133437213, 0.6627165874, 0.8049506973, 0.7759858182, 0.5865345453, 0.9697899518, 1.0166277585, 1.4775432498, 1.6734262488, -0.3118677846, -0.1194767084, -0.0478947009, 0.1293114881, 0.0729971904, 0.209432712, 0.3127974207, 0.4024149581, 0.8775298689, 1.5143318199, -0.580136875, -0.519696682, -0.3920881886, -0.2228772216, -0.2694175851, -0.3326713567, -0.0939230394, 0.2425865814, 0.6918301108, 1.7398587579, -0.8768905909, -0.7611960769, -0.644925251, -0.628526282, -0.6302069941, -0.491612478, -0.3247842864, -0.059995404, 0.4419840242, 1.5544220342, -1.0044770814, -0.9342971472, -0.8126117925, -0.8294328969, -0.8139406187, -0.7521510402, -0.4217273767, -0.0360197984, 0.3866329198, 1.6447415516, -1.1730336348, -1.0826951457, -1.0767945898, -0.9610527821, -0.9028690364, -0.7392687833, -0.7181789391, -0.3664780455, 0.5668120637, 1.6815837809, -1.2209112885, -1.1466967003, -1.0854850525, -0.9950049346, -0.9512158833, -0.7459921976, -0.5492176501, -0.4133874643, 0.32389485, 1.3648671366, -1.2842300673, -1.2263564954, -1.1889373185, -1.1436261684, -1.0600289306, -0.9173171217, -0.6749526686, -0.3300069129, 0.4749268927, 1.3847399214, -1.3127651815, -1.2435834549, -1.2307127096, -1.173097826, -1.093901783, -1.0050405594, -0.8795763591, -0.4179181156, 0.2175432464, 1.3360402252]}