{"source": [{"position": [-123.80661384929289, 58.65937578232548], "counts": 500000.0}, {"position": [414.64075375560435, 88.5948380267401], "counts": 500000.0}], "output": [0.0, 0.0, 0.0, 0.0, 0.0, 0.0, 0.0, 0.0, 0.0, 0.0, 0.0, 0.0, 0.0, 0.0, 0.0, 0.0, 0.0, 0.0, 0.0, 0.0, 0.0, 0.0, 0.0, 0.0, 0.0, 0.0, 0.0, 0.0, 0.0, 0.0, 0.0, 0.0, 0.0, 0.0, 0.4279260514, 0.0720739486, 0.0, 0.0, 0.0, 0.0, 0.0, 0.0, 0.0, 0.0, 0.0, 0.0, 0.0, 0.0, 0.0, 0.0, 0.0, 0.0, 0.0, 0.0, 0.0, 0.0, 0.0, 0.0, 0.0, 0.2534683902, 0.2465316098, 0.0, 0.0, 0.0], "num_sources": 2, "seg_angles": 64, "input": [1.5986767947, 0.4905701131, -0.1236621635, -0.6701733607, -1.0229889726, -1.1979436798, -1.1963293923, -1.2760219074, -1.1356085795, -0.8283534613, 1.8249394004, 0.7932708033, 0.1572137101, -0.3716534677, -0.9732401342, -1.1072664877, -1.0273945464, -0.9782504082, -0.9177404034, -0.5762815147, 1.7250645621, 1.0570921234, -0.1156571788, -0.5030457473, -0.7804236877, -1.0432708638, -0.902544559, -1.0091987591, -0.6760413191, -0.5818639843, 1.8972577366, 0.8917717096, 0.2096178009, -0.3558612696, -0.646148861, -0.9665447711, -1.0907037829, -0.932791356, -0.8754239748, -0.5249780134, 1.9433958931, 0.968135176, 0.1330897214, -0.3336801977, -0.7242915522, -0.761692956, -0.8787020819, -0.8379674937, -0.6516225782, -0.6577300533, 2.0846034987, 1.0286977637, 0.4192538417, -0.4333493883, -0.7639038437, -0.9671332939, -1.0327240103, -0.8254283577, -0.7450436569, -0.5313907589, 2.1365499105, 1.1623864376, 0.2116033441, -0.3131282827, -0.716959689, -0.9628207488, -0.889448353, -0.7459262754, -0.5759218829, -0.3565849186, 1.9266434923, 1.0628622995, 0.0932663933, -0.4081173914, -0.6566883834, -0.6945261942, -0.7391420942, -0.5735454946, -0.2019560607, -0.0420983983, 2.0914431199, 0.9807258994, 0.2331731227, 0.111111858, -0.1164005225, -0.1146258461, -0.1401504776, 0.1653852276, 0.3528967031, 0.3060496646, 1.8213093895, 1.7585215217, 1.2582068544, 1.3401754909, 1.3749986925, 1.4844634576, 1.4696433476, 1.3279981003, 1.4455643546, 1.4624785127]}