{"source": [{"position": [-412.72531446151595, 179.32600146839494], "counts": 500000.0}, {"position": [-470.6263340737592, -35.9840753152612], "counts": 500000.0}], "output": [0.1113487622, 0.3886512378, 0.0, 0.0, 0.0, 0.0, 0.0, 0.0, 0.0, 0.0, 0.0, 0.0, 0.0, 0.0, 0.0, 0.0, 0.0, 0.0, 0.0, 0.0, 0.0, 0.0, 0.0, 0.0, 0.0, 0.0, 0.0, 0.0, 0.0, 0.0, 0.0, 0.0, 0.0, 0.0, 0.0, 0.0, 0.0, 0.0, 0.0, 0.0, 0.0, 0.0, 0.0, 0.0, 0.0, 0.0, 0.0, 0.0, 0.0, 0.0, 0.0, 0.0, 0.0, 0.0, 0.0, 0.0, 0.0, 0.0, 0.0, 0.0875181065, 0.4124818935, 0.0, 0.0, 0.0], "num_sources": 2, "seg_angles": 64, "input": [1.7028959134, 0.8083708497, 0.2718771165, 0.1239405668, -0.5140648926, -0.6857383902, -0.7535510492, -0.8584571036, -0.9361657456, -0.9371089618, 2.3071949818, 1.2106995017, 0.4723972302, 0.1436135485, -0.381922581, -0.6581865343, -0.8896381766, -1.0199451629, -1.0364335464, -1.1629886343, 2.1619017315, 1.3629569411, 0.50227844, 0.1357831731, -0.3573025948, -0.777940933, -0.9283114775, -1.0555262249, -1.0262634844, -1.1405173209, 2.1520000799, 1.0698551119, 0.5834908661, 0.1079397401, -0.1857576954, -0.630666629, -0.8294179555, -1.0439223821, -1.0419730947, -1.1318236095, 2.0668549396, 1.4200719965, 0.4841648148, -0.0272020512, -0.3330028455, -0.5988366676, -0.8110770109, -0.9134687631, -0.9496082956, -1.1346106117, 2.3646174545, 1.2707796314, 0.5169460643, 0.1683049226, -0.1878229673, -0.6049312562, -0.8854765362, -0.9918883769, -1.024644977, -1.0896857093, 2.0745186878, 1.3521835923, 0.5042143053, 0.1135666653, -0.3619701112, -0.547805136, -0.7833844304, -0.9220370804, -0.996961519, -1.1085119635, 2.1232560063, 1.3131174673, 0.7590900121, 0.3554657688, -0.2450703695, -0.5528798933, -0.7066734469, -0.8247694201, -0.8079007689, -0.9096885934, 2.118001488, 1.4810440049, 0.5522873522, 0.217262672, -0.3355885429, -0.3529665965, -0.4354844356, -0.4905306534, -0.6542078943, -0.7729605175, 1.6948586563, 1.422914017, 0.8158676902, 0.670862476, 0.2689167187, 0.2747264278, -0.0274016618, 0.2074850911, 0.0105469501, -0.3664483821]}