{"source": [{"position": [-122.20063870899381, -249.7018299875152], "counts": 500000.0}, {"position": [-381.5710866643932, -70.33850881099313], "counts": 500000.0}], "output": [0.0, 0.0715906065, 0.4284093935, 0.0, 0.0, 0.0, 0.0, 0.0, 0.0, 0.0, 0.0, 0.3179101932, 0.1820898068, 0.0, 0.0, 0.0, 0.0, 0.0, 0.0, 0.0, 0.0, 0.0, 0.0, 0.0, 0.0, 0.0, 0.0, 0.0, 0.0, 0.0, 0.0, 0.0, 0.0, 0.0, 0.0, 0.0, 0.0, 0.0, 0.0, 0.0, 0.0, 0.0, 0.0, 0.0, 0.0, 0.0, 0.0, 0.0, 0.0, 0.0, 0.0, 0.0, 0.0, 0.0, 0.0, 0.0, 0.0, 0.0, 0.0, 0.0, 0.0, 0.0, 0.0, 0.0], "num_sources": 2, "seg_angles": 64, "input": [1.7449519895, 1.5861433065, 1.5534834377, 1.3179234787, 1.3693317698, 1.4188125362, 1.5642124202, 1.5813960506, 1.2775412352, 0.8115329973, 1.677855818, 1.5797025495, 1.1555507655, 0.8159573101, 0.6756935189, 0.5141006714, 0.5255959027, 0.6303089448, 0.4315942322, 0.1179883669, 1.9748130194, 0.8946547376, 0.4994091845, 0.3952752342, 0.1662048859, -0.0161541526, -0.1960652407, -0.2901066905, -0.3127724862, -0.4763933846, 2.0689375856, 0.8506750114, 0.1548123972, -0.1478202309, -0.1720667301, -0.3089728671, -0.3980867421, -0.4869947646, -0.5976960987, -0.7304289774, 1.5481232387, 0.8909252732, 0.0847178353, -0.2249742817, -0.3415656562, -0.6126469576, -0.6836931775, -0.8597740117, -0.8360813658, -0.9899727304, 1.9152389963, 0.9251799858, 0.1149199911, -0.3413289365, -0.6698410916, -0.7381216043, -0.7852501063, -0.924194292, -1.0289689133, -1.0550842997, 1.7113063848, 0.6700087791, -0.0043879577, -0.4211738555, -0.6527494574, -0.7852559889, -0.9602755476, -1.0335277934, -1.0920979186, -1.2208389074, 1.593622793, 0.8118384414, -0.1793004733, -0.5870283406, -0.7548192564, -0.9079422611, -1.0068433494, -1.1469486329, -1.1713003962, -1.2272405118, 1.5703204116, 0.5451806947, -0.1330905143, -0.6017568662, -0.8473966822, -1.1338475223, -1.1855528523, -1.1427090922, -1.2003824791, -1.3482450693, 1.4221285165, 0.2194570259, -0.3198945961, -0.8614927278, -0.9801971502, -1.0931926666, -1.1850390583, -1.2424965904, -1.3504608203, -1.3748865985]}