{"source": [{"position": [-432.8019307342243, -60.42754961710501], "counts": 500000.0}, {"position": [-184.8294138386171, 398.19478622914335], "counts": 500000.0}], "output": [0.0, 0.2934913614, 0.2065086386, 0.0, 0.0, 0.0, 0.0, 0.0, 0.0, 0.0, 0.0, 0.0, 0.0, 0.0, 0.0, 0.0, 0.0, 0.0, 0.0, 0.0, 0.0, 0.0, 0.0, 0.0, 0.0, 0.0, 0.0, 0.0, 0.0, 0.0, 0.0, 0.0, 0.0, 0.0, 0.0, 0.0, 0.0, 0.0, 0.0, 0.0, 0.0, 0.0, 0.0, 0.0, 0.0, 0.0, 0.0, 0.0, 0.0, 0.0, 0.0, 0.0, 0.2867345598, 0.2132654402, 0.0, 0.0, 0.0, 0.0, 0.0, 0.0, 0.0, 0.0, 0.0, 0.0], "num_sources": 2, "seg_angles": 64, "input": [1.4488453235, 0.4025448537, -0.1681365117, -0.3204241692, -0.7188981574, -0.527536851, -0.8442987182, -0.8064956576, -0.9758219425, -0.7979494055, 1.6547875229, 0.7695643188, -0.1653809164, -0.5527013245, -0.7691524206, -0.8965089652, -1.1378726873, -1.1984135239, -1.2512052576, -1.3253334024, 2.3149464631, 0.835921006, 0.1296936959, -0.7269929267, -0.6804877659, -0.8893921686, -1.1194570235, -1.2338322127, -1.3010697072, -1.2447152321, 2.2305838522, 0.7269002448, -0.0317422652, -0.4439985661, -0.6897414897, -0.8351526001, -0.9993758888, -1.1829500423, -1.174380272, -1.2047243613, 2.0716749368, 0.4259606627, 0.1010271787, -0.3334729288, -0.4555283469, -0.7998885538, -0.8754532128, -1.0500735746, -0.9918375903, -1.194637451, 1.960698107, 0.8599770376, 0.1303588958, -0.1302616925, -0.2791555233, -0.6322469073, -0.7693400058, -0.7092802206, -1.0450339976, -1.0347435908, 2.2407249141, 0.8397463774, 0.483763869, -0.1050526759, -0.1026202816, -0.4257220412, -0.4564566721, -0.5465037122, -0.6207821194, -0.7219481138, 1.9540696461, 1.1592599727, 0.8116322611, 0.3617984546, 0.1093064714, -0.2900951593, -0.3367773985, -0.3146269278, -0.5537597195, -0.537970894, 2.0168128376, 1.3663011411, 0.9549195892, 0.7012901212, 0.7173279629, 0.4153159084, 0.2657785061, 0.0568203321, 0.0945996793, -0.2474032387, 2.2682400509, 1.8214016714, 1.6861848541, 1.1101208322, 0.9558176107, 0.9865792969, 0.9822753396, 0.6163222776, 0.5305205534, 0.2044003526]}