{"source": [{"position": [-211.33374762958593, -263.7840918494413], "counts": 500000.0}, {"position": [115.99357820775097, 1.220579600994439], "counts": 500000.0}], "output": [0.0, 0.0, 0.0, 0.0, 0.0, 0.0, 0.0, 0.0, 0.0, 0.4400333974, 0.0599666026, 0.0, 0.0, 0.0, 0.0, 0.0, 0.0, 0.0, 0.0, 0.0, 0.0, 0.0, 0.0, 0.0, 0.0, 0.0, 0.0, 0.0, 0.0, 0.0, 0.0, 0.0, 0.4464096933, 0.0535903067, 0.0, 0.0, 0.0, 0.0, 0.0, 0.0, 0.0, 0.0, 0.0, 0.0, 0.0, 0.0, 0.0, 0.0, 0.0, 0.0, 0.0, 0.0, 0.0, 0.0, 0.0, 0.0, 0.0, 0.0, 0.0, 0.0, 0.0, 0.0, 0.0, 0.0], "num_sources": 2, "seg_angles": 64, "input": [-0.5917780763, -0.2853196927, -0.2807657012, -0.1995425904, -0.1213473481, 0.3536451211, 0.6071879539, 0.9790126268, 1.6118122576, 2.6222458049, -0.4804779252, -0.6820661296, -0.6897440173, -0.4998276197, -0.3453964154, 0.1403484938, 0.525517023, 1.0261915165, 1.8525353659, 2.4905029435, -0.5145239386, -0.7823485843, -0.7068577951, -0.6061390587, -0.4003376857, -0.2131233258, 0.1652616297, 0.8223644753, 1.7792845691, 2.42300955, -0.4570613648, -0.6325073178, -0.8461789932, -0.7674026497, -0.6539410392, -0.4637992786, -0.1423109314, 0.5203589642, 1.3736682882, 2.1942452479, -0.3423091547, -0.7364888447, -0.8923461274, -0.9127708548, -0.6139757377, -0.4290939075, 0.072910112, 0.6064400063, 1.3608322315, 1.8679516473, -0.4600812556, -0.837966964, -0.9165127257, -0.9181709457, -0.7847825091, -0.6035861834, -0.119042199, 0.3706650955, 1.2156481506, 1.9584269116, -0.5940626144, -0.7080092171, -0.8288115596, -0.9769500329, -0.7749016862, -0.5614722998, -0.1677355664, 0.4671536475, 1.3144146023, 1.9801647502, -0.589956684, -0.7873018299, -1.0206649832, -0.9899590094, -0.8543139842, -0.6397692699, -0.3611525828, 0.2551192661, 1.2336324766, 1.944372448, -0.5392669796, -0.8433666189, -0.9425190023, -1.0577092472, -0.8536164722, -0.5236751355, -0.1848010849, 0.1552459947, 0.9774276236, 2.0163744448, -0.668317558, -0.9000902764, -1.0135707024, -1.124345521, -1.1250514695, -1.006330344, -0.6957705531, -0.2284432219, 0.707836126, 1.5000530286]}