{"source": [{"position": [-306.0910705330247, -136.13690366666515], "counts": 500000.0}, {"position": [346.48487578755487, -97.71504925282858], "counts": 500000.0}], "output": [0.0, 0.0, 0.0, 0.0, 0.368661351, 0.131338649, 0.0, 0.0, 0.0, 0.0, 0.0, 0.0, 0.0, 0.0, 0.0, 0.0, 0.0, 0.0, 0.0, 0.0, 0.0, 0.0, 0.0, 0.0, 0.0, 0.0, 0.0, 0.0, 0.0, 0.399948367, 0.100051633, 0.0, 0.0, 0.0, 0.0, 0.0, 0.0, 0.0, 0.0, 0.0, 0.0, 0.0, 0.0, 0.0, 0.0, 0.0, 0.0, 0.0, 0.0, 0.0, 0.0, 0.0, 0.0, 0.0, 0.0, 0.0, 0.0, 0.0, 0.0, 0.0, 0.0, 0.0, 0.0, 0.0], "num_sources": 2, "seg_angles": 64, "input": [2.3926768196, 1.7813602658, 2.0396359319, 1.9812508047, 1.8729974876, 1.8445155197, 1.5967539467, 1.7731918697, 2.3916811761, 2.5268272452, 1.0295957249, 0.5348025103, 0.0888759668, -0.6706864281, -0.690018786, -0.2025947266, -0.3658507975, 0.4187616531, 1.1837772804, 1.626265872, 0.9939618726, 0.4797301092, -0.4356494214, -0.9185090767, -0.5737014971, -0.8431707786, -0.8043604415, -0.3576829069, 0.4026245923, 0.7288424268, 1.212435183, 0.4291856858, -0.4967168267, -0.6904089682, -1.0199766335, -1.1826283903, -0.7576933779, -0.4887730418, 0.0947709508, 0.7849968834, 1.237617143, 0.2766134976, -0.4821489193, -0.8094848896, -1.203148775, -0.6489084999, -0.7036462917, -0.3759630587, 0.2082062934, 0.8290009615, 0.9058841473, 0.452629769, -0.0860490569, -0.8855512298, -1.186324178, -1.0673810185, -0.8189475091, -0.6588763281, 0.4017323498, 1.0847055944, 0.5743981008, 0.2836336154, -0.5522881531, -0.9452378661, -0.8463529789, -1.3142298363, -1.1387786745, -0.4078758641, 0.016080019, 0.8900532068, 0.9951779354, 0.2368340444, -0.4627109127, -0.7027730243, -1.0075263345, -0.9543092458, -0.7629451413, -0.3830633454, 0.0498979031, 0.7933583808, 0.7298597374, 0.0192639794, -0.6168889315, -0.914511083, -1.3491641854, -1.1324572, -0.9353904419, -0.3065958862, 0.0326384852, 0.6092269287, 1.0012323806, -0.0258671433, -0.957568227, -1.3491712492, -1.449754811, -1.5130364057, -1.2548763021, -0.8733328064, -0.2577580819, 0.0017537339]}