{"source": [{"position": [11.277021137849177, -248.74450505339112], "counts": 500000.0}, {"position": [-102.33383633921868, -205.98006199653884], "counts": 500000.0}], "output": [0.0, 0.0, 0.0, 0.0, 0.0, 0.0, 0.0, 0.0, 0.0, 0.0, 0.0, 0.3483415614, 0.1516584386, 0.0, 0.0, 0.0, 0.2692648637, 0.2307351363, 0.0, 0.0, 0.0, 0.0, 0.0, 0.0, 0.0, 0.0, 0.0, 0.0, 0.0, 0.0, 0.0, 0.0, 0.0, 0.0, 0.0, 0.0, 0.0, 0.0, 0.0, 0.0, 0.0, 0.0, 0.0, 0.0, 0.0, 0.0, 0.0, 0.0, 0.0, 0.0, 0.0, 0.0, 0.0, 0.0, 0.0, 0.0, 0.0, 0.0, 0.0, 0.0, 0.0, 0.0, 0.0, 0.0], "num_sources": 2, "seg_angles": 64, "input": [1.8140827487, 2.2199825519, 2.2064468638, 2.2917521746, 2.0386332518, 2.0713691622, 1.987448546, 2.2443771068, 2.0410653069, 1.8067526717, 1.1472493888, 1.3536946306, 1.4593130386, 1.4540691978, 1.4637732017, 1.1991186197, 1.4252221169, 1.2303465795, 1.1978613567, 0.8438039116, 0.6383177731, 0.6344573875, 0.5049034463, 0.6607380896, 0.6245363818, 0.6081544351, 0.7678783798, 0.6585297204, 0.4725672744, 0.1329435226, 0.8277711438, 0.1758637388, 0.1531306944, 0.126193892, 0.1235718224, 0.0144341559, -0.0807385256, -0.0349505916, -0.0237608694, -0.1845117312, 0.2973723446, -0.0840667766, -0.2805677453, -0.3353651267, -0.2907654316, -0.3794810911, -0.3118883983, -0.4418436522, -0.4064811887, -0.4717816721, 0.2465963815, -0.3357619231, -0.5511732868, -0.6113592692, -0.5873885551, -0.6278705222, -0.633339008, -0.6168173859, -0.6797907024, -0.7371128283, 0.1868893886, -0.446692236, -0.6243020181, -0.7983590667, -0.8081911927, -0.9026375179, -0.7627348617, -0.8296801755, -0.8452984295, -0.8357684612, 0.1143669359, -0.4150225038, -0.7938798224, -0.8464208104, -0.9324621665, -0.9893402348, -0.9207822418, -0.9791831189, -0.9706808668, -0.9691590157, 0.106617916, -0.5356519617, -0.8338158966, -0.9667669403, -1.0311143211, -1.0314172477, -1.0440426589, -1.072774054, -1.1217068068, -1.0589421206, -0.1045227273, -0.6089764056, -0.9823523093, -1.0062220193, -1.1478932673, -1.0926966998, -1.1547653559, -1.1419128524, -1.1620909731, -1.0971216116]}