{"source": [{"position": [-289.3588799559668, 182.30589291251226], "counts": 500000.0}, {"position": [456.26383825210837, 116.89443914683845], "counts": 500000.0}], "output": [0.0, 0.0, 0.0, 0.0, 0.0, 0.0, 0.0, 0.0, 0.0, 0.0, 0.0, 0.0, 0.0, 0.0, 0.0, 0.0, 0.0, 0.0, 0.0, 0.0, 0.0, 0.0, 0.0, 0.0, 0.0, 0.0, 0.0, 0.0, 0.0, 0.0, 0.0, 0.0, 0.0, 0.0, 0.2226623636, 0.2773376364, 0.0, 0.0, 0.0, 0.0, 0.0, 0.0, 0.0, 0.0, 0.0, 0.0, 0.0, 0.0, 0.0, 0.0, 0.0, 0.0, 0.0, 0.0, 0.0, 0.0, 0.0, 0.0, 0.3633170344, 0.1366829656, 0.0, 0.0, 0.0, 0.0], "num_sources": 2, "seg_angles": 64, "input": [0.5733623167, -0.2584522816, -0.7300989154, -1.1109631459, -1.3985748466, -1.4387657999, -1.1564639488, -0.8752312167, -0.5859223348, 0.0237697142, 1.0336987301, 0.2025840658, -0.4705317214, -0.7683277952, -1.1827322071, -1.2166762418, -0.9660905253, -0.6487195553, -0.258604127, 0.119621218, 0.9242377174, 0.4625593766, -0.5809549482, -0.853010837, -1.1001919566, -1.1498408749, -0.9068039997, -0.74362928, -0.3801852535, 0.1601756709, 1.1862067076, 0.2556358322, -0.2581997371, -1.007197783, -1.1185372405, -0.9839767465, -0.9179358423, -0.5827075275, -0.1828326893, 0.3203776766, 1.3689814887, 0.1823904025, -0.2706437711, -0.625448144, -0.932657463, -1.181538915, -0.7573973875, -0.592598611, -0.0899538226, 0.100109342, 1.2951610952, 0.2192885765, -0.2271574477, -0.7483210429, -1.1757170435, -0.9494170059, -0.864037265, -0.6916586844, -0.1226353327, 0.1761976058, 1.4017250623, 0.4740821065, -0.4122022211, -0.6813962097, -0.9597235984, -0.936228495, -0.7508200923, -0.1317297666, 0.4388148814, 0.9098547608, 0.8230745451, 0.5271202869, -0.0357522316, -0.7131106487, -1.0980837376, -0.526817632, -0.5422555117, -0.2186940866, 0.2488070787, 0.8227642415, 1.0476447866, 0.5999668305, -0.0484695236, -0.1064077497, -0.392841805, 0.2013992246, 0.184203293, 0.7867927168, 1.1820364806, 1.4767240521, 1.6861379059, 1.4880390225, 1.9973510849, 1.9605967422, 2.8452749862, 2.2053987241, 2.0193208358, 1.7538158397, 2.3149216634, 2.6156499356]}