{"source": [{"position": [74.70969569140158, -190.90170604187426], "counts": 500000.0}, {"position": [135.20083821448074, 302.12867018226154], "counts": 500000.0}], "output": [0.0, 0.0, 0.0, 0.0, 0.0, 0.0, 0.0, 0.0, 0.0, 0.0, 0.0, 0.0, 0.0, 0.0, 0.0, 0.0, 0.0, 0.0, 0.0, 0.1001802616, 0.3998197384, 0.0, 0.0, 0.0, 0.0, 0.0, 0.0, 0.0, 0.0, 0.0, 0.0, 0.0, 0.0, 0.0, 0.0, 0.0, 0.0, 0.0, 0.0, 0.0, 0.0, 0.0, 0.0, 0.14295473, 0.35704527, 0.0, 0.0, 0.0, 0.0, 0.0, 0.0, 0.0, 0.0, 0.0, 0.0, 0.0, 0.0, 0.0, 0.0, 0.0, 0.0, 0.0, 0.0, 0.0], "num_sources": 2, "seg_angles": 64, "input": [0.7513587641, 1.3217309859, 1.7363657872, 1.3078516602, 1.8202754818, 1.5618156153, 1.5291842844, 1.7922656611, 2.0421518606, 2.491809743, 0.1847049, 0.5350053091, 0.472807347, 0.5834429707, 0.7075291118, 0.8877250558, 0.7240646987, 0.739452587, 1.1742379411, 2.1719827582, -0.6674639326, -0.2150337353, -0.1868553856, 0.1465307232, 0.214148772, 0.1439198695, -0.1909239116, 0.1403000872, 0.5244540094, 1.9592238997, -1.1418657908, -0.9262491537, -0.614778527, -0.4877909643, -0.6430537491, -0.5084000525, -0.5340517313, -0.4968547117, -0.0086617574, 1.6371246367, -1.3145607279, -1.2066466782, -0.8330486161, -0.9873949007, -1.005494358, -0.864964658, -0.8560990536, -0.5840630352, -0.2183643676, 1.4470820254, -1.4818067052, -1.1996305951, -1.0718617105, -0.9912150823, -0.9426228494, -0.9605287417, -1.0440299626, -0.8387842675, -0.2535533965, 1.6391745353, -1.2957589753, -1.1001979346, -1.2185617638, -0.9033431434, -0.8420876829, -0.8718277824, -0.9324143194, -0.7957238891, -0.2794747312, 1.1549353074, -1.1328765275, -0.974121657, -0.8424815527, -0.7512245646, -0.8628331191, -0.7922021073, -0.7246844522, -0.533942712, -0.0995179995, 1.6003774215, -0.8800897464, -0.4633663582, -0.4635034638, -0.3098018984, -0.3469817881, -0.4513612082, -0.218301925, -0.1811047917, 0.524910538, 1.9102114338, -0.2232614551, 0.205369517, 0.1239374654, 0.0538639013, 0.206808537, 0.1560946223, 0.1249229171, 0.4559015688, 0.8918592731, 1.9707870738]}