{"source": [{"position": [-55.63931918611563, 147.87922829290645], "counts": 500000.0}, {"position": [-95.01415416403528, 383.40228286812925], "counts": 500000.0}], "output": [0.0, 0.0, 0.0, 0.0, 0.0, 0.0, 0.0, 0.0, 0.0, 0.0, 0.0, 0.0, 0.0, 0.0, 0.0, 0.0, 0.0, 0.0, 0.0, 0.0, 0.0, 0.0, 0.0, 0.0, 0.0, 0.0, 0.0, 0.0, 0.0, 0.0, 0.0, 0.0, 0.0, 0.0, 0.0, 0.0, 0.0, 0.0, 0.0, 0.0, 0.0, 0.0, 0.0, 0.0, 0.0, 0.0, 0.0, 0.0, 0.0, 0.0, 0.2627963176, 0.4044278883, 0.3327757941, 0.0, 0.0, 0.0, 0.0, 0.0, 0.0, 0.0, 0.0, 0.0, 0.0, 0.0], "num_sources": 2, "seg_angles": 64, "input": [0.4157583874, -0.6115671741, -0.9842674003, -1.0651684397, -1.0357926194, -1.1199944489, -1.1379871069, -1.1520795144, -1.153602965, -1.1624247759, 0.6144898637, -0.5156078022, -0.9032521284, -1.0279043699, -0.9984423306, -1.0535345808, -1.0579392422, -1.0939511029, -1.0881021482, -1.0954831959, 0.7396536025, -0.38162816, -0.7776323126, -0.8582818775, -1.0058527354, -0.9743601903, -0.9604875471, -0.9672733045, -1.0208086218, -1.0542205204, 0.7344534338, -0.5107951354, -0.6711950431, -0.6714524655, -0.8116147874, -0.7904215731, -0.8373317562, -0.8741488923, -0.8831623925, -1.0053674343, 0.6862035512, -0.3886634643, -0.556807635, -0.6524680838, -0.6352057119, -0.7339727059, -0.6407563505, -0.6782534507, -0.6897174658, -0.8146076654, 0.6861132363, -0.3061904963, -0.331567894, -0.3733362081, -0.2661888818, -0.3626923418, -0.4128359362, -0.4468183017, -0.5067133169, -0.6273699193, 0.7994652987, 0.1331644331, 0.0839074164, 0.0691090747, -0.0113485035, 0.1451006309, 0.0949284399, 0.0212814978, -0.1027910987, -0.2755583915, 0.955424927, 0.3779463964, 0.5223968981, 0.5810522479, 0.4352720255, 0.6163135451, 0.64707809, 0.5233118899, 0.534176365, 0.2401885595, 1.3378774303, 1.2007584109, 1.176681243, 1.4200108415, 1.3501434246, 1.2675813555, 1.3212559501, 1.4254508305, 1.2429645894, 0.9085986566, 1.7102344423, 2.1049666068, 1.9915863813, 1.983881294, 2.2032581473, 2.1121860655, 1.92123052, 2.0413675005, 2.0617467109, 1.6884297068]}