{"source": [{"position": [-63.23805154739455, 156.72252179086792], "counts": 500000.0}, {"position": [22.844439151322163, 2.670505544188006], "counts": 500000.0}], "output": [0.0, 0.0, 0.0, 0.0, 0.0, 0.0, 0.0, 0.0, 0.0, 0.0, 0.0, 0.0, 0.0, 0.0, 0.0, 0.0, 0.0, 0.0, 0.0, 0.0, 0.0, 0.0, 0.0, 0.0, 0.0, 0.0, 0.0, 0.0, 0.0, 0.0, 0.0, 0.0, 0.0, 0.4073252495, 0.0926747505, 0.0, 0.0, 0.0, 0.0, 0.0, 0.0, 0.0, 0.0, 0.0, 0.0, 0.0, 0.0, 0.0, 0.0, 0.0, 0.0, 0.0467344558, 0.4532655442, 0.0, 0.0, 0.0, 0.0, 0.0, 0.0, 0.0, 0.0, 0.0, 0.0, 0.0], "num_sources": 2, "seg_angles": 64, "input": [-0.923594068, -1.0065903473, -0.9985400886, -0.8962189623, -0.7695330394, -0.6037479699, -0.3341599383, 0.1312565838, 0.8174517682, 1.67236175, -0.878103152, -0.9330148347, -0.9392493191, -0.8083202047, -0.6824158544, -0.472918446, -0.0981434233, 0.4141526832, 1.1789975812, 2.0313573853, -0.8609419034, -0.9420764352, -0.8908303575, -0.7756550316, -0.6572931501, -0.3715930598, 0.0238380926, 0.5134051765, 1.3324903252, 2.1266445225, -0.8594255351, -0.9266845374, -0.9092534024, -0.7824046949, -0.6319948861, -0.352779627, 0.0160519438, 0.6105651067, 1.3294705047, 2.2174142783, -0.8653128172, -0.9214669191, -0.8804032409, -0.7572242991, -0.5594819272, -0.2783098334, 0.0693852211, 0.5730009096, 1.415482993, 2.2490936851, -0.8275361404, -0.8811763503, -0.8294417771, -0.7020709969, -0.5508828222, -0.231231365, 0.1542909911, 0.6297524617, 1.4806795266, 2.32854691, -0.8233380606, -0.8500746822, -0.7665368316, -0.6468788809, -0.4359919871, -0.2083963052, 0.1452378304, 0.7496523504, 1.4619344694, 2.2843663781, -0.8225492972, -0.8234574801, -0.7282053623, -0.616569989, -0.4466032101, -0.1964647228, 0.153687363, 0.6495218896, 1.4791385262, 2.2536891643, -0.8246134787, -0.7495292871, -0.6492595569, -0.5140149384, -0.3401105404, -0.0846748315, 0.1937865773, 0.769040873, 1.4228056948, 2.3843114079, -0.788162442, -0.7210392792, -0.6497692877, -0.545477385, -0.3420626649, -0.1956268577, 0.1530008733, 0.5853388676, 1.1919002814, 2.1663251692]}