{"source": [{"position": [-378.3878450175457, -123.39626713550881], "counts": 500000.0}, {"position": [-15.72844143151086, -318.61201504358803], "counts": 500000.0}], "output": [0.0, 0.0, 0.0, 0.3945161195, 0.1054838805, 0.0, 0.0, 0.0, 0.0, 0.0, 0.0, 0.0, 0.0, 0.0, 0.0, 0.2512124952, 0.2487875048, 0.0, 0.0, 0.0, 0.0, 0.0, 0.0, 0.0, 0.0, 0.0, 0.0, 0.0, 0.0, 0.0, 0.0, 0.0, 0.0, 0.0, 0.0, 0.0, 0.0, 0.0, 0.0, 0.0, 0.0, 0.0, 0.0, 0.0, 0.0, 0.0, 0.0, 0.0, 0.0, 0.0, 0.0, 0.0, 0.0, 0.0, 0.0, 0.0, 0.0, 0.0, 0.0, 0.0, 0.0, 0.0, 0.0, 0.0], "num_sources": 2, "seg_angles": 64, "input": [2.1532597483, 2.1209136086, 2.063553697, 2.2669913094, 1.8023726594, 1.6711422028, 1.7429544025, 1.8254312935, 1.9224086935, 1.5487954685, 2.1007938577, 1.5996839739, 1.3398998594, 1.1908968163, 0.7685959948, 0.625531159, 0.6619937715, 0.6354192026, 0.7122890848, 0.3758851634, 1.5228259715, 1.0624647571, 0.71244481, 0.7598861833, 0.6217199783, -0.0706346557, 0.0924475572, 0.007539813, 0.0539829463, -0.2566630988, 1.225291171, 0.6860818166, 0.5673356477, 0.0757847847, 0.0362222604, -0.3875821366, -0.2561445852, -0.2851552566, -0.378593962, -0.5753065657, 0.8763620194, 0.4773772487, 0.2517212612, -0.1761792163, -0.3857860755, -0.5912026379, -0.6923434973, -0.590692413, -0.7542226068, -0.8459311399, 0.7036278752, 0.3622123386, 0.0933377342, -0.3585802239, -0.4802951724, -0.7552542869, -0.6256758158, -0.8374675634, -0.8888597422, -1.1444559482, 0.7751413424, 0.2440842549, -0.263231676, -0.5708682225, -0.6861637298, -0.9302169389, -0.9382443009, -1.0310069878, -1.0650127222, -1.1911516062, 0.594783752, 0.1959359372, -0.2918671225, -0.4702639812, -0.886994533, -0.9424418206, -0.921122983, -1.0712135102, -1.1598666623, -1.2845804628, 0.6052628331, 0.1246369352, -0.3497209875, -0.7782378369, -0.8152560651, -1.0477799947, -1.1463517558, -1.2155959223, -1.2739294526, -1.3041397862, 0.3175905261, -0.2987559442, -0.6443709081, -0.8963919761, -0.9852210686, -1.1883876687, -1.2453483592, -1.282327294, -1.3266074037, -1.3352174382]}