{"source": [{"position": [410.9609935051896, 188.18889929330965], "counts": 500000.0}, {"position": [1.2633619567852081, 19.96005803012977], "counts": 500000.0}], "output": [0.0, 0.0, 0.0, 0.0, 0.0, 0.0, 0.0, 0.0, 0.0, 0.0, 0.0, 0.0, 0.0, 0.0, 0.0, 0.0, 0.0, 0.0, 0.0, 0.0, 0.0, 0.0, 0.0, 0.0, 0.0, 0.0, 0.0, 0.0, 0.0, 0.0, 0.0, 0.0, 0.0, 0.0, 0.0, 0.0, 0.3129617886, 0.1870382114, 0.0, 0.0, 0.0, 0.0, 0.0, 0.0, 0.0, 0.0, 0.0, 0.3219268156, 0.1780731844, 0.0, 0.0, 0.0, 0.0, 0.0, 0.0, 0.0, 0.0, 0.0, 0.0, 0.0, 0.0, 0.0, 0.0, 0.0], "num_sources": 2, "seg_angles": 64, "input": [-0.9959783064, -0.9698252331, -0.9444061221, -0.9556872606, -0.9496728336, -0.9116851242, -0.9346694368, -0.9098258747, -0.8948964193, -0.8964738394, -0.9537605152, -0.9124048756, -0.8994529135, -0.8927748478, -0.8856102524, -0.8428672132, -0.8603529001, -0.8446950457, -0.8317213511, -0.8373534374, -0.8931315893, -0.8493752181, -0.8140280248, -0.7876071747, -0.7977725187, -0.7654591394, -0.7716268524, -0.7362441072, -0.7356439709, -0.7826948288, -0.8186519951, -0.7404187838, -0.6981132593, -0.7129397573, -0.6565816391, -0.6414298491, -0.653471772, -0.6299641983, -0.6285038604, -0.7031233011, -0.6608199676, -0.549565479, -0.5374465777, -0.516768576, -0.480648609, -0.4472254147, -0.474272816, -0.4465505401, -0.4797093856, -0.5614787863, -0.4716600527, -0.3132243108, -0.2962771205, -0.2662484869, -0.2551854946, -0.2352069555, -0.2182534125, -0.2055646521, -0.2550923775, -0.3689059062, -0.2305042775, -0.0192124285, 0.0996634703, 0.1117287305, 0.1235629111, 0.1313411872, 0.1222794715, 0.1971847281, 0.0821328034, -0.0548866363, 0.2098923587, 0.4839036808, 0.5944484141, 0.6332848353, 0.6803461641, 0.6619136777, 0.6618535812, 0.6886035713, 0.6619294589, 0.3341998292, 0.8767459268, 1.310659149, 1.4025789574, 1.3757076824, 1.3941490428, 1.4319096363, 1.3538410528, 1.416718826, 1.3746017629, 0.9902649935, 1.7802331724, 2.2264238533, 2.2254297835, 2.1980930024, 2.3946789541, 2.3759015326, 2.3114104875, 2.2994831545, 2.1883736281, 1.880130434]}