{"source": [{"position": [-282.5292493267883, -354.099171525212], "counts": 500000.0}, {"position": [-161.33670550456517, -124.84577468594287], "counts": 500000.0}], "output": [0.0, 0.0, 0.0, 0.0, 0.0, 0.0, 0.1459140786, 0.3540859214, 0.0, 0.4298423021, 0.0701576979, 0.0, 0.0, 0.0, 0.0, 0.0, 0.0, 0.0, 0.0, 0.0, 0.0, 0.0, 0.0, 0.0, 0.0, 0.0, 0.0, 0.0, 0.0, 0.0, 0.0, 0.0, 0.0, 0.0, 0.0, 0.0, 0.0, 0.0, 0.0, 0.0, 0.0, 0.0, 0.0, 0.0, 0.0, 0.0, 0.0, 0.0, 0.0, 0.0, 0.0, 0.0, 0.0, 0.0, 0.0, 0.0, 0.0, 0.0, 0.0, 0.0, 0.0, 0.0, 0.0, 0.0], "num_sources": 2, "seg_angles": 64, "input": [1.4025825554, 1.4121872932, 1.4786863724, 1.6995897107, 1.5046056551, 1.7382801301, 1.6060073058, 1.6295521536, 1.6811555918, 1.239032258, 1.8190249068, 0.9749313736, 0.6508672741, 0.5654525605, 0.7563824115, 0.7213529077, 0.5830190002, 0.5168920227, 0.2725354616, 0.2340615214, 1.9102652994, 0.9973235962, 0.4117468421, -0.0707636778, -0.0413777131, -0.1398088575, -0.1346241822, -0.1255596796, -0.3138338479, -0.4074751308, 1.8179307752, 0.8643659197, 0.1473476836, -0.2170776678, -0.3689996575, -0.4825731054, -0.6096970073, -0.598003825, -0.6261271502, -0.6720289144, 1.6659564002, 0.7646740334, 0.1183882614, -0.264369493, -0.6436118244, -0.7566909755, -0.8774533052, -0.7973734413, -0.940930599, -0.9205824549, 1.7035123963, 0.8907245605, 0.102280897, -0.3765503052, -0.7019328256, -0.8747098159, -0.9478749083, -1.0389514231, -1.0255514, -1.1001473775, 1.7337209393, 0.7824196277, 0.2834437548, -0.3407350024, -0.7287198496, -0.8914655736, -0.9713303578, -1.0931202892, -1.128982059, -1.158604997, 1.779968181, 0.833086298, -0.0620575584, -0.507728603, -0.5953516617, -1.0078520092, -1.0309834491, -1.0968453119, -1.1794121714, -1.1767017545, 1.8156908336, 0.7690713809, -0.0653081485, -0.5059016258, -0.7911819252, -0.988269643, -1.0137782216, -1.1446018183, -1.1831644898, -1.2285656312, 1.2701517917, 0.3540128047, -0.2036849816, -0.6577076182, -0.9318596911, -1.0254936669, -1.1158793318, -1.1657300397, -1.2207058443, -1.2158768528]}