{"source": [{"position": [455.3079751597484, 58.10032492103502], "counts": 500000.0}, {"position": [356.40255643844364, 83.26594600520696], "counts": 500000.0}], "output": [0.0, 0.0, 0.0, 0.0, 0.0, 0.0, 0.0, 0.0, 0.0, 0.0, 0.0, 0.0, 0.0, 0.0, 0.0, 0.0, 0.0, 0.0, 0.0, 0.0, 0.0, 0.0, 0.0, 0.0, 0.0, 0.0, 0.0, 0.0, 0.0, 0.0, 0.0, 0.0, 0.0, 0.3535981198, 0.4775056204, 0.1688962597, 0.0, 0.0, 0.0, 0.0, 0.0, 0.0, 0.0, 0.0, 0.0, 0.0, 0.0, 0.0, 0.0, 0.0, 0.0, 0.0, 0.0, 0.0, 0.0, 0.0, 0.0, 0.0, 0.0, 0.0, 0.0, 0.0, 0.0, 0.0], "num_sources": 2, "seg_angles": 64, "input": [-1.1245666296, -1.0605326705, -1.0123884713, -0.9749383512, -0.6605294012, -0.3086484898, -0.1386409275, 0.2360787653, 0.9766020347, 1.7670567341, -1.0924477567, -0.9687602093, -0.9917943314, -0.8301957982, -0.5334265351, -0.3491379982, 0.008193276, 0.475751489, 1.4693882513, 1.9961968256, -1.1124777976, -1.0528139192, -0.9562554138, -0.704756248, -0.4550475667, -0.3350533407, 0.1140466857, 0.8255654767, 1.3863354434, 2.0641683852, -1.0652337317, -1.0030004362, -0.9389179676, -0.7491448562, -0.597759562, -0.3250390865, 0.2360298778, 0.5570829956, 1.3197295391, 2.0267102093, -1.0722617949, -1.0191529904, -0.9588912093, -0.6701954729, -0.5079774565, -0.2524971263, 0.225694279, 0.5288206521, 1.3067919883, 2.2984068487, -1.0683201187, -1.001919313, -0.8704588231, -0.8060613423, -0.467466202, -0.2634609375, 0.022029898, 0.6972012312, 1.2219973168, 2.3153149532, -1.1186082711, -0.9689861104, -0.8940896008, -0.7588525272, -0.4197748847, -0.1769085727, 0.1095358309, 0.6028539223, 1.7728921292, 2.434663399, -1.0377099107, -0.984670965, -0.7671502321, -0.7511103382, -0.5351355993, -0.2553809105, 0.1064602673, 0.5986900111, 1.631777761, 2.0538024391, -0.9154150114, -0.8355051905, -0.8569551633, -0.5583692692, -0.5163104187, -0.3111041956, -0.0496235791, 0.6076162033, 1.1750231752, 1.996900101, -0.057883358, 0.0270883815, -0.0411014838, -0.0554487318, 0.1114788573, 0.2798876701, 0.5149313408, 0.5578349715, 0.9059140101, 1.6037209806]}