{"source": [{"position": [-431.37864792976296, 37.436107039722664], "counts": 500000.0}, {"position": [-97.74595234114236, -185.86481324049237], "counts": 500000.0}], "output": [0.0591250387, 0.0, 0.0, 0.0, 0.0, 0.0, 0.0, 0.0, 0.0, 0.0, 0.0, 0.4657597217, 0.0342402783, 0.0, 0.0, 0.0, 0.0, 0.0, 0.0, 0.0, 0.0, 0.0, 0.0, 0.0, 0.0, 0.0, 0.0, 0.0, 0.0, 0.0, 0.0, 0.0, 0.0, 0.0, 0.0, 0.0, 0.0, 0.0, 0.0, 0.0, 0.0, 0.0, 0.0, 0.0, 0.0, 0.0, 0.0, 0.0, 0.0, 0.0, 0.0, 0.0, 0.0, 0.0, 0.0, 0.0, 0.0, 0.0, 0.0, 0.0, 0.0, 0.0, 0.0, 0.4408749613], "num_sources": 2, "seg_angles": 64, "input": [1.9630388443, 1.760417963, 1.6204401602, 1.5661824473, 1.4128923567, 1.3315621765, 1.1694856182, 1.2922616583, 1.1719582533, 0.9462612671, 1.900639927, 1.2610594803, 1.0048851753, 1.0780895543, 0.6267649887, 0.7589369947, 0.7108910309, 0.4899263453, 0.3695924738, 0.1798647818, 1.8609614827, 1.0092878838, 0.5032439227, 0.3311082557, 0.3742715992, 0.1234202697, 0.1459271999, -0.1309957415, -0.2412442775, -0.19271191, 1.686504133, 0.7277530394, 0.2381720349, -0.0161880206, -0.2105925639, -0.3553353639, -0.4356549374, -0.4356802054, -0.6713985573, -0.7516504746, 1.9224479595, 0.718756779, 0.0842217715, -0.2195986871, -0.5841907399, -0.4993694783, -0.6738358715, -0.7143265017, -0.8993948657, -0.8680683278, 1.6487782173, 0.6777248588, -0.3189176748, -0.4160028036, -0.6223350134, -0.7841366233, -0.8443521623, -0.9221865127, -1.0809342485, -1.0887946797, 1.7008441889, 0.8191190307, -0.1340563208, -0.6717038033, -0.7506076483, -0.9851052365, -1.0882904435, -1.0627407634, -1.1074986671, -1.170231672, 1.9383780117, 0.787553208, -0.182770444, -0.5373480813, -0.8322902194, -0.9569610085, -1.0313946226, -1.0810117382, -1.2200983868, -1.2513171459, 1.7161315745, 0.5418094939, -0.218918122, -0.7414660299, -0.9321785251, -1.1205899756, -1.1250275416, -1.2747437351, -1.2576973384, -1.3296548386, 1.2864362877, 0.2318097925, -0.3868472863, -0.8683553769, -0.9137093346, -0.9982373386, -1.0978782713, -1.0498499576, -1.1508260193, -1.1825103573]}