{"source": [{"position": [-136.86077465693526, -289.25616391064784], "counts": 500000.0}, {"position": [-64.87167073193994, 39.593766383696895], "counts": 500000.0}], "output": [0.0, 0.0, 0.0, 0.0, 0.0, 0.0, 0.0, 0.0, 0.0, 0.0, 0.0, 0.2507596267, 0.2492403733, 0.0, 0.0, 0.0, 0.0, 0.0, 0.0, 0.0, 0.0, 0.0, 0.0, 0.0, 0.0, 0.0, 0.0, 0.0, 0.0, 0.0, 0.0, 0.0, 0.0, 0.0, 0.0, 0.0, 0.0, 0.0, 0.0, 0.0, 0.0, 0.0, 0.0, 0.0, 0.0, 0.0, 0.0, 0.0, 0.0, 0.0, 0.0, 0.0, 0.0, 0.0, 0.0, 0.0, 0.0, 0.0, 0.2908782811, 0.2091217189, 0.0, 0.0, 0.0, 0.0], "num_sources": 2, "seg_angles": 64, "input": [1.9455867784, 1.1028837869, 0.4294789362, 0.1154066224, -0.3402123014, -0.539000549, -0.5578232667, -0.6171196635, -0.694420986, -0.8558706645, 2.002345467, 1.097620991, 0.478601149, -0.0355150903, -0.2860995278, -0.5410145469, -0.6399820266, -0.7341166917, -0.8195608905, -0.9518072087, 1.9053247232, 1.032072643, 0.3339915554, -0.0787813886, -0.429712562, -0.7470644355, -0.8249363249, -0.9340157, -1.0308021862, -1.141754324, 1.9880415796, 1.0197521468, 0.3902095678, -0.1619117122, -0.638775873, -0.7697547461, -0.9216490168, -1.0601417042, -1.1110285718, -1.1850690154, 2.1540182339, 1.1424184871, 0.2887719254, -0.248144762, -0.6269378757, -0.851912604, -1.0100218039, -1.1152467095, -1.0855599404, -1.2476375395, 2.0074592377, 1.0382144988, 0.251662382, -0.2413043749, -0.6296115647, -0.8748350477, -0.9811175244, -1.0686478239, -1.1576081418, -1.1983086609, 2.1241565129, 1.018087449, 0.1454520797, -0.3586439912, -0.6821778811, -0.8033649712, -0.9227470824, -0.9914426881, -0.9855121843, -1.1230837129, 2.2187866072, 1.1898805821, 0.2537668158, -0.2423737787, -0.6050320696, -0.6525554303, -0.6614454322, -0.7116982602, -0.7712760117, -0.8984937808, 2.1736480936, 1.2182303192, 0.3610460347, 0.0125962596, 0.0218763202, -0.0454073389, -0.1606213157, -0.1619558507, -0.2064924903, -0.4347530017, 1.9473768375, 1.3482875015, 1.3276160133, 1.057837997, 1.1735826379, 0.7520749692, 0.9145176641, 0.9734160188, 0.8588642806, 0.5889509144]}