{"source": [{"position": [3.1806182109243926, 21.76886923559274], "counts": 500000.0}, {"position": [-124.32434112860244, -34.41595855034257], "counts": 500000.0}], "output": [0.0, 0.0, 0.1245898278, 0.3754101722, 0.0, 0.0, 0.0, 0.0, 0.0, 0.0, 0.0, 0.0, 0.0, 0.0, 0.0, 0.0, 0.0, 0.0, 0.0, 0.0, 0.0, 0.0, 0.0, 0.0, 0.0, 0.0, 0.0, 0.0, 0.0, 0.0, 0.0, 0.0, 0.0, 0.0, 0.0, 0.0, 0.0, 0.0, 0.0, 0.0, 0.0, 0.0, 0.0, 0.0, 0.0, 0.0, 0.2388964882, 0.2611035118, 0.0, 0.0, 0.0, 0.0, 0.0, 0.0, 0.0, 0.0, 0.0, 0.0, 0.0, 0.0, 0.0, 0.0, 0.0, 0.0], "num_sources": 2, "seg_angles": 64, "input": [-0.760492946, -0.7887242563, -0.8524896988, -0.8532528595, -0.8829791985, -0.8659543763, -0.8886828113, -0.86476174, -0.9149677669, -0.9321119313, -0.6396270138, -0.7202647959, -0.8279228014, -0.876634839, -0.9088232795, -0.9531173637, -0.9592128262, -0.9661928426, -0.9867327891, -1.0264012566, -0.5867313426, -0.6601981749, -0.7447905207, -0.8044491288, -0.8571205485, -0.8728755144, -0.9124172219, -0.8919887917, -0.9704717673, -0.9885897895, -0.4788386003, -0.5058166773, -0.5986842597, -0.6597690985, -0.7125315935, -0.7398609228, -0.7413050331, -0.8030365889, -0.8181806284, -0.9044527908, -0.3728999929, -0.3811241964, -0.4256152758, -0.4447661886, -0.5244190101, -0.5868910614, -0.5287159483, -0.6375839006, -0.6807854232, -0.7994145904, -0.1440388588, -0.1226493638, -0.2262257252, -0.1950859192, -0.2854303183, -0.2669331741, -0.2717012629, -0.3785762093, -0.434165243, -0.6148242415, 0.0880022188, 0.2363879021, 0.163203695, 0.0963103103, 0.1041007563, 0.0628039914, 0.1014538784, 0.0376999454, -0.074334092, -0.27288413, 0.5145059484, 0.6845548807, 0.740189808, 0.7240212989, 0.6630537223, 0.6010819963, 0.6128612441, 0.495980629, 0.3765221111, 0.1864015416, 1.1921922357, 1.4339330636, 1.476002785, 1.4890517106, 1.4494070453, 1.4054928353, 1.4352523391, 1.3821059347, 1.2341124893, 0.8799393969, 1.9561306854, 2.2278220157, 2.223337188, 2.2554120288, 2.2530640552, 2.199960263, 2.3084087531, 2.1787052633, 2.1530363449, 1.7680182011]}