{"source": [{"position": [-192.87821293815497, 178.79316254763145], "counts": 500000.0}, {"position": [39.26609458408152, 285.31066193907645], "counts": 500000.0}], "output": [0.0, 0.0, 0.0, 0.0, 0.0, 0.0, 0.0, 0.0, 0.0, 0.0, 0.0, 0.0, 0.0, 0.0, 0.0, 0.0, 0.0, 0.0, 0.0, 0.0, 0.0, 0.0, 0.0, 0.0, 0.0, 0.0, 0.0, 0.0, 0.0, 0.0, 0.0, 0.0, 0.0, 0.0, 0.0, 0.0, 0.0, 0.0, 0.0, 0.0, 0.0, 0.0, 0.0, 0.0, 0.0, 0.0, 0.1965464704, 0.3034535296, 0.0, 0.0, 0.0, 0.0, 0.0, 0.0, 0.0, 0.0, 0.3070869418, 0.1929130582, 0.0, 0.0, 0.0, 0.0, 0.0, 0.0], "num_sources": 2, "seg_angles": 64, "input": [0.0759699045, -0.2527766804, -0.6949503941, -0.9661016577, -1.1122684345, -1.233069063, -1.2431265194, -1.2316442042, -1.2159137033, -0.8696218684, 0.4040946421, -0.0235069528, -0.4640542242, -0.775465375, -1.0294204541, -1.1593847745, -1.1509961158, -1.1914538441, -1.1686741314, -0.9126055646, 0.4765292825, 0.0473839536, -0.5332366628, -0.7764651176, -0.9471685379, -1.0394654727, -1.0970981438, -1.1214043968, -1.1143287656, -0.7948525545, 0.5305112435, 0.002267943, -0.5113500078, -0.5920309041, -0.8447043266, -0.9289509614, -0.9977386052, -1.0738273338, -1.1138384562, -0.6568194693, 0.5070937575, 0.1460990576, -0.2603862446, -0.482508456, -0.7131179299, -0.7978084212, -0.7662829221, -0.886565016, -0.9484830873, -0.6686737216, 0.8776476762, 0.2544810777, -0.1357984806, -0.397843066, -0.5174496941, -0.5421625398, -0.6174574134, -0.6229878926, -0.4890343623, -0.3832822187, 0.8281450777, 0.5405262565, 0.1309932631, -0.0519036892, -0.2348839954, -0.1897330542, -0.2165379543, -0.2095970457, -0.2339016816, -0.2773191063, 1.3298884647, 0.5349801634, 0.4379912461, 0.4733494763, 0.3943595896, 0.31276754, 0.3497004751, 0.34866944, 0.3189802423, 0.0465545939, 1.6831667371, 1.1829465087, 1.044348845, 1.2132789999, 1.22615424, 1.0482988595, 0.9786614064, 0.9141086085, 1.2604715092, 0.7360786114, 1.9456255126, 1.9648054248, 2.1071124859, 2.2481491541, 2.0824250525, 2.1898141739, 2.1708007414, 2.118372906, 2.1856437672, 1.8127837596]}