{"source": [{"position": [-332.62852953004415, -241.41098016179913], "counts": 500000.0}, {"position": [-78.70602426425731, -6.8089459179919025], "counts": 500000.0}], "output": [0.0604967689, 0.4395032311, 0.0, 0.0, 0.0, 0.0, 0.3025843799, 0.1974156201, 0.0, 0.0, 0.0, 0.0, 0.0, 0.0, 0.0, 0.0, 0.0, 0.0, 0.0, 0.0, 0.0, 0.0, 0.0, 0.0, 0.0, 0.0, 0.0, 0.0, 0.0, 0.0, 0.0, 0.0, 0.0, 0.0, 0.0, 0.0, 0.0, 0.0, 0.0, 0.0, 0.0, 0.0, 0.0, 0.0, 0.0, 0.0, 0.0, 0.0, 0.0, 0.0, 0.0, 0.0, 0.0, 0.0, 0.0, 0.0, 0.0, 0.0, 0.0, 0.0, 0.0, 0.0, 0.0, 0.0], "num_sources": 2, "seg_angles": 64, "input": [1.8053557912, 1.1687957957, 0.5706818833, 0.2112141968, -0.0309798512, -0.2682578539, -0.3354953163, -0.4636440256, -0.5811034489, -0.5611885685, 2.0429280084, 1.4450082317, 0.6520217588, 0.1847617688, -0.1601250566, -0.411797627, -0.5570933045, -0.6473852827, -0.7732238414, -0.8507353198, 2.222469206, 1.395594176, 0.6498520913, 0.1435316222, -0.2036406068, -0.4350743391, -0.60543711, -0.7863475673, -0.8513633579, -0.9475578104, 2.1668239613, 1.4088220778, 0.6949115674, 0.1211358129, -0.2366716361, -0.4894090709, -0.6586043851, -0.8367306097, -0.9427602073, -0.9938416639, 2.1383264185, 1.3811594458, 0.6608557192, 0.2783469096, -0.2498556589, -0.5321067897, -0.7600340637, -0.9022839978, -0.954387608, -1.0491407475, 2.1602218319, 1.4304435759, 0.5755397509, 0.2379362084, -0.2670645146, -0.5272253351, -0.7810845228, -0.8368006327, -0.9139334131, -1.0526454857, 2.1954212122, 1.4635770132, 0.5897170746, 0.1292814237, -0.2598023329, -0.5659038519, -0.6779651164, -0.8506166314, -0.9902678003, -1.049490622, 2.2908869228, 1.4925256573, 0.5871636115, 0.0213433863, -0.3405721675, -0.6161726243, -0.7823533317, -0.8900088541, -1.0094526352, -1.0980886241, 2.0139847954, 1.2913280614, 0.5596404993, 0.0275481756, -0.3164418701, -0.5974098371, -0.8054735644, -0.9331570739, -1.0179610564, -1.0890673073, 1.8870269362, 1.0127970423, 0.4644340244, -0.145628913, -0.5157116715, -0.7400654326, -0.865637764, -0.9883129662, -1.0754665762, -1.0973543907]}