{"source": [{"position": [70.44693256920546, 162.37681389776625], "counts": 500000.0}, {"position": [39.065644809485306, 60.48037198644808], "counts": 500000.0}], "output": [0.0, 0.0, 0.0, 0.0, 0.0, 0.0, 0.0, 0.0, 0.0, 0.0, 0.0, 0.0, 0.0, 0.0, 0.0, 0.0, 0.0, 0.0, 0.0, 0.0, 0.0, 0.0, 0.0, 0.0, 0.0, 0.0, 0.0, 0.0, 0.0, 0.0, 0.0, 0.0, 0.0, 0.0, 0.0, 0.0, 0.0, 0.0, 0.0, 0.0, 0.0, 0.0, 0.4208297607, 0.1639291089, 0.4152411305, 0.0, 0.0, 0.0, 0.0, 0.0, 0.0, 0.0, 0.0, 0.0, 0.0, 0.0, 0.0, 0.0, 0.0, 0.0, 0.0, 0.0, 0.0, 0.0], "num_sources": 2, "seg_angles": 64, "input": [-1.1903439398, -1.1720573036, -1.1717663552, -1.1757598512, -1.1695523549, -1.0847530051, -0.9558959452, -0.6960027581, -0.207357133, 0.7801292066, -1.1606702989, -1.1520378315, -1.1165704758, -1.075834285, -1.1032817041, -1.0279145047, -0.9195247111, -0.6044761051, -0.0182502702, 1.0044106179, -1.1018605953, -1.0729872828, -1.0316834423, -1.0233702287, -1.0132777423, -0.9286489219, -0.8495516949, -0.4616663749, 0.0190650141, 1.2875226932, -0.9949474279, -0.9704021862, -0.8986584188, -0.9125932844, -0.9321768066, -0.8972081201, -0.7639033355, -0.5305454292, 0.0278357593, 1.2075340514, -0.9171683031, -0.8216819565, -0.8460424426, -0.7971690184, -0.7841480224, -0.6860022656, -0.6578919934, -0.4660095076, 0.1647981754, 1.1581746101, -0.7256497773, -0.6029765482, -0.5440446128, -0.4894337279, -0.5021493045, -0.467989057, -0.4328315588, -0.250556938, 0.2322256447, 1.2461723687, -0.4620886041, -0.3619792149, -0.3064721371, -0.2445966936, -0.1320469188, -0.2044296759, -0.0874416653, 0.0014289154, 0.3103423087, 1.3436115348, 0.0713676142, 0.2390882244, 0.3046406031, 0.311238396, 0.4091438355, 0.4201686622, 0.3436702009, 0.4373505569, 0.5606188605, 1.5127346538, 0.6230111329, 0.9526397342, 0.9724960562, 1.1538095493, 1.1822225902, 1.2307649543, 1.1442011242, 1.1302586195, 1.1155370968, 1.4323720702, 1.542172521, 1.8501799238, 1.9779488084, 1.9316615913, 1.9036043971, 1.856563088, 1.9962955665, 1.9441963395, 2.0324634407, 1.8106589568]}