{"source": [{"position": [361.5353240861534, -189.09312371929335], "counts": 500000.0}, {"position": [-220.51516106309654, -75.24668591583679], "counts": 500000.0}], "output": [0.0, 0.0, 0.0, 0.3252222241, 0.1747777759, 0.0, 0.0, 0.0, 0.0, 0.0, 0.0, 0.0, 0.0, 0.0, 0.0, 0.0, 0.0, 0.0, 0.0, 0.0, 0.0, 0.0, 0.0, 0.0, 0.0, 0.0, 0.0, 0.4542960128, 0.0457039872, 0.0, 0.0, 0.0, 0.0, 0.0, 0.0, 0.0, 0.0, 0.0, 0.0, 0.0, 0.0, 0.0, 0.0, 0.0, 0.0, 0.0, 0.0, 0.0, 0.0, 0.0, 0.0, 0.0, 0.0, 0.0, 0.0, 0.0, 0.0, 0.0, 0.0, 0.0, 0.0, 0.0, 0.0, 0.0], "num_sources": 2, "seg_angles": 64, "input": [2.5398639766, 1.8639317236, 1.8444340111, 1.7820887487, 1.6123890182, 1.5694570636, 1.3793549739, 1.5746773397, 1.5535556353, 1.5574313646, 2.0742009654, 1.3113797761, 0.5683462935, -0.0551522271, -0.1372047636, -0.0582868995, -0.1360922885, -0.3646366391, 0.4156137864, 0.2869240928, 1.6362093517, 1.1462054848, 0.2635422475, -0.2197275263, -0.5882537995, -0.7903121987, -1.0422701409, -0.6048989654, -0.0234595221, -0.0380378074, 1.9174070105, 0.915058395, 0.302187629, -0.3042623455, -0.9597315135, -0.9991334509, -1.0576071121, -0.870876715, -0.6342363659, -0.1828915399, 1.401796927, 0.7570573185, 0.1696966817, -0.4749292653, -1.0190835088, -0.7036032177, -0.9736610983, -0.6907251248, -0.4388285395, 0.0746878043, 1.5416972326, 0.8941799712, 0.1075717417, -0.5877466861, -1.1282344491, -1.1680370498, -0.9965704838, -0.6639204487, -0.3126450614, 0.1385069483, 1.5757413794, 0.5959795071, -0.3352689584, -0.5149764618, -0.9754310401, -0.8046449688, -1.0160845522, -0.7569202769, -0.4693688226, 0.1082818097, 1.568706415, 0.8471367335, -0.1472621012, -0.7255029755, -0.8849118485, -1.257423527, -1.2567681315, -0.8245327751, -0.6096533633, -0.0359324435, 1.5977657398, 0.6993780812, -0.1372465047, -0.6022792169, -0.8763934879, -1.1241314741, -1.0494732492, -1.0323887395, -0.5787770768, -0.2193863914, 1.3915464493, 0.3201001801, -0.4204452532, -1.0890682279, -1.2450337091, -1.1660438894, -1.2177018166, -1.0287215542, -0.9941589335, -0.2831012833]}