{"source": [{"position": [161.00879254256446, -82.68717387833148], "counts": 500000.0}, {"position": [-55.53202281835801, 298.88491839117836], "counts": 500000.0}], "output": [0.0, 0.0, 0.0, 0.0, 0.0, 0.0, 0.0, 0.0, 0.0, 0.0, 0.0, 0.0, 0.0, 0.0, 0.0, 0.0, 0.0, 0.0, 0.0, 0.0, 0.0, 0.0, 0.0, 0.0, 0.0, 0.0, 0.0, 0.4162735542, 0.0837264458, 0.0, 0.0, 0.0, 0.0, 0.0, 0.0, 0.0, 0.0, 0.0, 0.0, 0.0, 0.0, 0.0, 0.0, 0.0, 0.0, 0.0, 0.0, 0.0, 0.0, 0.0644102885, 0.4355897115, 0.0, 0.0, 0.0, 0.0, 0.0, 0.0, 0.0, 0.0, 0.0, 0.0, 0.0, 0.0, 0.0], "num_sources": 2, "seg_angles": 64, "input": [0.5442881391, 0.7171976389, 0.4715174938, 0.6211087332, 0.7054954778, 0.4265951811, 0.6741545334, 0.8107450164, 1.0247925349, 1.2079558792, -0.5460922951, -0.584361961, -0.598938783, -0.4975723853, -0.5688615007, -0.4199374846, -0.2806736232, -0.131590859, 0.3268979269, 1.5048057661, -0.7862097698, -1.2333578423, -1.2047295151, -1.0962039345, -1.0907247779, -0.998530527, -0.6146098388, -0.192733244, 0.4891117455, 1.3678272344, -1.0723244931, -1.4049950342, -1.3764215923, -1.3738822747, -1.2196664088, -0.9906976301, -0.4444467983, -0.1419170643, 0.6312670074, 1.3680308645, -1.0508650516, -1.4033946283, -1.3870537629, -1.4049607583, -0.9510656371, -0.8554309287, -0.5102199311, 0.0336570465, 0.7426015486, 1.7185223528, -0.9560378896, -1.209420176, -1.1649213595, -0.9549196227, -0.969589195, -0.6651557155, 0.0687583789, 0.5537326531, 1.2035757791, 1.9462741378, -0.7920812311, -1.0831715803, -0.9201008542, -0.9012307062, -0.6849601775, -0.5358650625, -0.1331692829, 0.5332565777, 1.3071217914, 1.8033133742, -0.7429370623, -0.7337058481, -0.5525349735, -0.6664408829, -0.3305656105, -0.1895519566, 0.2857026562, 0.6305121093, 1.2676832391, 2.258138069, -0.5136103975, -0.3989846525, -0.2123433315, -0.0748925798, 0.0208859632, 0.4634606423, 0.555624265, 1.3068907496, 1.8143159981, 2.4188625488, -0.1671171994, -0.0127469616, 0.0039993268, 0.2930930072, 0.6073677329, 0.4258339198, 0.7143903974, 1.4695623526, 2.152490538, 2.5071063164]}