{"source": [{"position": [-241.345970737306, 75.90205800152881], "counts": 500000.0}, {"position": [-171.8968387550284, -5.95624260988257], "counts": 500000.0}], "output": [0.3235990659, 0.1764009341, 0.0, 0.0, 0.0, 0.0, 0.0, 0.0, 0.0, 0.0, 0.0, 0.0, 0.0, 0.0, 0.0, 0.0, 0.0, 0.0, 0.0, 0.0, 0.0, 0.0, 0.0, 0.0, 0.0, 0.0, 0.0, 0.0, 0.0, 0.0, 0.0, 0.0, 0.0, 0.0, 0.0, 0.0, 0.0, 0.0, 0.0, 0.0, 0.0, 0.0, 0.0, 0.0, 0.0, 0.0, 0.0, 0.0, 0.0, 0.0, 0.0, 0.0, 0.0, 0.0, 0.0, 0.0, 0.0, 0.0, 0.0, 0.0, 0.0518303729, 0.4481696271, 0.0, 0.0], "num_sources": 2, "seg_angles": 64, "input": [1.8382921081, 1.0777124348, 0.2337700783, -0.0897651259, -0.435129459, -0.6944681312, -0.7930416958, -0.8575037064, -1.0251479916, -1.0757269037, 2.2078805353, 1.2684446622, 0.5034545151, 0.0529789323, -0.2872628057, -0.5945673716, -0.7732691166, -0.9501641937, -1.0325717823, -1.1030705727, 2.1169501697, 1.3489602359, 0.6381366115, 0.0466641851, -0.2523106672, -0.5930066926, -0.8077312827, -0.8460705668, -0.9692681222, -1.0825401852, 2.2570293736, 1.303402688, 0.7278665428, 0.1707391838, -0.2770539284, -0.661064859, -0.7740475585, -0.9364861074, -0.9852246742, -1.0816708657, 1.935830933, 1.5135349417, 0.7267945312, 0.2306278653, -0.2184115188, -0.5239224252, -0.7551707298, -0.909574541, -0.9672537203, -1.0672636435, 1.9765604998, 1.4339444151, 0.6920397414, 0.1322737711, -0.3096322706, -0.4987407117, -0.7442249343, -0.9317674275, -0.887573608, -1.0444742716, 2.1514463849, 1.4356861358, 0.7170156831, 0.2407544756, -0.1363846293, -0.5103681965, -0.7287848422, -0.8656507401, -1.0065422295, -1.0504136382, 2.1946712964, 1.448591052, 0.6459288778, 0.1739266474, -0.1982177023, -0.5263291188, -0.7084719187, -0.8707491289, -0.8969533067, -1.0246300094, 2.1844858242, 1.358858272, 0.4812498369, 0.0411527722, -0.3826226192, -0.4764998089, -0.6475546196, -0.6458431025, -0.7794322423, -0.865054383, 2.0390234821, 1.1479132018, 0.6307080126, 0.3018496881, 0.0122185444, -0.2380520381, -0.2090469967, -0.2461276365, -0.3905531021, -0.3989129648]}