{"source": [{"position": [181.0886395859649, 123.15804729251157], "counts": 500000.0}, {"position": [-348.3674434677487, 198.59789609093264], "counts": 500000.0}], "output": [0.0, 0.0, 0.0, 0.0, 0.0, 0.0, 0.0, 0.0, 0.0, 0.0, 0.0, 0.0, 0.0, 0.0, 0.0, 0.0, 0.0, 0.0, 0.0, 0.0, 0.0, 0.0, 0.0, 0.0, 0.0, 0.0, 0.0, 0.0, 0.0, 0.0, 0.0, 0.0, 0.0, 0.0, 0.0, 0.0, 0.0, 0.0, 0.4582624814, 0.0417375186, 0.0, 0.0, 0.0, 0.0, 0.0, 0.0, 0.0, 0.0, 0.0, 0.0, 0.0, 0.0, 0.0, 0.0, 0.0, 0.0, 0.0, 0.0, 0.138815304, 0.361184696, 0.0, 0.0, 0.0, 0.0], "num_sources": 2, "seg_angles": 64, "input": [-0.4787367427, -0.7750397996, -1.1067364524, -1.2365932577, -1.3267786688, -1.1963443498, -0.9666388272, -0.5542980244, -0.060606723, 0.8202547122, -0.2345517163, -0.4416536233, -0.8721977794, -1.125076695, -1.1481889959, -1.1148834025, -0.7857468155, -0.4601120217, 0.1510845375, 0.9230870193, -0.0748582004, -0.6936866726, -0.9134824139, -0.9656907801, -1.0848297226, -1.0590389656, -0.73222883, -0.367864091, 0.2015684671, 1.1119315711, -0.047902419, -0.4789108593, -0.7825603765, -0.9735479981, -0.9597904815, -0.9879009938, -0.9005734711, -0.0670498459, 0.3720298392, 1.4119355515, -0.0953522854, -0.5275746911, -0.7686933933, -1.0253573208, -1.0133018996, -0.9697748917, -0.7779495397, -0.2636436514, 0.3323615741, 1.2736092446, -0.0911022316, -0.4325406865, -0.8228524112, -0.9935996098, -0.9140989724, -0.8798653343, -0.7684540337, -0.326739371, 0.6094498696, 1.5450530354, 0.2636829377, -0.1606426022, -0.5766668484, -0.8190294401, -0.8973798501, -0.8898986955, -0.6157969849, 0.1021255901, 0.4094682447, 1.2401365552, 0.4272226472, 0.1336328007, -0.2164685173, -0.6183692488, -0.561216027, -0.6023507767, -0.1883759668, 0.0603768459, 0.5672272817, 1.4438435403, 1.0607082998, 0.964349176, 0.5820244683, 0.4511999567, 0.4727146635, 0.5521988502, 0.6681621331, 0.4524320853, 1.004598947, 1.8811628917, 1.9501517928, 1.9759572906, 2.1369128916, 2.2780984558, 2.2685299262, 2.1584942946, 1.6746926787, 1.9813594292, 2.0173326144, 1.860032587]}