{"source": [{"position": [219.04837052204374, -149.14024061814249], "counts": 500000.0}, {"position": [-269.7938096855178, -124.17850158290123], "counts": 500000.0}], "output": [0.0, 0.0, 0.0, 0.0, 0.3030857327, 0.1969142673, 0.0, 0.0, 0.0, 0.0, 0.0, 0.0, 0.0, 0.0, 0.0, 0.0, 0.0, 0.0, 0.0, 0.0, 0.0, 0.0, 0.0, 0.0, 0.0, 0.0443731765, 0.4556268235, 0.0, 0.0, 0.0, 0.0, 0.0, 0.0, 0.0, 0.0, 0.0, 0.0, 0.0, 0.0, 0.0, 0.0, 0.0, 0.0, 0.0, 0.0, 0.0, 0.0, 0.0, 0.0, 0.0, 0.0, 0.0, 0.0, 0.0, 0.0, 0.0, 0.0, 0.0, 0.0, 0.0, 0.0, 0.0, 0.0, 0.0], "num_sources": 2, "seg_angles": 64, "input": [2.2105791965, 2.4012089153, 2.2408928726, 2.1199361995, 2.4357969959, 2.1923156214, 1.7405261286, 2.1926695907, 2.294232192, 2.2583859539, 1.3414056125, 0.8419262852, 0.7662954653, 0.2612829086, 0.4624079042, 0.5333401997, -0.0225594213, 0.3272230772, 0.7253187125, 1.4098481089, 0.8329171175, 0.6375458228, -0.1091034015, -0.5346837143, -0.7638600542, -0.6022639782, -0.5374306402, -0.2545583459, 0.3354207562, 0.7708930185, 0.794771283, 0.2373822171, -0.3104538075, -0.6342455822, -0.9776205297, -0.8037559224, -0.7662404448, -0.4561980722, 0.2751490363, 0.8826727857, 0.412699532, 0.1930925329, -0.2840309231, -0.8601938229, -1.033470112, -1.0313337569, -0.8112768678, -0.5477849516, -0.040760037, 0.8659349808, 0.54953467, 0.0255992434, -0.6145492132, -0.9054474118, -1.1137621311, -0.9585326129, -0.9819070208, -0.4681220761, -0.1132552942, 0.7677674748, 0.6695795256, 0.0349306208, -0.6395967096, -1.0110794264, -1.0565333662, -1.0213451556, -0.8616060169, -0.6279956083, 0.1285673536, 0.7365478296, 0.4796222867, 0.0427369832, -0.6197717752, -0.8472615056, -1.1241602592, -1.0675396006, -1.0890352385, -0.5413041741, 0.2054207751, 0.5919124661, 0.5917972397, -0.1384818215, -0.7621717681, -1.077319644, -1.2324147382, -1.0803416923, -1.1120079234, -0.575692816, -0.2667472186, 0.4997936822, 0.2582364016, -0.3382959536, -0.9278168523, -1.3114796467, -1.3115932128, -1.3723955364, -1.0509613932, -0.8209059646, -0.4396433959, 0.2867809838]}