{"source": [{"position": [86.29280941601252, -28.88859711186652], "counts": 500000.0}, {"position": [28.654345506412746, 16.368521118266102], "counts": 500000.0}], "output": [0.0, 0.0, 0.0, 0.0, 0.0, 0.0, 0.0, 0.0, 0.0, 0.0, 0.0, 0.0, 0.0, 0.0, 0.0, 0.0, 0.0, 0.0, 0.0, 0.0, 0.0, 0.0, 0.0, 0.0, 0.0, 0.0, 0.0, 0.0, 0.1452632223, 0.3547367777, 0.0, 0.0, 0.0, 0.0, 0.0, 0.0, 0.0, 0.3567328797, 0.1432671203, 0.0, 0.0, 0.0, 0.0, 0.0, 0.0, 0.0, 0.0, 0.0, 0.0, 0.0, 0.0, 0.0, 0.0, 0.0, 0.0, 0.0, 0.0, 0.0, 0.0, 0.0, 0.0, 0.0, 0.0, 0.0], "num_sources": 2, "seg_angles": 64, "input": [-0.8257114041, -0.7594072241, -0.6996409779, -0.6344900909, -0.4845198552, -0.3888711437, -0.1128525503, 0.2603325039, 0.7845567504, 1.5815972841, -1.0678614771, -0.9907462556, -0.9433847476, -0.8928792171, -0.7571868337, -0.5322461388, -0.1974984366, 0.3014494336, 0.9920065203, 1.8849575921, -1.1151297934, -1.0891955926, -1.0164477219, -0.9072668296, -0.7573284196, -0.4975588048, -0.1905992818, 0.3735977097, 1.1208887138, 1.9788547319, -1.1274861465, -1.0778494887, -0.9871580115, -0.91266418, -0.7258472534, -0.4509129612, -0.1284490662, 0.420777211, 1.1224767476, 2.1189500631, -1.1312487665, -1.0626877218, -0.9817680769, -0.8891006231, -0.7324211652, -0.427702765, -0.0939822693, 0.4265408365, 1.2373450111, 2.188956459, -1.105726109, -1.0388503891, -0.9670008555, -0.8745887654, -0.72970857, -0.4356228572, -0.1201304387, 0.4412271371, 1.2750877682, 2.2414786205, -1.04585037, -0.9866656385, -0.9298215708, -0.7925205104, -0.6384788573, -0.3923822674, 0.0242833177, 0.5456528414, 1.3578508942, 2.2852391908, -0.9540116608, -0.8306937418, -0.7501585409, -0.6629029067, -0.5532185518, -0.3690947671, 0.0209447604, 0.5075170699, 1.3702431357, 2.2697208374, -0.6246819684, -0.5241030829, -0.4468579404, -0.3459948272, -0.1959909302, 0.0090771341, 0.1669346318, 0.5935577809, 1.3783877733, 2.3034856021, 0.0526105795, 0.2711604177, 0.3681461548, 0.5301451048, 0.6825417572, 0.7744346463, 0.9584617917, 1.1702511233, 1.4932694904, 2.02016028]}