{"source": [{"position": [-163.5296155408128, -100.60847300836028], "counts": 500000.0}, {"position": [-346.7081940364987, 347.669998975968], "counts": 500000.0}], "output": [0.0, 0.0, 0.0, 0.0, 0.0, 0.1910121032, 0.3089878968, 0.0, 0.0, 0.0, 0.0, 0.0, 0.0, 0.0, 0.0, 0.0, 0.0, 0.0, 0.0, 0.0, 0.0, 0.0, 0.0, 0.0, 0.0, 0.0, 0.0, 0.0, 0.0, 0.0, 0.0, 0.0, 0.0, 0.0, 0.0, 0.0, 0.0, 0.0, 0.0, 0.0, 0.0, 0.0, 0.0, 0.0, 0.0, 0.0, 0.0, 0.0, 0.0, 0.0, 0.0, 0.0, 0.0, 0.0, 0.0, 0.0070544111, 0.4929455889, 0.0, 0.0, 0.0, 0.0, 0.0, 0.0, 0.0], "num_sources": 2, "seg_angles": 64, "input": [1.6698887745, 1.2808804217, 1.0873103379, 1.0934808794, 0.9419703604, 0.7701648759, 0.8085430481, 0.6898400046, 0.5299603885, 0.3415819518, 2.1907071391, 1.3702903812, 0.3888697596, 0.1351888479, -0.0355407514, -0.0216261153, -0.084451815, -0.2019395476, -0.1760575285, -0.5342766886, 2.2326838249, 1.0512286933, 0.1952763081, -0.2354324466, -0.5535584283, -0.7201119278, -0.7326962617, -0.719775398, -0.6623502871, -0.9853957778, 2.088185462, 1.021718159, 0.3249753814, -0.4119590423, -0.624350813, -0.9062813151, -1.0007664934, -1.0021911637, -1.0999433612, -1.159828334, 2.16731514, 1.1605019152, 0.252773117, -0.3375933091, -0.7177986403, -1.0290881477, -1.0280726698, -1.1803673807, -1.1971219154, -1.2482234406, 2.0461521344, 0.9710930473, 0.0672785645, -0.2776764302, -0.6234199928, -0.9573616798, -1.0258907759, -1.1841565581, -1.2538862462, -1.3253858442, 1.9764467745, 1.0632374723, 0.4402465654, -0.3341018875, -0.5613220092, -0.8309758554, -0.9309601954, -1.0016590641, -1.1123615686, -1.2531838165, 2.0566638553, 1.5023066746, 0.4193758489, -0.3425188318, -0.5879397211, -0.6269276883, -0.7533591165, -0.955929985, -1.021991198, -0.9919761106, 2.0656854187, 1.1058356164, 0.7077711618, 0.1177661822, -0.168624986, -0.6525366848, -0.6536325568, -0.6867443598, -0.6356936684, -0.8898441348, 1.8155600531, 1.2063352424, 0.4640663131, 0.3067786102, -0.0110387727, -0.2769547455, -0.1565847277, -0.3352042257, -0.4419326883, -0.6573595811]}