{"source": [{"position": [99.34131348692773, 426.58563435105503], "counts": 500000.0}, {"position": [22.958455788150268, 1.3817770527656021], "counts": 500000.0}], "output": [0.0, 0.0, 0.0, 0.0, 0.0, 0.0, 0.0, 0.0, 0.0, 0.0, 0.0, 0.0, 0.0, 0.0, 0.0, 0.0, 0.0, 0.0, 0.0, 0.0, 0.0, 0.0, 0.0, 0.0, 0.0, 0.0, 0.0, 0.0, 0.0, 0.0, 0.0, 0.0, 0.1938446559, 0.3061553441, 0.0, 0.0, 0.0, 0.0, 0.0, 0.0, 0.0, 0.0, 0.0, 0.0, 0.0, 0.1652567612, 0.3347432388, 0.0, 0.0, 0.0, 0.0, 0.0, 0.0, 0.0, 0.0, 0.0, 0.0, 0.0, 0.0, 0.0, 0.0, 0.0, 0.0, 0.0], "num_sources": 2, "seg_angles": 64, "input": [-1.013309015, -0.9743898194, -0.9128314135, -0.8226452507, -0.7037478584, -0.5052509192, -0.1707915926, 0.2289693002, 0.9169987893, 1.7309589792, -0.9972062299, -0.9219862386, -0.8483164098, -0.7588403704, -0.5910040541, -0.3482057648, 0.0326355166, 0.5034873589, 1.2623934251, 2.1483732632, -0.9776447997, -0.9126900192, -0.8604947014, -0.7456913582, -0.5434367295, -0.3255416968, 0.0794818074, 0.627356531, 1.3703558677, 2.240645681, -0.9743047715, -0.9068926096, -0.8317152853, -0.6973462132, -0.5117312335, -0.2254860705, 0.1009629731, 0.6212015909, 1.4495178734, 2.2865835046, -0.9537192248, -0.8913780017, -0.7827256572, -0.6801147421, -0.4826584952, -0.2587868399, 0.2031514271, 0.6394452526, 1.3917922318, 2.3422943774, -0.9218761151, -0.8508528118, -0.7739999867, -0.6523286375, -0.4766049154, -0.2252311625, 0.1400054255, 0.6294477201, 1.3799308176, 2.2640439761, -0.9386254352, -0.8680980898, -0.7753092418, -0.6307223521, -0.4869914339, -0.193953986, 0.1326805514, 0.6643382061, 1.3461942147, 2.2261671479, -0.9109574526, -0.8329288255, -0.731744246, -0.5827219391, -0.451072157, -0.1796247157, 0.1596217817, 0.6924772637, 1.4464224051, 2.2720332516, -0.9038926043, -0.8019377157, -0.7543140307, -0.6076113747, -0.4609940025, -0.2165119829, 0.1300046224, 0.6782837013, 1.35074589, 2.2420424381, -0.8941903929, -0.8233545965, -0.7569756185, -0.6748013142, -0.5263410926, -0.3891261299, 0.0044788421, 0.4097015444, 1.1130789717, 1.966273223]}