{"source": [{"position": [-266.89904656690777, 77.77466773748128], "counts": 500000.0}, {"position": [6.455125795644564, -185.88795375430442], "counts": 500000.0}], "output": [0.0, 0.0, 0.0, 0.0, 0.0, 0.0, 0.0, 0.0, 0.0, 0.0, 0.0, 0.0, 0.0, 0.0, 0.0, 0.0, 0.3232135014, 0.1767864986, 0.0, 0.0, 0.0, 0.0, 0.0, 0.0, 0.0, 0.0, 0.0, 0.0, 0.0, 0.0, 0.0, 0.0, 0.0, 0.0, 0.0, 0.0, 0.0, 0.0, 0.0, 0.0, 0.0, 0.0, 0.0, 0.0, 0.0, 0.0, 0.0, 0.0, 0.0, 0.0, 0.0, 0.0, 0.0, 0.0, 0.0, 0.0, 0.0, 0.0, 0.0, 0.0, 0.0, 0.4441048172, 0.0558951828, 0.0], "num_sources": 2, "seg_angles": 64, "input": [2.5927193546, 2.5920045423, 2.2065917745, 1.8925070728, 1.7184275977, 1.5724502911, 1.2513878577, 1.5566617753, 1.2933611369, 0.9422011311, 2.0045299865, 1.9662343175, 1.5606806861, 1.1198705935, 1.120544929, 0.9405947126, 0.8987131028, 0.8065651025, 0.5795762769, 0.0945991297, 1.4828978526, 1.3968559591, 0.9028754752, 0.8433613721, 0.3684072953, 0.4218242368, 0.1716605452, -0.0364513478, -0.0994276948, -0.5041766383, 1.3796116727, 0.8834049855, 0.6362171432, 0.2808687367, -0.0719848245, -0.1070073325, -0.2516366469, -0.2766618027, -0.5604302686, -0.7606685834, 0.8598469723, 0.5653833181, 0.0111679313, -0.081991057, -0.3164112729, -0.4188025867, -0.6230271223, -0.8622290934, -0.798937051, -1.0395816352, 0.5054055553, 0.088977125, 0.0431726064, -0.3740168547, -0.4787828806, -0.9003509737, -1.0334935835, -0.9689702316, -1.1766034465, -1.2458976085, 0.4508027648, 0.0700456579, -0.1899754325, -0.558494269, -0.7044682547, -1.0241017571, -0.9379232368, -1.2006573794, -1.2933451477, -1.4430795635, 0.4971618398, 0.2401229403, -0.3223882983, -0.7024805854, -0.9866210293, -1.1821834099, -1.1048008533, -1.248745602, -1.3827780035, -1.4135250259, 0.453782416, -0.1273317752, -0.4611421728, -0.7906108154, -1.0454830212, -1.0429369608, -1.1679460114, -1.1227639096, -1.2590607337, -1.2729834863, 0.1203940354, -0.2245495063, -0.3478480366, -0.4360124239, -0.5589316825, -0.4631510874, -0.5700356838, -0.6027205496, -0.582452806, -0.6254007607]}