{"source": [{"position": [-233.0446750482446, -170.91278311366324], "counts": 500000.0}, {"position": [326.39624446052983, -347.84262476307026], "counts": 500000.0}], "output": [0.0, 0.0, 0.0, 0.0, 0.0, 0.0, 0.2772468609, 0.2227531391, 0.0, 0.0, 0.0, 0.0, 0.0, 0.0, 0.0, 0.0, 0.0, 0.0, 0.0, 0.0, 0.0, 0.0, 0.0, 0.1619436499, 0.3380563501, 0.0, 0.0, 0.0, 0.0, 0.0, 0.0, 0.0, 0.0, 0.0, 0.0, 0.0, 0.0, 0.0, 0.0, 0.0, 0.0, 0.0, 0.0, 0.0, 0.0, 0.0, 0.0, 0.0, 0.0, 0.0, 0.0, 0.0, 0.0, 0.0, 0.0, 0.0, 0.0, 0.0, 0.0, 0.0, 0.0, 0.0, 0.0, 0.0], "num_sources": 2, "seg_angles": 64, "input": [2.1058162868, 2.2050534749, 2.1068499924, 2.2186851957, 2.1866515395, 2.2730885087, 2.1871180294, 2.0373637501, 1.8174225263, 1.9635121367, 1.4736943479, 0.7976753499, 0.8801510943, 0.7391516132, 0.7197150292, 0.8388654964, 0.6745629102, 0.7027640908, 0.5421442773, 0.9245599221, 1.3158835545, 0.5305972187, 0.0852974155, -0.1088335382, -0.0133626135, -0.1926417058, -0.2229710216, -0.1116559865, 0.0490770231, 0.1859861266, 1.3853674038, 0.5712945048, 0.0150152244, -0.2591626853, -0.6386522662, -0.6421364969, -0.6978629945, -0.4848602201, -0.242663591, -0.0619716171, 1.1489823027, 0.4766040465, -0.3332388493, -0.7201331119, -0.8534864004, -0.9766164361, -1.1407097597, -0.7417253912, -0.5879933892, 0.0435068699, 1.138274332, 0.3463999622, -0.2762801478, -0.6097369759, -0.973240815, -1.032925182, -1.0189625852, -0.9271784989, -0.5758400848, -0.1949928321, 0.9684165091, 0.2078353163, -0.230916579, -0.5898910648, -1.0868760835, -0.9735629006, -1.0337177795, -1.020006679, -0.7765189004, 0.095862268, 1.0112697141, 0.0795144721, -0.4934950971, -0.8206483824, -1.0011491622, -1.0918663115, -0.9890378825, -0.9723699412, -0.8621073535, -0.0899635714, 1.0363758705, 0.2288192453, -0.2983031138, -0.8291177158, -1.1287144929, -1.1342540281, -1.2737406245, -0.8716676561, -0.643628604, -0.1504796064, 0.6708438127, 0.0310881252, -0.7795772053, -1.083237601, -1.2295524655, -1.3550653651, -1.3296839154, -1.0447824681, -0.7961423055, -0.3972468374]}