{"source": [{"position": [113.50659693727674, -208.0510813519569], "counts": 500000.0}, {"position": [-78.52302000148411, -15.301481295826488], "counts": 500000.0}], "output": [0.0, 0.0198379903, 0.4801620097, 0.0, 0.0, 0.0, 0.0, 0.0, 0.0, 0.0, 0.0, 0.0, 0.0, 0.0, 0.0, 0.0, 0.0, 0.0, 0.0, 0.0, 0.0, 0.4563916974, 0.0436083026, 0.0, 0.0, 0.0, 0.0, 0.0, 0.0, 0.0, 0.0, 0.0, 0.0, 0.0, 0.0, 0.0, 0.0, 0.0, 0.0, 0.0, 0.0, 0.0, 0.0, 0.0, 0.0, 0.0, 0.0, 0.0, 0.0, 0.0, 0.0, 0.0, 0.0, 0.0, 0.0, 0.0, 0.0, 0.0, 0.0, 0.0, 0.0, 0.0, 0.0, 0.0], "num_sources": 2, "seg_angles": 64, "input": [2.2464251143, 1.7338138896, 1.2026532414, 0.9123301809, 0.6812140071, 0.5806961579, 0.491725137, 0.5344379593, 0.3627018914, 0.346156279, 2.3747638493, 1.7453079623, 0.9981657012, 0.4183195708, 0.0545344884, -0.1634898715, -0.3590862737, -0.4127640868, -0.4804752526, -0.5203307947, 2.1944932289, 1.4847714646, 0.8181328371, 0.3247359195, -0.1167628289, -0.3814593913, -0.5193584953, -0.6786207124, -0.7815614181, -0.5730700373, 2.2672723018, 1.5227394803, 0.7412544082, 0.1249157118, -0.3502778561, -0.5735484974, -0.7722760152, -0.837905469, -0.9024410069, -0.7058430759, 1.9172355381, 1.2613852687, 0.6417253826, -0.0382353894, -0.4480746859, -0.6968907235, -0.9240625878, -1.0026721298, -0.9396512303, -0.7187075357, 1.8989416239, 1.168955294, 0.5039956126, 0.0334692922, -0.5981034201, -0.8286244337, -1.0168535437, -1.1590904077, -0.9031923257, -0.5986364606, 1.748523717, 1.1416477065, 0.4426750917, -0.0743158297, -0.557739317, -0.7225694863, -0.966597418, -0.9901545723, -0.9308084546, -0.6227923472, 1.7681254994, 0.9825978078, 0.367742908, -0.2409600735, -0.6743381162, -0.9200897706, -1.0837996606, -1.0453815368, -0.9957132862, -0.6824679437, 1.7282703842, 0.9583741251, 0.2330012561, -0.3499567844, -0.7732488943, -0.9402998633, -1.102390221, -1.1757452696, -0.9776184932, -0.7535804871, 1.3486845781, 0.542352008, -0.1596145323, -0.6337325176, -0.9234087122, -1.1459098623, -1.2050612088, -1.2203250076, -1.1840125808, -0.7945656719]}