{"source": [{"position": [-58.20732661031027, -331.9350947532976], "counts": 500000.0}, {"position": [128.1812472063101, -433.4438462645823], "counts": 500000.0}], "output": [0.0, 0.0, 0.0, 0.0, 0.0, 0.0, 0.0, 0.0, 0.0, 0.0, 0.0, 0.0, 0.0, 0.0, 0.3840997275, 0.1159002725, 0.0, 0.0, 0.0356093217, 0.4643906783, 0.0, 0.0, 0.0, 0.0, 0.0, 0.0, 0.0, 0.0, 0.0, 0.0, 0.0, 0.0, 0.0, 0.0, 0.0, 0.0, 0.0, 0.0, 0.0, 0.0, 0.0, 0.0, 0.0, 0.0, 0.0, 0.0, 0.0, 0.0, 0.0, 0.0, 0.0, 0.0, 0.0, 0.0, 0.0, 0.0, 0.0, 0.0, 0.0, 0.0, 0.0, 0.0, 0.0, 0.0], "num_sources": 2, "seg_angles": 64, "input": [1.8926160251, 1.8344840849, 2.3085787639, 2.2166589703, 2.4871406263, 2.1609000032, 2.0102430626, 2.3127311123, 2.16028938, 1.8606061429, 0.9619116265, 1.2988157353, 1.176814287, 1.3981613949, 1.2928723469, 1.3440949954, 1.2775328209, 1.2504437392, 1.3556802475, 1.2162353183, 0.4635968054, 0.6307688739, 0.616384788, 0.5233743178, 0.8849436408, 0.5795818601, 0.6076483784, 0.7081146177, 0.561817331, 0.5176619876, 0.2043522994, -0.0769700082, 0.0133119952, 0.0968690702, 0.1636718612, 0.3234472971, 0.1348403913, 0.0592977435, 0.0982256551, 0.1886247072, -0.2567664052, -0.4218332497, -0.4401589723, -0.3082915421, -0.2491282011, -0.2201701567, -0.2805996859, -0.3035915098, -0.1556157924, 0.1505888017, -0.1693983317, -0.6867041217, -0.5931907996, -0.6366170728, -0.6942805696, -0.502798394, -0.5851825155, -0.6516025848, -0.5402778003, -0.025191473, -0.3607155516, -0.8148115735, -0.8105487961, -0.8011422173, -0.809433969, -0.8252838101, -0.8196223826, -0.8311321035, -0.7129982289, -0.3151202975, -0.3884680115, -0.8389219316, -0.8514463402, -0.9066312946, -0.9220637199, -0.9154795426, -0.8898512926, -0.9777982929, -0.8186404789, -0.3994909773, -0.4693213958, -0.9409956926, -1.0779353999, -1.0120438577, -1.0162955194, -1.1026459126, -1.018245141, -1.0426144755, -0.8458144562, -0.3065906826, -0.6561948066, -1.0946159771, -1.0747582989, -1.1298411886, -1.134784335, -1.1164472815, -1.073838726, -1.1132958966, -0.8771572021, -0.4325268613]}