{"source": [{"position": [10.38498875993103, -38.628383456418504], "counts": 500000.0}, {"position": [-184.8547403701683, -320.51322119793696], "counts": 500000.0}], "output": [0.0, 0.0, 0.0, 0.0, 0.0, 0.0, 0.0, 0.0, 0.0, 0.0, 0.1643581879, 0.3356418121, 0.0, 0.0, 0.0, 0.0, 0.0, 0.0, 0.1624181804, 0.3375818196, 0.0, 0.0, 0.0, 0.0, 0.0, 0.0, 0.0, 0.0, 0.0, 0.0, 0.0, 0.0, 0.0, 0.0, 0.0, 0.0, 0.0, 0.0, 0.0, 0.0, 0.0, 0.0, 0.0, 0.0, 0.0, 0.0, 0.0, 0.0, 0.0, 0.0, 0.0, 0.0, 0.0, 0.0, 0.0, 0.0, 0.0, 0.0, 0.0, 0.0, 0.0, 0.0, 0.0, 0.0], "num_sources": 2, "seg_angles": 64, "input": [1.638562533, 2.1447469872, 2.2028879093, 2.1799199518, 2.2159957067, 2.3044418319, 2.1518531529, 2.3306274276, 2.2832608381, 1.9034199184, 0.9210256342, 1.2283656304, 1.2939809975, 1.4059845705, 1.4317317814, 1.4118496551, 1.4293095243, 1.4160301328, 1.3255410847, 1.0942256513, 0.3426342841, 0.4744133902, 0.5946732665, 0.6249972022, 0.6921472092, 0.6930817099, 0.6454830204, 0.7020214846, 0.6019572454, 0.6763212889, -0.0361661952, -0.0107452995, 0.0269741889, 0.0059241503, 0.0678408369, 0.1163803174, 0.0820048291, 0.1313318292, 0.1147754491, 0.2722646417, -0.3807611265, -0.3636819041, -0.3181000202, -0.2780127007, -0.331097368, -0.2861857713, -0.2939702253, -0.3110991214, -0.3336446938, 0.0300070652, -0.5981732759, -0.5879012423, -0.5826276744, -0.5509082276, -0.6098500812, -0.550986246, -0.5406278191, -0.58057937, -0.5468335195, -0.021362134, -0.6442544688, -0.7248794495, -0.7801627676, -0.7790101466, -0.7686790379, -0.7798098441, -0.7290319717, -0.7391131633, -0.7374935484, -0.1649471167, -0.7716352829, -0.777535272, -0.8794581653, -0.8968022568, -0.9056904876, -0.8536895229, -0.8512052849, -0.8530001138, -0.865644013, -0.2309181124, -0.8241071924, -0.9116599999, -0.9475674606, -0.9526333807, -0.9876454543, -0.9880169932, -0.9791841676, -0.9472812816, -0.9167420634, -0.3082083244, -0.9123436264, -0.9775061713, -1.0263134898, -1.0468005071, -1.0505390182, -1.0711785541, -1.0287220551, -1.0458245842, -0.9595371424, -0.4809088192]}