{"source": [{"position": [296.02659933899827, -244.58996807675527], "counts": 500000.0}, {"position": [-41.42708219091836, -46.12804852957575], "counts": 500000.0}], "output": [0.0, 0.0, 0.0, 0.0, 0.0, 0.0, 0.0, 0.0, 0.226813744, 0.273186256, 0.0, 0.0, 0.0, 0.0, 0.0, 0.0, 0.0, 0.0, 0.0, 0.0, 0.0, 0.0, 0.0, 0.0, 0.016887903, 0.483112097, 0.0, 0.0, 0.0, 0.0, 0.0, 0.0, 0.0, 0.0, 0.0, 0.0, 0.0, 0.0, 0.0, 0.0, 0.0, 0.0, 0.0, 0.0, 0.0, 0.0, 0.0, 0.0, 0.0, 0.0, 0.0, 0.0, 0.0, 0.0, 0.0, 0.0, 0.0, 0.0, 0.0, 0.0, 0.0, 0.0, 0.0, 0.0], "num_sources": 2, "seg_angles": 64, "input": [1.9501457228, 2.0056930057, 2.1018887783, 2.0839970454, 2.0448587418, 1.9556700397, 1.7657599246, 1.7307038207, 1.7612048338, 1.4648690987, 1.767635999, 1.0303524088, 1.1100840165, 0.9758426476, 0.9897552555, 0.9320309915, 0.8145392403, 0.8488248322, 0.7263426295, 0.6519470242, 1.5735969979, 0.7429432029, 0.3822707251, 0.1220495916, 0.0918648231, -0.0223311216, -0.0394137643, 0.0171301526, 0.0446567298, 0.0467521495, 1.4785024656, 0.5992961098, -0.0559192989, -0.3187680416, -0.4135803719, -0.4888833927, -0.4696339071, -0.4046849584, -0.349136197, -0.4305268633, 1.4872211945, 0.392381627, -0.2057702024, -0.5322138007, -0.8113068217, -0.8000182237, -0.6994284097, -0.611284182, -0.6731631667, -0.5923635267, 1.3962210408, 0.4030381553, -0.2494869844, -0.6417344678, -0.8540100394, -0.9602101877, -0.9412227507, -0.8894502066, -0.7780904663, -0.7088098622, 1.2078490944, 0.279167271, -0.313711409, -0.7076667128, -0.897184721, -0.9799719655, -1.0002935939, -0.9874755649, -0.8814779264, -0.8161779491, 1.3027446451, 0.4818212395, -0.3173992299, -0.7135595716, -0.9587582247, -1.0678528685, -1.0513239205, -1.0364028902, -1.0141771715, -0.8387551227, 1.2168538171, 0.2095087933, -0.4075495554, -0.784917399, -0.9744764251, -1.1109563914, -1.1556614343, -1.0948668358, -0.979467958, -0.8669714067, 0.8333265866, 0.0188613093, -0.5694604141, -0.9058706445, -1.0996876672, -1.1557673437, -1.2310641021, -1.1575199951, -1.0601280777, -0.9622080706]}