{"source": [{"position": [-322.7502152345195, -28.430592080913925], "counts": 500000.0}, {"position": [351.5774165486131, -196.98304539478252], "counts": 500000.0}], "output": [0.0525238248, 0.4474761752, 0.0, 0.0, 0.0, 0.0, 0.0, 0.0, 0.0, 0.0, 0.0, 0.0, 0.0, 0.0, 0.0, 0.0, 0.0, 0.0, 0.0, 0.0, 0.0, 0.0, 0.0, 0.0, 0.0, 0.0, 0.100994919, 0.399005081, 0.0, 0.0, 0.0, 0.0, 0.0, 0.0, 0.0, 0.0, 0.0, 0.0, 0.0, 0.0, 0.0, 0.0, 0.0, 0.0, 0.0, 0.0, 0.0, 0.0, 0.0, 0.0, 0.0, 0.0, 0.0, 0.0, 0.0, 0.0, 0.0, 0.0, 0.0, 0.0, 0.0, 0.0, 0.0, 0.0], "num_sources": 2, "seg_angles": 64, "input": [2.9968192944, 2.4033193756, 1.6262473179, 1.1248529439, 1.0337953622, 0.7878112169, 0.9350559504, 0.6050989798, 0.5618284754, 1.0416828423, 2.5404240612, 1.7202255755, 0.9668641768, 0.1156155131, -0.3610167405, -0.3305021584, -0.2893713087, -0.535067398, 0.0139513752, 0.6538994825, 2.2357289363, 1.1824320113, 0.4344738575, -0.3238192859, -0.8468354151, -0.732796228, -0.8732285646, -0.7846481868, 0.0937845391, 0.1349232602, 1.9055660463, 0.8808233738, 0.2782695762, -0.3674476633, -1.0325391883, -1.0192249397, -0.9425761765, -0.7342255711, 0.1579958652, 0.5972326552, 1.3063396931, 1.1694216955, -0.3328336065, -0.7978517801, -0.8683703953, -1.2367626447, -0.9081532957, -0.7222168923, -0.3136008429, 0.638892171, 1.6818470735, 0.5333844986, -0.1662855585, -0.7626067537, -1.0608918152, -1.1831997096, -1.2413709539, -0.6024247766, 0.3000806771, 0.4269067374, 1.4525414408, 0.6095622497, -0.1835797978, -0.6102162069, -1.0919753865, -1.0524712809, -0.9753703197, -0.5966096993, -0.2271158191, 0.478945576, 1.5615573267, 0.6203831801, -0.0094793427, -0.7078902157, -0.8010335128, -0.9263839532, -1.1002218209, -0.7539977108, -0.0345877955, 0.516710092, 1.4451812168, 0.6823858532, -0.2834336062, -0.8862580248, -1.2484241252, -1.0961965002, -0.9572474045, -0.9646260302, -0.1576208541, 0.2700071133, 0.6176364813, 0.0985244589, -0.5770979298, -1.1802708282, -1.3132488312, -1.5259013695, -1.3341025269, -1.1436007637, -0.5216634571, 0.1914633642]}