{"source": [{"position": [57.69190410859025, 243.25222342318938], "counts": 500000.0}, {"position": [-281.4688386246313, 202.9391359085311], "counts": 500000.0}], "output": [0.0, 0.0, 0.0, 0.0, 0.0, 0.0, 0.0, 0.0, 0.0, 0.0, 0.0, 0.0, 0.0, 0.0, 0.0, 0.0, 0.0, 0.0, 0.0, 0.0, 0.0, 0.0, 0.0, 0.0, 0.0, 0.0, 0.0, 0.0, 0.0, 0.0, 0.0, 0.0, 0.0, 0.0, 0.0, 0.0, 0.0, 0.0, 0.0, 0.0, 0.0, 0.0, 0.0, 0.0, 0.0, 0.1859794433, 0.3140205567, 0.0, 0.0, 0.0, 0.0, 0.0, 0.0, 0.0, 0.0, 0.0, 0.0, 0.1814771117, 0.3185228883, 0.0, 0.0, 0.0, 0.0, 0.0], "num_sources": 2, "seg_angles": 64, "input": [-0.1700307078, -0.3854602786, -0.751859473, -0.9219102762, -1.1388514403, -1.277133298, -1.2566113257, -1.2762551323, -1.1783219492, -0.6482449194, 0.4086211493, -0.2784254583, -0.7127667831, -0.926444665, -1.10099502, -1.176243483, -1.1905726836, -1.2370107532, -1.0883822075, -0.5740485299, 0.2340678036, -0.1272025225, -0.469384093, -0.8586707352, -0.9871706517, -1.0243131446, -1.1256433808, -1.1965418851, -1.1239204732, -0.4064452863, 0.2573001673, 0.0265101915, -0.4552983583, -0.5892938938, -0.837470081, -0.9224368563, -1.0304516668, -1.0143910401, -1.0620269306, -0.4343257895, 0.487147384, -0.0779384984, -0.4064194113, -0.4949547952, -0.633069205, -0.7563451332, -0.836164346, -0.8600284582, -0.9282835708, -0.2503140898, 0.5562718237, 0.2036666048, 0.0752547184, -0.2872993535, -0.4198010314, -0.7028719161, -0.635446777, -0.5840987798, -0.6889001006, -0.2931695641, 0.8042319715, 0.5583196942, 0.2725138919, -0.0892417256, -0.1820745461, -0.3964914573, -0.2591404182, -0.261146658, -0.3204971586, -0.137629245, 1.1773146274, 0.9297337755, 0.4432258598, 0.4227605102, 0.3334241455, 0.2988524444, 0.3793429445, 0.3266902408, 0.3378836065, 0.2251374766, 1.4690188697, 1.4671776114, 1.3735168707, 1.1919647178, 1.4377525416, 1.3326075485, 1.1984381128, 0.9479161859, 0.9714038693, 0.7135996879, 1.962774103, 2.0717368539, 2.0540356066, 2.1658283705, 2.3054777226, 2.2112299763, 2.1544189965, 1.956756531, 1.9826202423, 1.7293359616]}