{"source": [{"position": [46.29519227876259, -161.4953719828293], "counts": 500000.0}, {"position": [-33.47258857960252, 81.38541523995968], "counts": 500000.0}], "output": [0.0, 0.0, 0.0, 0.0, 0.0, 0.0, 0.0, 0.0, 0.0, 0.0, 0.0, 0.0, 0.0, 0.0, 0.0, 0.0, 0.0, 0.0, 0.0781525427, 0.4218474573, 0.0, 0.0, 0.0, 0.0, 0.0, 0.0, 0.0, 0.0, 0.0, 0.0, 0.0, 0.0, 0.0, 0.0, 0.0, 0.0, 0.0, 0.0, 0.0, 0.0, 0.0, 0.0, 0.0, 0.0, 0.0, 0.0, 0.0, 0.0, 0.0, 0.0, 0.0, 0.0127445948, 0.4872554052, 0.0, 0.0, 0.0, 0.0, 0.0, 0.0, 0.0, 0.0, 0.0, 0.0, 0.0], "num_sources": 2, "seg_angles": 64, "input": [1.8301913544, 0.5871870626, 0.1185932206, 0.0209759503, -0.0796584656, 0.0283779645, -0.0079782108, -0.0095422479, -0.0465171155, -0.4282285587, 1.5718563282, 0.147291519, -0.1581428786, -0.3973214587, -0.3157934602, -0.4756319752, -0.6239392972, -0.5208174216, -0.5715385362, -0.7685638603, 1.0439928588, -0.1740193951, -0.4894546785, -0.7733855502, -0.8880072828, -0.9152031365, -0.9315544161, -0.9894734832, -0.8365212277, -0.8839196297, 0.7639652614, -0.3486979253, -0.8236221699, -1.1472151397, -1.0129604497, -1.076160121, -1.131903726, -1.177487057, -1.1593597017, -0.7919746576, 0.6521193488, -0.5958814722, -0.9002878417, -1.0732437639, -1.0247795417, -1.1577324165, -1.1829859099, -1.1202826424, -1.313521941, -0.7807408975, 0.7129683575, -0.6331697594, -0.8142269411, -0.8709561163, -0.9953958484, -0.8471427244, -0.8407360168, -0.9602114204, -0.8502381099, -0.583822872, 0.6608646944, -0.4888848331, -0.448411153, -0.622911373, -0.5945863358, -0.514510981, -0.5674098107, -0.5149598957, -0.4436651728, -0.0746818093, 0.6851530645, -0.0485921159, 0.0631035786, 0.1358120869, 0.0004809172, 0.0864448529, 0.045736414, 0.07220154, 0.0110288749, 0.4956911422, 1.0146290996, 0.9679425994, 0.9702159012, 0.9317211908, 0.9721547545, 1.0409495193, 1.0683986367, 0.7264881836, 1.1736389001, 1.254873122, 1.6341252987, 2.0569864199, 1.9844893197, 2.2729931962, 2.2256198143, 1.9394532437, 2.2763267904, 2.0286692393, 2.1493036096, 2.3955477192]}