{"source": [{"position": [74.76038045462327, 365.43109543972855], "counts": 500000.0}, {"position": [249.48354298153563, -147.84438366532643], "counts": 500000.0}], "output": [0.0, 0.0, 0.0, 0.0, 0.0, 0.0, 0.0, 0.0, 0.0, 0.0, 0.0, 0.0, 0.0, 0.0, 0.0, 0.0, 0.0, 0.0, 0.0, 0.0, 0.0, 0.0, 0.0, 0.0, 0.0, 0.0, 0.2245383278, 0.2754616722, 0.0, 0.0, 0.0, 0.0, 0.0, 0.0, 0.0, 0.0, 0.0, 0.0, 0.0, 0.0, 0.0, 0.0, 0.0, 0.0, 0.0, 0.0277425676, 0.4722574324, 0.0, 0.0, 0.0, 0.0, 0.0, 0.0, 0.0, 0.0, 0.0, 0.0, 0.0, 0.0, 0.0, 0.0, 0.0, 0.0, 0.0], "num_sources": 2, "seg_angles": 64, "input": [-0.0098584989, 0.3368172875, 0.4070625627, 0.3594714564, 0.2802321168, 0.534002204, 0.3577648189, 0.2060013242, 0.7210755321, 1.5837271208, -0.6861307931, -0.6318724828, -0.4419435442, -0.6018000853, -0.7184408452, -0.4718806154, -0.3661484576, -0.0504918902, 0.3924198376, 1.5664999538, -1.1764374339, -1.1124674271, -1.028387537, -0.9185611363, -1.052680025, -0.9131423869, -0.4114439225, -0.395433017, 0.6134257685, 1.8304707804, -1.5360210889, -1.1497364176, -1.141694739, -1.1969177839, -1.1608961619, -0.8323571426, -0.6666833356, -0.0977341948, 0.4308018925, 1.6749805786, -1.4831851532, -1.2236394126, -1.2496011189, -1.3018543253, -1.0602527253, -0.8986591489, -0.5690054205, 0.0451964914, 0.6661892507, 2.0318004392, -1.3996462008, -1.193396253, -1.1506570247, -0.9949522927, -0.7925371982, -0.7229610967, -0.4934132491, 0.3724398426, 0.8510135567, 1.8633668558, -1.2053613968, -1.1345114913, -0.8547862007, -0.8049920878, -0.5968256988, -0.527112355, 0.0384501686, 0.3496201386, 0.8449171013, 1.6620072976, -0.6932483352, -0.5575798424, -0.4926243391, -0.2357919632, -0.3574667148, -0.0567184302, 0.2768984806, 0.9810571763, 1.1403841767, 2.0729279112, -0.4543337404, -0.1675266501, -0.0741638359, 0.14235407, 0.2357587841, 0.39794474, 0.7217925433, 1.4265806397, 1.6730089178, 2.2442597743, 0.193585947, 0.2454137947, 0.4270817946, 0.3676895426, 0.5547709776, 1.0861367588, 1.1820487563, 1.4971850463, 2.0357661973, 2.5935642577]}