{"source": [{"position": [-275.5907364265292, -400.30706463399235], "counts": 500000.0}, {"position": [-97.34547254322557, 221.55780052919852], "counts": 500000.0}], "output": [0.0, 0.0, 0.0, 0.0, 0.0, 0.0, 0.0, 0.0, 0.0, 0.0707025235, 0.4292974765, 0.0, 0.0, 0.0, 0.0, 0.0, 0.0, 0.0, 0.0, 0.0, 0.0, 0.0, 0.0, 0.0, 0.0, 0.0, 0.0, 0.0, 0.0, 0.0, 0.0, 0.0, 0.0, 0.0, 0.0, 0.0, 0.0, 0.0, 0.0, 0.0, 0.0, 0.0, 0.0, 0.0, 0.0, 0.0, 0.0, 0.0, 0.0, 0.0, 0.0, 0.0, 0.3916298753, 0.1083701247, 0.0, 0.0, 0.0, 0.0, 0.0, 0.0, 0.0, 0.0, 0.0, 0.0], "num_sources": 2, "seg_angles": 64, "input": [1.6010127453, 0.6544118317, 0.018144648, -0.1160365634, -0.0374278082, -0.3801241645, -0.5060327081, -0.2353076435, -0.3573580596, -0.5717200938, 1.5406582583, 0.3071929823, -0.1466089774, -0.5145115133, -0.5407024061, -0.7029282989, -0.5121447955, -0.563587318, -0.5818122582, -0.7329815484, 1.7321247087, -0.0250595518, -0.6166232911, -0.7037925229, -0.859532394, -0.8412484453, -0.7825371885, -0.8532303656, -0.9793493163, -1.1194499881, 2.0072806266, -0.0479776103, -0.7226275343, -0.8606285768, -0.69489589, -0.9957094661, -1.0579677018, -1.087186669, -1.1106322804, -1.3619889491, 2.0182859823, 0.056308619, -0.5188898387, -1.0179578114, -0.9420769831, -0.9181382643, -1.1105029033, -1.132575621, -1.1236287977, -1.3570423239, 1.8102303499, 0.1050954711, -0.4098025741, -0.7175201359, -0.7692770786, -0.7675402466, -0.9153952464, -0.9344293267, -1.0495337865, -1.0847189312, 1.7220816691, 0.1049730426, -0.264193174, -0.1507421465, -0.4301416589, -0.4323143036, -0.5603998041, -0.4339762704, -0.7608465152, -1.0520910795, 1.7477441184, 0.6373817782, 0.2539614975, -0.0204302957, -0.178089247, -0.0145598683, -0.0715416076, -0.1270242063, -0.2381818952, -0.5965307108, 1.9850637709, 1.5340800249, 0.9035946234, 0.7877852829, 0.7494003358, 0.7015205064, 0.6179054017, 0.6260894429, 0.5054649981, 0.1792189582, 2.4622398957, 2.0434215955, 1.8850677084, 1.6910743994, 1.8120473182, 1.5225109775, 1.464753184, 1.4498111517, 1.1900363552, 0.8918402914]}