{"source": [{"position": [179.973209089019, 444.9827457443718], "counts": 500000.0}, {"position": [101.13698129708231, 170.22135886578283], "counts": 500000.0}], "output": [0.0, 0.0, 0.0, 0.0, 0.0, 0.0, 0.0, 0.0, 0.0, 0.0, 0.0, 0.0, 0.0, 0.0, 0.0, 0.0, 0.0, 0.0, 0.0, 0.0, 0.0, 0.0, 0.0, 0.0, 0.0, 0.0, 0.0, 0.0, 0.0, 0.0, 0.0, 0.0, 0.0, 0.0, 0.0, 0.0, 0.0, 0.0, 0.0, 0.0, 0.0, 0.0, 0.23036929, 0.26963071, 0.457410063, 0.042589937, 0.0, 0.0, 0.0, 0.0, 0.0, 0.0, 0.0, 0.0, 0.0, 0.0, 0.0, 0.0, 0.0, 0.0, 0.0, 0.0, 0.0, 0.0], "num_sources": 2, "seg_angles": 64, "input": [-1.2278661312, -1.1607537781, -1.2089798086, -1.1782030869, -1.1548698815, -1.0696534137, -0.951223024, -0.6816777368, -0.1154884723, 0.7923898935, -1.1339891585, -1.1357545687, -1.1165711615, -1.1694476776, -1.0955073225, -1.0485355873, -0.9702565651, -0.566590785, -0.0199236603, 1.0956140768, -1.1033693362, -1.0726031745, -1.1016414233, -1.0567425539, -1.0104757989, -0.901895817, -0.8662767092, -0.4767059977, 6.80055e-05, 1.0259406132, -1.0770857177, -0.946190162, -0.857351203, -0.9288374106, -0.9702702145, -0.8330966472, -0.7505031187, -0.5282287003, 0.0304824222, 1.1184201508, -0.9018275617, -0.8164345107, -0.8000784921, -0.746617604, -0.8060833717, -0.8073402106, -0.7098703302, -0.5033963658, 0.062043837, 0.9319431692, -0.6944031299, -0.6808706535, -0.5839323466, -0.4947900994, -0.4213004818, -0.4858597239, -0.510047135, -0.3303537891, 0.0219014773, 1.1870565829, -0.3494241647, -0.2411887043, -0.1738786217, 0.0933831715, -0.0840658585, -0.1238273275, -0.072248823, -0.0244827049, 0.2042493583, 1.380861108, 0.0914689904, 0.2811577283, 0.3888676692, 0.515372877, 0.3153652829, 0.3845862181, 0.4783348797, 0.5032233503, 0.5432686789, 1.23733834, 0.6945428496, 1.2219622886, 0.9750592871, 1.1076402143, 1.3353878663, 1.091196823, 1.0993677771, 1.1866316834, 1.1550578893, 1.3295119482, 1.4637268745, 1.8541015227, 2.1032114258, 2.1442091136, 2.0330796051, 1.7941084302, 1.920722418, 2.1634918546, 1.9068750092, 1.5856650535]}