{"source": [{"position": [-29.947529790645707, -449.002389146693], "counts": 500000.0}, {"position": [137.56241449788115, -151.99204623108784], "counts": 500000.0}], "output": [0.0, 0.0, 0.0, 0.0, 0.0, 0.0, 0.0, 0.0, 0.0, 0.0, 0.0, 0.0, 0.0, 0.0, 0.0, 0.3391873907, 0.1608126093, 0.0, 0.0, 0.0, 0.0, 0.0, 0.0, 0.2535922471, 0.2464077529, 0.0, 0.0, 0.0, 0.0, 0.0, 0.0, 0.0, 0.0, 0.0, 0.0, 0.0, 0.0, 0.0, 0.0, 0.0, 0.0, 0.0, 0.0, 0.0, 0.0, 0.0, 0.0, 0.0, 0.0, 0.0, 0.0, 0.0, 0.0, 0.0, 0.0, 0.0, 0.0, 0.0, 0.0, 0.0, 0.0, 0.0, 0.0, 0.0], "num_sources": 2, "seg_angles": 64, "input": [1.552432139, 1.9010448742, 1.9332749339, 2.105403167, 1.8923124893, 1.9943886063, 2.1577364049, 2.0749239279, 1.9341697815, 2.0084051795, 0.6059194532, 0.9187907119, 1.1547566051, 1.0928642288, 1.099998142, 1.1165977883, 1.1591305442, 1.0250583836, 1.1350461335, 1.7636464331, -0.0822952902, 0.110003759, 0.2042915623, 0.2023055727, 0.3109811505, 0.3544758099, 0.2805658931, 0.4105267831, 0.7756873672, 1.4674573194, -0.3896948267, -0.45280056, -0.3578711977, -0.2696908374, -0.1339827836, -0.1441733341, -0.1478605272, -0.038078892, 0.7444848038, 1.303410199, -0.6488395819, -0.6762459424, -0.6182522234, -0.4785163805, -0.4828123798, -0.5379362135, -0.4163950265, -0.2083021061, 0.4014221494, 0.9703895181, -0.8854190465, -0.9164501318, -0.8642272042, -0.8556053198, -0.8909229959, -0.7394569201, -0.6074119053, -0.2878452218, 0.3530911029, 1.0029150452, -1.0301220546, -1.0205762275, -1.0330167557, -0.978374633, -0.9558963529, -0.8150606817, -0.6423400148, -0.3050748639, 0.1939399552, 0.9407102619, -1.0665275073, -1.2090505707, -1.1028627188, -1.1041326004, -1.0039317933, -0.8048524741, -0.6283954502, -0.3815849747, 0.0981743282, 0.8684885038, -1.06606413, -1.1850461627, -1.1445928315, -1.12464919, -1.1036718376, -0.9483509525, -0.8495772724, -0.5304261748, 0.0601966594, 0.578612393, -1.16019623, -1.2015016188, -1.1823001665, -1.160513525, -1.1026996458, -1.0422195984, -0.9593320314, -0.556874643, -0.1455645132, 0.4184369815]}