{"source": [{"position": [-116.60211210681524, -230.14766445095563], "counts": 500000.0}, {"position": [-86.75513596570788, -64.323762200073], "counts": 500000.0}], "output": [0.0, 0.0, 0.0, 0.0, 0.0, 0.0, 0.2506905629, 0.2493094371, 0.0, 0.0, 0.0, 0.3883215094, 0.1116784906, 0.0, 0.0, 0.0, 0.0, 0.0, 0.0, 0.0, 0.0, 0.0, 0.0, 0.0, 0.0, 0.0, 0.0, 0.0, 0.0, 0.0, 0.0, 0.0, 0.0, 0.0, 0.0, 0.0, 0.0, 0.0, 0.0, 0.0, 0.0, 0.0, 0.0, 0.0, 0.0, 0.0, 0.0, 0.0, 0.0, 0.0, 0.0, 0.0, 0.0, 0.0, 0.0, 0.0, 0.0, 0.0, 0.0, 0.0, 0.0, 0.0, 0.0, 0.0], "num_sources": 2, "seg_angles": 64, "input": [1.7063239716, 1.7446623154, 1.7366337163, 1.6188718389, 1.7845627542, 1.6830375588, 1.7317357071, 1.6243451319, 1.5806490701, 1.3720981497, 1.6699521299, 0.990259659, 0.7989944083, 0.5983850708, 0.6104851785, 0.6446570953, 0.5977237769, 0.6810714233, 0.6075397349, 0.2356996144, 1.7560409934, 0.8407107889, 0.2157171302, 0.1493772717, -0.0230770512, -0.1728197416, -0.1868960279, -0.1565676708, -0.1434723135, -0.4798469661, 1.7483767943, 0.7733149964, 0.1142182474, -0.117857881, -0.4075675024, -0.4811556538, -0.5788831603, -0.4817858338, -0.6350897508, -0.7798141637, 1.7226200735, 0.6928376838, 0.0117614333, -0.3169600763, -0.5169677468, -0.7783620434, -0.7607000477, -0.8322278827, -0.8659391634, -0.9654935052, 1.6884063548, 0.7728801781, 0.0510746792, -0.5008193707, -0.5536341625, -0.8427848172, -0.9542693669, -0.9847579609, -0.9671004214, -1.070769469, 1.6216098975, 0.683272097, -0.032136954, -0.4091637171, -0.7113479948, -0.8744371472, -1.0051656489, -1.0564370106, -1.0972355235, -1.1290483919, 1.6802867985, 0.7704979708, -0.058711483, -0.4269538891, -0.7565910478, -0.8947957733, -0.958157045, -1.0531528784, -1.1491130586, -1.2057661166, 1.7012541341, 0.6349459328, -0.2087270088, -0.5572783223, -0.8085430948, -0.9583302516, -1.0270796931, -1.1564874473, -1.1850589945, -1.2082143061, 1.3621825141, 0.2748588419, -0.3696777087, -0.6431166072, -0.9000612609, -1.0156592644, -1.1788029313, -1.201377945, -1.2248024054, -1.2668824446]}