{"source": [{"position": [328.7201367799405, 215.38818833765512], "counts": 500000.0}, {"position": [435.7647473936086, -14.320786604953259], "counts": 500000.0}], "output": [0.0, 0.0, 0.0, 0.0, 0.0, 0.0, 0.0, 0.0, 0.0, 0.0, 0.0, 0.0, 0.0, 0.0, 0.0, 0.0, 0.0, 0.0, 0.0, 0.0, 0.0, 0.0, 0.0, 0.0, 0.0, 0.0, 0.0, 0.0, 0.0, 0.0, 0.0, 0.1673125871, 0.3326874129, 0.0, 0.0, 0.0, 0.0, 0.0458552504, 0.4541447496, 0.0, 0.0, 0.0, 0.0, 0.0, 0.0, 0.0, 0.0, 0.0, 0.0, 0.0, 0.0, 0.0, 0.0, 0.0, 0.0, 0.0, 0.0, 0.0, 0.0, 0.0, 0.0, 0.0, 0.0, 0.0], "num_sources": 2, "seg_angles": 64, "input": [-1.1383043335, -1.1159357469, -1.138994342, -0.9963111309, -0.740775673, -0.5179704996, -0.4973024629, 0.0659770327, 0.8646694009, 1.7587119504, -1.2258680556, -1.1359510272, -0.9321555326, -0.9225642308, -0.6700251526, -0.3519949724, -0.1211374551, 0.432718247, 1.1644276487, 2.2531629725, -1.1573456307, -1.1146834804, -0.971454255, -0.9124717627, -0.6710353922, -0.4076057418, 0.0489261849, 0.4453577293, 1.3870770659, 1.9731436152, -1.1337999239, -1.0830290567, -0.9896494862, -0.9257396127, -0.739846335, -0.4241719788, -0.0756007487, 0.2536083182, 1.1819826116, 2.1912059899, -1.1192885575, -1.1165472167, -0.9808999895, -0.8082958598, -0.6370540712, -0.382066764, -0.0263505932, 0.469636761, 1.5432940591, 2.1607319424, -1.1290372765, -0.9877355902, -0.9751748565, -0.8050419455, -0.6993608262, -0.5035449573, -0.203403092, 0.3930429047, 1.4222461868, 2.2704383754, -1.0286019596, -0.8917088868, -0.8166305682, -0.6954951394, -0.5552808197, -0.3491009066, -0.0444003488, 0.3931553653, 1.0626166692, 2.2632396649, -0.8748650729, -0.6460086689, -0.5346715741, -0.5593038747, -0.3653411055, -0.241573087, -0.0641026691, 0.6781533545, 1.3242013958, 2.014915686, -0.3184799005, -0.289689846, -0.1638342703, -0.2679055722, -0.0344769664, 0.0643108121, 0.4804218093, 0.6429629968, 1.287961845, 1.9480003165, 0.0720699791, 0.117711325, 0.1951915481, 0.4126355567, 0.4553453504, 0.4813018361, 0.7860673423, 0.9158575762, 1.4147283648, 1.935789062]}