{"source": [{"position": [141.97581737513602, 41.79554139692452], "counts": 500000.0}, {"position": [-402.73824723530527, -177.20582443541207], "counts": 500000.0}], "output": [0.0, 0.0, 0.0, 0.0, 0.3889232742, 0.1110767258, 0.0, 0.0, 0.0, 0.0, 0.0, 0.0, 0.0, 0.0, 0.0, 0.0, 0.0, 0.0, 0.0, 0.0, 0.0, 0.0, 0.0, 0.0, 0.0, 0.0, 0.0, 0.0, 0.0, 0.0, 0.0, 0.0, 0.0, 0.0, 0.0418991696, 0.4581008304, 0.0, 0.0, 0.0, 0.0, 0.0, 0.0, 0.0, 0.0, 0.0, 0.0, 0.0, 0.0, 0.0, 0.0, 0.0, 0.0, 0.0, 0.0, 0.0, 0.0, 0.0, 0.0, 0.0, 0.0, 0.0, 0.0, 0.0, 0.0], "num_sources": 2, "seg_angles": 64, "input": [-0.7063193689, -0.7933336471, -0.6938648995, -0.4289570167, -0.5003570018, -0.3347041569, 0.1674213191, 0.5466536382, 1.4282343672, 2.5122101473, -0.5397335294, -0.7818851357, -0.9786190218, -0.9718608314, -0.7207536806, -0.5731902682, -0.2886204477, 0.4738239303, 1.2354131228, 2.2939205794, -0.5341197222, -0.7424573091, -1.0320248875, -1.0245062669, -0.9067868102, -0.691153001, -0.4613782331, 0.2013724615, 1.3400718324, 2.1223867751, -0.6374233419, -0.8955958061, -0.7758347135, -0.8967412213, -0.9990374195, -0.6042888712, -0.3052275528, 0.4281634787, 1.3875221992, 2.1299411602, -0.6325982087, -0.8771454726, -1.0403768244, -0.8866857708, -1.1033278106, -0.5858627733, -0.1874331319, 0.3247015362, 1.2363076611, 2.0152882189, -0.5815760067, -0.6806644131, -0.896750502, -1.0310188235, -1.1067952815, -0.5967501113, -0.1684307411, 0.3640438092, 1.3743912274, 2.1392501686, -0.5558784732, -0.7434710127, -0.930273168, -1.0473746267, -0.8609104839, -0.6226070935, -0.2470735398, 0.4833663607, 1.1959062482, 2.3812738012, -0.3244387177, -0.7286358545, -0.8660562185, -1.1042373072, -0.7563551948, -0.6299413992, -0.3149928485, 0.31665295, 1.1457660461, 2.1340223747, -0.0929468179, -0.3071814761, -0.5786733023, -0.6789106806, -0.6567219728, -0.4334317422, -0.4207556212, 0.0847725, 1.0985194772, 2.1645604793, 0.8904082487, 0.676552318, 0.5337363272, 0.7123871442, 0.2469393684, 0.5861075808, 0.2709790488, 0.7381077393, 0.9331028973, 1.7807790422]}