{"source": [{"position": [-126.64824257384096, 59.66760136755568], "counts": 500000.0}, {"position": [-26.02146044803713, 175.0767934254887], "counts": 500000.0}], "output": [0.0, 0.0, 0.0, 0.0, 0.0, 0.0, 0.0, 0.0, 0.0, 0.0, 0.0, 0.0, 0.0, 0.0, 0.0, 0.0, 0.0, 0.0, 0.0, 0.0, 0.0, 0.0, 0.0, 0.0, 0.0, 0.0, 0.0, 0.0, 0.0, 0.0, 0.0, 0.0, 0.0, 0.0, 0.0, 0.0, 0.0, 0.0, 0.0, 0.0, 0.0, 0.0, 0.0, 0.0, 0.0, 0.0, 0.0, 0.0, 0.0, 0.2485406958, 0.2514593042, 0.0, 0.0, 0.0, 0.0, 0.0, 0.0, 0.0, 0.0, 0.2423522509, 0.2576477491, 0.0, 0.0, 0.0], "num_sources": 2, "seg_angles": 64, "input": [1.0701314579, -0.0108119815, -0.5730961455, -0.7866836602, -1.0212036065, -1.0867126159, -1.1923878683, -1.292098528, -1.3123152849, -1.3592119081, 1.0839534657, 0.2724771664, -0.1467311356, -0.6493391099, -0.8945619109, -0.9883541198, -1.1031424013, -1.2619582768, -1.3004568055, -1.3227178441, 1.2045866203, 0.207804224, -0.0963455658, -0.5888742245, -0.7372339057, -0.8749888129, -1.107938279, -1.1367480418, -1.2067989225, -1.2885515093, 1.1836418251, 0.4776769886, -0.0917996615, -0.3551299277, -0.6041787478, -0.8452116195, -1.0299589574, -1.0783935231, -1.1027719358, -1.2248414194, 1.2886147162, 0.5601323789, 0.0387484389, -0.3628489971, -0.599206555, -0.7047343487, -0.8623576382, -0.852848027, -0.922273302, -1.0840924197, 1.4102898404, 0.5699541105, 0.1850010454, -0.071655005, -0.4878890522, -0.6371437184, -0.6346515004, -0.6746522369, -0.9476156944, -0.9460256949, 1.5709906369, 0.8957478747, 0.4074514572, 0.1490466061, -0.2077883513, -0.3726040954, -0.3734934413, -0.4960397118, -0.5679606417, -0.6997934138, 1.704855364, 1.226558025, 0.5860784132, 0.2278645372, 0.1834015905, 0.0621691151, 0.0115842064, -0.0377668783, -0.1838723498, -0.3504538074, 1.8770457344, 1.3306258203, 0.9657628074, 0.8251174231, 0.8443142667, 0.7029949084, 0.5419070624, 0.6334733019, 0.59880783, 0.1879241596, 1.9771352527, 1.9367260471, 1.9078415222, 1.817216351, 1.6190327817, 1.8990818127, 1.9147997503, 1.6631435227, 1.5739526497, 1.3536520283]}