{"source": [{"position": [125.74349627967919, 304.0223234293204], "counts": 500000.0}, {"position": [-271.3856916317305, 342.51832998770635], "counts": 500000.0}], "output": [0.0, 0.0, 0.0, 0.0, 0.0, 0.0, 0.0, 0.0, 0.0, 0.0, 0.0, 0.0, 0.0, 0.0, 0.0, 0.0, 0.0, 0.0, 0.0, 0.0, 0.0, 0.0, 0.0, 0.0, 0.0, 0.0, 0.0, 0.0, 0.0, 0.0, 0.0, 0.0, 0.0, 0.0, 0.0, 0.0, 0.0, 0.0, 0.0, 0.0, 0.0, 0.0, 0.0, 0.0, 0.497330242, 0.002669758, 0.0, 0.0, 0.0, 0.0, 0.0, 0.0, 0.0, 0.0, 0.0874977329, 0.4125022671, 0.0, 0.0, 0.0, 0.0, 0.0, 0.0, 0.0, 0.0], "num_sources": 2, "seg_angles": 64, "input": [-0.0815080331, -0.5941412282, -0.9834212536, -1.1996369269, -1.2396495322, -1.2226074852, -1.2335418443, -1.2085390402, -0.8389957781, -0.2444888899, -0.1073599563, -0.3318934557, -0.9301105189, -1.0687635761, -1.1408406374, -1.1689214806, -1.1649370764, -1.0816661961, -0.7883017701, 0.059100253, -0.0152745102, -0.4845216579, -0.8651011808, -0.9346464105, -1.0908177721, -1.0515458993, -1.0895940383, -0.9571107574, -0.7161549494, 0.001081638, 0.0278784513, -0.401235471, -0.7134056188, -0.8591219481, -0.9750449902, -0.8592938552, -0.9452736224, -1.0316887624, -0.8243355543, 0.049483183, 0.196776669, -0.1763402548, -0.6126311073, -0.6521566166, -0.7940808161, -0.7144286525, -0.8766647924, -0.8530913576, -0.5411251396, 0.1808874491, 0.1580180099, 0.0901298342, -0.5159755672, -0.3974290332, -0.5452255101, -0.5728656204, -0.5014467245, -0.4487714163, -0.4136954219, 0.3837633793, 0.4350184583, 0.3360334523, -0.1589409934, -0.1510110895, -0.2270026213, -0.1597137367, -0.3363659513, -0.3242542381, -0.0676069022, 0.4578860608, 0.8344964055, 0.570855625, 0.3966287307, 0.5817985127, 0.2119167414, 0.5137445605, 0.4805342968, 0.2845020325, 0.4039616268, 0.5706493814, 1.1010748108, 0.9573495561, 1.2655272586, 1.1741159653, 1.1638656637, 1.4755613619, 1.1999619997, 1.3247995996, 1.2794517891, 0.8912093031, 1.9769076048, 1.9549215293, 2.4039208389, 2.0757100908, 1.8744236758, 2.4200766576, 2.6051463194, 1.8552756783, 2.3169144071, 1.9429563791]}