{"source": [{"position": [10.50123275900849, 63.13259150819905], "counts": 500000.0}, {"position": [15.47190097910758, -53.82025901175774], "counts": 500000.0}], "output": [0.0, 0.0, 0.0, 0.0, 0.0, 0.0, 0.0, 0.0, 0.0, 0.0, 0.0, 0.0, 0.0, 0.0, 0.0, 0.0, 0.0, 0.0, 0.0743516817, 0.4256483183, 0.0, 0.0, 0.0, 0.0, 0.0, 0.0, 0.0, 0.0, 0.0, 0.0, 0.0, 0.0, 0.0, 0.0, 0.0, 0.0, 0.0, 0.0, 0.0, 0.0, 0.0, 0.0, 0.0, 0.0, 0.0, 0.0, 0.3394574499, 0.1605425501, 0.0, 0.0, 0.0, 0.0, 0.0, 0.0, 0.0, 0.0, 0.0, 0.0, 0.0, 0.0, 0.0, 0.0, 0.0, 0.0], "num_sources": 2, "seg_angles": 64, "input": [1.0181877942, 1.6266517734, 1.566779588, 1.5692699233, 2.035046768, 1.8579516599, 1.8465232994, 1.6319847365, 1.9303139894, 2.0061070954, -0.0843389893, 0.4929246022, 0.4149303712, 0.7565874031, 0.9318922155, 0.8074432047, 0.8571606523, 0.7422234907, 0.8862249481, 0.9257620998, -0.7705660353, -0.3658688615, -0.369441631, -0.1250181816, -0.1875587741, -0.092493593, -0.1507895038, -0.0237796325, -0.1173447685, 0.5775522591, -1.3239591628, -0.9608666558, -0.8914876808, -0.7471835662, -0.6534683804, -0.6687176262, -0.7997133646, -0.7834353244, -0.728113999, 0.331177215, -1.6307330892, -1.2838421215, -1.1589982584, -1.1034267615, -1.1132863939, -1.0403166472, -0.9743046565, -1.0604788543, -0.981165111, 0.0867758579, -1.6610405812, -1.3164378106, -1.0965228398, -1.0680327325, -1.0409690559, -1.0864392946, -1.1576169329, -1.1047644171, -1.017844452, 0.1762969085, -1.4939457469, -1.0098294103, -0.8324186717, -0.88219414, -0.8204739249, -0.6698874518, -0.7782257373, -0.8258683232, -0.7453600377, 0.417252335, -1.0997023129, -0.5213163188, -0.4230255052, -0.4060103088, -0.4292672144, -0.1619394532, -0.3581366113, -0.3941003403, -0.3692247227, 0.8694354499, -0.273810312, 0.0529117421, 0.3665778731, 0.3659748366, 0.258899305, 0.4182815631, 0.3317042394, 0.4450140147, 0.5796412101, 1.4949998183, 0.6234752623, 1.1803932197, 1.0973550935, 1.0826761979, 1.3998297125, 1.1868725947, 1.2643206931, 1.1049718465, 1.6450213989, 1.9737260224]}