{"source": [{"position": [90.86910741483408, -4.879069340698918], "counts": 500000.0}, {"position": [-81.11464023792915, -245.97035418739256], "counts": 500000.0}], "output": [0.0, 0.0, 0.0, 0.0, 0.0, 0.0, 0.0, 0.0, 0.0, 0.0, 0.0, 0.0, 0.1223301882, 0.3776698118, 0.0, 0.0, 0.0, 0.0, 0.0, 0.0, 0.0, 0.0, 0.0, 0.0, 0.0, 0.0, 0.0, 0.0, 0.0, 0.0, 0.0, 0.2731957914, 0.2268042086, 0.0, 0.0, 0.0, 0.0, 0.0, 0.0, 0.0, 0.0, 0.0, 0.0, 0.0, 0.0, 0.0, 0.0, 0.0, 0.0, 0.0, 0.0, 0.0, 0.0, 0.0, 0.0, 0.0, 0.0, 0.0, 0.0, 0.0, 0.0, 0.0, 0.0, 0.0], "num_sources": 2, "seg_angles": 64, "input": [-0.5152254958, -0.3506464598, -0.2830775525, -0.1755943023, -0.0681021827, 0.4343667281, 0.5629792293, 0.952650637, 1.6520414841, 2.456962288, -0.6228071354, -0.4648659536, -0.3405691934, -0.1720959998, 0.0388893632, 0.1298824509, 0.6643553458, 1.0859489634, 1.6777213701, 2.5092374648, -0.7065677989, -0.7929124223, -0.5853081992, -0.4985669041, -0.2244007267, -0.0209181228, 0.4895176609, 0.9606081786, 1.5650106877, 2.2073707409, -0.6375530199, -0.8976235158, -0.7854074201, -0.5915442909, -0.473497762, -0.2228079321, 0.2829584294, 0.8040023217, 1.4215059255, 2.0868949093, -0.7078984186, -0.9906638151, -0.9786698605, -0.6892976823, -0.6100601695, -0.4268438883, 0.1028088529, 0.6385172424, 1.4205903121, 2.0503485152, -0.7418325166, -0.9345720295, -1.0236211326, -0.8158052524, -0.6609673932, -0.4056523562, 0.0281317383, 0.4304079473, 1.2356275615, 2.0522473784, -0.8086309458, -1.0703146566, -1.0260338092, -0.9830082199, -0.7348913604, -0.5067461257, -0.1134671709, 0.5447142292, 1.3834616801, 1.9854244456, -0.7751701231, -1.117617807, -1.1040675136, -0.9841340716, -0.8669977878, -0.5098029432, -0.0675367386, 0.3676417769, 0.9594553995, 1.7674413535, -0.7397114669, -1.1366879835, -1.1493321285, -1.0423172451, -0.835480719, -0.6518194449, -0.1699060876, 0.2764109403, 0.9461582884, 1.72045653, -0.8288789901, -1.2049192164, -1.2084684526, -1.2040138142, -1.0383550697, -0.8491647299, -0.5049286362, 0.0323082334, 0.473145836, 1.250177723]}