{"source": [{"position": [287.9437779324585, 171.2115088128803], "counts": 500000.0}, {"position": [91.34773390283328, 432.4576181671647], "counts": 500000.0}], "output": [0.0, 0.0, 0.0, 0.0, 0.0, 0.0, 0.0, 0.0, 0.0, 0.0, 0.0, 0.0, 0.0, 0.0, 0.0, 0.0, 0.0, 0.0, 0.0, 0.0, 0.0, 0.0, 0.0, 0.0, 0.0, 0.0, 0.0, 0.0, 0.0, 0.0, 0.0, 0.0, 0.0, 0.0, 0.0, 0.0, 0.0, 0.2679345007, 0.2320654993, 0.0, 0.0, 0.0, 0.0, 0.0, 0.0, 0.0601975958, 0.4398024042, 0.0, 0.0, 0.0, 0.0, 0.0, 0.0, 0.0, 0.0, 0.0, 0.0, 0.0, 0.0, 0.0, 0.0, 0.0, 0.0, 0.0], "num_sources": 2, "seg_angles": 64, "input": [-1.3336052956, -1.2753099812, -1.2578853181, -1.2649331391, -1.0201642507, -0.8854294616, -0.8625072429, -0.5313271285, -0.1275093849, 0.7181680422, -1.3144820688, -1.2159012892, -1.1429416653, -1.1414077723, -0.9564845547, -0.8938925021, -0.6091655779, -0.3491007946, 0.3603529626, 1.311542273, -1.2418895478, -1.2218900985, -1.1787287473, -1.0154636232, -0.9159875531, -0.675156507, -0.6418177987, -0.2633518222, 0.2073524792, 1.5951741612, -1.2003202876, -1.0887675432, -1.0638702302, -0.955737094, -0.8365197604, -0.715978885, -0.4030446637, -0.2252743207, 0.1924897054, 1.3922976974, -1.0113905207, -0.9763795388, -0.8318097834, -0.9391134661, -0.858585016, -0.5008928454, -0.2718191492, -0.0648132177, 0.2723319717, 1.2148004379, -0.824826431, -0.7498035575, -0.7282874724, -0.6864641486, -0.6567085007, -0.5572879494, -0.3718834033, 0.071548866, 0.662161229, 1.4497519479, -0.5622534285, -0.5329158616, -0.6072211813, -0.3123824146, -0.2717327818, -0.1788869364, 0.0170658587, 0.4449879777, 0.7375884658, 1.3540667033, -0.4049087652, 0.1232787693, 0.1036232813, -0.0243850635, 0.1436835205, 0.198773122, 0.1772695089, 0.3967004247, 1.1727943929, 1.4328224621, 0.2234593075, 0.7068145238, 0.6952885583, 0.777830233, 0.911529671, 0.80417029, 0.6293638017, 0.8451106169, 1.3606534992, 1.8700513591, 1.6455525921, 1.5858834639, 2.0689843081, 1.9382297563, 1.6924770458, 1.7594587287, 1.8790201354, 1.9427167817, 1.8750458974, 1.788330513]}