{"source": [{"position": [369.1895275882941, -45.6409105861418], "counts": 500000.0}, {"position": [-108.46724612088713, -227.46176935685452], "counts": 500000.0}], "output": [0.0, 0.0, 0.0, 0.0, 0.0, 0.0, 0.0, 0.0, 0.0, 0.0, 0.0, 0.2661841367, 0.2338158633, 0.0, 0.0, 0.0, 0.0, 0.0, 0.0, 0.0, 0.0, 0.0, 0.0, 0.0, 0.0, 0.0, 0.0, 0.0, 0.0, 0.0, 0.126436575, 0.373563425, 0.0, 0.0, 0.0, 0.0, 0.0, 0.0, 0.0, 0.0, 0.0, 0.0, 0.0, 0.0, 0.0, 0.0, 0.0, 0.0, 0.0, 0.0, 0.0, 0.0, 0.0, 0.0, 0.0, 0.0, 0.0, 0.0, 0.0, 0.0, 0.0, 0.0, 0.0, 0.0], "num_sources": 2, "seg_angles": 64, "input": [1.0587455609, 1.3884500852, 1.8030328466, 1.4988407029, 1.820227416, 1.8468983627, 2.0240258198, 2.2509012534, 2.4282425854, 2.1191879513, 0.5251550303, 0.4612728188, 0.5149250304, 0.3912684251, 0.7404684256, 1.1047922676, 1.0871194333, 1.5726469967, 1.9063073693, 2.4074468938, 0.5754607401, -0.2334377184, -0.1142634326, -0.0625369299, 0.0928412884, 0.4060981272, 0.4238804561, 0.9357612367, 1.2441687533, 1.5037162095, 0.5937983526, -0.5796954256, -0.8097918108, -0.5578676672, -0.2204459235, -0.3704044923, -0.2388837076, 0.710241869, 0.7140742074, 1.0529179283, 0.2691799441, -0.6885469564, -0.9842168063, -0.782214539, -0.5796625049, -0.5562454277, -0.5079978708, -0.1266467455, 0.4270108148, 0.5998169816, 0.4500037313, -0.6484844678, -1.0432645108, -1.0387273344, -0.8556445591, -0.7604510202, -0.5577153392, -0.1093611137, 0.357088001, 0.6821158317, 0.3125882062, -0.5912181282, -1.1002761295, -1.1878949484, -0.9877259338, -0.8388976895, -0.637479262, -0.3518197849, -0.0956700472, 0.284337133, 0.0807677209, -0.6591200817, -1.1514405183, -1.2835389839, -1.2230799705, -1.1682023053, -0.8929330725, -0.5762174001, -0.1301093264, 0.3057802255, 0.1990235282, -0.8536257698, -1.1131302534, -1.2621062107, -1.3200392235, -1.1320176522, -0.8566393856, -0.5935289751, -0.2434547724, 0.3110512376, -0.130655658, -0.8896646033, -1.3421184434, -1.4945410866, -1.440736556, -1.3331032222, -1.1144878052, -0.7672445589, -0.2721276731, -0.0203260636]}