{"source": [{"position": [-95.83399620050413, -28.563003557780142], "counts": 500000.0}, {"position": [-21.515047706261374, 54.937261691836234], "counts": 500000.0}], "output": [0.0, 0.0, 0.0247544433, 0.4752455567, 0.0, 0.0, 0.0, 0.0, 0.0, 0.0, 0.0, 0.0, 0.0, 0.0, 0.0, 0.0, 0.0, 0.0, 0.0, 0.0, 0.0, 0.0, 0.0, 0.0, 0.0, 0.0, 0.0, 0.0, 0.0, 0.0, 0.0, 0.0, 0.0, 0.0, 0.0, 0.0, 0.0, 0.0, 0.0, 0.0, 0.0, 0.0, 0.0, 0.0, 0.0, 0.0, 0.0, 0.0, 0.0, 0.0, 0.0, 0.0989535684, 0.4010464316, 0.0, 0.0, 0.0, 0.0, 0.0, 0.0, 0.0, 0.0, 0.0, 0.0, 0.0], "num_sources": 2, "seg_angles": 64, "input": [1.0474611052, 0.1482229323, -0.3772103113, -0.5032401972, -0.6102418282, -0.6310630981, -0.8242022392, -0.7685260027, -0.8165018862, -0.8487306886, 1.402682748, 0.21636943, -0.4122241921, -0.839327524, -0.910393727, -1.1008833082, -1.1263788367, -1.1529551151, -1.1764502108, -1.2663085076, 1.5376134137, 0.206871122, -0.3935306888, -0.7671490988, -0.8927703425, -1.0327763971, -1.1366976643, -1.2323095536, -1.2775447155, -1.3368924926, 1.6465488784, 0.3939477457, -0.3377991752, -0.60479655, -0.755578332, -0.9280316711, -1.0837044361, -1.10023273, -1.1689543715, -1.2851727414, 1.6799122146, 0.3849865245, -0.1058080621, -0.517876573, -0.6220627235, -0.8370697312, -0.9326854935, -0.9324707021, -1.1463251113, -1.1959353844, 1.5977926087, 0.5634429242, 0.0363652558, -0.2169878212, -0.434999076, -0.5851126167, -0.6815876573, -0.7543758005, -0.8525423752, -1.0295062253, 1.6880949598, 0.6699792999, 0.205820883, 0.0760076499, -0.0643703229, -0.2902403756, -0.4278731142, -0.503877723, -0.5620369519, -0.7410327302, 1.7630414372, 1.106105027, 0.7628519072, 0.4580970758, 0.3347274351, 0.1423493566, -0.0393597667, -0.1025642532, -0.1167654232, -0.4283532832, 1.9908278902, 1.6039882297, 1.368891351, 1.0961832416, 0.8041691893, 0.6621181607, 0.6820499153, 0.5377123676, 0.3456986793, 0.0920285022, 2.1764377403, 2.1798086733, 1.9739795464, 1.7378538365, 1.6079665591, 1.4908005132, 1.3444694803, 1.1532430751, 1.1548908604, 0.7479881843]}