{"source": [{"position": [-98.56059098614872, -237.3495521471677], "counts": 500000.0}, {"position": [-332.7584518668993, 38.68866385835037], "counts": 500000.0}], "output": [0.0, 0.0, 0.0, 0.0, 0.0, 0.0, 0.0, 0.0, 0.0, 0.0, 0.0, 0.0045256278, 0.4954743722, 0.0, 0.0, 0.0, 0.0, 0.0, 0.0, 0.0, 0.0, 0.0, 0.0, 0.0, 0.0, 0.0, 0.0, 0.0, 0.0, 0.0, 0.0, 0.0, 0.0, 0.0, 0.0, 0.0, 0.0, 0.0, 0.0, 0.0, 0.0, 0.0, 0.0, 0.0, 0.0, 0.0, 0.0, 0.0, 0.0, 0.0, 0.0, 0.0, 0.0, 0.0, 0.0, 0.0, 0.0, 0.0, 0.0, 0.0, 0.0, 0.0, 0.0894937414, 0.4105062586], "num_sources": 2, "seg_angles": 64, "input": [2.1674973655, 1.921070495, 1.5326052856, 1.3071945781, 1.3356495062, 0.988511305, 0.989376063, 0.8964513339, 0.8141909453, 0.5157038589, 1.940098677, 1.3429889966, 1.1839708251, 0.8681053023, 0.6642849985, 0.5994328416, 0.4729069854, 0.3870345416, 0.3313562211, -0.0922787993, 1.8831714173, 1.2104498636, 0.8637378175, 0.4851592522, 0.1407132041, 0.1536523732, -0.0748925808, -0.1756708712, -0.1639408304, -0.4275090147, 2.0007872873, 0.8428586331, 0.4023864979, 0.1571850358, -0.2432665587, -0.2195025963, -0.3966986588, -0.5109361294, -0.5496755468, -0.8030841949, 1.8721707055, 0.8481290299, 0.153211678, -0.0399916873, -0.4259123018, -0.5188565247, -0.7786484931, -0.8172192321, -0.947227995, -0.9957411258, 1.9356529066, 0.7337625747, -0.0970061262, -0.3939004226, -0.5462847858, -0.7785110575, -0.8509573361, -0.9829526998, -1.0424419899, -1.1248708757, 1.74824858, 0.4795751525, -0.0104701927, -0.506668598, -0.6619029618, -0.8844914891, -0.9550135697, -1.1378749698, -1.1806748098, -1.2107825964, 1.963669886, 0.5454970589, -0.207058486, -0.5477482293, -0.8594505136, -1.0439580978, -1.0958993721, -1.1349133116, -1.2363032664, -1.3730232059, 1.8065051377, 0.5586918543, -0.1281857744, -0.6453692164, -0.9448822626, -1.079843279, -1.1096446555, -1.262224431, -1.3651822509, -1.4008380321, 1.4505216028, 0.2259394927, -0.3160345164, -0.568819904, -0.8729021082, -1.0515451563, -0.9585412772, -0.8311582257, -0.9525261224, -1.1881978506]}