{"source": [{"position": [-161.78371208004418, -426.3355843764409], "counts": 500000.0}, {"position": [174.04850874707472, 229.45831125265317], "counts": 500000.0}], "output": [0.0, 0.0, 0.0, 0.0, 0.0, 0.0, 0.0, 0.0, 0.0, 0.0, 0.0, 0.0, 0.3471558729, 0.1528441271, 0.0, 0.0, 0.0, 0.0, 0.0, 0.0, 0.0, 0.0, 0.0, 0.0, 0.0, 0.0, 0.0, 0.0, 0.0, 0.0, 0.0, 0.0, 0.0, 0.0, 0.0, 0.0, 0.0, 0.0, 0.0, 0.0, 0.0, 0.3049787847, 0.1950212153, 0.0, 0.0, 0.0, 0.0, 0.0, 0.0, 0.0, 0.0, 0.0, 0.0, 0.0, 0.0, 0.0, 0.0, 0.0, 0.0, 0.0, 0.0, 0.0, 0.0, 0.0], "num_sources": 2, "seg_angles": 64, "input": [-0.1001735048, 0.0699074714, -0.1959175145, 0.018476763, 0.4976402404, 0.3009209445, 0.4008715011, 0.9566828491, 1.9498959187, 2.3213015635, -0.5313618395, -0.3599129515, -0.5059721552, -0.095408445, -0.3381792057, -0.3498063896, 0.1164470221, 0.4823892231, 1.5767409904, 2.5984834576, -0.6786903795, -0.9922336616, -1.13042993, -0.8390635803, -1.1668878549, -0.818092194, -0.5801392408, 0.2857286172, 0.9164220802, 1.6574378639, -0.5175762627, -0.8863715113, -1.2006335858, -1.5075202077, -1.331189125, -0.9038499967, -1.0239797285, -0.1521063736, 0.6906748411, 1.3845648003, -0.4349543253, -1.0208191105, -1.526642123, -1.3026380076, -1.5297076282, -1.2197171041, -1.1015575399, -0.521108784, 0.4136979342, 1.0899190581, 0.0386198146, -1.037126574, -1.3097305465, -1.4163169032, -1.110620601, -1.1758546073, -1.0976080028, -0.9152055467, -0.2511377337, 1.1844295052, 0.1756100554, -0.730651225, -0.9105517141, -1.1784159157, -0.8365565761, -0.8254715093, -0.8198654372, -0.7280368123, -0.1295244703, 0.865251919, 0.9622610503, -0.0635813092, -0.2426944408, -0.3807413311, -0.579540229, -0.6116945906, -0.6623913543, -0.4339409934, -0.14745451, 1.4252539083, 1.5236561971, 0.7259454194, 0.5686323595, 0.105350994, 0.8734168842, 0.4774015769, 0.4894068724, 0.3391492138, 0.3603966652, 0.9198047765, 2.0341316496, 1.5613326063, 1.4095717529, 1.49376013, 1.4929510934, 1.390146972, 1.0642823411, 1.0338350248, 1.2419565862, 0.9725946859]}