{"source": [{"position": [8.917545048116452, -114.65372820067742], "counts": 500000.0}, {"position": [-132.36564220254738, 208.5385738042418], "counts": 500000.0}], "output": [0.0, 0.0, 0.0, 0.0, 0.0, 0.0, 0.0, 0.0, 0.0, 0.0, 0.0, 0.0, 0.0, 0.0, 0.0, 0.0, 0.1046754516, 0.3953245484, 0.0, 0.0, 0.0, 0.0, 0.0, 0.0, 0.0, 0.0, 0.0, 0.0, 0.0, 0.0, 0.0, 0.0, 0.0, 0.0, 0.0, 0.0, 0.0, 0.0, 0.0, 0.0, 0.0, 0.0, 0.0, 0.0, 0.0, 0.0, 0.0, 0.0, 0.0, 0.0, 0.0, 0.0, 0.0, 0.1195989046, 0.3804010954, 0.0, 0.0, 0.0, 0.0, 0.0, 0.0, 0.0, 0.0, 0.0], "num_sources": 2, "seg_angles": 64, "input": [2.8841459455, 2.6185884218, 2.2070868503, 2.1669941543, 2.3852068031, 1.7974866312, 2.4217973348, 2.1692715874, 1.809359178, 1.2750256817, 1.90216638, 1.6836311206, 1.4089420066, 1.1636443177, 1.0567667428, 1.1264843875, 1.1128788218, 1.1537719732, 1.0839471415, 0.5152847607, 1.1884835675, 1.025730326, 0.6305796608, 0.530749223, 0.3192465367, 0.2741503755, 0.3053683949, 0.2251610268, 0.1977798323, -0.1838434467, 0.6395433746, 0.2932840248, 0.0606909969, -0.1815758896, -0.2558259914, -0.1330928804, -0.2436516244, -0.4861444314, -0.2854980982, -0.7628469279, 0.0328757192, -0.1737459433, -0.5320724532, -0.6176775247, -0.6331802668, -0.7268637844, -0.5004509066, -0.7134170909, -0.7436126152, -0.9890251372, -0.1271325814, -0.5703782843, -0.8098810944, -0.8018047125, -0.8082844418, -1.0417240556, -0.8953832238, -0.972850867, -1.1466770072, -1.0806123057, -0.2484715585, -0.7898040566, -0.987024634, -1.0570406172, -0.9966546238, -0.8994569917, -0.9334957568, -0.9338107833, -1.006462563, -0.9661292075, -0.3998460043, -0.8831968464, -0.8391190546, -0.7998643465, -0.934312785, -0.7787363894, -0.9258375539, -0.8770477377, -0.7807261501, -0.7246292763, -0.4201396963, -0.4331605815, -0.6402868792, -0.5860783671, -0.4887333718, -0.458302578, -0.5399435422, -0.4996018485, -0.60860102, -0.6630273562, -0.3976589343, 0.0521197708, 0.0471500217, -0.0488328757, -0.0901375498, -0.2304178935, -0.127667664, 0.0426734291, -0.2600263772, -0.1365294638]}