{"source": [{"position": [304.1571128995574, -177.17914852658564], "counts": 500000.0}, {"position": [-83.61977253355502, 129.32027544602786], "counts": 500000.0}], "output": [0.0, 0.0, 0.0, 0.0, 0.0, 0.0, 0.0, 0.0, 0.0, 0.0, 0.0, 0.0, 0.0, 0.0, 0.0, 0.0, 0.0, 0.0, 0.0, 0.0, 0.0, 0.0, 0.0, 0.0, 0.0, 0.0, 0.1863887219, 0.3136112781, 0.0, 0.0, 0.0, 0.0, 0.0, 0.0, 0.0, 0.0, 0.0, 0.0, 0.0, 0.0, 0.0, 0.0, 0.0, 0.0, 0.0, 0.0, 0.0, 0.0, 0.0, 0.0, 0.0, 0.0, 0.0, 0.076701385, 0.423298615, 0.0, 0.0, 0.0, 0.0, 0.0, 0.0, 0.0, 0.0, 0.0], "num_sources": 2, "seg_angles": 64, "input": [1.695372347, 0.6466080402, 0.0792795172, -0.3281148751, -0.4581819389, -0.6454506833, -0.6675269773, -0.6710016297, -0.6023236328, -0.5404529587, 1.4590945298, 0.2076180905, -0.4356864478, -0.9601106328, -1.0309601462, -1.2101230118, -1.1042781634, -0.9936063769, -0.7713519042, -0.3691433434, 1.2451867231, -0.1590498309, -0.8143842148, -1.1007042692, -1.3213646968, -1.4040363319, -1.2824720958, -0.9650429908, -0.6492964907, -0.3172395865, 0.875801066, -0.0663138989, -0.8955311792, -1.2510759458, -1.3718699527, -1.2417160671, -1.1057591402, -1.1007932007, -0.7436799486, -0.2832346116, 0.9677267667, -0.2600857985, -0.9185504792, -1.111153081, -1.2766090248, -1.1798405628, -0.96313159, -0.8737206136, -0.4026631057, -0.1116949505, 0.999318846, -0.1206576167, -0.8253548421, -0.9112499561, -1.0490358718, -0.9638526405, -0.538019875, -0.5762109263, -0.1798761169, 0.0758792574, 1.0783623168, 0.034702499, -0.6282963528, -0.5284563888, -0.5643821986, -0.503490739, -0.3444862755, -0.2425886123, 0.2141002358, 0.4308528072, 1.2211799287, 0.0507370495, -0.2396301152, 0.0136910075, -0.0689784241, 0.0850335525, 0.1644526228, 0.6547759042, 0.8669044856, 0.8046748138, 1.155818108, 0.7415480803, 0.6248139388, 0.5882520003, 0.9112009704, 0.7682596122, 0.7597699087, 1.1224317048, 1.5802668727, 1.5509406184, 1.5905683384, 1.6352314402, 1.4789362198, 1.7069990371, 1.7143979392, 1.7228014999, 1.9475364113, 1.8355288105, 2.4183654269, 2.5188739871]}