{"source": [{"position": [-127.05551201035925, -53.85997463595257], "counts": 500000.0}, {"position": [-202.125482062866, 155.4679693726461], "counts": 500000.0}], "output": [0.0, 0.0, 0.0, 0.0, 0.4579977963, 0.0420022037, 0.0, 0.0, 0.0, 0.0, 0.0, 0.0, 0.0, 0.0, 0.0, 0.0, 0.0, 0.0, 0.0, 0.0, 0.0, 0.0, 0.0, 0.0, 0.0, 0.0, 0.0, 0.0, 0.0, 0.0, 0.0, 0.0, 0.0, 0.0, 0.0, 0.0, 0.0, 0.0, 0.0, 0.0, 0.0, 0.0, 0.0, 0.0, 0.0, 0.0, 0.0, 0.0, 0.0, 0.0, 0.0, 0.0, 0.0, 0.0, 0.0, 0.0, 0.0, 0.339221903, 0.160778097, 0.0, 0.0, 0.0, 0.0, 0.0], "num_sources": 2, "seg_angles": 64, "input": [1.9155860199, 1.0769434188, 0.6768754092, 0.616743353, 0.2972443629, 0.2971603097, 0.158350445, 0.240884086, 0.2214916029, -0.0704051433, 2.0237937597, 1.1949856794, 0.3362592595, -0.0499906954, -0.338943128, -0.5179652241, -0.5182626687, -0.6161267409, -0.7500043518, -0.7988577119, 2.3519465563, 1.3456171204, 0.2637819598, -0.1903606014, -0.5587708808, -0.7103602893, -0.8872286242, -1.0266710507, -1.0306956462, -1.1163552717, 2.2366336836, 1.2237455026, 0.4533844098, -0.1104273832, -0.4482493923, -0.7942680188, -1.0639694239, -1.1164178711, -1.2095091425, -1.2307045268, 2.297187089, 1.2991819926, 0.4517829511, -0.1281686727, -0.4590240321, -0.8288249601, -0.9860385721, -1.0923928259, -1.1638075136, -1.2390997445, 2.2434893117, 1.310301286, 0.3823022739, -0.1331234094, -0.4923045767, -0.7449911638, -0.9348938153, -1.0781086665, -1.0915293851, -1.2399289856, 2.2297993512, 1.3281004287, 0.5531132351, -0.1424421835, -0.4216079735, -0.7312339472, -0.8480531318, -1.0246473914, -1.1467735498, -1.1426116697, 2.0580779285, 1.2055841978, 0.4383414786, -0.0826610162, -0.3915380833, -0.6494336451, -0.749587838, -0.9233785893, -0.8700617066, -1.0112257779, 2.1633874548, 1.1692547903, 0.4738302014, 0.2666782336, -0.1420186785, -0.399911132, -0.5242321425, -0.5584838939, -0.6558121542, -0.8695955147, 1.6139615772, 1.2069416508, 0.8254238966, 0.3660898551, 0.1097571989, -0.0297662042, -0.1058055008, -0.2204036518, -0.1834210762, -0.3325267583]}