{"source": [{"position": [67.66046039215102, -233.39036419595857], "counts": 500000.0}, {"position": [-168.39969689723628, -276.79873931237285], "counts": 500000.0}], "output": [0.0, 0.0, 0.0, 0.0, 0.0, 0.0, 0.0, 0.0, 0.0, 0.0, 0.2836113547, 0.2163886453, 0.0, 0.0, 0.0, 0.0, 0.0, 0.0, 0.0629326001, 0.4370673999, 0.0, 0.0, 0.0, 0.0, 0.0, 0.0, 0.0, 0.0, 0.0, 0.0, 0.0, 0.0, 0.0, 0.0, 0.0, 0.0, 0.0, 0.0, 0.0, 0.0, 0.0, 0.0, 0.0, 0.0, 0.0, 0.0, 0.0, 0.0, 0.0, 0.0, 0.0, 0.0, 0.0, 0.0, 0.0, 0.0, 0.0, 0.0, 0.0, 0.0, 0.0, 0.0, 0.0, 0.0], "num_sources": 2, "seg_angles": 64, "input": [1.6184882951, 2.2067205575, 2.1160564332, 2.1751481961, 2.3193634819, 2.3367726822, 2.1644912439, 1.9932095626, 2.1483938036, 1.952536199, 1.152535792, 1.3173736867, 1.3178175377, 1.1049622988, 1.4171717189, 1.3769839178, 1.2163406355, 1.1168093463, 1.2997267875, 0.9379017183, 0.7714668195, 0.5697034258, 0.6333288564, 0.7055586792, 0.6197117803, 0.6683133844, 0.3647130776, 0.4712439034, 0.4408837635, 0.5439166538, 0.5974918049, 0.3111344741, -0.0022594975, -0.0573830207, -0.0139314963, 0.076785614, -0.0203056207, -0.1714086033, 0.0256925511, 0.3475210779, 0.1495045539, -0.1607673581, -0.3819895161, -0.4561813119, -0.4779913305, -0.4710679297, -0.4968941404, -0.4494471066, -0.4788379091, 0.2763853584, -0.0258959549, -0.3405917248, -0.5868269885, -0.7395415534, -0.7997910232, -0.6582530867, -0.7328652291, -0.7685358126, -0.7268344192, -0.1653476193, -0.0412124599, -0.3459947647, -0.7104912934, -0.9177231012, -0.7906595573, -0.9560698888, -0.9630500566, -0.8783365877, -0.7648955045, -0.1424217056, -0.0355674417, -0.4515058535, -0.7997291304, -0.9440052151, -1.0194350434, -1.0157253365, -1.018350066, -1.0615263048, -0.8890737109, -0.0704023386, -0.0777573839, -0.4981086638, -0.9215057815, -1.0640667825, -1.1097822653, -1.1507798963, -1.1473809249, -1.0953241475, -0.9359855781, -0.2737182279, -0.2251752986, -0.8268710173, -1.051641619, -1.148202819, -1.1913222478, -1.1892102703, -1.2117893416, -1.2235785796, -1.094373026, -0.4264621886]}