{"source": [{"position": [248.48580502536066, -47.57945671083746], "counts": 500000.0}, {"position": [53.25554979261989, -45.42957644845244], "counts": 500000.0}], "output": [0.0, 0.0, 0.0, 0.0, 0.0, 0.0, 0.0, 0.0, 0.0, 0.0, 0.0, 0.0, 0.0, 0.0, 0.0, 0.0, 0.0, 0.0, 0.0, 0.0, 0.0, 0.0, 0.0, 0.0, 0.0969593634, 0.4030406366, 0.0, 0.0, 0.0, 0.0, 0.4635247485, 0.0364752515, 0.0, 0.0, 0.0, 0.0, 0.0, 0.0, 0.0, 0.0, 0.0, 0.0, 0.0, 0.0, 0.0, 0.0, 0.0, 0.0, 0.0, 0.0, 0.0, 0.0, 0.0, 0.0, 0.0, 0.0, 0.0, 0.0, 0.0, 0.0, 0.0, 0.0, 0.0, 0.0], "num_sources": 2, "seg_angles": 64, "input": [0.8871652646, 1.1085791063, 1.220310384, 1.1942626784, 1.2964820563, 1.2822912201, 1.3979467578, 1.5347639147, 1.623407567, 1.9050106175, -0.0836675271, 0.0759221224, 0.2218574509, 0.3020184415, 0.2989220831, 0.459201705, 0.5902822698, 0.6982509688, 1.1353656524, 1.9447752477, -0.6029572308, -0.4616712309, -0.4654168782, -0.3221932454, -0.2461448413, -0.2089239935, 0.0930297176, 0.3744396013, 1.0111342412, 2.0577460334, -0.8633231314, -0.7498998834, -0.6791219989, -0.6181952563, -0.5220089386, -0.3873053601, -0.1508491195, 0.2996225622, 1.172948005, 2.0115519429, -1.0465569805, -0.9465423965, -0.9322283853, -0.8164174253, -0.708749387, -0.522556199, -0.2230024766, 0.3296409664, 0.9989398721, 1.9328663298, -1.130427104, -1.0853161585, -0.9843271106, -0.9216863123, -0.7728145026, -0.6039942275, -0.2268494761, 0.2141971995, 0.9998077968, 1.8837589628, -1.1503658752, -1.0948846844, -1.0523337088, -0.9641797222, -0.8192334891, -0.6179715801, -0.2512976779, 0.2483437973, 0.8883719405, 1.9482799119, -1.195568718, -1.1753251091, -1.091167902, -1.0149777397, -0.8602249098, -0.6211559991, -0.3411181538, 0.1408850851, 0.9110242331, 1.9177722245, -1.1848797238, -1.1761241416, -1.0925104138, -1.0221067277, -0.9244378321, -0.7224386375, -0.3901547862, 0.0635586974, 0.8300190314, 1.7733926911, -1.2242370169, -1.1842790249, -1.1407940882, -1.1165540464, -0.9929511277, -0.7854871534, -0.6010195918, -0.1257194751, 0.5257437753, 1.4127557064]}