{"source": [{"position": [335.723579294818, 242.25127100900016], "counts": 500000.0}, {"position": [236.8252602859657, -387.3367992980845], "counts": 500000.0}], "output": [0.0, 0.0, 0.0, 0.0, 0.0, 0.0, 0.0, 0.0, 0.0, 0.0, 0.0, 0.0, 0.0, 0.0, 0.0, 0.0, 0.0, 0.0, 0.0, 0.0, 0.0, 0.2051175583, 0.2948824417, 0.0, 0.0, 0.0, 0.0, 0.0, 0.0, 0.0, 0.0, 0.0, 0.0, 0.0, 0.0, 0.0, 0.0, 0.0, 0.3165825732, 0.1834174268, 0.0, 0.0, 0.0, 0.0, 0.0, 0.0, 0.0, 0.0, 0.0, 0.0, 0.0, 0.0, 0.0, 0.0, 0.0, 0.0, 0.0, 0.0, 0.0, 0.0, 0.0, 0.0, 0.0, 0.0], "num_sources": 2, "seg_angles": 64, "input": [0.156100273, 0.4166693165, 0.1848507124, 0.3604322421, 0.715799156, 0.5767691366, 0.9825143254, 1.0923536158, 1.4323875531, 2.0826864152, -0.5143636612, -0.141613683, -0.2154599478, 0.0730767848, 0.0433123973, 0.1989873049, 0.4366903131, 0.5609426848, 1.3699789837, 2.355045617, -0.8202361929, -0.5619391502, -0.3940406152, -0.5118198588, -0.5478126652, -0.411630333, 0.111074486, 0.4032552966, 0.857694082, 2.1558696006, -1.0992222533, -1.1083952975, -0.9348142733, -0.8300686241, -0.7468284264, -0.540300441, -0.381502981, 0.0663546494, 1.1415610901, 1.9563718869, -1.3356992225, -1.1998362992, -1.0649131, -0.8683009449, -1.0108099826, -0.8504582741, -0.5641813289, -0.0344169074, 0.9013371274, 2.518547997, -1.349943052, -1.1999484319, -1.1758814052, -1.1199190769, -0.9749907206, -0.9883147653, -0.4925912396, 0.2725788984, 0.8640188694, 2.3801060944, -1.3147508158, -1.2228029725, -0.9239983728, -1.1506279555, -1.1166886251, -0.8995749067, -0.7044887152, -0.3058788176, 0.5525578979, 2.0451005895, -1.1740248482, -0.871269247, -1.0042700711, -0.6820207997, -0.6869949287, -0.6431778749, -0.6216781009, -0.0346897046, 0.6769671218, 2.3834581575, -0.5890468927, -0.5803148712, -0.4580610961, -0.4424070193, -0.359769696, -0.2742964431, -0.3429227145, 0.0368750535, 0.710432561, 2.0415019503, 0.1522941744, 0.3299315947, 0.2116120929, 0.0865496946, 0.2028307307, 0.2414128583, 0.368113576, 0.7291832736, 0.9695627078, 1.9882577001]}