{"source": [{"position": [-274.5168081370366, 90.34114262202718], "counts": 500000.0}, {"position": [254.09525930101736, -224.4027611255012], "counts": 500000.0}], "output": [0.0, 0.0, 0.0, 0.0, 0.0, 0.0, 0.0, 0.0, 0.0, 0.0, 0.0, 0.0, 0.0, 0.0, 0.0, 0.0, 0.0, 0.0, 0.0, 0.0, 0.0, 0.0, 0.0, 0.0, 0.184368606, 0.315631394, 0.0, 0.0, 0.0, 0.0, 0.0, 0.0, 0.0, 0.0, 0.0, 0.0, 0.0, 0.0, 0.0, 0.0, 0.0, 0.0, 0.0, 0.0, 0.0, 0.0, 0.0, 0.0, 0.0, 0.0, 0.0, 0.0, 0.0, 0.0, 0.0, 0.0, 0.0, 0.0, 0.0, 0.0, 0.1191942139, 0.3808057861, 0.0, 0.0], "num_sources": 2, "seg_angles": 64, "input": [3.1908886053, 2.2057697028, 1.5501301554, 1.0405553488, 1.0054582003, 0.8319207199, 0.6591528385, 0.4885284364, 0.4111294893, 0.4695071332, 2.3209987022, 2.4713564216, 1.2929258362, 0.8216123767, 0.2431316677, -0.0981432064, -0.311046061, -0.5639345814, -0.364586463, 0.9968787385, 1.8036564132, 1.336042666, 0.2621217262, -0.1040850799, -0.4307017564, -0.6742936786, -0.9845507542, -0.8309068134, -0.3810950123, 0.2959864242, 1.5708314045, 0.9347216805, 0.2528894473, -0.1286830928, -0.7888986071, -1.2118871307, -1.1982885995, -0.8236659416, -0.4821153891, 0.4543877049, 1.2876293436, 0.7183005316, -0.3625950549, -0.6516368822, -1.1301006901, -1.3011802826, -1.5057630036, -0.8955162434, -0.2278223963, 0.3731638093, 1.2047804952, 0.8400467397, -0.3913529135, -0.8303918294, -1.199453318, -1.349184338, -1.3737311731, -1.1317457231, -0.2171430036, 0.1259925673, 1.1750770196, 0.4960714735, -0.550487857, -1.1163362786, -1.1073635799, -1.412002958, -1.3119873021, -0.7859792485, -0.6872402423, 0.3101973662, 1.1029151315, 0.2940130024, -0.5459026637, -1.0851282093, -1.3024910271, -1.35469704, -1.2606990371, -0.9029328772, -0.5549494576, 0.4014785911, 0.6924890368, 0.2492280108, -0.4983159614, -1.0166245166, -1.1220641961, -1.1655180513, -0.7940937951, -0.3434515686, -0.105263922, 1.0279460074, 0.5189325566, 0.0661144909, -0.1767460987, -0.1578404646, -0.1125861482, 0.1932063645, 0.2543196651, 0.5724803413, 0.9958052928, 1.604431844]}