{"source": [{"position": [223.95295596881508, -4.590589595028864], "counts": 500000.0}, {"position": [319.75490929194507, -115.57161409143674], "counts": 500000.0}], "output": [0.0, 0.0, 0.0, 0.0, 0.0, 0.0, 0.0, 0.0, 0.0, 0.0, 0.0, 0.0, 0.0, 0.0, 0.0, 0.0, 0.0, 0.0, 0.0, 0.0, 0.0, 0.0, 0.0, 0.0, 0.0, 0.0, 0.0, 0.0, 0.2663811214, 0.2336188786, 0.0, 0.1043808825, 0.3956191175, 0.0, 0.0, 0.0, 0.0, 0.0, 0.0, 0.0, 0.0, 0.0, 0.0, 0.0, 0.0, 0.0, 0.0, 0.0, 0.0, 0.0, 0.0, 0.0, 0.0, 0.0, 0.0, 0.0, 0.0, 0.0, 0.0, 0.0, 0.0, 0.0, 0.0, 0.0], "num_sources": 2, "seg_angles": 64, "input": [-0.5166605212, -0.2762761852, -0.29789913, -0.0763927619, -0.1790198523, 0.0065001269, 0.3005476282, 0.6608579968, 1.124625513, 1.700173501, -0.7732063664, -0.7091615349, -0.675683642, -0.5759997931, -0.3591757957, -0.2935487789, 0.0184948625, 0.5312649146, 1.3768524329, 2.1521088034, -0.9311419803, -0.8872557806, -0.7715211322, -0.6781788187, -0.5297012825, -0.2026741191, 0.1315826822, 0.76308678, 1.3798594261, 2.3006631859, -1.0259858327, -0.9698813577, -0.8913804192, -0.764065374, -0.5366946917, -0.1206958998, 0.2250508735, 0.8272412544, 1.4423859642, 2.2813533714, -1.0968386651, -1.014811528, -0.8816606427, -0.71733899, -0.5509927151, -0.1778652709, 0.0580640053, 0.6572994985, 1.3555357909, 2.1349007428, -1.0895339102, -0.9530700973, -0.8512073661, -0.8297062832, -0.537141196, -0.2433298827, 0.2134619927, 0.6477482198, 1.4780897391, 2.2868991788, -1.0210658733, -0.9779271435, -0.8743041399, -0.7586107574, -0.5807943074, -0.3102259286, 0.0521546495, 0.6687418787, 1.2904432073, 2.1714850337, -1.0895735163, -0.9303277198, -0.8619196298, -0.7326964141, -0.6608292508, -0.252579949, 0.0315164395, 0.6777660494, 1.5386976767, 1.9454081369, -1.0743293609, -1.0348414265, -0.939599182, -0.8275427829, -0.5732078942, -0.3116078307, 0.1136991582, 0.6253556389, 1.3982493766, 2.1289599187, -1.130960307, -1.1070414658, -1.0430713778, -0.8572327662, -0.7345882666, -0.5886763285, -0.130957972, 0.1457609339, 0.8674834749, 1.6798391309]}