{"source": [{"position": [171.75362330363976, 83.55652507178239], "counts": 500000.0}, {"position": [147.78816084548166, 100.9933637122264], "counts": 500000.0}], "output": [0.0, 0.0, 0.0, 0.0, 0.0, 0.0, 0.0, 0.0, 0.0, 0.0, 0.0, 0.0, 0.0, 0.0, 0.0, 0.0, 0.0, 0.0, 0.0, 0.0, 0.0, 0.0, 0.0, 0.0, 0.0, 0.0, 0.0, 0.0, 0.0, 0.0, 0.0, 0.0, 0.0, 0.0, 0.0, 0.0, 0.1940011945, 0.3059988055, 0.4469011076, 0.0530988924, 0.0, 0.0, 0.0, 0.0, 0.0, 0.0, 0.0, 0.0, 0.0, 0.0, 0.0, 0.0, 0.0, 0.0, 0.0, 0.0, 0.0, 0.0, 0.0, 0.0, 0.0, 0.0, 0.0, 0.0], "num_sources": 2, "seg_angles": 64, "input": [-1.2464083012, -1.1667231078, -1.1040195885, -1.0244800829, -0.9304291256, -0.7530434253, -0.4782244282, -0.0762226249, 0.7317866396, 1.4953545366, -1.2446033499, -1.1772636268, -1.0739048873, -0.9889766819, -0.837239768, -0.6345929164, -0.2219740715, 0.245583357, 1.0410291426, 1.7669885849, -1.2166922949, -1.1786597014, -1.0402114215, -0.96324689, -0.7983200272, -0.498977167, -0.1587096186, 0.3458148577, 1.1839551231, 1.8903362692, -1.190590979, -1.1337207027, -1.0051594799, -0.862425065, -0.699786579, -0.5184984878, -0.0834036694, 0.2493351521, 1.1045584964, 1.9511333381, -1.1886796021, -1.1120859738, -1.0460664363, -0.8727814393, -0.7519047582, -0.5095740535, -0.1738855217, 0.3738344802, 1.0878099114, 1.9597924997, -1.0865783682, -1.0054571178, -0.9649410848, -0.8790636521, -0.8378662923, -0.5743716503, -0.0935347483, 0.2926302236, 1.0358297988, 1.7694268091, -0.9037539107, -0.8464794814, -0.81621062, -0.7904670088, -0.6533756428, -0.481394196, -0.1300101405, 0.443383384, 1.1772910334, 1.8352735355, -0.7091529169, -0.4817226734, -0.4279778838, -0.5780261151, -0.4902672561, -0.3459429547, -0.0833235434, 0.4743861956, 1.1137608783, 1.9176945417, -0.1643163072, 0.0390078893, 0.0557453766, 0.0169383984, 0.3110823737, 0.176004686, 0.2967071145, 0.5792648214, 1.0071119996, 1.8740892041, 0.8793713807, 1.2338402844, 1.3736279594, 1.3512637897, 1.1572367861, 1.3503096228, 1.5463496666, 1.4068564218, 1.3878366503, 1.776086205]}