{"source": [{"position": [-151.97238873949786, -110.67245845652363], "counts": 500000.0}, {"position": [-26.992574119318768, 0.633200136673175], "counts": 500000.0}], "output": [0.3805497224, 0.0, 0.0, 0.0, 0.0, 0.0, 0.2943443543, 0.2056556457, 0.0, 0.0, 0.0, 0.0, 0.0, 0.0, 0.0, 0.0, 0.0, 0.0, 0.0, 0.0, 0.0, 0.0, 0.0, 0.0, 0.0, 0.0, 0.0, 0.0, 0.0, 0.0, 0.0, 0.0, 0.0, 0.0, 0.0, 0.0, 0.0, 0.0, 0.0, 0.0, 0.0, 0.0, 0.0, 0.0, 0.0, 0.0, 0.0, 0.0, 0.0, 0.0, 0.0, 0.0, 0.0, 0.0, 0.0, 0.0, 0.0, 0.0, 0.0, 0.0, 0.0, 0.0, 0.0, 0.1194502776], "num_sources": 2, "seg_angles": 64, "input": [1.9176022477, 1.0759825901, 0.4604941702, 0.0647005131, -0.2573296842, -0.4477544081, -0.5472128638, -0.6336714496, -0.7180481932, -0.7916611231, 2.1218281392, 1.3378454997, 0.6512903122, 0.0870457485, -0.2737371432, -0.4370138608, -0.5946141048, -0.7340965608, -0.790288818, -0.8655920526, 2.218389441, 1.4780594917, 0.6701878742, 0.1109285629, -0.2484803113, -0.4595485822, -0.6393859876, -0.7749031078, -0.8625469342, -0.9520105369, 2.1890178794, 1.4465608801, 0.6578175354, 0.138077235, -0.2061294662, -0.4851849703, -0.690269738, -0.8022772871, -0.8889334332, -0.9626358806, 2.301710962, 1.4002631674, 0.6953093975, 0.1496816397, -0.2321625487, -0.5035074344, -0.6920065389, -0.8074251131, -0.9044993353, -0.9768122594, 2.2096063344, 1.4979631794, 0.6759551152, 0.1201603134, -0.2984812628, -0.5373681701, -0.6853723315, -0.8301330665, -0.9125881582, -0.9936557923, 2.2364464868, 1.3575643505, 0.6448607886, 0.116869449, -0.2602580123, -0.495806581, -0.6936005935, -0.820138913, -0.8900845184, -0.97084495, 2.1984310895, 1.421570261, 0.6453001347, 0.1016110239, -0.2744479355, -0.5604186438, -0.7183864942, -0.8480390659, -0.9374059994, -1.0014167945, 2.1228861372, 1.3142497907, 0.6219505198, 0.0273215148, -0.3456781079, -0.6159047779, -0.7755150521, -0.8753455457, -0.951499386, -1.0114885739, 1.8733189656, 0.9957159669, 0.3116892876, -0.1902105329, -0.4672802588, -0.7020636616, -0.8452289504, -0.9334895889, -0.9900035101, -1.0543690399]}