{"source": [{"position": [69.09333418569383, -324.730828796873], "counts": 500000.0}, {"position": [50.78918022843382, 55.18567904559722], "counts": 500000.0}], "output": [0.0, 0.0, 0.0, 0.0, 0.0, 0.0, 0.0, 0.0, 0.0, 0.0, 0.0, 0.0, 0.0, 0.0, 0.0, 0.0, 0.0, 0.0, 0.4322879978, 0.0677120022, 0.0, 0.0, 0.0, 0.0, 0.0, 0.0, 0.0, 0.0, 0.0, 0.0, 0.0, 0.0, 0.0, 0.0, 0.0, 0.0, 0.0, 0.0, 0.0, 0.0, 0.2888333882, 0.2111666118, 0.0, 0.0, 0.0, 0.0, 0.0, 0.0, 0.0, 0.0, 0.0, 0.0, 0.0, 0.0, 0.0, 0.0, 0.0, 0.0, 0.0, 0.0, 0.0, 0.0, 0.0, 0.0], "num_sources": 2, "seg_angles": 64, "input": [-0.9270413633, -0.8751677748, -0.8055844772, -0.7152743585, -0.6158506237, -0.5214794956, -0.2652745476, 0.0816120979, 0.7413720246, 1.6458957062, -0.9933925891, -0.953124392, -0.9967613231, -0.846544103, -0.7748569448, -0.598000881, -0.3800422471, 0.0082174763, 0.8637807249, 1.8510143071, -1.1863843764, -0.998334234, -1.0290472958, -0.8843778135, -0.9219000253, -0.6626156986, -0.418621113, -0.0463616243, 0.824686897, 1.7063056194, -1.234711921, -1.1602912036, -1.1133630297, -1.007053612, -0.9518067949, -0.8345352768, -0.5029211917, -0.1290121816, 0.6367244356, 1.7605664905, -1.2289291437, -1.022622056, -1.0645714883, -1.0646743582, -0.9868112535, -0.9060082427, -0.5795685288, -0.0303636783, 0.6044403881, 1.8176652275, -1.1534359525, -0.9980755531, -0.9677926436, -0.9301766015, -0.9061643687, -0.7700579977, -0.6068602218, -0.1599003156, 0.6361704857, 1.7066474903, -0.962847287, -0.7330431349, -0.6720286927, -0.6689961127, -0.5020239075, -0.5234626187, -0.429714548, -0.127906993, 0.6338669026, 1.8377647006, -0.469336931, -0.2918119391, -0.2858425805, -0.1725278279, -0.2111190216, -0.0907677169, -0.0033002748, 0.0035299768, 0.7232989658, 1.8183606576, 0.1493209622, 0.3717735195, 0.5508793634, 0.5460539217, 0.579655489, 0.6705049131, 0.5281271858, 0.5651412465, 0.8934596503, 2.0379937258, 1.1827450797, 1.3970692865, 1.4466694275, 1.7012754358, 1.5187045952, 1.8164488842, 1.7999278349, 1.5820343137, 1.5700553772, 2.0607137167]}