{"source": [{"position": [378.85281156057084, -209.66532181705816], "counts": 500000.0}, {"position": [-495.8983404849541, 33.07319011326995], "counts": 500000.0}], "output": [0.1608351296, 0.0, 0.0, 0.0, 0.0, 0.0, 0.0, 0.0, 0.0, 0.0, 0.0, 0.0, 0.0, 0.0, 0.0, 0.0, 0.0, 0.0, 0.0, 0.0, 0.0, 0.0, 0.0, 0.0, 0.0, 0.0, 0.0743189727, 0.4256810273, 0.0, 0.0, 0.0, 0.0, 0.0, 0.0, 0.0, 0.0, 0.0, 0.0, 0.0, 0.0, 0.0, 0.0, 0.0, 0.0, 0.0, 0.0, 0.0, 0.0, 0.0, 0.0, 0.0, 0.0, 0.0, 0.0, 0.0, 0.0, 0.0, 0.0, 0.0, 0.0, 0.0, 0.0, 0.0, 0.3391648704], "num_sources": 2, "seg_angles": 64, "input": [2.4866898298, 2.2234045946, 2.1508053647, 1.4686808275, 0.9157146729, 0.7585081049, 1.1009167826, 0.7039749432, 0.6809008204, 0.7466714938, 1.6543439561, 1.0893177902, 0.807945574, 0.6774017094, -0.2729906767, -0.1537595523, -0.5014900148, -0.0168405966, 0.2816127222, 1.2143857153, 1.5009476027, 0.645894899, 0.2909048233, -0.3399144839, -0.4956456958, -0.4085688488, -0.8685689776, -0.407692307, 0.2747540125, 1.2975751609, 0.8095417318, 0.7502397726, -0.5227234446, -0.7356683181, -0.7845520124, -0.8992602555, -1.0578810917, -0.4902557935, 0.6232577135, 1.411237592, 1.5460647151, 0.6292268262, -0.4053947888, -0.9340657234, -1.1284012186, -1.2806356622, -0.8996036518, -0.4429580698, 0.5152004266, 1.395033288, 1.0173090204, 0.4705543328, -0.3483953392, -0.9272327018, -0.87764388, -1.1000824164, -1.1336495902, -0.2840747895, 0.5564642131, 1.0283574125, 0.6475573128, 0.2825681653, -0.4641519892, -0.9149058715, -1.3556227902, -1.2748480135, -1.4582913831, -0.0702487764, 0.3717215383, 1.5717908084, 1.0943059376, 0.2609822054, -0.562064961, -1.2335631445, -1.2097890844, -1.3435193461, -1.2201444222, -0.2592413856, 0.3507037104, 1.2748026104, 0.4218283049, -0.2073926419, -0.762295349, -1.4012313991, -0.8147485342, -0.9819922806, -0.9087619145, -0.8519012133, 0.0923621971, 1.8630334966, 0.4508750503, -0.634085048, -1.2464739858, -1.5380463633, -1.4806207105, -1.1942808041, -1.2185834919, -0.9499296174, -0.3345809158, 1.2028955555]}