{"source": [{"position": [14.827234827066679, -36.07149993253705], "counts": 500000.0}, {"position": [-226.22292581022063, 269.67978759607365], "counts": 500000.0}], "output": [0.0, 0.0, 0.0, 0.0, 0.0, 0.0, 0.0, 0.0, 0.0, 0.0, 0.0, 0.0, 0.0, 0.0, 0.0, 0.0, 0.0, 0.0, 0.0, 0.013762316, 0.486237684, 0.0, 0.0, 0.0, 0.0, 0.0, 0.0, 0.0, 0.0, 0.0, 0.0, 0.0, 0.0, 0.0, 0.0, 0.0, 0.0, 0.0, 0.0, 0.0, 0.0, 0.0, 0.0, 0.0, 0.0, 0.0, 0.0, 0.0, 0.0, 0.0, 0.0, 0.0, 0.0, 0.0, 0.0, 0.4451680327, 0.0548319673, 0.0, 0.0, 0.0, 0.0, 0.0, 0.0, 0.0], "num_sources": 2, "seg_angles": 64, "input": [1.7340588049, 2.2008851461, 1.9936661406, 2.1504993651, 2.2114712997, 2.1398287821, 2.2168694788, 2.2852086376, 2.231010813, 2.0118176748, 0.9646706434, 1.1241302525, 1.2443887681, 1.2541306836, 1.2317080187, 1.3351198161, 1.2895950818, 1.3790255103, 1.2199325592, 1.3507967706, 0.2044031726, 0.4500844047, 0.4470632084, 0.4411397226, 0.5532160666, 0.5063144191, 0.5602698714, 0.621114541, 0.4762423848, 0.9986468418, -0.189490732, -0.0553498983, -0.0359566208, -0.1267973278, -0.1086090953, -0.042311198, -0.0652567557, -0.0259454288, -0.103947272, 0.8153215903, -0.5108796017, -0.5243690285, -0.4828012969, -0.5362359063, -0.4726688668, -0.4913489732, -0.4648054108, -0.4140122944, -0.2924736283, 0.5533697704, -0.7299267576, -0.6421436851, -0.6555520379, -0.8036777115, -0.7370055646, -0.689339978, -0.6715928098, -0.6056744954, -0.4328193617, 0.5204443156, -0.8250745833, -0.858442948, -0.9282273759, -0.895314617, -0.8552400223, -0.8803392997, -0.8272395087, -0.7723420652, -0.5385919397, 0.5234527683, -0.8970549544, -0.9641517336, -0.9943365517, -0.9871379657, -0.9802010392, -0.9443118487, -0.9222825212, -0.8692352559, -0.5280972599, 0.3953753693, -0.9558569508, -1.0057710767, -0.9676106751, -0.9722101198, -0.9464566641, -0.9161975578, -0.8834980078, -0.8553194952, -0.5382445533, 0.4328752806, -1.0084040495, -0.9382821256, -0.9644099243, -0.9302711625, -0.9033304138, -0.9414440561, -0.9000593871, -0.8279676919, -0.5976039232, 0.3634030876]}