{"source": [{"position": [197.57183964906852, -153.1840989714101], "counts": 500000.0}, {"position": [148.2332426949, 81.16591501458518], "counts": 500000.0}], "output": [0.0, 0.0, 0.0, 0.0, 0.0, 0.0, 0.0, 0.0, 0.0, 0.0, 0.0, 0.0, 0.0, 0.0, 0.0, 0.0, 0.0, 0.0, 0.0, 0.0, 0.0, 0.0, 0.0, 0.0, 0.0, 0.3589001144, 0.1410998856, 0.0, 0.0, 0.0, 0.0, 0.0, 0.0, 0.0, 0.0, 0.0, 0.0, 0.4486090856, 0.0513909144, 0.0, 0.0, 0.0, 0.0, 0.0, 0.0, 0.0, 0.0, 0.0, 0.0, 0.0, 0.0, 0.0, 0.0, 0.0, 0.0, 0.0, 0.0, 0.0, 0.0, 0.0, 0.0, 0.0, 0.0, 0.0], "num_sources": 2, "seg_angles": 64, "input": [-0.2505118974, -0.1241183414, -0.2046662814, -0.0413496069, 0.0773879025, 0.176505492, 0.5455604742, 0.802474734, 1.2327379503, 1.7645959438, -0.7625622085, -0.5974738023, -0.5106959349, -0.380559514, -0.3745803767, -0.1358749613, 0.0207004467, 0.5097398818, 0.9977176304, 1.928702112, -1.0665174819, -0.9388091395, -0.8472026545, -0.6861931767, -0.5782837347, -0.4815830476, -0.0051056557, 0.3462833667, 1.1874403076, 2.204745741, -1.1554677754, -1.0555988402, -1.0437896972, -1.0269484543, -0.818059496, -0.5668857106, -0.1738897661, 0.3480738041, 1.2928786195, 2.3284155296, -1.272261576, -1.223770445, -1.1323789854, -0.9937261474, -0.9145200838, -0.618029654, -0.2683381228, 0.3996059396, 1.415921521, 2.2672262571, -1.3122425899, -1.2250809788, -1.1853181802, -1.0711993526, -0.820301017, -0.5996238476, -0.1500102781, 0.4179942767, 1.3524103359, 2.288318532, -1.2350641548, -1.1446972701, -1.0879095875, -1.014953329, -0.902884581, -0.5957982285, -0.1550467852, 0.3484224104, 1.1701550733, 2.0576671855, -1.0419271549, -0.9562017254, -0.8943061983, -0.9329373291, -0.8394214425, -0.5598035301, -0.1831856275, 0.2494070582, 1.0495467355, 2.1372204662, -0.6841114431, -0.4965059855, -0.5204252836, -0.4382307626, -0.3973385186, -0.3196564776, -0.1392458438, 0.436042407, 1.2050550193, 2.1616598957, -0.0653037032, 0.2548402877, 0.3650884258, 0.2765953094, 0.5364435613, 0.5565519094, 0.7504543721, 0.7813698404, 1.3018787423, 1.6746482776]}