{"source": [{"position": [55.99953881150237, 144.5304523375577], "counts": 500000.0}, {"position": [-0.674985121824657, 166.99863590785796], "counts": 500000.0}], "output": [0.0, 0.0, 0.0, 0.0, 0.0, 0.0, 0.0, 0.0, 0.0, 0.0, 0.0, 0.0, 0.0, 0.0, 0.0, 0.0, 0.0, 0.0, 0.0, 0.0, 0.0, 0.0, 0.0, 0.0, 0.0, 0.0, 0.0, 0.0, 0.0, 0.0, 0.0, 0.0, 0.0, 0.0, 0.0, 0.0, 0.0, 0.0, 0.0, 0.0, 0.0, 0.0, 0.0, 0.0, 0.382602443, 0.117397557, 0.0, 0.0, 0.4794150877, 0.0205849123, 0.0, 0.0, 0.0, 0.0, 0.0, 0.0, 0.0, 0.0, 0.0, 0.0, 0.0, 0.0, 0.0, 0.0], "num_sources": 2, "seg_angles": 64, "input": [-1.111428814, -1.1154466054, -1.0730826283, -1.1187968009, -1.0829960825, -1.0567644887, -1.0237493288, -0.9610747343, -0.7766355431, -0.2706047374, -1.1132817244, -1.0089916167, -1.0413404648, -1.0486554916, -1.0072297581, -0.994486465, -0.9744891868, -0.8987002294, -0.6639289094, -0.1505101623, -1.0296280824, -0.9263706144, -0.9295136713, -0.8938571795, -0.9116788758, -0.9264628087, -0.8953301185, -0.8522071264, -0.6077746345, -0.0738400077, -0.8978285094, -0.7971563917, -0.7642385992, -0.7346429316, -0.7072801922, -0.7483782411, -0.7746074542, -0.6373538086, -0.4907013187, 0.0789117329, -0.726248022, -0.6152699636, -0.6076561602, -0.6144019987, -0.6398333077, -0.5052907019, -0.5477241606, -0.6176508616, -0.3547499345, 0.064429579, -0.5485963484, -0.4048964593, -0.2988037907, -0.2927226417, -0.3030221277, -0.1891931854, -0.3055951409, -0.334678546, -0.149434396, 0.2525270822, -0.2687273855, -0.0297657805, 0.1691185251, 0.1446196333, 0.050095688, 0.1032645981, 0.1255404442, 0.1620942238, 0.1451225199, 0.5137009527, 0.1961039516, 0.5064807263, 0.7017213817, 0.6139265868, 0.6340909786, 0.6737152612, 0.4874306067, 0.6006236381, 0.5716646377, 0.6041177441, 0.9297675762, 1.3488607201, 1.3899449477, 1.4029936401, 1.4120794466, 1.4677810192, 1.3093486404, 1.5334024521, 1.2341341234, 1.1077614521, 1.793439907, 2.121260913, 2.0833961204, 2.265812925, 2.2096107229, 2.1232977453, 2.2919482228, 1.9932262724, 2.1410785431, 1.8868593691]}