{"source": [{"position": [44.98257659228316, 1.252119450923086], "counts": 500000.0}, {"position": [-148.59393300172715, 141.22621242205085], "counts": 500000.0}], "output": [0.0, 0.0, 0.0, 0.0, 0.0, 0.0, 0.0, 0.0, 0.0, 0.0, 0.0, 0.0, 0.0, 0.0, 0.0, 0.0, 0.0, 0.0, 0.0, 0.0, 0.0, 0.0, 0.0, 0.0, 0.0, 0.0, 0.0, 0.0, 0.0, 0.0, 0.0, 0.0, 0.3582707743, 0.1417292257, 0.0, 0.0, 0.0, 0.0, 0.0, 0.0, 0.0, 0.0, 0.0, 0.0, 0.0, 0.0, 0.0, 0.0, 0.0, 0.0, 0.0, 0.0, 0.0, 0.0, 0.0, 0.0, 0.3705562289, 0.1294437711, 0.0, 0.0, 0.0, 0.0, 0.0, 0.0], "num_sources": 2, "seg_angles": 64, "input": [-0.8813183805, -0.9911475084, -1.0168987221, -1.0185297248, -0.8751464589, -0.6727346762, -0.4042610321, 0.1259519383, 0.7499625206, 1.6430659023, -0.7056135412, -0.899452153, -0.9602952398, -0.9801616172, -0.8198653185, -0.5887009146, -0.1810455193, 0.4590902323, 1.1676219841, 2.1012068062, -0.6568494582, -0.8327956161, -0.867726689, -0.8405322902, -0.7207764241, -0.4072552413, -0.0423829462, 0.5372547311, 1.2662613304, 2.1518384314, -0.6971975703, -0.8277198282, -0.8322021213, -0.7820981216, -0.6475878775, -0.4052554942, -0.0208318504, 0.5235773158, 1.37714594, 2.1055281019, -0.7144038129, -0.7421879884, -0.7577601279, -0.8013320911, -0.667686451, -0.3963442055, 0.0064714227, 0.4405080896, 1.3141035114, 2.0595156976, -0.5951898838, -0.7421405694, -0.8189210101, -0.7638190684, -0.6356401444, -0.3525016861, -0.0568577035, 0.632170965, 1.3897718214, 2.3473678913, -0.6291249376, -0.7141591999, -0.8309549073, -0.7857805397, -0.5873334592, -0.3552258182, 0.0188526738, 0.6065677297, 1.3745836568, 2.2813655447, -0.6693939803, -0.7275031555, -0.8974289186, -0.6948581053, -0.5620073984, -0.1814994469, 0.1566919919, 0.8128789737, 1.5235213478, 2.3090563321, -0.6744445676, -0.7966351547, -0.6928647184, -0.6729666338, -0.3977684248, -0.109527681, 0.3578041204, 0.8244351051, 1.5620866223, 2.4951393559, -0.7614408111, -0.6597961757, -0.536816596, -0.4730979072, -0.2971716156, -0.1262685059, 0.2592479909, 0.7468358033, 1.4922000116, 2.2355538431]}