{"source": [{"position": [-241.20657711236294, -363.20157923354043], "counts": 500000.0}, {"position": [55.1342425477017, 125.41616841018225], "counts": 500000.0}], "output": [0.0, 0.0, 0.0, 0.0, 0.0, 0.0, 0.0, 0.0, 0.0, 0.0, 0.485655047, 0.014344953, 0.0, 0.0, 0.0, 0.0, 0.0, 0.0, 0.0, 0.0, 0.0, 0.0, 0.0, 0.0, 0.0, 0.0, 0.0, 0.0, 0.0, 0.0, 0.0, 0.0, 0.0, 0.0, 0.0, 0.0, 0.0, 0.0, 0.0, 0.0, 0.0, 0.0, 0.0, 0.1094032383, 0.3905967617, 0.0, 0.0, 0.0, 0.0, 0.0, 0.0, 0.0, 0.0, 0.0, 0.0, 0.0, 0.0, 0.0, 0.0, 0.0, 0.0, 0.0, 0.0, 0.0], "num_sources": 2, "seg_angles": 64, "input": [-0.7580494342, -0.7739081166, -0.7797216395, -0.7436266387, -0.706270329, -0.6299874085, -0.6361049469, -0.4200342749, 0.1672080313, 1.2165127779, -0.8119103122, -1.069601728, -0.9634819256, -0.865180044, -0.7217103339, -0.9331990699, -0.7177921949, -0.7181876466, 0.0480124155, 1.42125312, -0.7209448501, -1.0410907035, -1.0306992237, -1.0260094468, -1.0911090998, -1.0618479355, -1.0579511401, -0.7515179369, -0.2146562786, 1.0353107941, -0.4169648973, -0.8059981071, -0.9470101058, -1.0780631959, -1.1492352058, -1.0572557705, -1.0700648955, -0.8824617342, -0.2096645687, 1.0765006581, -0.5393773265, -0.8286615065, -0.8819307349, -1.0307882081, -1.053045916, -1.0376660602, -0.9035945001, -0.8741842028, -0.522940808, 1.0413611913, -0.3103849367, -0.3975368171, -0.6471945753, -0.8241993637, -0.6626413057, -0.7951533068, -0.6199458535, -0.7479574118, -0.3716439434, 0.9514835666, -0.0279393714, -0.0840612922, -0.0884485792, -0.3921109779, -0.2621429716, -0.2970609346, -0.393396237, -0.3680586765, -0.262724507, 0.8387542841, 0.686100949, 0.6392371085, 0.3047685948, 0.2595089882, 0.1050962308, 0.1182018059, 0.2654249773, 0.2559700171, 0.2936203656, 0.6819496006, 1.4958499987, 1.4283896194, 1.0481896336, 1.1197690935, 1.1086154107, 1.2249621101, 1.173947221, 1.1092835577, 0.9683464605, 1.3034998636, 2.3272519768, 2.3701712225, 1.876467338, 1.7524660252, 2.0583987535, 1.8923899327, 2.0350669942, 1.7896130367, 2.0346707732, 1.5624769658]}