{"source": [{"position": [-311.9578817258696, -386.89957357059524], "counts": 500000.0}, {"position": [226.63066415154262, 378.3114352834589], "counts": 500000.0}], "output": [0.0, 0.0, 0.0, 0.0, 0.0, 0.0, 0.0, 0.0, 0.0, 0.4559378043, 0.0440621957, 0.0, 0.0, 0.0, 0.0, 0.0, 0.0, 0.0, 0.0, 0.0, 0.0, 0.0, 0.0, 0.0, 0.0, 0.0, 0.0, 0.0, 0.0, 0.0, 0.0, 0.0, 0.0, 0.0, 0.0, 0.0, 0.0, 0.0, 0.0, 0.0, 0.0, 0.0, 0.2488065329, 0.2511934671, 0.0, 0.0, 0.0, 0.0, 0.0, 0.0, 0.0, 0.0, 0.0, 0.0, 0.0, 0.0, 0.0, 0.0, 0.0, 0.0, 0.0, 0.0, 0.0, 0.0], "num_sources": 2, "seg_angles": 64, "input": [0.1112673643, 0.2853680176, 0.6767675629, 0.3589773051, 0.6682455935, 0.726811653, 0.7319476075, 0.8117614478, 1.5693916939, 2.2686300593, 0.1968533811, -0.3037443105, -0.0800793494, -0.6933886666, -0.3426658023, -0.3123495456, -0.1489643063, 0.4272593707, 1.3079367256, 1.7657148294, 0.0869996356, -0.7456900645, -1.0295760411, -0.9030629714, -1.0363500844, -1.1002246761, -0.845122533, -0.2426230682, 0.4070531839, 1.2148193436, 0.2170488995, -0.2670374934, -1.1639376897, -1.179659341, -1.189111693, -1.3934368356, -1.271372295, -0.8681904798, -0.3724380325, 0.6274560872, 0.7630075485, -0.3232464433, -1.1434746801, -1.3268443416, -1.5150737937, -1.3697915773, -1.4208005165, -1.1461820376, -0.3065671728, 0.321777053, 0.7276372351, -0.0219484381, -0.5343969596, -1.0454511966, -1.2945013524, -1.4323849746, -1.3689575944, -1.4470429495, -0.5769289147, 0.61846349, 0.9453193316, 0.345934436, -0.4412402124, -0.6424849491, -0.9809916267, -1.2017907564, -0.859734666, -0.9004395398, -0.5622640024, 0.6546222266, 1.6871322131, 1.3272898994, 0.089680726, -0.2699949366, -0.6794322286, -0.7658813426, -0.9067165524, -0.7447610032, -0.7747034044, 0.4800869159, 2.2357846613, 1.591176066, 1.2759616342, 0.614516467, 0.2775909462, 0.087389738, -0.1615385036, -0.2085217694, 0.1804012301, 0.2300088737, 2.931253614, 2.0351712943, 1.5727875449, 1.2325306314, 0.8070875119, 1.0388314743, 0.9232650422, 0.8776606365, 1.1791732119, 0.3512623013]}