{"source": [{"position": [87.82612687610052, -234.06531447000663], "counts": 500000.0}, {"position": [-268.9989421472905, 0.7544028358107326], "counts": 500000.0}], "output": [0.4857169252, 0.0, 0.0, 0.0, 0.0, 0.0, 0.0, 0.0, 0.0, 0.0, 0.0, 0.0, 0.0, 0.0, 0.0, 0.0, 0.0, 0.0, 0.0, 0.1718110762, 0.3281889238, 0.0, 0.0, 0.0, 0.0, 0.0, 0.0, 0.0, 0.0, 0.0, 0.0, 0.0, 0.0, 0.0, 0.0, 0.0, 0.0, 0.0, 0.0, 0.0, 0.0, 0.0, 0.0, 0.0, 0.0, 0.0, 0.0, 0.0, 0.0, 0.0, 0.0, 0.0, 0.0, 0.0, 0.0, 0.0, 0.0, 0.0, 0.0, 0.0, 0.0, 0.0, 0.0, 0.0142830748], "num_sources": 2, "seg_angles": 64, "input": [2.7334298286, 2.5656446067, 1.8720202922, 1.3249492465, 1.4911071039, 1.1599821636, 1.207775823, 1.1068898683, 0.7444699708, 0.4426575053, 2.3040912644, 1.9510200449, 1.6665346548, 0.9850549566, 0.8833781987, 0.6975785089, 0.6154572919, 0.5301006718, 0.1631601237, 0.2702472213, 1.7985129275, 1.7495568083, 1.1409424669, 0.6727794931, 0.2052014773, 0.0013007221, -0.0199085679, -0.1298229217, -0.3500041264, -0.0734326426, 1.413349982, 1.2020177029, 0.5108774199, 0.2036592833, -0.1641425129, -0.5246295884, -0.6818339237, -0.7153445147, -0.6084337957, 0.0394982652, 1.2390211729, 0.7475794278, -0.0032293257, -0.0839954605, -0.3761818186, -0.7605490408, -0.8396468189, -0.8801978386, -0.7663932847, -0.1783937559, 0.7995864012, 0.4910583511, -0.0456934759, -0.2449825625, -0.8489602972, -0.8634900299, -0.9245198143, -1.1469770069, -0.9881781148, -0.0024720448, 0.8528919695, 0.5080771599, -0.257650049, -0.5011098211, -0.7750976883, -0.9962922554, -1.1968907807, -1.2346596578, -0.9528348763, -0.0227773694, 1.0188260503, 0.2427223839, -0.3858672957, -0.704823871, -1.0796613379, -1.0690240758, -1.2895595366, -1.2244005998, -0.9382038877, -0.0659732771, 0.7745386731, 0.1596195241, -0.4436065108, -0.6907569038, -0.999232965, -1.2352728485, -1.3198072061, -1.3735150788, -0.894157068, -0.1608957547, 0.5145374225, -0.0248713067, -0.6183230747, -0.9656465468, -1.3588404358, -1.3894437367, -1.4780663335, -1.5586849724, -1.1978526734, -0.376491351]}