{"source": [{"position": [67.62150919738939, 90.53359317881613], "counts": 500000.0}, {"position": [155.7017412793399, 128.68942366248095], "counts": 500000.0}], "output": [0.0, 0.0, 0.0, 0.0, 0.0, 0.0, 0.0, 0.0, 0.0, 0.0, 0.0, 0.0, 0.0, 0.0, 0.0, 0.0, 0.0, 0.0, 0.0, 0.0, 0.0, 0.0, 0.0, 0.0, 0.0, 0.0, 0.0, 0.0, 0.0, 0.0, 0.0, 0.0, 0.0, 0.0, 0.0, 0.0, 0.0, 0.0, 0.0, 0.482297378, 0.017702622, 0.2672758425, 0.2327241575, 0.0, 0.0, 0.0, 0.0, 0.0, 0.0, 0.0, 0.0, 0.0, 0.0, 0.0, 0.0, 0.0, 0.0, 0.0, 0.0, 0.0, 0.0, 0.0, 0.0, 0.0], "num_sources": 2, "seg_angles": 64, "input": [-1.2457703796, -1.2211904087, -1.1873612599, -1.1397171563, -1.0814982186, -0.9720111504, -0.7725693561, -0.4607086814, 0.2089704319, 1.2871584447, -1.2153797139, -1.1894520315, -1.1526097476, -1.0742619504, -0.9834670758, -0.9062534583, -0.6449345233, -0.1595928764, 0.5255022564, 1.4028637387, -1.1707756537, -1.108731852, -1.0692592009, -1.0631528942, -0.9861846484, -0.8844175311, -0.5928922121, -0.1648142899, 0.5347676837, 1.5754943085, -1.1191871132, -1.0551985182, -1.0460285121, -0.9976465805, -0.9612061277, -0.835820613, -0.5507921346, -0.0918897758, 0.4997029829, 1.6448509153, -0.98726052, -0.9413779063, -0.9469251828, -0.9223478808, -0.8135541572, -0.6907685778, -0.6080892611, -0.1761513283, 0.5032652589, 1.7146794521, -0.8759619337, -0.7109232724, -0.7047311322, -0.7022484942, -0.7309316867, -0.5679521211, -0.4833097272, -0.0582588719, 0.5668584137, 1.5778295867, -0.5984379659, -0.440299125, -0.4432201073, -0.5070875875, -0.411747145, -0.3228352419, -0.2260828643, -0.0137878291, 0.6946385324, 1.6895757, -0.2866666057, -0.0277089758, -0.0258722807, 0.0655640456, 0.125467204, 0.19119967, 0.1379545245, 0.2109708665, 0.6363130405, 1.6753003881, 0.4373913107, 0.6320876497, 0.717080046, 0.8692536348, 0.8107878398, 0.8647783766, 0.8546946833, 0.8812299378, 0.9933607834, 1.7939172189, 1.3601620425, 1.7009074504, 1.6635305656, 1.7541903704, 1.7982501998, 1.7685224051, 1.8151456907, 1.7811553203, 1.7565024214, 1.6074380351]}