{"source": [{"position": [-8.144197513010385, -24.691537960788825], "counts": 500000.0}, {"position": [143.4209269196909, -453.8793206585829], "counts": 500000.0}], "output": [0.0, 0.0, 0.0, 0.0, 0.0, 0.0, 0.0, 0.0, 0.0, 0.0, 0.0, 0.0, 0.1226220676, 0.3773779324, 0.0, 0.0, 0.0, 0.0, 0.0, 0.4412471675, 0.0587528325, 0.0, 0.0, 0.0, 0.0, 0.0, 0.0, 0.0, 0.0, 0.0, 0.0, 0.0, 0.0, 0.0, 0.0, 0.0, 0.0, 0.0, 0.0, 0.0, 0.0, 0.0, 0.0, 0.0, 0.0, 0.0, 0.0, 0.0, 0.0, 0.0, 0.0, 0.0, 0.0, 0.0, 0.0, 0.0, 0.0, 0.0, 0.0, 0.0, 0.0, 0.0, 0.0, 0.0], "num_sources": 2, "seg_angles": 64, "input": [2.0595602871, 2.3436263102, 2.4502807114, 2.294951105, 2.3618783405, 2.2303190637, 2.0867419172, 2.0995466599, 1.8866457289, 1.5831915362, 1.233807924, 1.5507385999, 1.4137500293, 1.4706339035, 1.4811820406, 1.398125725, 1.3356612147, 1.2224492452, 1.1314889184, 0.8089957721, 0.6760454463, 0.6301499035, 0.7344823891, 0.7711253425, 0.7066428976, 0.5975328894, 0.514839435, 0.4993084184, 0.4029871163, 0.1939059741, 0.3321447282, 0.121051385, 0.1529419718, 0.1721445387, 0.0827723192, 0.0302439506, 0.0710634044, -0.0066875504, -0.1024618878, -0.2514101048, 0.1462182802, -0.2713334984, -0.2869384727, -0.2524595422, -0.2894721423, -0.2915461447, -0.3314585242, -0.4133453601, -0.3946382495, -0.4944511199, -0.0385725172, -0.5190896013, -0.5690340532, -0.5135151658, -0.5122692011, -0.5754572716, -0.5839371153, -0.5958175312, -0.6385749009, -0.6663960503, -0.1520350933, -0.7066028979, -0.6847809513, -0.7351105089, -0.7359755783, -0.7368071335, -0.7695739551, -0.7648521739, -0.8006152814, -0.7897656725, -0.2447183314, -0.8055030251, -0.8169408193, -0.8104296787, -0.845625132, -0.856087581, -0.8577037038, -0.8586901276, -0.8794486312, -0.8739967403, -0.3483892331, -0.8493952271, -0.8970373271, -0.9301576935, -0.9440841154, -0.9029495263, -0.9501089105, -0.97150442, -0.9474730357, -0.9126866565, -0.4574057118, -0.9444180032, -0.9742838443, -1.0049578732, -0.9793968437, -0.9861435439, -1.0022875944, -1.0099128647, -0.9784403971, -0.9640135803]}