{"source": [{"position": [-72.03732650165459, 11.816242655514987], "counts": 500000.0}, {"position": [394.1146516432672, 208.7813242608306], "counts": 500000.0}], "output": [0.0, 0.0, 0.0, 0.0, 0.0, 0.0, 0.0, 0.0, 0.0, 0.0, 0.0, 0.0, 0.0, 0.0, 0.0, 0.0, 0.0, 0.0, 0.0, 0.0, 0.0, 0.0, 0.0, 0.0, 0.0, 0.0, 0.0, 0.0, 0.0, 0.0, 0.0, 0.0, 0.0, 0.0, 0.0, 0.0, 0.018906466, 0.481093534, 0.0, 0.0, 0.0, 0.0, 0.0, 0.0, 0.0, 0.0, 0.0, 0.0, 0.0, 0.0, 0.0, 0.0, 0.0, 0.0, 0.0, 0.0, 0.0, 0.0, 0.0, 0.0, 0.0, 0.0, 0.3280214903, 0.1719785097], "num_sources": 2, "seg_angles": 64, "input": [1.7823072492, 0.8352423512, 0.2322098595, -0.3818692269, -0.67686111, -0.7945071713, -1.0527606614, -1.0033951054, -0.9817560959, -0.8867802025, 2.1699471829, 1.3502663507, 0.4958142649, 0.0126015877, -0.4528930824, -0.7499737875, -0.8997343214, -0.9480027421, -0.9404664568, -0.8329721336, 2.1323000841, 1.3796249633, 0.4921290498, 0.003491687, -0.3889305168, -0.6766238882, -0.8323393542, -0.8488282518, -0.8573401692, -0.7898396054, 2.2725450693, 1.3939795459, 0.5394694822, -0.0440744889, -0.3778627397, -0.639616474, -0.7820863918, -0.8393022816, -0.7798315422, -0.7947664146, 2.0129884664, 1.4264551673, 0.6598077517, 0.0659713272, -0.4709328141, -0.7007777091, -0.8192381916, -0.8503165159, -0.8619631999, -0.7223112821, 2.2694191033, 1.4131053691, 0.4697627842, -0.0150921559, -0.3071321847, -0.5507930798, -0.7801781977, -0.8390637816, -0.838118267, -0.7476716424, 2.2660404827, 1.527611948, 0.5074707337, -0.0891378775, -0.4511009101, -0.694752054, -0.8327578183, -0.8453859448, -0.8481858151, -0.7801809262, 1.929681002, 1.4564431125, 0.7676911157, 0.0887557983, -0.2347925582, -0.6290407108, -0.7987338285, -0.8951634671, -0.8118256518, -0.8410285244, 2.0790421042, 1.6719799564, 0.6511569651, 0.1093493184, -0.3343848402, -0.5972558282, -0.7790120594, -0.866528599, -0.8030441592, -0.7419043014, 2.3043298014, 1.2865746813, 0.7619282765, 0.4046011748, 0.1080872062, 0.061419678, -0.1239788706, -0.2114707482, -0.1309099456, -0.2940233758]}