{"source": [{"position": [444.6620884354306, -17.33860168068299], "counts": 500000.0}, {"position": [-189.92694593018052, -96.41968268789459], "counts": 500000.0}], "output": [0.0, 0.0, 0.0, 0.0, 0.1075189966, 0.3924810034, 0.0, 0.0, 0.0, 0.0, 0.0, 0.0, 0.0, 0.0, 0.0, 0.0, 0.0, 0.0, 0.0, 0.0, 0.0, 0.0, 0.0, 0.0, 0.0, 0.0, 0.0, 0.0, 0.0, 0.0, 0.0, 0.1984879359, 0.3015120641, 0.0, 0.0, 0.0, 0.0, 0.0, 0.0, 0.0, 0.0, 0.0, 0.0, 0.0, 0.0, 0.0, 0.0, 0.0, 0.0, 0.0, 0.0, 0.0, 0.0, 0.0, 0.0, 0.0, 0.0, 0.0, 0.0, 0.0, 0.0, 0.0, 0.0, 0.0], "num_sources": 2, "seg_angles": 64, "input": [1.550595133, 0.9749701209, 1.0304664522, 0.9344927343, 1.6143113314, 1.631585421, 1.7055997654, 1.3751918327, 1.7453139418, 2.0944333234, 2.0706354619, 0.9147645476, -0.0434264683, -0.2024093566, -0.2527119172, -0.1005750605, 0.0245286606, 0.656226182, 0.5386637098, 0.8465621681, 2.0079045771, 1.1435654309, 0.0412174045, -0.4890844668, -0.8929862557, -0.7363554554, -0.6764192246, -0.3541038432, 0.0532193757, 0.4244265218, 2.0378843677, 0.9325811877, 0.2024996532, -0.2877154474, -0.8054083854, -0.8816372298, -0.6802559482, -0.5905738657, -0.2236903708, 0.0027538267, 1.9739016228, 0.7623565125, 0.0460697325, -0.7049980384, -0.9161213112, -1.0668144438, -0.8455127496, -0.6326676722, -0.4907202903, 0.0437360476, 1.7168784836, 0.9197952301, -0.1741427687, -0.502736892, -0.8832758229, -1.1551926175, -1.1691240281, -0.771477023, -0.7734440639, -0.0227483373, 1.8638749472, 0.875643807, 0.0544070479, -0.6997994911, -0.9059135663, -0.9665134849, -1.0322875142, -0.8800667853, -0.5997405057, -0.2529714756, 1.7443272049, 1.0199514138, 0.1372665958, -0.789463699, -0.9682997621, -0.914081795, -0.9271217514, -0.7042777787, -0.5814514241, -0.100348571, 1.5899160881, 0.9174769975, -0.1529603963, -0.5519268528, -1.0780344713, -1.2151878595, -1.2135188636, -0.8382570865, -0.6069288124, -0.2796061004, 1.4437938144, 0.4320101389, -0.5034415969, -1.0277965895, -1.3370576267, -1.4697158633, -1.535048163, -1.2504588133, -0.7995253278, -0.5876674337]}