{"source": [{"position": [73.71540403579044, -33.571404615240155], "counts": 500000.0}, {"position": [347.7345539389671, 117.34427977906543], "counts": 500000.0}], "output": [0.0, 0.0, 0.0, 0.0, 0.0, 0.0, 0.0, 0.0, 0.0, 0.0, 0.0, 0.0, 0.0, 0.0, 0.0, 0.0, 0.0, 0.0, 0.0, 0.0, 0.0, 0.0, 0.0, 0.0, 0.0, 0.0, 0.0, 0.1764824106, 0.3235175894, 0.0, 0.0, 0.0, 0.0, 0.0, 0.0, 0.3424753375, 0.1575246625, 0.0, 0.0, 0.0, 0.0, 0.0, 0.0, 0.0, 0.0, 0.0, 0.0, 0.0, 0.0, 0.0, 0.0, 0.0, 0.0, 0.0, 0.0, 0.0, 0.0, 0.0, 0.0, 0.0, 0.0, 0.0, 0.0, 0.0], "num_sources": 2, "seg_angles": 64, "input": [0.2444226589, 0.59369708, 0.5329687437, 0.6288026235, 0.6224903661, 0.6833579, 0.9112897044, 0.8996599443, 1.295861266, 1.9030546712, -0.6644483424, -0.4370793314, -0.5024476207, -0.3065806249, -0.3288358244, -0.0299209527, 0.1612023454, 0.5198917393, 1.1666085303, 2.1830006648, -0.9321115439, -0.8111883195, -0.7866648638, -0.7600757471, -0.561382939, -0.3368516495, 0.0794433838, 0.4648628391, 1.2712570021, 2.0376376484, -1.094443213, -1.0063464259, -0.9243068531, -0.8455511208, -0.6386438409, -0.3375286216, -0.111887722, 0.4927522606, 1.3722088606, 2.1612377585, -1.1451797596, -1.0608871965, -1.0138339632, -0.8616664721, -0.7145838615, -0.4513222035, 0.0214972825, 0.5770967786, 1.2310284175, 2.2606641357, -1.1698461291, -1.0936709507, -1.015889538, -0.8892891044, -0.7467026983, -0.4253233077, -0.1034229519, 0.4122577797, 1.3100150287, 2.1633073895, -1.1640144102, -1.1215265677, -0.9833119193, -0.8684001486, -0.6816127947, -0.4171259363, 0.0092224504, 0.4973888197, 1.1946887632, 2.1620563723, -1.1358323758, -1.0695665034, -1.0408479293, -0.8571238456, -0.7372314798, -0.4683340412, -0.1279442086, 0.3837501736, 1.2023099968, 2.0757919613, -1.0965019613, -1.0112817702, -0.9501875519, -0.8726534609, -0.715992845, -0.4865761668, -0.0479792666, 0.4616216814, 1.2199373554, 2.0323547646, -0.9305514963, -0.7917602471, -0.7532785497, -0.7005091625, -0.6062150278, -0.3895455162, -0.1835069702, 0.2656493354, 0.8287066995, 1.7822726691]}