{"source": [{"position": [172.08391149230482, -73.18556828711925], "counts": 500000.0}, {"position": [23.08699407929403, 76.59628388102549], "counts": 500000.0}], "output": [0.0, 0.0, 0.0, 0.0, 0.0, 0.0, 0.0, 0.0, 0.0, 0.0, 0.0, 0.0, 0.0, 0.0, 0.0, 0.0, 0.0, 0.0, 0.0, 0.0, 0.0, 0.0, 0.0, 0.0, 0.0, 0.0, 0.0, 0.0479613061, 0.4520386939, 0.0, 0.0, 0.0, 0.0, 0.0, 0.0, 0.0, 0.0, 0.0, 0.0, 0.0, 0.0, 0.0, 0.0, 0.0, 0.0, 0.4909694368, 0.0090305632, 0.0, 0.0, 0.0, 0.0, 0.0, 0.0, 0.0, 0.0, 0.0, 0.0, 0.0, 0.0, 0.0, 0.0, 0.0, 0.0, 0.0], "num_sources": 2, "seg_angles": 64, "input": [-0.8133496168, -0.7813050222, -0.6610509637, -0.652715321, -0.667373498, -0.6070695534, -0.5761514478, -0.6629416619, -0.2809839243, 0.9336250041, -1.1469743322, -1.0577568356, -1.0890054262, -1.0144461091, -1.0371912305, -0.9559630199, -0.8443524002, -0.7173934158, -0.2080064364, 0.9308884128, -1.285192324, -1.2364956641, -1.2097794653, -1.1611413982, -1.0624101549, -0.9079028709, -0.7866355063, -0.5666169133, -0.267167906, 1.0634372606, -1.2807735492, -1.1423764148, -1.1129194341, -1.1146660007, -0.9568308197, -0.9297656027, -0.7045567653, -0.49735737, -0.1374651092, 1.1190343837, -1.1538086521, -0.9788551966, -0.9033497429, -0.8794599731, -0.8149072254, -0.6518221416, -0.5890640695, -0.2994130752, -0.0414029121, 1.3344602299, -0.9699550096, -0.7017881657, -0.6267650513, -0.6822673066, -0.5231914278, -0.4769157724, -0.2577497317, -0.0452339527, 0.3223520776, 1.1764728153, -0.7462034984, -0.4256741633, -0.3461669242, -0.2687493125, -0.1816424539, -0.104487863, 0.0506561965, 0.3354166206, 0.5147513304, 1.4404585526, -0.3273253001, -0.0027453188, 0.1943352768, 0.2079680833, 0.2079892278, 0.4429571205, 0.6639078761, 0.8572651899, 0.9822553706, 1.5512006104, 0.3521778654, 0.6915859659, 0.7602950691, 0.9318038818, 1.1754237242, 1.1014215449, 1.1602111704, 1.434250708, 1.5827349504, 1.7371469737, 1.0743524149, 1.3376231148, 1.5891427839, 1.5459769607, 1.6844238315, 1.7216166288, 1.9241666281, 2.2433062706, 2.2549292231, 2.5010063743]}