{"source": [{"position": [14.475397780530798, 58.22768121001733], "counts": 500000.0}, {"position": [-268.3600787048308, -284.36572957643307], "counts": 500000.0}], "output": [0.0, 0.0, 0.0, 0.0, 0.0, 0.0, 0.0, 0.0, 0.3525610063, 0.1474389937, 0.0, 0.0, 0.0, 0.0, 0.0, 0.0, 0.0, 0.0, 0.0, 0.0, 0.0, 0.0, 0.0, 0.0, 0.0, 0.0, 0.0, 0.0, 0.0, 0.0, 0.0, 0.0, 0.0, 0.0, 0.0, 0.0, 0.0, 0.0, 0.0, 0.0, 0.0, 0.0, 0.0, 0.0, 0.0, 0.2409528468, 0.2590471532, 0.0, 0.0, 0.0, 0.0, 0.0, 0.0, 0.0, 0.0, 0.0, 0.0, 0.0, 0.0, 0.0, 0.0, 0.0, 0.0, 0.0], "num_sources": 2, "seg_angles": 64, "input": [-0.8591568823, -0.8931686302, -0.8875101394, -0.8913196797, -0.8857375616, -0.8107240869, -0.753136204, -0.8218114174, -0.7021269397, -0.0212561151, -0.8560079968, -0.9178073506, -0.9114310522, -1.0221185137, -0.9650234297, -0.9417004708, -0.8759814152, -0.8771099713, -0.8362006816, -0.0586963587, -0.7505154795, -0.8600390993, -0.9214837011, -0.89391645, -1.0112365771, -0.9387128657, -0.9578725717, -0.8672587012, -0.8555737801, -0.041579128, -0.6901130297, -0.7159223565, -0.7721434855, -0.8823957703, -0.8530893455, -0.865326384, -0.7907322187, -0.8699901752, -0.8208408643, 0.0184248887, -0.5413667162, -0.4898027576, -0.6795044559, -0.689259111, -0.6833654105, -0.6922597153, -0.688203214, -0.7418930265, -0.7145215005, 0.0135328904, -0.2942661049, -0.1880107451, -0.3632294722, -0.3822012272, -0.4286711097, -0.4965731251, -0.4951838755, -0.423461151, -0.4422953621, 0.0403801511, 0.0477436528, 0.0340105166, 0.0040639285, -0.0524189015, -0.0442372065, 0.013862541, -0.0766186082, -0.013026254, -0.097522591, 0.2560911292, 0.4431482997, 0.5126520545, 0.7244326109, 0.6218896855, 0.6002351211, 0.5971853584, 0.5591493178, 0.5670333359, 0.4589953193, 0.641059179, 1.1897852672, 1.5796771117, 1.5782700262, 1.4486817109, 1.3038415078, 1.3879026155, 1.348103239, 1.2829344339, 1.220916411, 0.899913493, 1.9729971385, 2.2711578183, 2.1635534133, 2.2446903853, 2.122739941, 2.3003907148, 2.3392133369, 2.1029337663, 2.1163070405, 1.8367591703]}