{"source": [{"position": [-51.24028486818607, 253.88074603369816], "counts": 500000.0}, {"position": [365.82274034259046, -11.389585077503376], "counts": 500000.0}], "output": [0.0, 0.0, 0.0, 0.0, 0.0, 0.0, 0.0, 0.0, 0.0, 0.0, 0.0, 0.0, 0.0, 0.0, 0.0, 0.0, 0.0, 0.0, 0.0, 0.0, 0.0, 0.0, 0.0, 0.0, 0.0, 0.0, 0.0, 0.0, 0.0, 0.0, 0.0, 0.1585137891, 0.3414862109, 0.0, 0.0, 0.0, 0.0, 0.0, 0.0, 0.0, 0.0, 0.0, 0.0, 0.0, 0.0, 0.0, 0.0, 0.0, 0.0, 0.0, 0.4857231676, 0.0142768324, 0.0, 0.0, 0.0, 0.0, 0.0, 0.0, 0.0, 0.0, 0.0, 0.0, 0.0, 0.0], "num_sources": 2, "seg_angles": 64, "input": [-0.6998163808, -1.3499778435, -1.3987385969, -1.3490128082, -1.2298851464, -1.0932604215, -1.0068331541, -0.8077365901, -0.5394497698, -0.0336233381, -0.4317317064, -1.3065164114, -1.3448599623, -1.2928525825, -1.1721152402, -0.9700006996, -0.8976299177, -0.5685753213, -0.1638725429, 0.5185821268, -0.4750025901, -1.3006395416, -1.2524924282, -1.2473729523, -0.9489013955, -1.0046027874, -0.6930420987, -0.3929974147, 0.2271541307, 0.55989726, -0.4350788842, -1.1961955343, -1.0708666462, -0.9766982821, -1.0350595667, -0.8223249475, -0.3811753321, -0.2732801058, 0.3672285097, 0.6049549208, -0.3298188182, -1.1176615922, -1.0828241645, -1.0079291502, -1.0151058008, -0.4613304235, -0.2921769442, -0.3101530525, 0.2742675684, 0.5499618754, -0.4700509268, -1.0403808401, -0.6378289317, -0.5902907495, -0.3734312992, -0.1644037636, -0.1242019202, 0.1461050643, 0.3866438206, 0.7387926843, -0.2479446406, -0.4725206363, -0.3477080076, -0.1622886912, -0.1396548566, 0.0941468018, 0.3082968752, 0.4536706332, 1.093889288, 1.1614296545, -0.2904974458, -0.018146269, 0.0547332519, 0.0125298727, 0.4001314434, 0.5036907995, 0.7181754213, 1.1616894175, 1.3336951964, 1.673976016, 0.3208354899, 0.6674017978, 0.7445532217, 0.9227941725, 1.0971197051, 1.0701375518, 1.1938920947, 1.7748238351, 1.9199853219, 2.123366473, 1.1149947929, 1.0950909554, 1.4151102222, 1.371267358, 1.358923529, 1.4530389804, 1.7913298386, 2.0502020899, 2.4404439686, 2.5896138342]}