{"source": [{"position": [-164.73252255997204, 64.7471699074817], "counts": 500000.0}, {"position": [-405.5907472640216, 278.4962221176664], "counts": 500000.0}], "output": [0.0, 0.0, 0.0, 0.0, 0.0, 0.0, 0.0, 0.0, 0.0, 0.0, 0.0, 0.0, 0.0, 0.0, 0.0, 0.0, 0.0, 0.0, 0.0, 0.0, 0.0, 0.0, 0.0, 0.0, 0.0, 0.0, 0.0, 0.0, 0.0, 0.0, 0.0, 0.0, 0.0, 0.0, 0.0, 0.0, 0.0, 0.0, 0.0, 0.0, 0.0, 0.0, 0.0, 0.0, 0.0, 0.0, 0.0, 0.0, 0.0, 0.0, 0.0, 0.0, 0.0, 0.0, 0.0, 0.0, 0.0, 0.0644607655, 0.4355392345, 0.0, 0.407290896, 0.092709104, 0.0, 0.0], "num_sources": 2, "seg_angles": 64, "input": [1.6723132112, 0.6313187511, 0.1909757739, -0.3304857503, -0.6271932195, -0.8885412246, -1.0121823716, -1.1143643384, -1.176481962, -1.1950860103, 2.0226771984, 1.0041152729, 0.3004340075, -0.2079717219, -0.5238267697, -0.7536216416, -1.0351708259, -1.059349566, -1.1813304166, -1.2139469693, 2.1438632683, 1.2637654947, 0.2897315801, -0.0837977868, -0.5249566036, -0.7739679194, -0.9504627252, -1.068693198, -1.1557203, -1.1527044504, 1.8889741096, 1.1361968247, 0.3582408965, -0.0952987911, -0.3818472889, -0.7018366963, -0.9008141976, -0.9741553419, -1.0899249049, -1.1503274303, 2.0473420668, 1.2202922188, 0.6203196532, -0.0318663982, -0.3709616279, -0.7026348404, -0.8672771806, -0.9760022803, -1.1166384585, -1.092867594, 2.1285617276, 1.1580857692, 0.5526309323, 0.0138505796, -0.4455761141, -0.7468131741, -0.8207940603, -0.9003483217, -1.0501159162, -1.0680963429, 2.0025092212, 1.2674726462, 0.4173775349, 0.0211157137, -0.4656658831, -0.6047757034, -0.767219956, -0.9771215377, -0.9439496964, -1.0680648949, 1.9041171641, 1.2108934871, 0.5142493177, -0.1672350799, -0.3277513413, -0.4747724804, -0.6855954679, -0.6874032778, -0.6165428753, -0.8442968914, 1.8051585561, 1.2306646502, 0.5611878311, 0.2865167196, -0.0708135345, -0.0971882312, -0.0311667957, -0.1389379675, -0.1858908493, -0.2811786044, 1.7072243746, 1.3055953362, 1.2531923853, 1.0146346883, 0.9430747244, 1.237926673, 0.9982168271, 1.0019450024, 0.8122104263, 0.8106511837]}