{"source": [{"position": [15.06004658221774, -27.09603286352878], "counts": 500000.0}, {"position": [37.4597719042099, 18.993827652281308], "counts": 500000.0}], "output": [0.0, 0.0, 0.0, 0.0, 0.0, 0.0, 0.0, 0.0, 0.0, 0.0, 0.0, 0.0, 0.0, 0.0, 0.0, 0.0, 0.0, 0.0, 0.0, 0.0, 0.0, 0.4164070273, 0.0835929727, 0.0, 0.0, 0.0, 0.0, 0.0, 0.0, 0.0, 0.0, 0.0, 0.0, 0.0, 0.0, 0.0, 0.1100350997, 0.3899649003, 0.0, 0.0, 0.0, 0.0, 0.0, 0.0, 0.0, 0.0, 0.0, 0.0, 0.0, 0.0, 0.0, 0.0, 0.0, 0.0, 0.0, 0.0, 0.0, 0.0, 0.0, 0.0, 0.0, 0.0, 0.0, 0.0], "num_sources": 2, "seg_angles": 64, "input": [0.4702388568, 0.7644412543, 0.9189452564, 0.9922672724, 1.0646171058, 1.2645432899, 1.5272498369, 1.7329798182, 2.0970462839, 2.3710103868, -0.1891704126, 0.1193517811, 0.2356065838, 0.3580789516, 0.4679950553, 0.6663651443, 0.8357007973, 1.1803653783, 1.590124701, 2.2246536723, -0.678194244, -0.4443288165, -0.2748081716, -0.2571047072, -0.0842784496, 0.0411447242, 0.2775460445, 0.625787995, 1.0939391433, 2.1078019364, -0.956297598, -0.8178993787, -0.6981351761, -0.6142553252, -0.4848005155, -0.3425845702, -0.1258674039, 0.239517758, 0.7770001181, 2.0514250017, -1.1562066283, -1.0273612181, -0.922069588, -0.8535732023, -0.7050655917, -0.583233974, -0.3352642837, -0.0151476737, 0.6977254047, 1.9785274585, -1.2582313826, -1.1561357595, -1.0853678717, -1.0097726134, -0.8817980596, -0.7251355515, -0.5546863722, -0.1063721958, 0.6526070241, 1.883795331, -1.3013054517, -1.2158280279, -1.1691957502, -1.0927476993, -0.9930452532, -0.8607784686, -0.5725516759, -0.2009587851, 0.5974203025, 1.8715099463, -1.2682908107, -1.1613218031, -1.135075783, -1.1014829635, -1.0136473882, -0.9137717823, -0.6512900408, -0.2874946047, 0.557210925, 1.7730698785, -1.0904482913, -0.9700195108, -0.9200083429, -0.8366714618, -0.8149909635, -0.7564813658, -0.6179786456, -0.2049092272, 0.4221794646, 1.6552305004, -0.5918753834, -0.4857261572, -0.4548736756, -0.3657773693, -0.2535663785, -0.1917640592, -0.1049248621, 0.0609338611, 0.3644820231, 1.33151245]}