{"source": [{"position": [-56.4058733731272, 169.8804798939971], "counts": 500000.0}, {"position": [-173.4640904037532, -349.29959825398953], "counts": 500000.0}], "output": [0.0, 0.0, 0.0, 0.0, 0.0, 0.0, 0.0, 0.0, 0.0, 0.0, 0.0, 0.3474885434, 0.1525114566, 0.0, 0.0, 0.0, 0.0, 0.0, 0.0, 0.0, 0.0, 0.0, 0.0, 0.0, 0.0, 0.0, 0.0, 0.0, 0.0, 0.0, 0.0, 0.0, 0.0, 0.0, 0.0, 0.0, 0.0, 0.0, 0.0, 0.0, 0.0, 0.0, 0.0, 0.0, 0.0, 0.0, 0.0, 0.0, 0.0, 0.0, 0.0, 0.367301899, 0.132698101, 0.0, 0.0, 0.0, 0.0, 0.0, 0.0, 0.0, 0.0, 0.0, 0.0, 0.0], "num_sources": 2, "seg_angles": 64, "input": [1.4390376253, 0.3860515927, -0.1133825181, -0.1532980139, -0.3018655076, -0.279656271, -0.1901685234, -0.2985563966, -0.4652402682, -0.5274765576, 1.5519351018, 0.0523679839, -0.492933659, -0.3293226517, -0.5642682064, -0.5170931287, -0.6615456105, -0.6516430772, -0.7714183324, -0.8998031694, 1.3223594969, -0.1882081932, -0.7053937275, -0.7866493641, -0.8317282611, -0.7417257858, -0.9001780701, -0.8530480711, -0.9575426844, -1.114892857, 1.3824171913, -0.4425208383, -0.9219500751, -0.9043265923, -1.0624314308, -0.9629031343, -0.9062767546, -1.0332511207, -1.166749868, -1.2317414209, 1.4311976651, -0.5224533749, -0.8961228542, -0.9220517971, -0.9644707579, -1.0805015864, -0.8794607302, -1.0665238873, -1.1099136467, -1.335391058, 1.2002150592, -0.0214447116, -0.6275477992, -0.7089583379, -0.7137915335, -0.851806869, -0.9003230129, -0.7092044737, -0.9720140858, -1.0764556845, 1.6685667215, 0.2201184756, -0.2609621513, -0.4351166453, -0.4419836938, -0.2678727244, -0.4486421112, -0.5433920224, -0.5159237918, -0.8346702706, 1.6882630824, 0.5748426945, 0.2268463534, 0.1623918798, 0.2390601766, 0.1087044812, 0.0810581507, 0.1481592121, -0.191193019, -0.2783631704, 2.1100762085, 1.3584685726, 0.8237565732, 0.9755932879, 1.1100091772, 0.9978380623, 0.8133774112, 1.0452104917, 0.6511268689, 0.4395198539, 2.1376541346, 2.1505070014, 1.98069255, 1.8558102808, 1.6192274281, 1.8654996616, 1.8998860601, 1.7405334984, 1.8005769895, 1.2467888864]}