{"source": [{"position": [462.0327911362838, 110.23021325759652], "counts": 500000.0}, {"position": [29.09299128382647, -332.7305183750946], "counts": 500000.0}], "output": [0.0, 0.0, 0.0, 0.0, 0.0, 0.0, 0.0, 0.0, 0.0, 0.0, 0.0, 0.0, 0.0, 0.0, 0.0, 0.0, 0.0558161777, 0.4441838223, 0.0, 0.0, 0.0, 0.0, 0.0, 0.0, 0.0, 0.0, 0.0, 0.0, 0.0, 0.0, 0.0, 0.0, 0.0, 0.0, 0.3072359632, 0.1927640368, 0.0, 0.0, 0.0, 0.0, 0.0, 0.0, 0.0, 0.0, 0.0, 0.0, 0.0, 0.0, 0.0, 0.0, 0.0, 0.0, 0.0, 0.0, 0.0, 0.0, 0.0, 0.0, 0.0, 0.0, 0.0, 0.0, 0.0, 0.0], "num_sources": 2, "seg_angles": 64, "input": [0.7984529281, 1.3627067715, 1.1430285553, 1.2624013965, 1.4479415349, 1.5902278668, 1.825808279, 2.0546253746, 2.3362315518, 2.3269372347, 0.0067825373, 0.5376605728, 0.6872668925, 0.5030578943, 1.0796692315, 0.8107183768, 1.0338084092, 1.2461769716, 1.5706507813, 2.339277815, -0.4216610071, -0.1940408182, 0.1563193702, 0.1146746325, 0.5291401272, 0.4656520839, 0.4630115091, 0.9903719545, 1.1264024386, 1.6021138115, -1.0501000102, -0.602244031, -0.4364385385, -0.01725028, -0.0941962519, 0.3115735716, 0.1563462898, 1.0330543166, 0.6776552913, 1.7025939767, -1.0917913012, -0.8871783032, -0.8867706289, -0.7422692969, -0.5900271646, -0.3623103571, 0.0473519141, 0.1996130404, 0.6174539715, 1.246888703, -1.2444115033, -1.0857044163, -0.9920557808, -0.8962082833, -0.8614245684, -0.7108445092, -0.2296429169, 0.0420933909, 0.5594343605, 1.1826486097, -1.3664746181, -1.3090972538, -1.2149067448, -1.092117194, -0.9851579377, -0.7551394122, -0.5494534329, -0.0867906335, 0.0832206721, 0.8020026627, -1.4240878482, -1.3710854088, -1.2940503095, -1.1969412199, -1.0084061278, -0.9680159596, -0.5926500347, -0.5612222308, 0.0084109753, 1.1125915287, -1.235498589, -1.2941859408, -1.240358747, -1.2625386643, -1.0484507186, -0.9272054299, -0.5784776289, -0.5820572432, -0.0757948648, 0.8193333786, -0.8990664065, -0.7213708379, -0.6161657535, -0.5886524919, -0.662829933, -0.5367644688, -0.5344731047, -0.3857631498, -0.2228789724, 0.571315722]}