{"source": [{"position": [105.40265722709695, 112.27769079147964], "counts": 500000.0}, {"position": [2.8680106628938677, -178.97702230967397], "counts": 500000.0}], "output": [0.0, 0.0, 0.0, 0.0, 0.0, 0.0, 0.0, 0.0, 0.0, 0.0, 0.0, 0.0, 0.0, 0.0, 0.0, 0.0, 0.4183950648, 0.0816049352, 0.0, 0.0, 0.0, 0.0, 0.0, 0.0, 0.0, 0.0, 0.0, 0.0, 0.0, 0.0, 0.0, 0.0, 0.0, 0.0, 0.0, 0.0, 0.0, 0.0, 0.0, 0.0, 0.3392017308, 0.1607982692, 0.0, 0.0, 0.0, 0.0, 0.0, 0.0, 0.0, 0.0, 0.0, 0.0, 0.0, 0.0, 0.0, 0.0, 0.0, 0.0, 0.0, 0.0, 0.0, 0.0, 0.0, 0.0], "num_sources": 2, "seg_angles": 64, "input": [0.3511244094, 0.6424386336, 0.5962044251, 0.666750737, 0.9341894861, 1.0064583347, 1.1279174833, 1.6845337314, 2.3012769348, 3.0947859922, -0.3531297501, -0.1154841969, -0.1413841982, 0.0620837481, 0.3699431626, 0.2366506774, 0.7471004801, 0.9892015027, 2.1286940022, 2.1396535436, -0.8703375375, -0.5517716823, -0.5270218906, -0.4338213033, -0.446855636, -0.1572358798, 0.1899985618, 0.6248863608, 1.2362601734, 2.1384523372, -1.281637523, -1.0461992441, -1.0124330468, -0.7877761991, -0.7204091575, -0.7331231185, -0.2977133317, -0.1151577939, 0.7977875795, 2.0693698458, -1.5397675522, -1.2439067042, -1.2664791614, -1.1498191284, -1.0889397326, -1.0435183829, -0.7420827869, -0.1850039625, 0.4883709096, 1.3176659899, -1.5474570303, -1.2623435535, -1.1807630219, -1.2542050438, -1.0856691419, -1.1462274773, -0.8518188525, -0.4150061636, 0.2296030827, 1.1960738757, -1.3459920333, -1.2265347052, -1.2938086162, -1.0211003573, -0.9104850874, -0.9515060484, -0.8271779976, -0.6204009466, -0.1157324186, 1.0411154357, -1.1161061236, -0.7737598493, -0.6842879169, -0.7371765572, -0.5860524573, -0.7503590335, -0.7525580046, -0.329875664, -0.0119259156, 1.0244900813, -0.46601547, -0.0503444864, 0.1264650948, -0.0795287304, -0.0838690634, 0.1815610032, -0.0920977138, 0.0047218548, 0.1152711566, 0.9845188839, 0.3151628758, 0.7744929474, 0.8530005174, 0.6874752681, 1.0381620245, 1.1134440344, 0.9583073457, 0.8338931161, 1.096649174, 0.9049875675]}