{"source": [{"position": [169.90676102341894, 205.96284266471665], "counts": 500000.0}, {"position": [157.6017691723418, 78.3433618997034], "counts": 500000.0}], "output": [0.0, 0.0, 0.0, 0.0, 0.0, 0.0, 0.0, 0.0, 0.0, 0.0, 0.0, 0.0, 0.0, 0.0, 0.0, 0.0, 0.0, 0.0, 0.0, 0.0, 0.0, 0.0, 0.0, 0.0, 0.0, 0.0, 0.0, 0.0, 0.0, 0.0, 0.0, 0.0, 0.0, 0.0, 0.0, 0.0, 0.1505038559, 0.3494961441, 0.0, 0.0, 0.0129376192, 0.4870623808, 0.0, 0.0, 0.0, 0.0, 0.0, 0.0, 0.0, 0.0, 0.0, 0.0, 0.0, 0.0, 0.0, 0.0, 0.0, 0.0, 0.0, 0.0, 0.0, 0.0, 0.0, 0.0], "num_sources": 2, "seg_angles": 64, "input": [-1.2676615814, -1.1878452378, -1.2035536816, -1.0682826963, -1.0056563176, -0.8240385597, -0.5252950252, -0.1431580653, 0.4138419736, 1.6359381027, -1.2461587719, -1.1429008121, -1.1560224121, -1.0397906502, -0.8667581265, -0.6802204318, -0.3984070921, 0.0718070968, 0.7273201735, 1.9121196423, -1.1830503058, -1.1490301205, -1.0952935676, -0.9699559922, -0.8759548499, -0.6897602286, -0.3682410189, 0.1780004697, 0.8686405872, 1.9617834492, -1.1196654845, -1.1112158116, -1.0971663741, -1.0280384885, -0.8215923814, -0.6550706, -0.1745378608, 0.2940738432, 1.1612349937, 1.9600816546, -1.1808482839, -1.0451734114, -1.0074929445, -0.9015907558, -0.7609026867, -0.541181375, -0.399538525, 0.1952191206, 0.7681595988, 2.0397423221, -1.0415519649, -0.9797122463, -0.8792667503, -0.8888891471, -0.6644906392, -0.4859980704, -0.1432446039, 0.1448785868, 1.1268069603, 1.7770168717, -0.8526051309, -0.6885894582, -0.7690622642, -0.6748306789, -0.4739930158, -0.4109264987, -0.0832714367, 0.1817139285, 0.9019605646, 1.7724256958, -0.516381013, -0.3503225575, -0.3716888964, -0.3483096983, -0.3179796108, -0.1931172083, 0.088361618, 0.3421719551, 1.0795227038, 1.7254995688, 0.0718150389, 0.2260262335, 0.2892083306, 0.3107595812, 0.2402831082, 0.4796538579, 0.3911681377, 0.5839482265, 0.9727539154, 1.7902280245, 1.1214950948, 1.3142189837, 1.2952043741, 1.3910568268, 1.6551152895, 1.455431009, 1.4798383516, 1.4406629651, 1.6498913693, 1.5782012183]}