{"source": [{"position": [-319.9927056001571, 56.830171235807335], "counts": 500000.0}, {"position": [85.55454954343766, 334.2236063661864], "counts": 500000.0}], "output": [0.0, 0.0, 0.0, 0.0, 0.0, 0.0, 0.0, 0.0, 0.0, 0.0, 0.0, 0.0, 0.0, 0.0, 0.0, 0.0, 0.0, 0.0, 0.0, 0.0, 0.0, 0.0, 0.0, 0.0, 0.0, 0.0, 0.0, 0.0, 0.0, 0.0, 0.0, 0.0, 0.0, 0.0, 0.0, 0.0, 0.0, 0.0, 0.0, 0.0, 0.0, 0.0, 0.0, 0.0, 0.0, 0.2762897441, 0.2237102559, 0.0, 0.0, 0.0, 0.0, 0.0, 0.0, 0.0, 0.0, 0.0, 0.0, 0.0, 0.0, 0.0, 0.0, 0.0, 0.3951672236, 0.1048327764], "num_sources": 2, "seg_angles": 64, "input": [0.5212710326, -0.0544919508, -0.4456547328, -0.9423990544, -1.1142023029, -1.3758681495, -1.3222071247, -1.4320121041, -1.3199517634, -0.6225372592, 0.6528496847, 0.3935953405, -0.131703471, -0.6684927582, -0.9942158804, -1.1841670622, -1.3073063509, -1.2807031603, -1.2801144657, -0.3244727639, 0.6783464569, 0.3862752097, -0.2286030945, -0.6087693151, -0.9040075706, -1.0863846155, -1.1908616555, -1.2598387897, -1.1818405101, -0.4127860276, 0.9148121919, 0.53098469, -0.0844103918, -0.4751206126, -0.7346395945, -1.0075993781, -1.1118109775, -1.1945887397, -1.092837272, -0.4280010619, 1.0768830689, 0.5477546015, 0.0893525609, -0.2266945265, -0.4251898268, -0.8091730601, -0.9829452648, -1.0919327423, -1.1317015481, -0.5129850826, 1.1070116532, 0.830156851, 0.5689286782, -0.0757875903, -0.4463946486, -0.6308688317, -0.6755843671, -0.8088687115, -0.9182041538, -0.4140253493, 1.3924087971, 1.1874539374, 0.4378247066, 0.1956286193, -0.0212667188, -0.4033363066, -0.5711963784, -0.654341657, -0.6523263384, -0.1831226463, 1.8825538074, 1.6650129094, 1.020124245, 0.3874695694, -0.0196114094, 0.0022921492, -0.0168587241, -0.0726054462, -0.5208298459, -0.449981158, 2.2834978884, 2.0161313891, 1.0153209316, 0.9890987017, 0.5940990344, 0.5649172383, 0.0423824477, 0.2501482974, 0.0685962792, 0.1760477117, 2.4205979472, 2.226068298, 1.7651056862, 1.8283973674, 1.7397478499, 1.6635817532, 1.5566324446, 1.4487792279, 1.2075749532, 1.1927160857]}