{"source": [{"position": [-315.60966072056175, -300.8098104448257], "counts": 500000.0}, {"position": [-442.29759667633294, -149.8727325911553], "counts": 500000.0}], "output": [0.0, 0.0, 0.0, 0.3360913492, 0.1639086508, 0.0, 0.0, 0.1222552884, 0.3777447116, 0.0, 0.0, 0.0, 0.0, 0.0, 0.0, 0.0, 0.0, 0.0, 0.0, 0.0, 0.0, 0.0, 0.0, 0.0, 0.0, 0.0, 0.0, 0.0, 0.0, 0.0, 0.0, 0.0, 0.0, 0.0, 0.0, 0.0, 0.0, 0.0, 0.0, 0.0, 0.0, 0.0, 0.0, 0.0, 0.0, 0.0, 0.0, 0.0, 0.0, 0.0, 0.0, 0.0, 0.0, 0.0, 0.0, 0.0, 0.0, 0.0, 0.0, 0.0, 0.0, 0.0, 0.0, 0.0], "num_sources": 2, "seg_angles": 64, "input": [1.7422590025, 1.7702898782, 1.3959650759, 1.2439781098, 1.4757101038, 1.4238967599, 1.4520177897, 1.4479417784, 1.3579317306, 0.8040543486, 1.726218469, 0.92905351, 0.8187731719, 0.496146256, 0.2734409401, 0.2366618054, 0.2517248984, 0.2089218863, 0.2034328761, -0.2480923181, 1.7437540744, 1.0864272432, 0.2409758497, -0.1295388197, -0.0033474669, -0.348611962, -0.4425823482, -0.5053343453, -0.4208393221, -0.7015470699, 2.2894484543, 1.0097979558, 0.2048455671, -0.1197824314, -0.5339477654, -0.4501372624, -0.7818630337, -0.6728148965, -0.8218200124, -0.9287986699, 2.1790729058, 1.0417241287, 0.2394850027, -0.2430222279, -0.5966008628, -0.7782947431, -0.8648718535, -0.8525781408, -0.8773891406, -0.974208888, 1.5616934521, 1.2868795316, 0.3331734644, -0.0384485228, -0.471842825, -0.7960785798, -0.8671525756, -1.0279669206, -1.1463044918, -1.1441139434, 1.6228509506, 1.0049484009, 0.185955598, -0.1134232884, -0.5711797292, -0.7514635575, -0.9706602631, -1.0462848277, -1.0699285991, -1.1848053162, 1.7482635929, 0.8876146651, 0.0314646118, -0.2993649536, -0.6434310897, -0.8904944625, -1.0343873266, -1.0790311288, -1.1446513188, -1.2089691812, 1.7474230499, 0.9716374621, 0.1164323961, -0.2400812825, -0.6776126294, -0.7629836922, -1.0591628417, -1.0708393209, -1.1729151825, -1.229409912, 1.6556967212, 0.5022964579, -0.0852052023, -0.4743436276, -0.7676745421, -0.8994111042, -1.0488866549, -1.1847230453, -1.2219975312, -1.259026876]}