{"source": [{"position": [242.0045676874083, 124.16839057679128], "counts": 500000.0}, {"position": [-89.38716271555813, 341.49514658580784], "counts": 500000.0}], "output": [0.0, 0.0, 0.0, 0.0, 0.0, 0.0, 0.0, 0.0, 0.0, 0.0, 0.0, 0.0, 0.0, 0.0, 0.0, 0.0, 0.0, 0.0, 0.0, 0.0, 0.0, 0.0, 0.0, 0.0, 0.0, 0.0, 0.0, 0.0, 0.0, 0.0, 0.0, 0.0, 0.0, 0.0, 0.0, 0.0, 0.0856372495, 0.4143627505, 0.0, 0.0, 0.0, 0.0, 0.0, 0.0, 0.0, 0.0, 0.0, 0.0, 0.0, 0.0, 0.196158071, 0.303841929, 0.0, 0.0, 0.0, 0.0, 0.0, 0.0, 0.0, 0.0, 0.0, 0.0, 0.0, 0.0], "num_sources": 2, "seg_angles": 64, "input": [-0.7279358345, -1.2016916719, -1.3022959625, -1.2584075307, -1.2025470881, -1.1365870539, -0.8456681974, -0.5311648551, -0.0893914504, 0.4046362076, -0.6724918398, -1.2241591267, -1.2539887671, -1.2155769153, -1.2129055463, -1.0436992893, -0.7036177386, -0.1718438063, 0.1493246344, 0.8406431372, -0.6014126002, -1.0974760008, -1.1609026567, -1.1614058489, -1.0950168731, -0.960391385, -0.6312751353, -0.2694616173, 0.3886846995, 0.9545535373, -0.6544116565, -1.1792064978, -1.0699714778, -0.9777644827, -0.9083692466, -0.7720294718, -0.4722773156, -0.1872368586, 0.3713204907, 0.8653856075, -0.5942754372, -0.9917602631, -0.9977948965, -0.9300947562, -0.7808503959, -0.5150921889, -0.4406660572, -0.2540742801, 0.5501087663, 1.0304863256, -0.6576238491, -0.9468529733, -0.8123037079, -0.8301905778, -0.6473811176, -0.4346371667, -0.2889256958, 0.1100996855, 0.5399652744, 1.2638368197, -0.3276698677, -0.6244391813, -0.5991733225, -0.5407681638, -0.4512664722, -0.2788961368, 0.0427792844, 0.3397775308, 0.8760415746, 1.2332399671, -0.0274891824, -0.1408633073, -0.1028796203, -0.1267713804, 0.2271356902, 0.0067534523, 0.2957150263, 0.5024208718, 1.0287898369, 1.2903619103, 0.5400441349, 0.7594596646, 0.8745632115, 0.4662771716, 0.770955757, 0.6855820523, 0.9327011434, 0.9864247034, 1.347474135, 2.012950548, 1.4991925526, 1.862001411, 1.8183024676, 2.1855228921, 1.839548118, 2.1437366852, 2.0444899784, 1.9605289121, 2.0635674939, 2.2299384332]}