{"source": [{"position": [346.53879769650786, 320.4603902061202], "counts": 500000.0}, {"position": [-49.285766993094846, -288.8250563436323], "counts": 500000.0}], "output": [0.0, 0.0, 0.0, 0.0, 0.0, 0.0, 0.0, 0.0, 0.0, 0.0, 0.0, 0.0, 0.0, 0.0, 0.3607829306, 0.1392170694, 0.0, 0.0, 0.0, 0.0, 0.0, 0.0, 0.0, 0.0, 0.0, 0.0, 0.0, 0.0, 0.0, 0.0, 0.0, 0.0, 0.0, 0.0, 0.0, 0.0, 0.0, 0.0, 0.0, 0.1990236661, 0.3009763339, 0.0, 0.0, 0.0, 0.0, 0.0, 0.0, 0.0, 0.0, 0.0, 0.0, 0.0, 0.0, 0.0, 0.0, 0.0, 0.0, 0.0, 0.0, 0.0, 0.0, 0.0, 0.0, 0.0], "num_sources": 2, "seg_angles": 64, "input": [1.2814249488, 1.6329146231, 1.2989166615, 1.8291721659, 1.8268022827, 1.8538536587, 1.562496654, 2.3815459618, 2.6750052291, 2.9118133626, 0.360786036, 0.6755063834, 0.8299377269, 0.7431059219, 0.9557703788, 0.9135719647, 1.245973436, 1.4241988953, 1.8153710034, 2.0575894544, -0.3524020249, -0.1976778347, -0.1960277683, 0.0807629962, 0.2907879612, 0.2333150367, 0.6142898082, 0.7674482952, 1.6711900092, 1.4682987321, -0.4448142614, -0.9022672961, -0.6258007031, -0.3361965972, -0.5576893009, -0.3556883794, 0.0769706006, 0.2165219855, 0.4848534233, 0.9018490846, -0.2863595163, -1.0739936867, -1.238374703, -0.974553455, -0.9879756105, -0.7725956538, -0.7792520524, -0.0582936905, 0.3542500477, 0.4211675512, -0.712974823, -1.1299580653, -1.1275705229, -1.2392447592, -1.3027878057, -1.1684921337, -1.0569861302, -0.6960828514, -0.1495913481, 0.2603293637, -0.3824230612, -1.2557823568, -1.1332786097, -1.1200336906, -1.2801619897, -1.1465415915, -1.1753928259, -0.6939654813, -0.1380962489, 0.386187834, 0.0398311769, -0.9747552209, -1.0983207299, -0.9900001064, -0.9131664278, -1.1924432228, -0.9352381646, -0.8638759447, -0.5266615899, 0.2986097294, 0.2592879439, -0.6973424861, -0.537936113, -0.6030245973, -0.7045310918, -0.790132104, -0.6828400482, -0.5812247392, -0.4427218794, -0.164584651, 0.6922017025, -0.1374660833, 0.2641548471, -0.0986381006, -0.0733798722, -0.0218574788, -0.0577354453, -0.0419692707, 0.0203766066, 0.1007307124]}