{"source": [{"position": [-325.05290308964896, 233.1107251779533], "counts": 500000.0}, {"position": [46.427414256998404, -91.94289099984326], "counts": 500000.0}], "output": [0.0, 0.0, 0.0, 0.0, 0.0, 0.0, 0.0, 0.0, 0.0, 0.0, 0.0, 0.0, 0.0, 0.0, 0.0, 0.0, 0.0, 0.0, 0.0, 0.0, 0.1184963806, 0.3815036194, 0.0, 0.0, 0.0, 0.0, 0.0, 0.0, 0.0, 0.0, 0.0, 0.0, 0.0, 0.0, 0.0, 0.0, 0.0, 0.0, 0.0, 0.0, 0.0, 0.0, 0.0, 0.0, 0.0, 0.0, 0.0, 0.0, 0.0, 0.0, 0.0, 0.0, 0.0, 0.0, 0.0, 0.0, 0.0, 0.1685410504, 0.3314589496, 0.0, 0.0, 0.0, 0.0, 0.0], "num_sources": 2, "seg_angles": 64, "input": [2.1828804142, 2.25723547, 2.0626261719, 2.3081602896, 1.9787322306, 1.8771021696, 2.0167916831, 1.8466474375, 1.8526889813, 1.6876536429, 1.0940801743, 1.3120844442, 1.3858767452, 1.15353642, 0.9141107484, 0.8850850203, 1.0641079787, 0.9447047231, 0.8649961875, 1.3935625643, 0.6888168762, 0.532080673, 0.388302262, 0.1777100763, 0.2422788837, 0.3385672908, 0.1713088176, 0.2009656189, 0.2585323431, 1.1091060817, 0.1481613655, -0.0036381044, 0.038195005, -0.2753921855, -0.3278682352, -0.3751558803, -0.3391323249, -0.245448182, -0.1350290591, 1.0547032031, -0.154973589, -0.3658529984, -0.4886908198, -0.6780134347, -0.7200427289, -0.6311297686, -0.7392567556, -0.6057677367, -0.135421596, 0.9974747642, -0.3947166173, -0.6204366551, -0.6662858676, -0.9435491727, -0.9551597782, -0.9099676981, -0.9774390795, -0.8107173068, -0.3031017916, 0.9003508698, -0.4533777047, -0.7360885679, -1.0201987504, -1.0818454288, -1.0932356891, -1.1216716001, -1.0509460744, -0.8637315575, -0.2222502138, 1.0630350695, -0.6919589666, -0.905771978, -1.0967170788, -1.1775242291, -1.0843231302, -1.120847071, -1.1154738011, -0.8099431923, -0.2117899085, 0.9512427932, -0.8003270368, -0.9760728108, -1.0389500317, -1.0345189918, -1.0238329738, -0.957542901, -1.0408735088, -0.6990519195, 0.0641173979, 1.1936032252, -0.8852782194, -0.9351012129, -0.8964296399, -0.7499370115, -0.8011851047, -0.8623221897, -0.8047303139, -0.576959401, 0.0561752391, 1.0856042227]}