{"source": [{"position": [56.49831153115532, -164.57199273913082], "counts": 500000.0}, {"position": [42.7974755351437, 83.69215069418861], "counts": 500000.0}], "output": [0.0, 0.0, 0.0, 0.0, 0.0, 0.0, 0.0, 0.0, 0.0, 0.0, 0.0, 0.0, 0.0, 0.0, 0.0, 0.0, 0.0, 0.0, 0.0, 0.3157707853, 0.1842292147, 0.0, 0.0, 0.0, 0.0, 0.0, 0.0, 0.0, 0.0, 0.0, 0.0, 0.0, 0.0, 0.0, 0.0, 0.0, 0.0, 0.0, 0.0, 0.0, 0.0, 0.0, 0.0, 0.4074437729, 0.0925562271, 0.0, 0.0, 0.0, 0.0, 0.0, 0.0, 0.0, 0.0, 0.0, 0.0, 0.0, 0.0, 0.0, 0.0, 0.0, 0.0, 0.0, 0.0, 0.0], "num_sources": 2, "seg_angles": 64, "input": [-0.3137267752, -0.068237589, -0.1118452418, -0.1008346842, 0.1023252358, 0.0576065659, 0.1456159591, 0.3140991941, 0.7688953511, 1.7421150991, -0.8845670033, -0.4713143423, -0.480199721, -0.3750050504, -0.546497331, -0.3468351465, -0.2627167792, -0.1216046759, 0.4802976716, 1.8977225349, -1.1254051474, -0.8229610765, -0.8282501894, -0.7469344836, -0.7642701215, -0.7451898576, -0.572328805, -0.3742865185, 0.3302952892, 2.0825374616, -1.3707220454, -1.0884813527, -1.0371594571, -1.0208267397, -1.0600807044, -0.9958889714, -0.7990110602, -0.7486129124, -0.0169114263, 1.7652282176, -1.3379328456, -1.1051245338, -1.0342868792, -0.992999976, -1.0035932712, -1.0006650653, -0.9273582346, -0.7354969651, -0.0902331662, 1.5798658445, -1.2036717089, -1.1224099129, -1.0303653912, -0.8865621126, -0.9231773358, -0.7965949114, -0.8655967909, -0.7223979029, -0.1796124766, 1.6862363867, -0.9510320836, -0.6543852084, -0.7211731781, -0.6987586985, -0.619926053, -0.5889603448, -0.7089453747, -0.5357745081, -0.0540282491, 1.5703668163, -0.641295801, -0.304171108, -0.3437936815, 0.0020948411, -0.0617538263, -0.0798829952, -0.1238018032, -0.106952744, 0.1183621937, 1.8703644247, 0.1995792199, 0.6494902431, 0.5547960701, 0.6589245504, 0.835090307, 0.8766373096, 0.5551219716, 0.7472562194, 0.919661507, 1.9968649491, 1.130858677, 1.3143133946, 1.5916879604, 1.4507494182, 1.8558064858, 1.6132242636, 1.77136667, 1.7066252474, 2.0685178169, 2.3428189787]}