{"source": [{"position": [243.03377007035058, 160.0487007300964], "counts": 500000.0}, {"position": [-224.2705771125832, 366.8824174604022], "counts": 500000.0}], "output": [0.0, 0.0, 0.0, 0.0, 0.0, 0.0, 0.0, 0.0, 0.0, 0.0, 0.0, 0.0, 0.0, 0.0, 0.0, 0.0, 0.0, 0.0, 0.0, 0.0, 0.0, 0.0, 0.0, 0.0, 0.0, 0.0, 0.0, 0.0, 0.0, 0.0, 0.0, 0.0, 0.0, 0.0, 0.0, 0.0, 0.0, 0.0340705189, 0.4659294811, 0.0, 0.0, 0.0, 0.0, 0.0, 0.0, 0.0, 0.0, 0.0, 0.0, 0.0, 0.0, 0.0, 0.0, 0.2056074051, 0.2943925949, 0.0, 0.0, 0.0, 0.0, 0.0, 0.0, 0.0, 0.0, 0.0], "num_sources": 2, "seg_angles": 64, "input": [-0.3579554437, -0.9059768971, -1.1384625016, -1.3929049553, -1.2225219773, -1.1706322835, -1.0791348632, -0.7253007174, -0.1140639037, 0.6902052766, -0.1841608103, -0.8293618639, -1.1599373511, -1.2582349738, -1.3182234088, -0.9552568933, -0.756514887, -0.3260301411, 0.3003517008, 0.7717953114, -0.2316825839, -0.7792418636, -1.0916348002, -1.1499794754, -1.0602619069, -0.9819386988, -0.7426395924, -0.5540373027, 0.3304145445, 0.9327071714, -0.0187751123, -0.8245404407, -0.9597108226, -1.2754774467, -1.009814672, -0.9101669742, -0.5766234697, -0.3142317174, 0.1315316634, 0.9866622747, -0.1982445755, -0.7546883733, -0.8896751282, -1.1188478718, -1.0203202836, -0.9461430589, -0.6570223029, -0.3095503775, 0.237804083, 0.9463189979, -0.2200403759, -0.5688217647, -0.8298771836, -0.9137795768, -0.8067260053, -0.8717030594, -0.4249983908, -0.028429453, 0.3731109649, 1.21790188, -0.0900389958, -0.6158346199, -0.6206083868, -0.6880274016, -0.6134900441, -0.481703268, -0.2435787964, 0.0195503316, 0.8395891925, 1.1894634467, 0.3597859862, -0.2398568697, -0.1374323875, -0.0435162973, 0.1002704004, -0.0673940843, 0.1293408127, 0.4001821845, 0.760284147, 1.2480514681, 0.4953814652, 0.9546124573, 0.9401458117, 0.9291284448, 0.7615168489, 0.8148493254, 0.9859055526, 0.6603262848, 1.101727449, 1.7656081415, 1.7186159166, 1.9043547939, 1.8758071794, 2.0681219247, 1.9805661896, 2.0955588785, 2.178918789, 2.1473766374, 2.186454546, 2.2454812096]}