{"source": [{"position": [360.8780309889051, -66.75362723905627], "counts": 500000.0}, {"position": [106.08682872567364, 157.62482282600538], "counts": 500000.0}], "output": [0.0, 0.0, 0.0, 0.0, 0.0, 0.0, 0.0, 0.0, 0.0, 0.0, 0.0, 0.0, 0.0, 0.0, 0.0, 0.0, 0.0, 0.0, 0.0, 0.0, 0.0, 0.0, 0.0, 0.0, 0.0, 0.0, 0.0, 0.0, 0.0, 0.0, 0.4315436368, 0.0684563632, 0.0, 0.0, 0.0, 0.0, 0.0, 0.0, 0.0, 0.0, 0.0, 0.0170564776, 0.4829435224, 0.0, 0.0, 0.0, 0.0, 0.0, 0.0, 0.0, 0.0, 0.0, 0.0, 0.0, 0.0, 0.0, 0.0, 0.0, 0.0, 0.0, 0.0, 0.0, 0.0, 0.0], "num_sources": 2, "seg_angles": 64, "input": [-0.9915228274, -0.924595932, -0.899499849, -0.8955456309, -0.8018772543, -0.6547703139, -0.5292292255, -0.2289136389, 0.3795597122, 1.5673218522, -1.2782180505, -1.2777778765, -1.2546925853, -1.1179909268, -1.1041762468, -0.8202416777, -0.5698641149, 0.0680753208, 0.7224949903, 2.031057582, -1.2738956679, -1.1954648163, -1.149065206, -1.0597310013, -1.0667372987, -0.8718857418, -0.6232488148, -0.0413347823, 0.7843368856, 1.7113403386, -1.2699534537, -1.1868116228, -0.9827760074, -1.0854515042, -1.0645818302, -0.8270992774, -0.5093359348, -0.0327434818, 1.0339445754, 1.7497688461, -1.1251019604, -1.0169675556, -0.9796030455, -0.9752779746, -0.8727832576, -0.7437929743, -0.4119293932, 0.0472194836, 0.9075768242, 2.0196358657, -0.9787301214, -0.8154156351, -0.7922422889, -0.7921419773, -0.7053901561, -0.5444013836, -0.3735687186, -0.0189413868, 0.8512457253, 1.9448469967, -0.7874550295, -0.7024707845, -0.5543177264, -0.52323547, -0.4378583959, -0.3196953582, -0.0708355002, 0.0641269756, 0.7207454093, 1.8835677819, -0.435278763, -0.2752076015, -0.1932802147, -0.1943407125, -0.0217827813, 0.1392048876, 0.3153570002, 0.4483840512, 0.8159150637, 1.7743644618, 0.2461306514, 0.3014738891, 0.489045333, 0.525145009, 0.6253800995, 0.7501224797, 0.897718938, 1.107700153, 1.2435088704, 1.7635227959, 0.7701188073, 0.9110336916, 1.038070673, 1.1609278335, 1.2236772359, 1.3438706672, 1.4405021807, 1.684226266, 1.7587998923, 1.9900126618]}