{"source": [{"position": [-426.6998891167136, 157.96266846247028], "counts": 500000.0}, {"position": [-145.73263951454516, 70.75307611774647], "counts": 500000.0}], "output": [0.0, 0.0, 0.0, 0.0, 0.0, 0.0, 0.0, 0.0, 0.0, 0.0, 0.0, 0.0, 0.0, 0.0, 0.0, 0.0, 0.0, 0.0, 0.0, 0.0, 0.0, 0.0, 0.0, 0.0, 0.0, 0.0, 0.0, 0.0, 0.0, 0.0, 0.0, 0.0, 0.0, 0.0, 0.0, 0.0, 0.0, 0.0, 0.0, 0.0, 0.0, 0.0, 0.0, 0.0, 0.0, 0.0, 0.0, 0.0, 0.0, 0.0, 0.0, 0.0, 0.0, 0.0, 0.0, 0.0, 0.0, 0.0, 0.0, 0.3019142065, 0.5038066651, 0.1942791284, 0.0, 0.0], "num_sources": 2, "seg_angles": 64, "input": [1.4870951741, 0.7060954468, 0.1565624717, -0.4049669145, -0.7018809901, -0.9177134268, -0.9401390378, -1.0974407488, -1.1570634961, -1.1908638815, 1.7394438754, 1.0307132171, 0.35617234, -0.0978972697, -0.5464312035, -0.7709470453, -0.8852818036, -1.0162001523, -1.1155755762, -1.2131940428, 2.0205148021, 1.3502952337, 0.5808368864, 0.0118947069, -0.4335592905, -0.6713989755, -0.8729307072, -1.0325605449, -1.141626907, -1.1843979368, 2.1153113052, 1.2763652287, 0.600843271, 0.011597734, -0.5177879683, -0.7154394064, -0.8519021118, -0.9860573494, -1.0823250912, -1.1680894458, 2.0740055088, 1.3566993657, 0.5301814204, -0.1719834667, -0.458533106, -0.7254621335, -0.8759320502, -1.01908668, -1.1135241851, -1.1615274787, 2.0020294882, 1.2866555006, 0.4176703735, -0.0524006707, -0.3663288676, -0.7553927637, -0.8444344087, -0.9386546693, -1.1073443742, -1.1256257381, 1.9323347712, 1.349625904, 0.4890081062, -0.0164828962, -0.3729570088, -0.6752234813, -0.8042141838, -0.9181132305, -0.9227240109, -1.05562573, 2.0520024979, 1.1228755103, 0.5523662034, -0.0834906715, -0.4013390383, -0.4778402461, -0.7261762955, -0.6210255206, -0.7723611744, -0.8784576551, 1.9689966469, 1.0587044964, 0.4868584534, 0.1143106911, 0.0023081528, -0.1425649699, -0.088637645, -0.1987780996, -0.1740951279, -0.2781776439, 1.7497527294, 1.3430214172, 1.2252684805, 1.0866573897, 0.8203942165, 0.8620907473, 1.0459860852, 0.9747179156, 0.8306083774, 0.8593144033]}