{"source": [{"position": [-246.11376184464976, -190.12894632505342], "counts": 500000.0}, {"position": [-53.82686552469766, -398.38005540913576], "counts": 500000.0}], "output": [0.0, 0.0, 0.0, 0.0, 0.0, 0.0, 0.1500470652, 0.3499529348, 0.0, 0.0, 0.0, 0.0, 0.0, 0.0, 0.183989568, 0.316010432, 0.0, 0.0, 0.0, 0.0, 0.0, 0.0, 0.0, 0.0, 0.0, 0.0, 0.0, 0.0, 0.0, 0.0, 0.0, 0.0, 0.0, 0.0, 0.0, 0.0, 0.0, 0.0, 0.0, 0.0, 0.0, 0.0, 0.0, 0.0, 0.0, 0.0, 0.0, 0.0, 0.0, 0.0, 0.0, 0.0, 0.0, 0.0, 0.0, 0.0, 0.0, 0.0, 0.0, 0.0, 0.0, 0.0, 0.0, 0.0], "num_sources": 2, "seg_angles": 64, "input": [1.8070861671, 2.0614661337, 2.0715887869, 1.9987803228, 1.8513971134, 2.08623871, 2.0492889142, 1.889871615, 1.8695980421, 1.5845177389, 1.5193217879, 1.3079247338, 1.1967280398, 1.0087036213, 0.9324209379, 1.0339427785, 0.9805678489, 0.981096178, 0.9822861493, 0.4766628761, 1.1924307719, 0.7903263117, 0.3848451848, 0.319582944, 0.1807203735, 0.1223251109, 0.3810435602, 0.1945479407, -0.0589163882, -0.2808711818, 1.2550573774, 0.5567614136, 0.0844279468, -0.2593169445, -0.412120941, -0.2791168133, -0.2255659629, -0.3382026744, -0.3868520275, -0.4728058748, 1.1913662013, 0.4571906329, 0.1575875422, -0.3458949626, -0.4791840036, -0.642585368, -0.732193122, -0.7861420748, -0.7351061262, -0.8075548668, 1.1420362321, 0.402583651, -0.1246073413, -0.4313072948, -0.5191648511, -0.7690079521, -0.8545422132, -0.8692230511, -0.9521719109, -1.0270321769, 0.9518812675, 0.4218010524, -0.0900159367, -0.5165223867, -0.860381702, -0.8181581693, -0.9411149681, -1.0096858496, -1.0469467884, -1.187755528, 0.9177615428, 0.1543464564, -0.2890700504, -0.5674016921, -0.8542120367, -0.9788723206, -1.0595989363, -1.1158971783, -1.1422130547, -1.2308434791, 0.9750795994, 0.1692077274, -0.458256275, -0.6563111451, -0.9388598775, -1.0733940174, -1.1563310576, -1.1840929031, -1.1879656949, -1.2450302467, 0.7530431007, 0.1735851475, -0.547760487, -0.9096360241, -0.9760822905, -1.1796942476, -1.2177353794, -1.2318848959, -1.2530205305, -1.3047963111]}