{"source": [{"position": [-382.04020814112533, -87.80250203431383], "counts": 500000.0}, {"position": [77.90083446263803, -195.0165633735367], "counts": 500000.0}], "output": [0.0, 0.0, 0.3494882672, 0.1505117328, 0.0, 0.0, 0.0, 0.0, 0.0, 0.0, 0.0, 0.0, 0.0, 0.0, 0.0, 0.0, 0.0, 0.0, 0.0, 0.06447909, 0.43552091, 0.0, 0.0, 0.0, 0.0, 0.0, 0.0, 0.0, 0.0, 0.0, 0.0, 0.0, 0.0, 0.0, 0.0, 0.0, 0.0, 0.0, 0.0, 0.0, 0.0, 0.0, 0.0, 0.0, 0.0, 0.0, 0.0, 0.0, 0.0, 0.0, 0.0, 0.0, 0.0, 0.0, 0.0, 0.0, 0.0, 0.0, 0.0, 0.0, 0.0, 0.0, 0.0, 0.0], "num_sources": 2, "seg_angles": 64, "input": [2.3012911886, 2.4789421744, 2.2028948631, 2.4350038163, 2.1588309022, 1.9906281565, 1.7330869536, 1.9931932352, 2.1363903341, 1.3461386208, 1.5268212922, 1.7468538164, 1.4101279994, 1.1759252813, 0.7264180019, 0.8250681933, 0.8014321452, 0.6805659183, 0.6367637736, 0.885639497, 1.2728436446, 0.9081393149, 0.5215779335, 0.4198284976, 0.231735608, 0.1863128885, 0.0997573355, 0.1279268578, 0.0964240085, 0.6670394842, 0.9005365315, 0.6443777955, 0.13849424, -0.0674213128, -0.1831647899, -0.2837571527, -0.3427664611, -0.4040221833, -0.2986247464, 0.3631778953, 0.5361537496, 0.2358974175, -0.2042885956, -0.2954228843, -0.534976324, -0.5347880148, -0.6844975329, -0.7423301638, -0.5805962175, 0.5099800918, 0.3048111905, -0.0248353366, -0.296840916, -0.5762343884, -0.8596070194, -0.8679583179, -1.0216444379, -1.0105074299, -0.6295331731, 0.0742267151, 0.2417909111, -0.0575084696, -0.5754924363, -0.7454523056, -0.883188018, -0.8777009476, -0.8959849423, -1.053181119, -0.7063883561, 0.3134533565, -0.0813228332, -0.221176818, -0.6927769977, -0.7992850107, -1.0375252584, -1.1803003832, -1.2212431596, -1.1117576606, -0.7288237582, 0.3591951469, -0.2005209092, -0.4380878088, -0.7316250138, -0.8904914396, -1.0950853634, -1.2353013907, -1.2364878507, -1.1433588375, -0.8551187791, 0.3071684838, -0.2696183665, -0.6382568383, -0.8780905665, -1.1450432839, -1.325561654, -1.3848171908, -1.4277835461, -1.3199713454, -1.0336563602, -0.0910628446]}