{"source": [{"position": [131.27372151346665, -26.892564771787868], "counts": 500000.0}, {"position": [344.1122308577291, 91.22923091924532], "counts": 500000.0}], "output": [0.0, 0.0, 0.0, 0.0, 0.0, 0.0, 0.0, 0.0, 0.0, 0.0, 0.0, 0.0, 0.0, 0.0, 0.0, 0.0, 0.0, 0.0, 0.0, 0.0, 0.0, 0.0, 0.0, 0.0, 0.0, 0.0, 0.0, 0.0, 0.0, 0.0290983978, 0.4709016022, 0.0, 0.0, 0.0, 0.1801448349, 0.3198551651, 0.0, 0.0, 0.0, 0.0, 0.0, 0.0, 0.0, 0.0, 0.0, 0.0, 0.0, 0.0, 0.0, 0.0, 0.0, 0.0, 0.0, 0.0, 0.0, 0.0, 0.0, 0.0, 0.0, 0.0, 0.0, 0.0, 0.0, 0.0], "num_sources": 2, "seg_angles": 64, "input": [-0.3912724413, -0.2438855344, -0.219139945, -0.1994232754, -0.0707918954, 0.0034401694, 0.2963359427, 0.4934960785, 1.0560190904, 1.8863028091, -1.0503856265, -0.8827901454, -0.8581805308, -0.6363450343, -0.585446182, -0.3336140707, -0.0899678864, 0.6418877744, 1.4963621179, 2.1319656164, -1.0984147713, -1.0603973153, -0.8980720577, -0.774050405, -0.5654697115, -0.3325158934, 0.1593591879, 0.7754339076, 1.3530911593, 1.9726869365, -1.091969494, -1.0064145323, -0.9166433366, -0.7949774155, -0.5191712502, -0.2254868458, 0.1724167174, 0.6663167481, 1.4728591945, 2.254134001, -1.1354796443, -1.0343839947, -0.944555851, -0.8028615595, -0.5834831779, -0.2548004413, 0.1054795593, 0.6673924733, 1.3847823246, 2.2190461729, -1.10125322, -1.0519905616, -0.9729281672, -0.8095747189, -0.5320059813, -0.2743369775, 0.1650182612, 0.7565842796, 1.464682131, 1.9070746031, -1.1148548782, -1.007747529, -0.9301362953, -0.7777695465, -0.5188099199, -0.3289216325, 0.0845304845, 0.8061453367, 1.2860537631, 2.2464486119, -1.0919710851, -1.065038626, -0.9579114192, -0.7639651399, -0.6453086584, -0.3227286404, 0.0859814978, 0.6701938921, 1.3839602148, 2.3417890572, -0.999584619, -0.9379217074, -0.8694628244, -0.7786323028, -0.5648704395, -0.2198582965, -0.0136922491, 0.5319527281, 1.2724728859, 2.0615633458, -0.8207056603, -0.6150871067, -0.6428823011, -0.5445400541, -0.3303099608, -0.1343280805, -0.0218993146, 0.3951761354, 0.894975096, 1.7980078735]}