{"source": [{"position": [257.9815489443579, -3.085515235725827], "counts": 500000.0}, {"position": [173.85149233017702, 7.187392751923888], "counts": 500000.0}], "output": [0.0, 0.0, 0.0, 0.0, 0.0, 0.0, 0.0, 0.0, 0.0, 0.0, 0.0, 0.0, 0.0, 0.0, 0.0, 0.0, 0.0, 0.0, 0.0, 0.0, 0.0, 0.0, 0.0, 0.0, 0.0, 0.0, 0.0, 0.0, 0.0, 0.0, 0.0, 0.0609099794, 0.7286560648, 0.2104339558, 0.0, 0.0, 0.0, 0.0, 0.0, 0.0, 0.0, 0.0, 0.0, 0.0, 0.0, 0.0, 0.0, 0.0, 0.0, 0.0, 0.0, 0.0, 0.0, 0.0, 0.0, 0.0, 0.0, 0.0, 0.0, 0.0, 0.0, 0.0, 0.0, 0.0], "num_sources": 2, "seg_angles": 64, "input": [-1.062844769, -1.0099963191, -0.8860749475, -0.8393848911, -0.6935328355, -0.3861889719, -0.1077907631, 0.2930137848, 1.0536562727, 1.7678078704, -1.0329596542, -0.9487926124, -0.8817311935, -0.6957979873, -0.4937812741, -0.2844217637, 0.0952098215, 0.6919497888, 1.3330866366, 2.3226990692, -1.0322974063, -0.9171639594, -0.8400902678, -0.6311422582, -0.4547932695, -0.2025121563, 0.2816044256, 0.8159001245, 1.4980798955, 2.2176401937, -0.9418174406, -0.9107797723, -0.7844185384, -0.659672414, -0.3766709368, -0.2156312387, 0.328049409, 0.8191191749, 1.3828495733, 1.9990380563, -0.996872737, -0.9217825925, -0.7882443728, -0.5915845988, -0.3558772757, -0.1022788199, 0.2116799884, 0.8738623211, 1.466607217, 2.226144396, -0.978831069, -0.8437052563, -0.7884387089, -0.6647454262, -0.5023032621, -0.1226156783, 0.446300194, 0.8309493424, 1.4200081701, 2.1015240772, -1.0045921418, -0.9237414207, -0.8159360259, -0.6582971949, -0.4423105191, -0.2224689211, 0.1564619188, 0.7103008468, 1.4526521238, 2.3653567558, -1.0559513806, -0.9160773707, -0.7480534946, -0.6631534351, -0.4287287317, -0.2257085988, 0.1165382368, 0.7170287206, 1.297709418, 2.1401058836, -1.0118923109, -0.8703806545, -0.8461504872, -0.7720343564, -0.5571161673, -0.4108963227, 0.0315139024, 0.6016113568, 1.1798751511, 2.0667705804, -0.9599310199, -0.9018044384, -0.8392845303, -0.8016092588, -0.5985874286, -0.4905067736, -0.0570883294, 0.3380806872, 0.9478689335, 1.5712144333]}