{"source": [{"position": [167.91234788111825, -122.75766138636858], "counts": 500000.0}, {"position": [367.96054588487556, 61.106764536378094], "counts": 500000.0}], "output": [0.0, 0.0, 0.0, 0.0, 0.0, 0.0, 0.0, 0.0, 0.0, 0.0, 0.0, 0.0, 0.0, 0.0, 0.0, 0.0, 0.0, 0.0, 0.0, 0.0, 0.0, 0.0, 0.0, 0.0, 0.0, 0.2150985004, 0.2849014996, 0.0, 0.0, 0.0, 0.0, 0.0, 0.0, 0.1618676184, 0.3381323816, 0.0, 0.0, 0.0, 0.0, 0.0, 0.0, 0.0, 0.0, 0.0, 0.0, 0.0, 0.0, 0.0, 0.0, 0.0, 0.0, 0.0, 0.0, 0.0, 0.0, 0.0, 0.0, 0.0, 0.0, 0.0, 0.0, 0.0, 0.0, 0.0], "num_sources": 2, "seg_angles": 64, "input": [0.3316760713, 0.7507377273, 0.6002545923, 0.7101378066, 0.8687582659, 0.6687487254, 1.0176377466, 1.1101508192, 1.4544730046, 1.9858915566, -0.3316964172, -0.1877147146, -0.1098213972, 0.0760308798, 0.027530608, -0.0298017926, 0.519208999, 0.6426535694, 1.2861397175, 2.2316966195, -0.73329079, -0.5651083688, -0.5974070502, -0.4987871738, -0.4032361414, -0.3105804398, 0.0287370815, 0.5084390199, 1.4564426, 2.2173349556, -1.0010667427, -0.820240955, -0.7835293132, -0.7490988425, -0.7849198513, -0.4461228276, -0.1270289339, 0.5958836845, 1.3074850223, 2.195075586, -1.0786478485, -1.0189517794, -0.9696187667, -0.8708009595, -0.8290589278, -0.5066757838, -0.0897034247, 0.3897708804, 1.1112435605, 1.8635085108, -1.1926758477, -1.1086323675, -1.0470947545, -0.926496908, -0.7160336395, -0.3793468708, -0.1495880006, 0.3100217189, 1.2541947496, 2.0708557381, -1.2434445592, -1.1194641578, -1.140567425, -0.9963611827, -0.7771623261, -0.5107481029, -0.1508184282, 0.2672990906, 1.1156633585, 2.0398487875, -1.2056787058, -1.1354642023, -1.141878282, -0.9860035335, -0.8401269858, -0.5522827083, -0.2747148636, 0.3949674434, 1.0493452241, 2.0165152499, -1.1816432654, -1.1726526689, -1.0560972795, -1.0101024611, -0.8804442786, -0.6512798164, -0.2404841502, 0.2074127758, 1.2275268574, 1.7785925087, -0.9149309651, -0.8072638771, -0.8019886206, -0.7416140198, -0.6491659427, -0.5352800801, -0.282257107, 0.1135167057, 0.8411646158, 1.7201251923]}