{"source": [{"position": [-163.59043220736848, -64.91664262888506], "counts": 500000.0}, {"position": [57.751960980988684, 150.28543177184662], "counts": 500000.0}], "output": [0.0, 0.0, 0.0, 0.0760554694, 0.4239445306, 0.0, 0.0, 0.0, 0.0, 0.0, 0.0, 0.0, 0.0, 0.0, 0.0, 0.0, 0.0, 0.0, 0.0, 0.0, 0.0, 0.0, 0.0, 0.0, 0.0, 0.0, 0.0, 0.0, 0.0, 0.0, 0.0, 0.0, 0.0, 0.0, 0.0, 0.0, 0.0, 0.0, 0.0, 0.0, 0.0, 0.0, 0.0, 0.0, 0.3685209569, 0.1314790431, 0.0, 0.0, 0.0, 0.0, 0.0, 0.0, 0.0, 0.0, 0.0, 0.0, 0.0, 0.0, 0.0, 0.0, 0.0, 0.0, 0.0, 0.0], "num_sources": 2, "seg_angles": 64, "input": [0.3206326959, 0.1079409149, -0.1611783555, -0.4194014232, -0.1495078116, -0.2090968926, -0.170021705, -0.1125943379, 0.0596238894, 1.0548355409, 0.6143948994, -0.0770496835, -0.6818490093, -0.9658874825, -1.0284933127, -1.0423783784, -1.2013272541, -1.0078378966, -0.5729103137, 0.3461025865, 0.6965079127, 0.0178696073, -0.3966860038, -0.8904920992, -1.1778715676, -1.3557211404, -1.4900725318, -1.4357325956, -1.0979672834, 0.0015283142, 0.7514636575, 0.1206699252, -0.136724665, -0.7911744498, -1.1365011973, -1.2241414547, -1.5144827866, -1.4604609514, -1.2118723727, -0.0207708239, 0.8389469366, 0.302625034, -0.2954224634, -0.6558878469, -1.0230480964, -1.046619322, -1.1400729156, -1.2814671745, -1.0658695582, -0.1402125458, 1.2881203992, 0.5653658061, -0.1069567487, -0.3423397445, -0.6839169881, -1.0293459636, -0.7907713098, -1.1797376684, -1.0950095502, -0.1142443618, 1.469516661, 0.8407156217, 0.1850782253, 0.044904281, -0.2950133354, -0.6777026393, -0.6898629219, -0.7729426283, -0.9238797381, -0.0101093371, 2.0310589058, 1.5222583082, 0.8062408596, 0.4392195712, 0.1077733132, 0.0528374471, -0.0703573689, -0.393705345, -0.5632084271, 0.09907171, 2.5267640204, 2.0724072948, 1.4474587604, 1.1676843701, 0.6615302711, 0.7945918719, 0.4569963944, 0.3947910058, 0.0554185696, 0.1534870713, 2.8748587212, 2.6109146592, 2.1114580957, 1.4895228623, 1.40799152, 1.302543247, 1.0422592592, 1.0319463402, 0.7500903566, 0.489892064]}