{"source": [{"position": [294.5693687826055, -117.12338355348741], "counts": 500000.0}, {"position": [-192.31425021776616, 200.74667908381062], "counts": 500000.0}], "output": [0.0, 0.0, 0.0, 0.0, 0.0, 0.0, 0.0, 0.0, 0.0, 0.0, 0.0, 0.0, 0.0, 0.0, 0.0, 0.0, 0.0, 0.0, 0.0, 0.0, 0.0, 0.0, 0.0, 0.0, 0.0, 0.0, 0.0, 0.0, 0.427396052, 0.072603948, 0.0, 0.0, 0.0, 0.0, 0.0, 0.0, 0.0, 0.0, 0.0, 0.0, 0.0, 0.0, 0.0, 0.0, 0.0, 0.0, 0.0, 0.0, 0.0, 0.0, 0.0, 0.0, 0.0, 0.0, 0.0, 0.1092436762, 0.3907563238, 0.0, 0.0, 0.0, 0.0, 0.0, 0.0, 0.0], "num_sources": 2, "seg_angles": 64, "input": [2.1581713905, 1.464866369, 0.3747491637, 0.2743919169, -0.0662053965, -0.2517039882, -0.4273532099, -0.4021720696, -0.0478198178, 0.001221429, 1.2053114046, 0.1328695342, -0.5590294276, -0.8427597282, -1.0652945004, -1.1039736879, -1.2417258618, -0.8622879485, -0.246815342, 0.4239966143, 0.8801181501, 0.141284001, -0.7468073585, -1.396475332, -1.5924488006, -1.3687196146, -1.027674012, -0.7234726335, -0.1463871865, 0.2749570869, 0.9770295514, -0.2281394418, -0.912215735, -1.3146494652, -1.3189484162, -1.394010349, -1.1305775381, -0.6423833374, 0.0081163347, 0.5982723717, 0.8378857909, 0.0506947092, -0.9852032891, -1.3403703352, -1.1928550308, -1.3101515146, -0.996450782, -0.8000940751, 0.1076457406, 0.8044849827, 0.530907524, 0.1173028151, -0.8713603178, -1.4635033082, -1.2358449102, -1.2321377647, -0.720743145, -0.3556040432, 0.4007540367, 1.1868451347, 0.869610902, -0.1485225162, -0.7762170847, -1.1808567241, -0.906257188, -1.0048727921, -0.6029226343, 0.2340858921, 0.8083425625, 1.368829977, 0.5794014327, -0.1757392738, -0.8778910706, -0.622700505, -0.4266194515, -0.2314436265, 0.1079961302, 0.0242515642, 1.3785804925, 1.5762914712, 0.4255703675, -0.1304943985, -0.2270879999, 0.0159080981, 0.2047027787, 0.372875572, 0.6024075708, 1.2857504584, 1.8639465257, 2.0600158275, 0.7330755663, 1.1065914957, 0.7508208483, 1.1460044322, 0.9566305427, 1.139287881, 1.0644825363, 1.8789351207, 2.2733814701, 3.0963404116]}