{"source": [{"position": [-253.18652846141362, -216.2997498973538], "counts": 500000.0}, {"position": [58.302365954937024, -43.92987735080306], "counts": 500000.0}], "output": [0.0, 0.0, 0.0, 0.0, 0.0, 0.0, 0.0, 0.3993251692, 0.1006748308, 0.0, 0.0, 0.0, 0.0, 0.0, 0.0, 0.0, 0.0, 0.0, 0.0, 0.0, 0.0, 0.0, 0.0, 0.0, 0.0, 0.2886600747, 0.2113399253, 0.0, 0.0, 0.0, 0.0, 0.0, 0.0, 0.0, 0.0, 0.0, 0.0, 0.0, 0.0, 0.0, 0.0, 0.0, 0.0, 0.0, 0.0, 0.0, 0.0, 0.0, 0.0, 0.0, 0.0, 0.0, 0.0, 0.0, 0.0, 0.0, 0.0, 0.0, 0.0, 0.0, 0.0, 0.0, 0.0, 0.0], "num_sources": 2, "seg_angles": 64, "input": [1.3102375354, 1.6436298954, 1.8850735592, 1.7763634954, 1.7353373859, 1.7899563679, 1.8413900039, 1.9075423657, 1.9438325732, 1.991967457, 0.3543780928, 0.4354126691, 0.5061521934, 0.3354126905, 0.461607063, 0.5601497712, 0.640952947, 0.8259273559, 1.2014829186, 1.8431039454, -0.1846611776, -0.2086723618, -0.283427648, -0.2435520403, -0.2602348901, -0.2047213496, -0.1085106325, 0.3395161805, 0.8024735348, 1.7913950497, -0.4259932387, -0.6486247002, -0.5396620299, -0.704117799, -0.7096923817, -0.5944315558, -0.4081210375, 0.2637276469, 0.8188484054, 1.8008033139, -0.643191801, -0.6939737724, -0.8733195551, -1.025179011, -0.8642805237, -0.6855157131, -0.4138269343, 0.0089180233, 0.6992736067, 1.6652618919, -0.7431285462, -0.8067293318, -0.9912224525, -1.0033194215, -0.8980382228, -0.8365013925, -0.5145537112, 0.0042566297, 0.612854848, 1.6460024074, -0.7696458999, -0.8369868971, -0.997120693, -1.0579367395, -0.9778738988, -0.7997934811, -0.5769628311, -0.0732873998, 0.6190754343, 1.5465538478, -0.7690273298, -0.9958425822, -1.0725054275, -1.0435161405, -1.042778005, -0.8402306291, -0.5484578119, -0.0754924704, 0.5962082775, 1.5808563213, -0.7432144219, -0.9813087762, -1.0637444385, -1.1084502594, -1.0634137266, -0.8955648454, -0.6353245933, -0.1166782746, 0.5609508174, 1.3913431303, -0.8946538765, -1.0452562498, -1.1222200695, -1.2009519784, -1.1883473401, -0.9854701287, -0.7737705359, -0.4229177523, 0.3121420269, 1.1855770564]}