{"source": [{"position": [89.22369617234156, -394.02427849225955], "counts": 500000.0}, {"position": [276.4282484838736, 29.519882115919682], "counts": 500000.0}], "output": [0.0, 0.0, 0.0, 0.0, 0.0, 0.0, 0.0, 0.0, 0.0, 0.0, 0.0, 0.0, 0.0, 0.0, 0.0, 0.0, 0.0, 0.0, 0.3658661738, 0.1341338262, 0.0, 0.0, 0.0, 0.0, 0.0, 0.0, 0.0, 0.0, 0.0, 0.0, 0.0, 0.0, 0.0, 0.4581744463, 0.0418255537, 0.0, 0.0, 0.0, 0.0, 0.0, 0.0, 0.0, 0.0, 0.0, 0.0, 0.0, 0.0, 0.0, 0.0, 0.0, 0.0, 0.0, 0.0, 0.0, 0.0, 0.0, 0.0, 0.0, 0.0, 0.0, 0.0, 0.0, 0.0, 0.0], "num_sources": 2, "seg_angles": 64, "input": [-0.0368748651, 0.2274343529, 0.5631261473, 0.5001625282, 0.4922992197, 0.687151862, 0.8440529802, 1.1150891223, 1.6593229484, 2.4156310973, -0.3845762516, -0.0224273337, 0.0470778426, -0.0148840275, 0.2737619815, 0.5459527193, 0.9460769784, 0.8821492061, 1.7673691523, 2.2780764891, -0.7736526564, -0.4047120858, -0.4623104843, -0.2086548452, -0.1854552499, 0.1785067621, 0.3980598542, 1.0025315249, 1.4762089547, 2.0406472662, -0.9162844012, -0.6882083424, -0.6739399523, -0.5144601916, -0.2066324463, -0.1403197473, 0.1169445176, 0.8338818073, 1.4547792391, 1.9537093219, -1.0248638416, -0.9417745138, -0.881136743, -0.7288791568, -0.4297466656, -0.3521017339, 0.1052085836, 0.4352840134, 0.9339684285, 2.3046989411, -1.2148305488, -1.1285823322, -0.9892840219, -0.8997503797, -0.6562754728, -0.5202355091, -0.0233375394, 0.1717370997, 0.9799183753, 2.0302770439, -1.2754306473, -1.2017829193, -1.0182145907, -0.8778136446, -0.733760665, -0.7014777092, -0.3252899823, 0.1374364892, 0.5909349981, 2.0857682691, -1.3380716627, -1.2567510442, -1.1874485105, -0.9827405516, -0.7327573177, -0.5748360324, -0.2656972731, 0.1402654926, 0.7226242042, 1.8329180996, -1.3208455372, -1.3075264685, -1.0689738557, -1.1124061611, -0.9561981319, -0.8394369592, -0.342264825, -0.1373435708, 0.4825969788, 1.8654595262, -1.1143213424, -0.9596819897, -0.8752437175, -0.7963682428, -0.8299575196, -0.7019886493, -0.5489321318, -0.3042918738, 0.1023962915, 1.4905481557]}