{"source": [{"position": [209.76090017609405, -285.1602439985537], "counts": 500000.0}, {"position": [39.41781746357967, -92.99051385172528], "counts": 500000.0}], "output": [0.0, 0.0, 0.0, 0.0, 0.0, 0.0, 0.0, 0.0, 0.0, 0.0, 0.0, 0.0, 0.0, 0.0, 0.0, 0.0, 0.0, 0.0, 0.0, 0.0, 0.4580766269, 0.0419233731, 0.2699722764, 0.2300277236, 0.0, 0.0, 0.0, 0.0, 0.0, 0.0, 0.0, 0.0, 0.0, 0.0, 0.0, 0.0, 0.0, 0.0, 0.0, 0.0, 0.0, 0.0, 0.0, 0.0, 0.0, 0.0, 0.0, 0.0, 0.0, 0.0, 0.0, 0.0, 0.0, 0.0, 0.0, 0.0, 0.0, 0.0, 0.0, 0.0, 0.0, 0.0, 0.0, 0.0], "num_sources": 2, "seg_angles": 64, "input": [1.5377792806, 2.0144768754, 2.0647916974, 1.9955592191, 1.9639888411, 1.9896155731, 2.0764438289, 2.0191371218, 1.971790196, 1.67882995, 0.8292571902, 1.2353293728, 1.2059376312, 1.1112795902, 1.1190264232, 1.3726674829, 1.2086820399, 1.2071459407, 1.1730948144, 1.4954069571, 0.2017231369, 0.4077887444, 0.5209696193, 0.3422565482, 0.4753664455, 0.3153071863, 0.4250047388, 0.4588390671, 0.5059497916, 1.3013524177, -0.40236492, -0.2289746179, -0.1115305697, -0.1275415106, -0.1482221317, -0.1010695053, -0.0722591537, 0.0017198045, 0.195783468, 1.19169952, -0.7341902463, -0.5593291967, -0.4852734192, -0.4953086371, -0.4604614624, -0.3969833459, -0.4709229624, -0.3872350428, 0.1056260959, 0.9828430354, -0.8994501525, -0.7679749819, -0.6925541592, -0.7120015276, -0.6778783897, -0.7503575932, -0.6120037659, -0.5141866651, -0.0651264778, 1.0213919242, -1.0044573202, -0.9610795923, -0.9079835643, -0.9117155457, -0.8862671589, -0.8791289991, -0.745011259, -0.5885950499, -0.117458165, 1.0201459407, -1.0586311096, -1.0319232416, -1.038437158, -1.0149546604, -0.988941937, -0.9381061724, -0.9144084122, -0.6536887847, -0.1243053499, 0.9048597098, -1.1445225082, -1.1334020527, -1.1111221278, -1.0579843602, -1.0216287068, -1.0014328772, -0.9519956209, -0.7053308453, -0.2314546089, 0.8591717835, -1.1892281907, -1.1585698124, -1.1582665144, -1.1370900862, -1.1334473068, -1.0836349884, -1.0144774506, -0.8274323019, -0.4427300665, 0.6340053368]}