{"source": [{"position": [252.04369026869642, -55.11785732171962], "counts": 500000.0}, {"position": [-385.2023232316256, -82.79595507606791], "counts": 500000.0}], "output": [0.0, 0.0, 0.4217177789, 0.0782822211, 0.0, 0.0, 0.0, 0.0, 0.0, 0.0, 0.0, 0.0, 0.0, 0.0, 0.0, 0.0, 0.0, 0.0, 0.0, 0.0, 0.0, 0.0, 0.0, 0.0, 0.0, 0.0, 0.0, 0.0, 0.0, 0.0964857142, 0.4035142858, 0.0, 0.0, 0.0, 0.0, 0.0, 0.0, 0.0, 0.0, 0.0, 0.0, 0.0, 0.0, 0.0, 0.0, 0.0, 0.0, 0.0, 0.0, 0.0, 0.0, 0.0, 0.0, 0.0, 0.0, 0.0, 0.0, 0.0, 0.0, 0.0, 0.0, 0.0, 0.0, 0.0], "num_sources": 2, "seg_angles": 64, "input": [1.9610883077, 1.4366823944, 0.7232548364, 0.6554756816, 0.8547953671, 0.9041717271, 0.681854558, 1.1365879307, 1.7554403221, 2.1484273709, 0.7522951765, 0.0850341323, -0.6963118345, -0.7794573401, -1.0962451929, -0.7957867329, -0.3591615169, 0.1843619363, 0.9726416456, 1.8870364328, 0.6501501793, 0.0469418014, -0.3397441931, -0.9283514712, -0.8683210925, -0.9641300133, -0.5612358038, 0.095175072, 1.2093690107, 2.3408222185, 0.1489842237, 0.0056839016, -0.7007496911, -0.923555404, -1.0625519276, -1.0980441498, -0.5323099952, -0.1876636548, 1.137731217, 1.4133369487, 0.4482706587, 0.0342807954, -0.5867429177, -0.6823124306, -1.0083752796, -0.5670278762, -0.5808140236, 0.0788968755, 1.4856066857, 1.7209003251, 0.5189314953, -0.1874941718, -0.8145576818, -1.0653517797, -1.0639150381, -0.9098301507, -0.7534469122, -0.0115080937, 1.1681776114, 2.1148048128, 0.24034409, -0.1090547335, -0.7601031102, -0.7063367778, -1.109220981, -0.6653017556, -0.4199660328, 0.0924551782, 1.1589340859, 1.8682399949, 0.5777619852, -0.2482062736, -0.7530716253, -1.0450633204, -0.9874463665, -0.6331636867, -0.457445695, 0.5150824262, 1.0169881041, 2.1801034212, 0.2513393803, -0.3969865215, -1.1030249444, -1.1075210567, -1.365328868, -0.9298307154, -0.9699679517, -0.1099507342, 0.7243610146, 1.329832697, -0.0277930206, -0.6559520637, -1.2280452773, -1.4172681881, -1.492147191, -1.4851766471, -1.1494602893, -0.6817099192, 0.1573111179, 1.2695749679]}