{"source": [{"position": [214.64379924730355, -326.81652260050015], "counts": 500000.0}, {"position": [72.0297732152953, -255.02296322204623], "counts": 500000.0}], "output": [0.0, 0.0, 0.0, 0.0, 0.0, 0.0, 0.0, 0.0, 0.0, 0.0, 0.0, 0.0, 0.0, 0.0, 0.0, 0.0, 0.0, 0.0, 0.0980419103, 0.4019580897, 0.0, 0.0403759244, 0.4596240756, 0.0, 0.0, 0.0, 0.0, 0.0, 0.0, 0.0, 0.0, 0.0, 0.0, 0.0, 0.0, 0.0, 0.0, 0.0, 0.0, 0.0, 0.0, 0.0, 0.0, 0.0, 0.0, 0.0, 0.0, 0.0, 0.0, 0.0, 0.0, 0.0, 0.0, 0.0, 0.0, 0.0, 0.0, 0.0, 0.0, 0.0, 0.0, 0.0, 0.0, 0.0], "num_sources": 2, "seg_angles": 64, "input": [1.6239100815, 2.01635312, 2.0760662643, 1.9819050376, 2.1860317283, 2.0352738971, 2.1344582138, 1.8972378374, 1.9765925693, 1.7578828675, 0.7363219737, 0.8639150104, 1.3815014255, 1.1586393488, 1.1725557907, 1.1668678289, 1.1847564311, 1.1190231501, 1.1978719109, 1.4257572448, 0.0830792685, 0.480537527, 0.6223511809, 0.4023054767, 0.5776979217, 0.5518366762, 0.4936228749, 0.4486248823, 0.5115255218, 0.9534222433, -0.3355808358, -0.1354461516, 0.0622343222, -0.0621714197, 0.1920775276, -0.2249246084, -0.0919956202, -0.0345803624, 0.2388224966, 1.1174239096, -0.6522858428, -0.4014969135, -0.4194512826, -0.5243388356, -0.3723044382, -0.3529901026, -0.3641973898, -0.2646857782, 0.1573497928, 1.0036308353, -0.9549036881, -0.700665404, -0.7216704316, -0.7766982113, -0.5924765928, -0.6614745023, -0.6605919796, -0.5000793607, -0.1331458446, 0.7739747101, -0.9774011194, -0.9497839272, -0.9473082549, -0.8806565656, -0.8364029028, -0.9425503904, -0.8590256104, -0.5934995508, -0.1912665212, 0.8154943397, -1.1220454783, -0.9459701498, -0.9904139469, -0.9997664092, -0.9775082441, -0.9428066506, -0.8896062185, -0.7234350845, -0.3339472922, 1.0645594253, -1.1098152708, -1.1781910214, -1.0814252898, -1.1355616105, -1.0764663006, -1.0314794283, -0.9558833014, -0.7783971402, -0.3614575732, 0.8619113877, -1.198699582, -1.2417917705, -1.2126167388, -1.169311397, -1.1804879691, -1.1437634808, -1.0493768838, -0.787533545, -0.3552111804, 0.5836153443]}