{"source": [{"position": [28.96953403615763, -38.272262772508036], "counts": 500000.0}, {"position": [-285.6568742372701, 137.437804846383], "counts": 500000.0}], "output": [0.0, 0.0, 0.0, 0.0, 0.0, 0.0, 0.0, 0.0, 0.0, 0.0, 0.0, 0.0, 0.0, 0.0, 0.0, 0.0, 0.0, 0.0, 0.0, 0.0, 0.0, 0.0, 0.200153191, 0.299846809, 0.0, 0.0, 0.0, 0.0, 0.0, 0.0, 0.0, 0.0, 0.0, 0.0, 0.0, 0.0, 0.0, 0.0, 0.0, 0.0, 0.0, 0.0, 0.0, 0.0, 0.0, 0.0, 0.0, 0.0, 0.0, 0.0, 0.0, 0.0, 0.0, 0.0, 0.0, 0.0, 0.0, 0.0, 0.0, 0.2838716749, 0.2161283251, 0.0, 0.0, 0.0], "num_sources": 2, "seg_angles": 64, "input": [1.6407627311, 1.7415832398, 1.9213327954, 1.8278521547, 1.9237069694, 1.9189820761, 2.0111950478, 2.0195240483, 2.1241570241, 1.8318514808, 0.8183006511, 0.9000598732, 0.949085456, 0.8257304094, 0.9794615565, 0.9753714563, 1.0877809184, 0.9987175342, 0.9782857453, 1.6199245615, 0.0657816352, 0.1559615452, 0.0972411857, 0.1505973959, 0.1161855241, 0.1036223192, 0.1842298328, 0.2539245718, 0.5833995216, 1.6130519916, -0.303184232, -0.2642106641, -0.3338185747, -0.3543015316, -0.356537269, -0.3543296314, -0.3257968342, -0.1682796037, 0.3671589644, 1.4129651432, -0.585735522, -0.5567088414, -0.6199904248, -0.693062395, -0.702896291, -0.6763869127, -0.6620309693, -0.3423031719, 0.3519535802, 1.4672836603, -0.647256949, -0.7572477219, -0.8353176437, -0.8372371604, -0.8782074013, -0.9106071187, -0.7805992816, -0.4071586104, 0.1275726918, 1.3099672981, -0.8050709287, -0.8934233806, -0.9970068487, -1.0631141331, -1.0810461638, -1.0224973029, -0.8254275648, -0.4986645678, 0.2380905923, 1.431376343, -0.9142500374, -0.9718126459, -1.0612692906, -1.1724958743, -1.1317261766, -1.0869838271, -0.8002000047, -0.5577330637, 0.1577585776, 1.1970703248, -0.8997239085, -1.0124850674, -1.1149544796, -1.1535241, -1.0661747101, -1.0235955764, -0.798453183, -0.4570325705, 0.1308919929, 1.3224458683, -1.0420036032, -1.0427385275, -1.0759798457, -1.0263744109, -1.0132846837, -0.8877007397, -0.7528068102, -0.4514486634, 0.0548743663, 1.0671367906]}