{"source": [{"position": [-10.358071906523413, -83.35892481539868], "counts": 500000.0}, {"position": [-415.64514274804037, 199.39938643326133], "counts": 500000.0}], "output": [0.0, 0.0, 0.0, 0.0, 0.0, 0.0, 0.0, 0.0, 0.0, 0.0, 0.0, 0.0, 0.0, 0.0, 0.129617138, 0.370382862, 0.0, 0.0, 0.0, 0.0, 0.0, 0.0, 0.0, 0.0, 0.0, 0.0, 0.0, 0.0, 0.0, 0.0, 0.0, 0.0, 0.0, 0.0, 0.0, 0.0, 0.0, 0.0, 0.0, 0.0, 0.0, 0.0, 0.0, 0.0, 0.0, 0.0, 0.0, 0.0, 0.0, 0.0, 0.0, 0.0, 0.0, 0.0, 0.0, 0.0, 0.0, 0.0, 0.0, 0.2781021418, 0.2218978582, 0.0, 0.0, 0.0], "num_sources": 2, "seg_angles": 64, "input": [2.0455235829, 2.2185375362, 1.9467732298, 2.3280239214, 2.0966768243, 2.1650019256, 2.2345620346, 2.0694015338, 1.9421295361, 1.6087601347, 1.5271862984, 1.610539995, 1.3917485557, 1.4044160887, 1.4619664637, 1.2596637866, 1.2532052247, 1.3906713628, 1.0921758394, 0.6922813714, 0.8794735916, 0.8946585921, 0.8146470651, 0.7988623855, 0.7491702758, 0.6422994505, 0.5731516936, 0.5871909088, 0.4828099384, 0.0661499502, 0.4012380298, 0.1934145353, 0.2677838018, 0.2026868368, 0.1673063278, 0.108404135, 0.0084541327, -0.0297186573, -0.1542949316, -0.3469391363, 0.2609387739, -0.0553573738, -0.1331708683, -0.275174147, -0.2919159746, -0.2754312676, -0.4749602708, -0.4110253073, -0.4672054603, -0.68471059, 0.0001583481, -0.3916956994, -0.416695021, -0.4777622036, -0.6399282465, -0.6238507716, -0.6553870367, -0.670131698, -0.7449999795, -0.9433124472, -0.0922203148, -0.4986681669, -0.6682439169, -0.7395217626, -0.8440745289, -0.8901730084, -0.8446422489, -0.8825334244, -0.9297127713, -1.0534593713, -0.2379096149, -0.6389711816, -0.7359484661, -0.8265932534, -0.9839341387, -1.0108955618, -0.9832645613, -1.033343464, -1.0699433633, -1.094931417, -0.2030008666, -0.7267431355, -0.8654286082, -0.9063840036, -0.9334565001, -1.0210081902, -0.9505071195, -0.969521253, -1.0245800211, -1.0843940419, -0.4006531551, -0.762360086, -0.8488225105, -0.7549758797, -0.8568132387, -0.8704016062, -0.7937497756, -0.834867985, -0.8907691611, -0.9169552561]}