{"source": [{"position": [-14.561428835574493, 184.42604151872507], "counts": 500000.0}, {"position": [37.058728222735134, -35.03784614546755], "counts": 500000.0}], "output": [0.0, 0.0, 0.0, 0.0, 0.0, 0.0, 0.0, 0.0, 0.0, 0.0, 0.0, 0.0, 0.0, 0.0, 0.0, 0.0, 0.0, 0.0, 0.0, 0.0, 0.0, 0.0, 0.0, 0.0, 0.3572806857, 0.1427193143, 0.0, 0.0, 0.0, 0.0, 0.0, 0.0, 0.0, 0.0, 0.0, 0.0, 0.0, 0.0, 0.0, 0.0, 0.0, 0.0, 0.0, 0.0, 0.0, 0.0, 0.0, 0.0, 0.0987160139, 0.4012839861, 0.0, 0.0, 0.0, 0.0, 0.0, 0.0, 0.0, 0.0, 0.0, 0.0, 0.0, 0.0, 0.0, 0.0], "num_sources": 2, "seg_angles": 64, "input": [1.0691763211, 1.2240570968, 1.3317705109, 1.5051083067, 1.4975870994, 1.6588246566, 1.8067385024, 1.7859823357, 1.7628361564, 1.8953713732, 0.1377367236, 0.2441090378, 0.3725188301, 0.3232114295, 0.4471011416, 0.5973918323, 0.7321327479, 0.6919401516, 0.7106284226, 1.8414339389, -0.6381114387, -0.5095577477, -0.3505237, -0.4102601815, -0.2726912909, -0.2667575683, -0.1755761861, 0.1326436867, 0.7218719421, 1.8197467254, -0.9676523185, -0.891824345, -0.9114473974, -0.8689095913, -0.7887553558, -0.6073979069, -0.4699816342, -0.1355847799, 0.8492006026, 1.8035232872, -1.1850774593, -1.0836773222, -1.0868932719, -1.0232298498, -0.9607765235, -0.7848688209, -0.5537212777, -0.0266088329, 0.6371674923, 1.789649564, -1.2061129159, -1.1800361669, -1.1164322295, -1.0924370633, -0.9828495263, -0.7661580497, -0.4339211247, -0.1040823313, 0.7239573789, 1.8258718962, -1.2041334627, -1.1292006408, -1.1316535261, -1.0197623845, -0.9886703527, -0.6846284737, -0.4970215468, 0.026636083, 0.6852177027, 1.7829332608, -1.1927068833, -1.0632443283, -1.0180748467, -0.9032461592, -0.8064729555, -0.5283296693, -0.2465883268, 0.1084000693, 0.8050144642, 1.8423924086, -1.0314504333, -0.8943426031, -0.8622270742, -0.7430730561, -0.6130438228, -0.569252131, -0.2254944286, 0.2193875329, 1.0055870753, 1.9051545814, -0.8427112756, -0.7526821462, -0.6815342849, -0.6306319162, -0.482996069, -0.3103476309, -0.1943856683, 0.2089393629, 0.8245452492, 1.7463233236]}