{"source": [{"position": [-351.76481309298805, 346.8393234188638], "counts": 500000.0}, {"position": [-122.54334951239372, 451.67148182089534], "counts": 500000.0}], "output": [0.0, 0.0, 0.0, 0.0, 0.0, 0.0, 0.0, 0.0, 0.0, 0.0, 0.0, 0.0, 0.0, 0.0, 0.0, 0.0, 0.0, 0.0, 0.0, 0.0, 0.0, 0.0, 0.0, 0.0, 0.0, 0.0, 0.0, 0.0, 0.0, 0.0, 0.0, 0.0, 0.0, 0.0, 0.0, 0.0, 0.0, 0.0, 0.0, 0.0, 0.0, 0.0, 0.0, 0.0, 0.0, 0.0, 0.0, 0.0, 0.0, 0.0, 0.1507064794, 0.3492935206, 0.0, 0.0, 0.0, 0.0, 0.4640928303, 0.0359071697, 0.0, 0.0, 0.0, 0.0, 0.0, 0.0], "num_sources": 2, "seg_angles": 64, "input": [0.9983400824, -0.0473538613, -0.6945798507, -0.9939107726, -1.0371383592, -1.1644325228, -1.193385483, -1.2857541355, -1.262082242, -1.242406394, 1.1839500435, -0.1280637824, -0.5051668587, -0.6750072044, -1.0295590661, -1.0238663726, -1.147818857, -1.1836151783, -1.2059169554, -1.2044616634, 0.8797917388, 0.0971125817, -0.5333035814, -0.7852087823, -0.9029743902, -1.042770572, -1.068590047, -1.0688748634, -1.0388283819, -1.2134027405, 0.8538718304, -0.0230748388, -0.4114469853, -0.6367913488, -0.7663231348, -0.9727243257, -0.8863062172, -0.9668969934, -1.1257338589, -1.0644036382, 1.156166163, 0.0725784932, -0.2696206601, -0.4496215942, -0.7344810919, -0.6602802255, -0.8659787381, -0.9025504326, -0.816427942, -0.9886052146, 1.0520317003, 0.2718266198, -0.2026958162, -0.4712952087, -0.5186980224, -0.511147801, -0.6394023716, -0.6641974934, -0.5396798549, -0.7513697768, 1.4161908347, 0.5313634515, 0.2103615121, -0.1567575216, 0.013464541, -0.3080822167, -0.1234842551, -0.1266319834, -0.3905185655, -0.3817162812, 1.411130462, 0.8772268165, 0.5552709145, 0.360557415, 0.1988322512, 0.548583872, 0.5169749921, 0.3721569639, 0.157071314, -0.1594367231, 1.405839688, 0.9199609354, 1.0308364462, 1.0643120437, 0.8400119235, 1.3518294636, 1.1161771389, 1.0360704979, 1.0014151833, 0.8350829125, 1.565894621, 1.9166909944, 1.7625865379, 2.2761502073, 1.7790763853, 1.948274502, 1.891492347, 2.0606460363, 1.9497280784, 1.6779235136]}