{"source": [{"position": [74.1221088931551, -136.12829600502334], "counts": 500000.0}, {"position": [-69.02981482430914, 83.05952483202388], "counts": 500000.0}], "output": [0.0, 0.0, 0.0, 0.0, 0.0, 0.0, 0.0, 0.0, 0.0, 0.0, 0.0, 0.0, 0.0, 0.0, 0.0, 0.0, 0.0, 0.0, 0.0, 0.0, 0.0, 0.4605889996, 0.0394110004, 0.0, 0.0, 0.0, 0.0, 0.0, 0.0, 0.0, 0.0, 0.0, 0.0, 0.0, 0.0, 0.0, 0.0, 0.0, 0.0, 0.0, 0.0, 0.0, 0.0, 0.0, 0.0, 0.0, 0.0, 0.0, 0.0, 0.0, 0.0, 0.0, 0.0, 0.0, 0.0, 0.4684817577, 0.0315182423, 0.0, 0.0, 0.0, 0.0, 0.0, 0.0, 0.0], "num_sources": 2, "seg_angles": 64, "input": [2.5899143473, 1.7705726063, 1.1500649014, 0.601552294, 0.6507293978, 0.0398062, 0.2519605848, 0.302814697, 0.2522562298, -0.1116963963, 2.3447395409, 1.2906084631, 0.5709438778, 0.1693683963, -0.011291004, -0.4504511766, -0.5564773531, -0.4277898975, -0.4835988114, -0.3204456559, 1.6736528998, 0.7312537022, 0.1719192915, -0.5101862785, -0.625076855, -0.9110737446, -0.8588616309, -1.0184070243, -0.8984950204, -0.2106589592, 1.7110124161, 0.6688815358, -0.4262226158, -0.8674204804, -1.1564610928, -1.2250845124, -1.31421942, -1.2874272275, -1.0859378284, -0.2406448582, 1.3411913155, 0.1940803589, -0.5970950767, -1.1529770794, -1.4399485399, -1.3816910198, -1.4536599806, -1.4165838231, -0.9172630289, -0.179860839, 1.0434760995, -0.1649353271, -0.7399392388, -1.1865260312, -1.390978984, -1.4539798272, -1.4043156143, -1.2276718748, -0.9136909996, 0.0011409024, 1.0256787546, -0.0884727708, -0.8047456972, -1.0631842193, -1.1897309959, -1.134791664, -1.0888158356, -0.8701487191, -0.5233526297, 0.2131528275, 1.0861659526, 0.1127770247, -0.4492848436, -0.6725703703, -0.5731427035, -0.5888067562, -0.5356365303, -0.3122928708, 0.1445486472, 0.5794137291, 1.0395050977, 0.3934061933, 0.2343768119, 0.2514188228, -0.0143622142, 0.2906568697, 0.2710267666, 0.3864780557, 1.0329406796, 1.5362761388, 1.2165828798, 1.281067972, 1.0666645906, 1.2717482292, 1.1989334868, 1.3081628414, 1.3440979642, 1.3523175488, 1.5895636071, 2.1794823985]}