{"source": [{"position": [98.28464842185038, 98.29103664420916], "counts": 500000.0}, {"position": [84.56772767479445, 62.235837231628906], "counts": 500000.0}], "output": [0.0, 0.0, 0.0, 0.0, 0.0, 0.0, 0.0, 0.0, 0.0, 0.0, 0.0, 0.0, 0.0, 0.0, 0.0, 0.0, 0.0, 0.0, 0.0, 0.0, 0.0, 0.0, 0.0, 0.0, 0.0, 0.0, 0.0, 0.0, 0.0, 0.0, 0.0, 0.0, 0.0, 0.0, 0.0, 0.0, 0.0, 0.0, 0.2688509422, 0.2311490578, 0.4998344915, 0.0001655085, 0.0, 0.0, 0.0, 0.0, 0.0, 0.0, 0.0, 0.0, 0.0, 0.0, 0.0, 0.0, 0.0, 0.0, 0.0, 0.0, 0.0, 0.0, 0.0, 0.0, 0.0, 0.0], "num_sources": 2, "seg_angles": 64, "input": [-1.2291966997, -1.2325242809, -1.1789245398, -1.1242318744, -1.0156511739, -0.7975875138, -0.6095652184, -0.1576019745, 0.41552143, 1.2616897521, -1.2206650698, -1.196663237, -1.1125231095, -1.0892646553, -0.9214938338, -0.75154802, -0.4775030576, 0.0589915498, 0.7064131299, 1.7526925448, -1.1928187921, -1.1727351008, -1.1475138374, -1.0396959294, -0.9121726486, -0.6474221314, -0.3362020666, 0.0508857265, 0.8061484916, 1.7530593718, -1.168530342, -1.1483441324, -1.0659595836, -1.023955455, -0.9359556727, -0.6998181888, -0.4040607119, 0.2091314883, 0.9379608472, 1.7120805533, -1.119676672, -1.0348011047, -0.9784440406, -0.9286546341, -0.8419416565, -0.6729211549, -0.3683266333, 0.0495518392, 0.8597361767, 1.8525878172, -0.9893391944, -0.8907349541, -0.8690247109, -0.764451955, -0.7531844396, -0.5984040624, -0.2978174238, 0.0706265782, 0.9277749188, 1.6564088247, -0.7748603382, -0.6415520869, -0.6063080542, -0.5888414813, -0.5424258731, -0.498735171, -0.28507415, 0.1507783101, 0.9390932205, 1.8764933374, -0.4694387298, -0.2113917923, -0.1449988305, -0.2294375598, -0.1040821494, -0.1011501147, -0.0252493413, 0.2799569342, 0.9056592421, 1.9178085574, 0.1772057311, 0.4575945358, 0.5166360499, 0.5109808817, 0.5279195937, 0.569219504, 0.5067067131, 0.6728628305, 1.1146844789, 1.8079836667, 1.1839205404, 1.3431520577, 1.5843756319, 1.4426862912, 1.5838594037, 1.6596186513, 1.5682768053, 1.6710424238, 1.6628239137, 1.6287968136]}