{"source": [{"position": [8.199557642234085, 41.19183480341318], "counts": 500000.0}, {"position": [88.08075480860093, -22.86439661016941], "counts": 500000.0}], "output": [0.0, 0.0, 0.0, 0.0, 0.0, 0.0, 0.0, 0.0, 0.0, 0.0, 0.0, 0.0, 0.0, 0.0, 0.0, 0.0, 0.0, 0.0, 0.0, 0.0, 0.0, 0.0, 0.0, 0.0, 0.0, 0.0, 0.0, 0.0, 0.0, 0.2935034388, 0.2064965612, 0.0, 0.0, 0.0, 0.0, 0.0, 0.0, 0.0, 0.0, 0.0, 0.0, 0.0, 0.0, 0.0, 0.0, 0.0007126655, 0.4992873345, 0.0, 0.0, 0.0, 0.0, 0.0, 0.0, 0.0, 0.0, 0.0, 0.0, 0.0, 0.0, 0.0, 0.0, 0.0, 0.0, 0.0], "num_sources": 2, "seg_angles": 64, "input": [-0.9994456461, -0.8628880173, -0.8347120359, -0.8185171142, -0.7938732965, -0.7363402614, -0.7373235375, -0.666551154, -0.4640193045, 0.0364860003, -1.2944424709, -1.2019711118, -1.183867989, -1.1374042436, -1.0978344507, -0.9891467341, -0.8270443696, -0.6762009269, -0.3373180635, 0.3134088309, -1.291133566, -1.1868903073, -1.1404143983, -1.0765576816, -1.0477508455, -0.9482600398, -0.759148915, -0.5664229143, -0.2072283104, 0.5224019987, -1.2154913516, -1.1040433841, -1.0726292291, -0.9945189587, -0.9053904363, -0.7887626742, -0.5601463822, -0.4161930948, -0.064742674, 0.5221877125, -1.1242618278, -0.9236540288, -0.86373162, -0.8048760802, -0.7158448311, -0.6353915595, -0.4617673411, -0.2414168717, 0.1400096571, 0.6696871184, -0.845575619, -0.7141892257, -0.6213130961, -0.5552074611, -0.4210695484, -0.3429955216, -0.1995392244, 0.008410846, 0.3210254551, 0.6818086558, -0.6048372861, -0.4560527308, -0.3364218711, -0.2028005197, -0.0812669291, 0.0040811006, 0.1866095751, 0.4113692499, 0.7025532533, 0.9938803519, -0.2175735269, 0.1243249612, 0.1849526199, 0.3011352711, 0.504383837, 0.5067685286, 0.7040477546, 0.9947312091, 1.1182041103, 1.3093391204, 0.4857478442, 0.8469873953, 0.9843190214, 1.0571025776, 1.1451261393, 1.2411296717, 1.3614350921, 1.5214691277, 1.802069001, 1.8643691661, 1.1563183102, 1.5129124067, 1.6384451175, 1.7125672794, 1.7350954434, 1.7911334932, 2.0540608583, 2.2374734475, 2.582866126, 2.3819778745]}