{"source": [{"position": [127.08874223579038, -194.09392467804042], "counts": 500000.0}, {"position": [-175.03041119430105, 411.3068868340936], "counts": 500000.0}], "output": [0.0, 0.0, 0.0, 0.0, 0.0, 0.0, 0.0, 0.0, 0.0, 0.0, 0.0, 0.0, 0.0, 0.0, 0.0, 0.0, 0.0, 0.0, 0.0, 0.0, 0.0, 0.0474701249, 0.4525298751, 0.0, 0.0, 0.0, 0.0, 0.0, 0.0, 0.0, 0.0, 0.0, 0.0, 0.0, 0.0, 0.0, 0.0, 0.0, 0.0, 0.0, 0.0, 0.0, 0.0, 0.0, 0.0, 0.0, 0.0, 0.0, 0.0, 0.0, 0.0, 0.0, 0.4509304316, 0.0490695684, 0.0, 0.0, 0.0, 0.0, 0.0, 0.0, 0.0, 0.0, 0.0, 0.0], "num_sources": 2, "seg_angles": 64, "input": [2.1304948579, 2.092867196, 1.8452723933, 1.5769642111, 1.5555438103, 1.5152955855, 1.2563669676, 1.3482069442, 1.5334647906, 1.4909588252, 1.577213592, 0.7790259047, 0.7955039858, 0.7026981303, 0.5843697868, 0.4072125545, 0.7432464888, 0.6230748128, 0.3979043134, 1.0668338852, 0.6058535952, -0.1531884008, -0.1022160951, -0.3017286056, -0.2184792526, -0.4729584376, -0.4203167678, -0.1352424481, 0.1899281493, 1.0603709729, -0.1305418596, -0.4837276103, -0.7813896335, -0.7251489891, -0.8044653387, -0.8101225592, -0.9437214113, -0.8339083063, -0.3773431666, 1.163206132, -0.2411634965, -0.889240798, -1.0521183364, -1.2035845073, -1.0665765925, -1.1617032235, -1.0110810963, -0.8171385455, 0.0229568321, 1.0906689935, -0.4762231394, -1.1523867878, -1.2456665975, -1.281158042, -1.1782860928, -1.1338221586, -1.0232809703, -0.6165765261, 0.0482428476, 1.4404705397, -0.4925646577, -1.2062947453, -1.0826784698, -1.0392327903, -1.2803596813, -1.2004707798, -1.0587165647, -0.3775479973, 0.4316493006, 1.4018993919, -0.8064358524, -1.113806624, -0.7944739253, -1.0448100174, -0.9367392034, -0.8414549724, -0.7961618106, -0.2130118351, 0.434962178, 2.0004307054, -0.5973988699, -0.6474455034, -0.573736276, -0.5227477002, -0.4647307635, -0.5500406262, -0.2945684947, 0.2905635863, 1.0471851322, 2.3346171524, -0.3713697207, -0.3259128009, -0.2575497651, -0.1837681437, -0.022309494, -0.0315691477, 0.2393098418, 0.5998964249, 1.6113648307, 2.3363173826]}