{"source": [{"position": [-477.8264316772136, -103.93700587673868], "counts": 500000.0}, {"position": [72.43360775748272, -368.9571417756203], "counts": 500000.0}], "output": [0.0, 0.0, 0.4091700036, 0.0908299964, 0.0, 0.0, 0.0, 0.0, 0.0, 0.0, 0.0, 0.0, 0.0, 0.0, 0.0, 0.0, 0.0, 0.0127073679, 0.4872926321, 0.0, 0.0, 0.0, 0.0, 0.0, 0.0, 0.0, 0.0, 0.0, 0.0, 0.0, 0.0, 0.0, 0.0, 0.0, 0.0, 0.0, 0.0, 0.0, 0.0, 0.0, 0.0, 0.0, 0.0, 0.0, 0.0, 0.0, 0.0, 0.0, 0.0, 0.0, 0.0, 0.0, 0.0, 0.0, 0.0, 0.0, 0.0, 0.0, 0.0, 0.0, 0.0, 0.0, 0.0, 0.0], "num_sources": 2, "seg_angles": 64, "input": [2.5855385653, 2.5183811372, 2.0674509556, 1.8589839875, 1.8891756056, 1.6219576821, 1.8293398642, 1.9105020684, 1.888731122, 1.0929307832, 1.7497940712, 1.7584936572, 1.4982771713, 1.385866141, 0.575303369, 0.96941142, 1.0998949191, 0.7263523498, 0.3039437722, 0.499377772, 1.0625783228, 1.0061409846, 0.5511745765, 0.6690569479, 0.3609288148, 0.4380894411, 0.0074209502, -0.0922305059, -0.0580211831, -0.4281892515, 1.2190428198, 0.673268795, 0.3170299404, 0.1311716308, 0.0985376408, -0.2114149291, -0.3961306099, -0.3988918396, -0.5182942434, -0.2654435096, 0.9146674218, 0.6003775322, 0.348872919, 0.0174759135, -0.1021593637, -0.616610535, -0.7413044629, -0.8688318816, -0.8210381585, -0.3886508534, 0.6777222309, 0.2340304941, 0.1757149687, -0.2270656518, -0.4833067211, -0.8957540195, -0.8408877887, -1.112790669, -0.8558636598, -0.62798366, 0.5198716022, 0.3340955372, -0.1713124807, -0.4507711773, -0.7192857812, -1.0285645517, -1.0573169241, -1.2088413251, -1.2363483866, -0.609954654, 0.4730202274, 0.4254461074, -0.4432442825, -0.6602100147, -0.9375376028, -1.1509651973, -1.1524929206, -1.2932452724, -1.1231161309, -0.6210302796, 0.074935108, 0.2636620829, -0.4641389834, -0.7322759002, -0.8717947351, -1.1385409946, -1.2545829864, -1.2691955295, -1.2682634517, -0.6618159421, 0.1491037041, -0.3731406304, -0.8525945304, -0.8033674052, -0.9715086289, -1.2270470796, -1.3631944892, -1.4266241488, -1.341433611, -0.7385236028]}