{"source": [{"position": [451.99903702831244, 90.65247114931987], "counts": 500000.0}, {"position": [295.84102440056967, -233.6815959411899], "counts": 500000.0}], "output": [0.0, 0.0, 0.0, 0.0, 0.0, 0.0, 0.0, 0.0, 0.0, 0.0, 0.0, 0.0, 0.0, 0.0, 0.0, 0.0, 0.0, 0.0, 0.0, 0.0, 0.0, 0.0, 0.0, 0.0, 0.0, 0.4048731048, 0.0951268952, 0.0, 0.0, 0.0, 0.0, 0.0, 0.0, 0.0, 0.4919355387, 0.0080644613, 0.0, 0.0, 0.0, 0.0, 0.0, 0.0, 0.0, 0.0, 0.0, 0.0, 0.0, 0.0, 0.0, 0.0, 0.0, 0.0, 0.0, 0.0, 0.0, 0.0, 0.0, 0.0, 0.0, 0.0, 0.0, 0.0, 0.0, 0.0], "num_sources": 2, "seg_angles": 64, "input": [0.0527458516, 0.2143993384, -0.0134027925, 0.5399599776, 0.6102416374, 0.706629002, 0.9379357757, 1.1156010944, 1.3393118572, 2.0413987923, -0.4755854312, -0.3373046444, -0.037392853, -0.2252283457, 0.0404547771, 0.0898094729, 0.2771480833, 0.8411107434, 1.1760239937, 2.0647439617, -0.880164705, -0.6817422068, -0.5185915783, -0.5201615871, -0.4304911074, -0.2332631035, 0.1662449842, 0.349270743, 1.2402695417, 2.196529596, -1.014341048, -0.874889429, -0.9394679431, -0.8680166824, -0.5225613387, -0.390618862, -0.0944265606, 0.5876884755, 1.2288467042, 2.0963936108, -1.1357456305, -0.9761988393, -0.8879082354, -0.9822100065, -0.727199023, -0.5351555574, -0.1564603904, 0.2930321422, 1.1064327584, 2.1119512787, -1.2652799091, -1.126041143, -1.0727177021, -0.9400813249, -0.7053180227, -0.5764086227, -0.0913901251, 0.6970560807, 1.3382406946, 2.2199601311, -1.2746732872, -1.2003830031, -1.1122833385, -0.9936080557, -0.8452420024, -0.539069969, -0.1279897566, 0.5390372699, 1.3863715102, 2.0160444233, -1.1801236411, -1.1432523264, -1.1119790557, -1.0979362648, -0.8228865618, -0.4705613069, -0.0947470664, 0.3997369977, 1.0216033425, 1.9652579989, -1.1763301113, -1.0807105524, -1.0828425675, -0.9760673381, -0.8522807276, -0.5885940538, -0.2301502622, 0.3660279528, 1.0073145841, 1.9497701354, -0.6918886157, -0.6496834908, -0.5868905087, -0.6765755639, -0.4405084742, -0.2600833841, -0.0858314428, 0.2718923173, 0.9706075315, 2.0558423161]}