{"source": [{"position": [-143.5695972433385, -26.528677829578452], "counts": 500000.0}, {"position": [78.03461726685832, 76.10255257226882], "counts": 500000.0}], "output": [0.0, 0.0694234338, 0.4305765662, 0.0, 0.0, 0.0, 0.0, 0.0, 0.0, 0.0, 0.0, 0.0, 0.0, 0.0, 0.0, 0.0, 0.0, 0.0, 0.0, 0.0, 0.0, 0.0, 0.0, 0.0, 0.0, 0.0, 0.0, 0.0, 0.0, 0.0, 0.0, 0.0, 0.0, 0.0, 0.0, 0.0, 0.0, 0.0, 0.0, 0.0638354097, 0.4361645903, 0.0, 0.0, 0.0, 0.0, 0.0, 0.0, 0.0, 0.0, 0.0, 0.0, 0.0, 0.0, 0.0, 0.0, 0.0, 0.0, 0.0, 0.0, 0.0, 0.0, 0.0, 0.0, 0.0], "num_sources": 2, "seg_angles": 64, "input": [0.2266938991, -0.5735045407, -0.8791021778, -1.0155044451, -1.0168974532, -0.974643153, -0.6577218277, -0.3879520757, 0.3428994236, 1.5192325904, 0.3489774795, -0.2859252996, -0.809137012, -1.1219761751, -1.2871878514, -1.3480582759, -1.2121169245, -0.6093560517, -0.1894766703, 0.7721513053, 0.3929708831, -0.0092483532, -0.7317009791, -1.1142123949, -1.1630066543, -1.3027860758, -1.3376818059, -0.8386615985, -0.0524958715, 1.0169890451, 0.5904866563, -0.1198784634, -0.6386867571, -1.0310862393, -1.2901218214, -1.2998266227, -1.1218080812, -0.8141035733, -0.0512041043, 0.9721861879, 0.6513352176, -0.0469436308, -0.5840981981, -0.8387512108, -1.1794013687, -1.2014976307, -1.0990735263, -0.8122405451, -0.0193808007, 1.0541107867, 0.694704812, 0.1284813604, -0.2565798422, -0.8287377971, -1.1024464023, -1.2276446782, -1.162934166, -0.6917102908, 0.1475690867, 0.9123615787, 0.7611196628, 0.6706725099, -0.1172943649, -0.5390588273, -0.7331869548, -0.9330778286, -1.008032396, -0.6442168562, 0.0922774321, 1.0550463612, 1.2868041322, 0.8674789257, 0.6149192733, 0.1899003296, -0.0729848797, -0.4613648745, -0.4591282231, -0.5528018985, 0.0018387526, 1.0050936885, 1.9768151481, 1.567305725, 1.2741481007, 0.9407457094, 0.5286496903, 0.3842170784, 0.2425562088, 0.0506416466, 0.0675878905, 1.256022661, 2.9698744185, 2.6097439302, 1.9764903978, 1.7703154324, 1.6973857571, 1.5085915074, 1.1649786838, 1.2659838982, 1.2728222745, 1.0164789812]}