{"source": [{"position": [75.83662332461182, 181.81805895653198], "counts": 500000.0}, {"position": [267.75049101627934, -85.26825060092021], "counts": 500000.0}], "output": [0.0, 0.0, 0.0, 0.0, 0.0, 0.0, 0.0, 0.0, 0.0, 0.0, 0.0, 0.0, 0.0, 0.0, 0.0, 0.0, 0.0, 0.0, 0.0, 0.0, 0.0, 0.0, 0.0, 0.0, 0.0, 0.0, 0.0, 0.0, 0.0701937614, 0.4298062386, 0.0, 0.0, 0.0, 0.0, 0.0, 0.0, 0.0, 0.0, 0.0, 0.0, 0.0, 0.0, 0.0, 0.0125422685, 0.4874577315, 0.0, 0.0, 0.0, 0.0, 0.0, 0.0, 0.0, 0.0, 0.0, 0.0, 0.0, 0.0, 0.0, 0.0, 0.0, 0.0, 0.0, 0.0, 0.0], "num_sources": 2, "seg_angles": 64, "input": [-0.7460182805, -0.5602301331, -0.500963784, -0.5755317789, -0.5897239743, -0.3565849484, -0.40422498, -0.2221967146, 0.3553609929, 1.2845127522, -1.2643884736, -1.1632726751, -1.1504172299, -1.1134583709, -0.9799432009, -0.9546413859, -0.7721797438, -0.3158813242, 0.5082502193, 1.5118750363, -1.377686184, -1.2864823872, -1.2112319887, -1.1598385786, -1.0514800726, -0.8802910178, -0.6720614321, -0.3778858179, 0.4436883951, 1.7053453147, -1.3287461121, -1.2720666319, -1.2742406643, -1.1395686182, -0.9617436346, -0.7763341434, -0.653423534, -0.2244898422, 0.4976609431, 1.9755532459, -1.2787401411, -1.1478523767, -1.0637403685, -0.895258954, -0.8468187921, -0.6408579057, -0.4318629226, -0.1291567193, 0.7207088809, 1.847497548, -1.0565918196, -0.8933422778, -0.7808068514, -0.5965786762, -0.6086868247, -0.5462015618, -0.1574555319, 0.1578650215, 0.791143666, 1.7596288402, -0.8507382877, -0.6919358357, -0.6246959847, -0.3331132026, -0.3730134796, -0.2261602974, 0.0695934833, 0.2987029521, 0.6871923326, 1.8715388175, -0.3458874429, -0.4572324776, -0.2859710273, -0.1328692248, 0.1979252897, 0.262001727, 0.4475848794, 0.6307168464, 1.1601957762, 2.0863567833, 0.0016934429, 0.2511971434, 0.4694751782, 0.5374665031, 0.5516030581, 0.5034564506, 0.9527472748, 1.2655195842, 1.703781501, 2.045315344, 0.4486351726, 0.9068360482, 0.7985149883, 1.2098490461, 1.089172903, 1.3167388145, 1.3511060271, 1.8837081453, 2.0201330732, 2.1349471995]}