{"source": [{"position": [272.3450538221579, -18.898985650184972], "counts": 500000.0}, {"position": [-156.0340020718792, -171.68980807675456], "counts": 500000.0}], "output": [0.0, 0.0, 0.0, 0.0, 0.0, 0.0, 0.0, 0.0, 0.2568873798, 0.2431126202, 0.0, 0.0, 0.0, 0.0, 0.0, 0.0, 0.0, 0.0, 0.0, 0.0, 0.0, 0.0, 0.0, 0.0, 0.0, 0.0, 0.0, 0.0, 0.0, 0.0, 0.0, 0.3528527071, 0.1471472929, 0.0, 0.0, 0.0, 0.0, 0.0, 0.0, 0.0, 0.0, 0.0, 0.0, 0.0, 0.0, 0.0, 0.0, 0.0, 0.0, 0.0, 0.0, 0.0, 0.0, 0.0, 0.0, 0.0, 0.0, 0.0, 0.0, 0.0, 0.0, 0.0, 0.0, 0.0], "num_sources": 2, "seg_angles": 64, "input": [1.1785004989, 0.8816555338, 0.9949263061, 1.1009125624, 1.6226368772, 1.7362610001, 1.8446276498, 2.1311155475, 2.2270163051, 2.8619652269, 0.5138392787, 0.2525921031, -0.2799662204, 0.1031068969, 0.4682346771, 0.5646708352, 0.9849940736, 1.4062284, 1.7746735804, 2.2868394024, 1.0839089495, -0.2075735233, -0.5477600447, -0.3908225469, -0.2425137119, -0.0918366518, -0.1049500579, 0.4730892715, 1.0758319545, 2.0381531784, 0.6608759494, -0.241102008, -0.7822142624, -0.8836764911, -0.8358694141, -0.2508997833, -0.2831461931, 0.1337943722, 0.6940049043, 1.1596229883, 1.0330084044, -0.1477747991, -0.6199852124, -0.9018971636, -1.0456659155, -0.898255366, -0.6122638313, -0.1151647398, 0.6421497167, 0.8839597422, 0.9301845097, -0.149785034, -0.705077521, -1.1264788424, -1.1030021428, -1.0011771814, -0.7808640612, -0.1141659694, 0.1347784018, 0.7885168306, 0.7518414842, -0.091715003, -0.8239664919, -0.9910440343, -1.2309574814, -1.151486113, -0.9474412345, -0.265697734, 0.2338554966, 0.5401463343, 0.7967313051, 0.0618544374, -0.8996302174, -1.125201596, -1.2647405363, -1.0278198321, -0.9469284908, -0.5929029742, 0.1202667071, 0.7486523545, 0.8231463092, -0.0264253317, -0.8890181676, -1.1111769061, -1.2417238633, -1.266846017, -1.0025678769, -0.8254050882, -0.240351146, 0.3402747308, 0.28034532, -0.4716335048, -1.0170805523, -1.3705219321, -1.564401555, -1.4782164257, -1.4096585216, -1.1315213028, -0.6443926913, 0.1505709021]}