{"source": [{"position": [52.448700017284466, -7.624556806589059], "counts": 500000.0}, {"position": [32.843266674810145, -208.42821266356268], "counts": 500000.0}], "output": [0.0, 0.0, 0.0, 0.0, 0.0, 0.0, 0.0, 0.0, 0.0, 0.0, 0.0, 0.0, 0.0, 0.0, 0.0, 0.0, 0.0, 0.2040175089, 0.2959824911, 0.0, 0.0, 0.0, 0.0, 0.0, 0.0, 0.0, 0.0, 0.0, 0.0, 0.0, 0.2352217381, 0.2647782619, 0.0, 0.0, 0.0, 0.0, 0.0, 0.0, 0.0, 0.0, 0.0, 0.0, 0.0, 0.0, 0.0, 0.0, 0.0, 0.0, 0.0, 0.0, 0.0, 0.0, 0.0, 0.0, 0.0, 0.0, 0.0, 0.0, 0.0, 0.0, 0.0, 0.0, 0.0, 0.0], "num_sources": 2, "seg_angles": 64, "input": [-0.3369911313, -0.207638544, -0.1053749837, -0.0044962308, 0.0354473059, 0.2687022147, 0.4220272245, 0.881685991, 1.5462243322, 2.1388640843, -0.7246563997, -0.5433997164, -0.4020007446, -0.3496188996, -0.177285674, 0.0725372887, 0.3505317719, 1.0067790377, 1.5769754827, 2.2005820868, -0.8788420838, -0.7688803479, -0.6223497475, -0.4689909461, -0.3077429983, -0.0267766398, 0.2946043997, 0.8329439531, 1.451183202, 2.2088773246, -0.9762302453, -0.8933462243, -0.7996730599, -0.589023989, -0.3996554196, -0.1660944733, 0.2444645789, 0.7904245015, 1.4840056467, 2.1726977047, -1.0434111386, -0.9492601934, -0.8579295317, -0.6706341219, -0.4612224336, -0.2403504193, 0.0239400548, 0.7483314784, 1.4539297514, 1.9795889141, -1.1156756047, -1.0168779183, -0.9440684115, -0.7554335122, -0.6059521752, -0.2982903105, 0.025066994, 0.6162730283, 1.2531108419, 2.2273879007, -1.1441000944, -1.0701314255, -0.9733437634, -0.802607263, -0.6190168796, -0.3897286223, -0.0066895954, 0.493121307, 1.2462241388, 2.085951126, -1.1527023272, -1.0946645903, -0.9825585232, -0.8778702445, -0.6686168618, -0.4310331283, -0.0561304933, 0.4541783785, 1.1330749689, 1.8928558086, -1.2147995658, -1.1413691481, -1.013006896, -0.8827236394, -0.7554507154, -0.5307709542, -0.138596517, 0.252803507, 1.0954637613, 1.9389779393, -1.2350079507, -1.1803614748, -1.1012689222, -1.0038051737, -0.9237615864, -0.664946722, -0.360888553, -0.0178838995, 0.6412602414, 1.6009115281]}