{"source": [{"position": [0.30887665479269355, -98.9995181564644], "counts": 500000.0}, {"position": [-88.78612176526866, -174.7370154886562], "counts": 500000.0}], "output": [0.0, 0.0, 0.0, 0.0, 0.0, 0.0, 0.0, 0.0, 0.0, 0.0, 0.0, 0.3942851999, 0.1057148001, 0.0, 0.0, 0.0, 0.4841101168, 0.0158898832, 0.0, 0.0, 0.0, 0.0, 0.0, 0.0, 0.0, 0.0, 0.0, 0.0, 0.0, 0.0, 0.0, 0.0, 0.0, 0.0, 0.0, 0.0, 0.0, 0.0, 0.0, 0.0, 0.0, 0.0, 0.0, 0.0, 0.0, 0.0, 0.0, 0.0, 0.0, 0.0, 0.0, 0.0, 0.0, 0.0, 0.0, 0.0, 0.0, 0.0, 0.0, 0.0, 0.0, 0.0, 0.0, 0.0], "num_sources": 2, "seg_angles": 64, "input": [1.9018355058, 2.0798807724, 2.0757095275, 2.1173048558, 2.158874583, 2.172687672, 2.3237455623, 2.1425414796, 2.1328971881, 1.8491343077, 1.1021940248, 1.2805367679, 1.3740393257, 1.4075772045, 1.4698841068, 1.423862714, 1.4800846049, 1.4081782423, 1.337623858, 0.9995513798, 0.7334113387, 0.5797698083, 0.639634049, 0.7317550964, 0.6858728547, 0.5422476445, 0.5795898789, 0.6125766247, 0.5418356523, 0.2780710629, 0.3945852261, 0.1309742469, 0.0662810027, 0.137566384, 0.1266967211, 0.1313231308, 0.1737140633, 0.1007830258, -0.1200928604, -0.2075375855, 0.2035150006, -0.0948698774, -0.2673325874, -0.2654814476, -0.3694326135, -0.3104789152, -0.2146790287, -0.336927928, -0.3245767383, -0.5242950394, -0.1282119242, -0.2835086847, -0.5179667761, -0.5338222289, -0.5758536294, -0.541556458, -0.4995131314, -0.5964560707, -0.6398630374, -0.7212801441, -0.0944358848, -0.4570374789, -0.6912478504, -0.7324745611, -0.8244830578, -0.7923882252, -0.7656872589, -0.8053913177, -0.8619114088, -0.8910147987, -0.3237477349, -0.5717805103, -0.7892495628, -0.8163029584, -0.8991593429, -0.9012173432, -0.8881621128, -0.9430823173, -0.9469809705, -1.0024215797, -0.3680958356, -0.6889720653, -0.8414890128, -0.9780150203, -0.9792252351, -1.0092207144, -0.9729685105, -1.010723588, -0.9933836733, -1.0543410121, -0.4400155601, -0.7677191172, -0.950398367, -1.0231131336, -1.0501230883, -1.0655737221, -1.0910105295, -1.0591526163, -1.090955931, -1.1219367811]}