{"source": [{"position": [-216.56197008316258, -44.06714324413829], "counts": 500000.0}, {"position": [-204.52347410866105, 62.977365287251104], "counts": 500000.0}], "output": [0.0, 0.0, 0.4776171611, 0.0223828389, 0.0, 0.0, 0.0, 0.0, 0.0, 0.0, 0.0, 0.0, 0.0, 0.0, 0.0, 0.0, 0.0, 0.0, 0.0, 0.0, 0.0, 0.0, 0.0, 0.0, 0.0, 0.0, 0.0, 0.0, 0.0, 0.0, 0.0, 0.0, 0.0, 0.0, 0.0, 0.0, 0.0, 0.0, 0.0, 0.0, 0.0, 0.0, 0.0, 0.0, 0.0, 0.0, 0.0, 0.0, 0.0, 0.0, 0.0, 0.0, 0.0, 0.0, 0.0, 0.0, 0.0, 0.0, 0.0, 0.0, 0.02131315, 0.47868685, 0.0, 0.0], "num_sources": 2, "seg_angles": 64, "input": [1.8416410886, 1.1102225612, 0.6205102545, 0.1563044198, -0.1314520275, -0.335438536, -0.3347382309, -0.4570956661, -0.4814748402, -0.6934236712, 2.0386006236, 1.4471300805, 0.4924815649, 0.0078421599, -0.3045004508, -0.627510506, -0.8667309509, -0.9892863218, -0.9854868576, -1.058180448, 2.2859198204, 1.2179456346, 0.7662721084, 0.0308941911, -0.3301353878, -0.6896532468, -0.7780913131, -0.9850497648, -1.0374341894, -1.1129406177, 1.9840494039, 1.342347761, 0.571064526, -0.0509524033, -0.2805798429, -0.7119505636, -0.7136308072, -0.9663019792, -1.0259095339, -1.1644284771, 2.1489000257, 1.568748843, 0.8020916523, 0.1768497178, -0.2962156415, -0.6281598118, -0.8514711468, -0.9191970323, -1.0889732787, -1.123962166, 2.1324022151, 1.4214484395, 0.7114365462, 0.1849752774, -0.2083750825, -0.5855712519, -0.7896496043, -0.8910923676, -1.0047769243, -1.1332640599, 2.0404062959, 1.3204539075, 0.6197398091, 0.1922872706, -0.1917562544, -0.6357626157, -0.8098255359, -0.9822544273, -0.9708755435, -1.089275377, 2.152667512, 1.4320736765, 0.6298778628, -0.0086900512, -0.2623587228, -0.5796822089, -0.8565850236, -0.9066432172, -1.0025697227, -1.1212037665, 2.3191614439, 1.2493758439, 0.5282628712, 0.0115585373, -0.3226905606, -0.5084211766, -0.7219635898, -0.784612627, -0.8695599111, -0.9738663963, 1.784461469, 1.1034633556, 0.5447848944, 0.1873185306, 0.1061196211, -0.0779950229, -0.187468272, -0.1253322525, -0.3112603773, -0.3483541634]}