{"source": [{"position": [-89.2157048773797, -107.89141765326978], "counts": 500000.0}, {"position": [-21.933651649910438, -1.7073152316959521], "counts": 500000.0}], "output": [0.1043619631, 0.3956380369, 0.0, 0.0, 0.0, 0.0, 0.0, 0.0, 0.0188833388, 0.4811166612, 0.0, 0.0, 0.0, 0.0, 0.0, 0.0, 0.0, 0.0, 0.0, 0.0, 0.0, 0.0, 0.0, 0.0, 0.0, 0.0, 0.0, 0.0, 0.0, 0.0, 0.0, 0.0, 0.0, 0.0, 0.0, 0.0, 0.0, 0.0, 0.0, 0.0, 0.0, 0.0, 0.0, 0.0, 0.0, 0.0, 0.0, 0.0, 0.0, 0.0, 0.0, 0.0, 0.0, 0.0, 0.0, 0.0, 0.0, 0.0, 0.0, 0.0, 0.0, 0.0, 0.0, 0.0], "num_sources": 2, "seg_angles": 64, "input": [1.8767865983, 1.2013730514, 0.545125201, 0.1201405726, -0.1579565457, -0.3709071008, -0.4965303134, -0.5985116456, -0.6492374301, -0.7511687686, 2.2097269596, 1.4301207824, 0.6659250981, 0.1844117582, -0.132801979, -0.391175587, -0.5601229828, -0.6326014395, -0.7474510957, -0.8247822679, 2.3083256473, 1.341439493, 0.6774783068, 0.1649744976, -0.1776236684, -0.4220757265, -0.592848874, -0.6918210961, -0.7788779093, -0.8698370641, 2.2805931668, 1.4424702403, 0.5802078334, 0.1093267137, -0.2681197115, -0.5030806505, -0.6577657222, -0.7926535205, -0.8573412777, -0.9350642033, 2.2631112983, 1.4550435741, 0.6645795626, 0.0997976489, -0.2477051809, -0.5128873133, -0.6824091021, -0.7933103427, -0.8821718577, -0.9544575705, 2.230226322, 1.4531806568, 0.6286559415, 0.0720608341, -0.2808042967, -0.5241174788, -0.7190724457, -0.8247000911, -0.9137684806, -0.9873552629, 2.2222248741, 1.4510277857, 0.6460106718, 0.0976668966, -0.3326945125, -0.5672981803, -0.7360311609, -0.864583446, -0.9414829798, -1.0057914923, 2.200716928, 1.3896176907, 0.6367926978, 0.0577789299, -0.3728320433, -0.5932579793, -0.7801699748, -0.8695177381, -0.9751752449, -1.0110679441, 2.1418646888, 1.1885390769, 0.4907347309, -0.0019279576, -0.4284555439, -0.6476339695, -0.8025902934, -0.881932854, -0.9932784491, -1.033743051, 1.7815885552, 0.8792983636, 0.2431910363, -0.2125555636, -0.5545083351, -0.7461892579, -0.8768227921, -0.9570585064, -1.0076328522, -1.0547865597]}