{"source": [{"position": [315.84292523099174, 157.6459532672189], "counts": 500000.0}, {"position": [-331.0193082622274, 233.347846695864], "counts": 500000.0}], "output": [0.0, 0.0, 0.0, 0.0, 0.0, 0.0, 0.0, 0.0, 0.0, 0.0, 0.0, 0.0, 0.0, 0.0, 0.0, 0.0, 0.0, 0.0, 0.0, 0.0, 0.0, 0.0, 0.0, 0.0, 0.0, 0.0, 0.0, 0.0, 0.0, 0.0, 0.0, 0.0, 0.0, 0.0, 0.0, 0.0, 0.1422174218, 0.3577825782, 0.0, 0.0, 0.0, 0.0, 0.0, 0.0, 0.0, 0.0, 0.0, 0.0, 0.0, 0.0, 0.0, 0.0, 0.0, 0.0, 0.0, 0.0, 0.0, 0.1272387189, 0.3727612811, 0.0, 0.0, 0.0, 0.0, 0.0], "num_sources": 2, "seg_angles": 64, "input": [0.1782644678, -0.4423875684, -0.9929445462, -0.9480695551, -1.3925140977, -1.2099258171, -1.1660630023, -0.8050144891, -0.0827849562, 0.573892815, 0.2562419997, -0.0528088549, -0.9120819463, -1.0287967074, -1.1767545957, -1.2209191188, -0.9704186236, -0.4911714283, 0.0617939356, 0.6189591571, 0.3082631431, -0.0349804638, -0.5345142733, -1.2457192775, -1.1079649104, -1.0298114755, -0.7994407461, -0.3929196392, 0.0901712674, 0.821155507, 0.4361782861, -0.2002526698, -0.8456231911, -0.9034318679, -1.2231298092, -1.1828957491, -0.768561488, -0.4497200152, 0.2190772472, 0.7592298407, 0.5792624516, -0.4441552493, -0.8221535806, -1.121397341, -1.0770324159, -1.0452920958, -1.017441722, -0.5514965783, 0.1319525546, 0.9411510198, 0.450273698, -0.1589049985, -0.8299844061, -0.9034541405, -1.1830034797, -0.7502056264, -0.7709497239, -0.1921338353, 0.6978771254, 0.9430519671, 0.7891298919, -0.1668130477, -0.416680928, -0.9223261895, -1.0920380093, -1.1316939119, -0.4511703289, -0.1888369371, 0.5132266359, 0.8630483536, 1.1740594608, -0.0570911448, -0.2639107905, -0.4606401795, -0.5484990933, -0.6522461148, -0.1663040219, 0.0414162069, 0.6673655349, 1.0891658552, 1.1492057617, 0.5959427374, 0.4116296091, 0.0794649193, 0.2073280775, 0.3008133775, 0.5453868146, 0.813753961, 0.8225322608, 1.4619835574, 1.8876888886, 2.0602623551, 2.4793016998, 1.9690031631, 2.1611035185, 2.1481380923, 1.9749470723, 2.2001525508, 2.2395829944, 2.2850469402]}