{"source": [{"position": [224.72029861554242, 72.08874662623461], "counts": 500000.0}, {"position": [259.529785057633, -285.72765121342184], "counts": 500000.0}], "output": [0.0, 0.0, 0.0, 0.0, 0.0, 0.0, 0.0, 0.0, 0.0, 0.0, 0.0, 0.0, 0.0, 0.0, 0.0, 0.0, 0.0, 0.0, 0.0, 0.0, 0.0, 0.0, 0.0, 0.2445122246, 0.2554877754, 0.0, 0.0, 0.0, 0.0, 0.0, 0.0, 0.0, 0.0, 0.0, 0.0, 0.419032149, 0.080967851, 0.0, 0.0, 0.0, 0.0, 0.0, 0.0, 0.0, 0.0, 0.0, 0.0, 0.0, 0.0, 0.0, 0.0, 0.0, 0.0, 0.0, 0.0, 0.0, 0.0, 0.0, 0.0, 0.0, 0.0, 0.0, 0.0, 0.0], "num_sources": 2, "seg_angles": 64, "input": [-0.0954514315, -0.1344311313, -0.0092093069, 0.1478473252, 0.2256156297, 0.4806354409, 0.6764673244, 1.0822004621, 1.2819568422, 1.8731603467, -0.5699722318, -0.5823692495, -0.3299845917, -0.4425407239, -0.2134734722, -0.0161139548, 0.3390178215, 0.5722912203, 1.1221195977, 2.1169213765, -0.8909773945, -0.8156862767, -0.7271134531, -0.5435498884, -0.4644779618, -0.1794091904, 0.0602919418, 0.4266640232, 1.1014036676, 1.9155796269, -1.0940032618, -0.9918947476, -0.8412501829, -0.661366409, -0.7236993423, -0.4040224092, -0.1130742325, 0.3559981122, 1.3049419973, 2.4997421991, -1.1862641184, -0.9975135946, -0.9586599414, -0.8558429172, -0.8221251723, -0.4791560538, 0.0003225469, 0.2921845492, 1.2595419106, 2.2786503794, -1.237303745, -1.1659089749, -1.0367547708, -1.0109006395, -0.8280458192, -0.7203736839, -0.1741553475, 0.5234554139, 1.2004682268, 2.4289350783, -1.2798892446, -1.1932224516, -1.0498670653, -1.00123695, -0.8810932245, -0.5955423628, -0.2666637794, 0.284623237, 0.9571738717, 2.2201366643, -1.2193055918, -1.1103019744, -1.083748802, -1.0303173173, -0.8684918782, -0.5763906264, -0.4479880248, 0.2288892445, 1.2214938951, 2.3864404312, -0.959081905, -0.7919422583, -0.796200309, -0.8291591241, -0.8442583008, -0.5404746723, -0.0786683999, 0.2611617945, 1.2974901345, 2.1910561327, -0.1763153587, -0.0718076266, -0.0408591849, -0.1089155579, -0.0177640776, 0.1780029217, 0.305477253, 0.4098500858, 1.0065088299, 1.6618641343]}