{"source": [{"position": [390.59550235970033, -17.78070685809109], "counts": 500000.0}, {"position": [-338.1443573723746, 279.96320039823775], "counts": 500000.0}], "output": [0.0, 0.0, 0.0, 0.0, 0.0, 0.0, 0.0, 0.0, 0.0, 0.0, 0.0, 0.0, 0.0, 0.0, 0.0, 0.0, 0.0, 0.0, 0.0, 0.0, 0.0, 0.0, 0.0, 0.0, 0.0, 0.0, 0.0, 0.0, 0.0, 0.0, 0.0, 0.2316819357, 0.2683180643, 0.0, 0.0, 0.0, 0.0, 0.0, 0.0, 0.0, 0.0, 0.0, 0.0, 0.0, 0.0, 0.0, 0.0, 0.0, 0.0, 0.0, 0.0, 0.0, 0.0, 0.0, 0.0, 0.0, 0.0220189462, 0.4779810538, 0.0, 0.0, 0.0, 0.0, 0.0, 0.0], "num_sources": 2, "seg_angles": 64, "input": [0.6347688762, -0.4890517072, -0.9412134893, -1.2145469663, -1.2963081476, -1.0977144339, -1.2399130254, -0.7184193553, 0.0690012182, 0.7504423802, 0.262752377, -0.091079005, -0.6847953962, -1.1407299917, -1.2550682176, -1.0819025112, -0.6636735948, -0.4357058978, 0.5633202855, 0.8771202992, 0.5737384247, -0.3252184904, -0.7921131221, -0.7231603975, -1.0936803366, -1.0296171147, -0.7253028005, -0.3481089217, -0.0079523752, 1.0632036773, 0.6305465738, -0.1952869726, -0.7025218927, -1.2515532143, -1.1588148861, -1.0325941999, -0.7381312488, -0.2753467148, 0.4808617361, 1.2934527804, 0.6801601882, -0.3336683435, -0.7395288266, -1.3123204944, -1.1143703771, -1.2287190627, -0.6882542644, -0.1827158508, 0.4884469986, 0.9890796331, 0.3592572301, -0.0906794306, -0.6261479511, -1.0070320789, -1.0125735808, -0.9360907104, -0.4891613198, -0.0157303177, 0.6949397758, 1.0615843863, 0.4496186947, 0.065083717, -0.3240516128, -0.9218534614, -1.2976315184, -0.8734323049, -0.3042284335, 0.1292006458, 0.8665558296, 1.2649187012, 0.4119486487, -0.2614125336, -0.8972783489, -0.6060869191, -0.8835098848, -0.6131012201, 0.1372984113, 0.5883913963, 1.0282025069, 1.9216263198, 0.5375199168, -0.1576092606, -0.480542321, 0.082105204, 0.1015281455, 0.2516359987, 0.855901792, 1.5072318804, 2.1651680105, 2.9786809637, 0.3496922474, 0.2151503185, 0.5586878508, 0.3265382835, 0.7932388061, 1.1894821267, 1.8719206418, 2.1275169241, 2.4435492431, 3.4561847896]}