{"source": [{"position": [-233.35112032248892, -17.41420811404556], "counts": 500000.0}, {"position": [-89.7761191402413, -359.97395521359215], "counts": 500000.0}], "output": [0.1206328916, 0.3793671084, 0.0, 0.0, 0.0, 0.0, 0.0, 0.0, 0.0, 0.0, 0.0, 0.0, 0.0, 0.2447712052, 0.2552287948, 0.0, 0.0, 0.0, 0.0, 0.0, 0.0, 0.0, 0.0, 0.0, 0.0, 0.0, 0.0, 0.0, 0.0, 0.0, 0.0, 0.0, 0.0, 0.0, 0.0, 0.0, 0.0, 0.0, 0.0, 0.0, 0.0, 0.0, 0.0, 0.0, 0.0, 0.0, 0.0, 0.0, 0.0, 0.0, 0.0, 0.0, 0.0, 0.0, 0.0, 0.0, 0.0, 0.0, 0.0, 0.0, 0.0, 0.0, 0.0, 0.0], "num_sources": 2, "seg_angles": 64, "input": [2.2725159765, 1.7940913521, 1.2563677282, 0.8326872738, 0.7725542481, 0.7498555465, 0.4273427154, 0.4133091513, 0.4017906782, 0.4414045542, 1.8851866085, 1.4734789646, 1.2552080471, 0.623693805, 0.6317814125, 0.2566094934, 0.0657232927, -0.1723328608, -0.1156360922, -0.3262591147, 2.1689383973, 1.4432365136, 0.9958673058, 0.5903192935, 0.3160561219, -0.0854421645, -0.1042272759, -0.2428004835, -0.4428433285, -0.714017714, 1.9333824362, 1.1214402371, 0.7880410356, 0.1668462099, -0.0326307718, -0.2803178573, -0.4651623284, -0.5892654584, -0.823850993, -0.8708924467, 1.8194759505, 1.1229224095, 0.5144340147, 0.0899621896, -0.1960480337, -0.4313890126, -0.6405447305, -0.802759037, -0.8964418291, -1.1455373892, 2.0602366229, 0.8207115688, 0.2582220193, 0.0292138856, -0.3964630214, -0.7954166887, -0.8634493009, -1.0386926522, -1.0700479235, -1.0773118145, 2.0385398984, 0.6047189862, 0.2397769294, -0.0308136449, -0.5128228579, -0.6794683082, -0.9204948889, -1.1174044758, -1.1901333709, -1.2465537316, 1.7672183176, 1.0031225965, 0.1044094144, -0.3486509104, -0.5664710919, -0.8221184652, -1.0410153525, -1.1717721294, -1.115016659, -1.3604064037, 1.8251937744, 0.6385069495, -0.0047003563, -0.5657141613, -0.6924238083, -0.9224919195, -1.1348794866, -1.2836901916, -1.2261172317, -1.369488047, 1.4544903233, 0.4245571498, -0.1902664889, -0.5922189292, -0.8866380312, -1.147848457, -1.1679462495, -1.2860975325, -1.2775837591, -1.4024141365]}