{"source": [{"position": [-154.7750908379597, -152.09757149968348], "counts": 500000.0}, {"position": [169.75117878936035, 136.77915520876206], "counts": 500000.0}], "output": [0.0, 0.0, 0.0, 0.0, 0.0, 0.0, 0.0, 0.0444358513, 0.4555641487, 0.0, 0.0, 0.0, 0.0, 0.0, 0.0, 0.0, 0.0, 0.0, 0.0, 0.0, 0.0, 0.0, 0.0, 0.0, 0.0, 0.0, 0.0, 0.0, 0.0, 0.0, 0.0, 0.0, 0.0, 0.0, 0.0, 0.0, 0.0, 0.0, 0.045727226, 0.454272774, 0.0, 0.0, 0.0, 0.0, 0.0, 0.0, 0.0, 0.0, 0.0, 0.0, 0.0, 0.0, 0.0, 0.0, 0.0, 0.0, 0.0, 0.0, 0.0, 0.0, 0.0, 0.0, 0.0, 0.0], "num_sources": 2, "seg_angles": 64, "input": [0.6677699378, 0.3219141565, 0.1972148421, 0.644796337, 0.6146836939, 1.0594793559, 0.8963783823, 1.3474180761, 2.3153855815, 3.231676255, 0.4201863811, -0.2689151143, -0.4667003988, -0.5088032772, -0.2228434279, 0.0933331972, 0.1664059127, 0.3457930048, 1.7550831075, 2.2240746424, 0.6020538141, -0.1974168838, -0.8320044195, -1.1686584654, -1.0765544438, -0.5783269682, -0.4182978234, 0.0116052099, 0.8516100657, 1.4511879862, 0.6824580168, -0.4812448588, -1.1458181527, -1.2974682965, -1.187844715, -0.980837477, -0.8232711329, -0.5625004527, 0.1402693855, 0.963651158, 0.4807175166, -0.325656159, -1.123592854, -1.2707981858, -1.5190575576, -1.37790582, -1.1526188452, -0.8748296225, -0.0211995034, 0.6627325488, 0.6679680853, -0.0608405059, -1.0905840373, -1.1773958053, -1.5243988929, -1.411669305, -1.1989975047, -1.0149616711, 0.0877048723, 0.6569364848, 0.5809749885, 0.126664765, -0.6327272812, -1.1673952122, -1.2715446637, -1.3217274901, -1.3365851674, -1.0367752453, -0.1624870427, 0.8178579335, 1.1981494178, 0.3668733109, -0.1164322169, -0.594251872, -0.8579567836, -0.9499623904, -1.1456880236, -0.6961564831, -0.2040132552, 0.8084213143, 1.6407859428, 1.009529834, 0.2977960741, 0.1523289547, -0.1304430502, -0.3407244371, -0.6502406305, -0.3222413882, -0.1514154267, 0.5744209932, 2.4842007871, 2.3254681336, 1.1236085344, 0.8257246652, 0.8085062881, 0.7465347801, 0.311185895, 0.2009955908, 0.3137604502, 0.1765039772]}