{"source": [{"position": [11.639215263124504, -381.8226403293271], "counts": 500000.0}, {"position": [-276.97096783213334, 53.01964709550003], "counts": 500000.0}], "output": [0.0, 0.0, 0.0, 0.0, 0.0, 0.0, 0.0, 0.0, 0.0, 0.0, 0.0, 0.0, 0.0, 0.0, 0.0, 0.0, 0.3447978733, 0.1552021267, 0.0, 0.0, 0.0, 0.0, 0.0, 0.0, 0.0, 0.0, 0.0, 0.0, 0.0, 0.0, 0.0, 0.0, 0.0, 0.0, 0.0, 0.0, 0.0, 0.0, 0.0, 0.0, 0.0, 0.0, 0.0, 0.0, 0.0, 0.0, 0.0, 0.0, 0.0, 0.0, 0.0, 0.0, 0.0, 0.0, 0.0, 0.0, 0.0, 0.0, 0.0, 0.0, 0.0, 0.0, 0.463275013, 0.036724987], "num_sources": 2, "seg_angles": 64, "input": [2.3439610976, 2.0475239967, 1.5361896174, 1.3576337471, 1.0273751188, 0.9519036664, 0.6315336645, 0.5436765992, 0.3565271304, 0.0736185322, 2.8599797176, 1.8563654274, 1.4106455864, 0.8924783664, 0.4347593337, 0.4959567341, 0.0522566543, -0.0554107842, 0.2103802755, -0.2272782171, 2.0934794462, 1.8114412036, 0.8394307009, 0.4792451701, 0.2180696268, 0.0798757407, -0.2864050642, -0.3782409143, -0.3220547, -0.7924046476, 1.770962674, 1.3687194122, 0.7953356653, 0.2931301929, -0.0258972711, -0.2682119763, -0.4033487952, -0.6089159082, -0.790303254, -1.1772518849, 1.3893904553, 1.0111642177, 0.2650198246, -0.1170251022, -0.3046313887, -0.6157854295, -0.6615719366, -0.8074343372, -0.9291009039, -1.1269088735, 1.4268668475, 0.7645064905, 0.196448993, -0.0268906631, -0.6203437063, -0.7467600383, -0.9729139285, -1.1533057857, -1.1013123322, -1.2911799829, 1.3203995313, 0.8170230984, 0.1458940915, -0.051741953, -0.5428929171, -0.8484047023, -1.1111993328, -1.3231631925, -1.3033822491, -1.3635837835, 1.3442756292, 0.8150762593, -0.0047045396, -0.2977795695, -0.8650157927, -0.9812422637, -1.1669619679, -1.3393817243, -1.3760540753, -1.4403615345, 1.0509633579, 0.8119400797, -0.1831044226, -0.3843049641, -0.9856059593, -1.0752948214, -1.1879358113, -1.3266013068, -1.3371330819, -1.3507320983, 0.7125195813, 0.4295996979, -0.0972972639, -0.2639395526, -0.499646587, -0.402483091, -0.4205378329, -0.6894159624, -0.6715021239, -0.6312509508]}