{"source": [{"position": [-50.889762615413886, 103.12726148282432], "counts": 500000.0}, {"position": [-32.342577897159494, 105.1378031678719], "counts": 500000.0}], "output": [0.0, 0.0, 0.0, 0.0, 0.0, 0.0, 0.0, 0.0, 0.0, 0.0, 0.0, 0.0, 0.0, 0.0, 0.0, 0.0, 0.0, 0.0, 0.0, 0.0, 0.0, 0.0, 0.0, 0.0, 0.0, 0.0, 0.0, 0.0, 0.0, 0.0, 0.0, 0.0, 0.0, 0.0, 0.0, 0.0, 0.0, 0.0, 0.0, 0.0, 0.0, 0.0, 0.0, 0.0, 0.0, 0.0, 0.0, 0.0, 0.0, 0.0, 0.0, 0.4800899973, 0.1852649223, 0.3346450803, 0.0, 0.0, 0.0, 0.0, 0.0, 0.0, 0.0, 0.0, 0.0, 0.0], "num_sources": 2, "seg_angles": 64, "input": [0.4629005374, -0.5197207616, -0.9106343706, -1.07814339, -1.1042201675, -1.1338121252, -1.1366344056, -1.1506327802, -1.1509416722, -1.1711634354, 0.6662699574, -0.4234743364, -0.7737078784, -0.9926637114, -1.0536441577, -1.0588902499, -1.0749541252, -1.0797574645, -1.1139116775, -1.1322910822, 0.858466188, -0.3662902397, -0.7683255118, -0.9090893168, -0.961287213, -0.9426455591, -0.9738864379, -0.9963970582, -0.9687458257, -1.022593828, 0.6975032873, -0.3480055956, -0.6777845565, -0.7956863359, -0.8323553944, -0.8717404333, -0.8493882233, -0.8537700053, -0.9147814423, -0.941530812, 0.8206344744, -0.2747625354, -0.5307714232, -0.6604596941, -0.661632518, -0.6746341106, -0.6560063818, -0.7244599317, -0.6585635902, -0.7802754471, 0.8744252342, -0.1260319117, -0.4253702234, -0.4576684881, -0.3858657983, -0.4122750527, -0.3317324381, -0.4188663783, -0.4895364959, -0.5774058666, 0.9731765346, 0.1255056459, 0.0637016996, 0.0120216612, -0.0409170466, 0.0131534197, -0.0170309273, -0.062522632, -0.1237281945, -0.2849668329, 1.1315693416, 0.5130466667, 0.4895861039, 0.5822834049, 0.4999026712, 0.4805864143, 0.5485053108, 0.4663123555, 0.3682643578, 0.1468689002, 1.2477846381, 1.2779440818, 1.3093961605, 1.2564791195, 1.1721297327, 1.2734659243, 1.2624370422, 1.2315606626, 1.1328137659, 0.8658266869, 1.7274951784, 2.1510502128, 2.1996797585, 2.0692651564, 2.121063948, 2.1668863107, 2.0540507164, 1.9230340116, 2.0203821338, 1.5715560912]}