{"source": [{"position": [-71.41676357256969, -106.22450696905909], "counts": 500000.0}, {"position": [-8.877330934896941, 48.18913773323115], "counts": 500000.0}], "output": [0.0, 0.0, 0.0, 0.0, 0.0, 0.0, 0.0, 0.0, 0.0, 0.0145505468, 0.4854494532, 0.0, 0.0, 0.0, 0.0, 0.0, 0.0, 0.0, 0.0, 0.0, 0.0, 0.0, 0.0, 0.0, 0.0, 0.0, 0.0, 0.0, 0.0, 0.0, 0.0, 0.0, 0.0, 0.0, 0.0, 0.0, 0.0, 0.0, 0.0, 0.0, 0.0, 0.0, 0.0, 0.0, 0.0, 0.0, 0.0, 0.0, 0.0, 0.0721851093, 0.4278148907, 0.0, 0.0, 0.0, 0.0, 0.0, 0.0, 0.0, 0.0, 0.0, 0.0, 0.0, 0.0, 0.0], "num_sources": 2, "seg_angles": 64, "input": [0.0650593896, -0.4236210859, -0.3620348059, -0.259933957, -0.4390027775, -0.3483228821, -0.3883437291, -0.3818829733, -0.3774957498, -0.4321385605, -0.0064292632, -0.7106819704, -0.6554607605, -0.639455409, -0.5887480245, -0.6217956167, -0.6600546263, -0.7296060009, -0.6544368414, -0.9456838612, 0.1679770554, -0.7555333095, -0.8121551506, -0.8187455575, -0.8639645549, -0.8304730827, -0.870237368, -0.8726335368, -0.9053594272, -1.0338690092, 0.1290872455, -0.6838715412, -0.8119219241, -0.9786856782, -0.9349148381, -0.9495457915, -0.9930210166, -0.974534347, -0.9748413118, -1.212162202, 0.1970735118, -0.4232333211, -0.7129106249, -0.7507090698, -0.8563386281, -0.8972768266, -0.8949705375, -0.8982430206, -0.9751474865, -1.1860573521, 0.5403252856, -0.0727935091, -0.517936729, -0.5719319264, -0.5714241456, -0.6088381722, -0.6572040211, -0.719335401, -0.6856352816, -0.9551913672, 0.6621793275, 0.2221937988, 0.0297797843, -0.1296520959, -0.0968906846, -0.1728909212, -0.2809528029, -0.2348420916, -0.3035900644, -0.6445345303, 1.1342463183, 0.8618093704, 0.5605650319, 0.5117624693, 0.3486516901, 0.3276813693, 0.3723561619, 0.2469563606, 0.1972857362, -0.1579606048, 1.6461699311, 1.7271442482, 1.55748968, 1.4360920507, 1.332171841, 1.2354579491, 1.2421715889, 1.1722504133, 1.0089271683, 0.5550449951, 2.6113182304, 2.4250845024, 2.3327896924, 2.1457317873, 2.1772633205, 2.0555260295, 2.0975416241, 2.0718996422, 2.0059400173, 1.4670851397]}