{"source": [{"position": [-64.75163581012472, -45.25732714061859], "counts": 500000.0}, {"position": [-313.2742560579822, 225.5110651194699], "counts": 500000.0}], "output": [0.0, 0.0, 0.0, 0.0, 0.0, 0.0, 0.3932327617, 0.1067672383, 0.0, 0.0, 0.0, 0.0, 0.0, 0.0, 0.0, 0.0, 0.0, 0.0, 0.0, 0.0, 0.0, 0.0, 0.0, 0.0, 0.0, 0.0, 0.0, 0.0, 0.0, 0.0, 0.0, 0.0, 0.0, 0.0, 0.0, 0.0, 0.0, 0.0, 0.0, 0.0, 0.0, 0.0, 0.0, 0.0, 0.0, 0.0, 0.0, 0.0, 0.0, 0.0, 0.0, 0.0, 0.0, 0.0, 0.0, 0.0, 0.0, 0.1776264898, 0.3223735102, 0.0, 0.0, 0.0, 0.0, 0.0], "num_sources": 2, "seg_angles": 64, "input": [1.7324115787, 1.5408216838, 1.4958007147, 1.3004105075, 1.0304680116, 1.110708565, 0.9690417655, 0.9496278813, 0.8897985263, 0.7568109967, 2.1079095297, 1.1255991887, 0.6210063142, 0.3636639133, 0.1523100498, 0.1593839139, 0.0730133563, 0.0099657943, 0.043627009, -0.2785106482, 2.0944864921, 1.2497973306, 0.2463274197, -0.2225727306, -0.3865052675, -0.3976163112, -0.4613800026, -0.5861062474, -0.5994684246, -0.7988699534, 2.1241866171, 1.0906719206, 0.3060056909, -0.2366704511, -0.5149681804, -0.7376706368, -0.8394741002, -0.8070432738, -0.898762233, -1.0145836692, 2.0986097517, 0.9553793214, 0.2847636688, -0.2067891572, -0.6026199715, -0.8165156175, -0.9754134955, -0.9990068742, -1.1004728629, -1.1802888884, 2.1064243757, 1.105534234, 0.2916735336, -0.1791248343, -0.6151805023, -0.8180903966, -0.9672119208, -1.0919843947, -1.1568930698, -1.234329542, 2.1122312205, 1.054770698, 0.2139455136, -0.3006907619, -0.6079494196, -0.8968975833, -0.9821506197, -1.0513270833, -1.1483466223, -1.191010164, 1.9504190216, 1.0389066057, 0.1890976392, -0.3125491849, -0.5791870819, -0.8100780013, -0.9660444136, -0.9395212004, -1.0676813207, -1.1376423284, 2.0948840544, 1.0179745114, 0.1392856162, -0.2237391237, -0.4677822458, -0.7522022266, -0.8328666368, -0.9475916578, -0.9975072359, -1.1019468562, 1.5480345033, 0.6871806467, 0.1572776493, -0.2525651427, -0.4056184828, -0.6390223289, -0.7717714065, -0.7965034741, -0.7729534762, -0.9129775992]}