{"source": [{"position": [-257.8484109031146, -244.0065511307813], "counts": 500000.0}, {"position": [383.90106371724227, 68.70206166316888], "counts": 500000.0}], "output": [0.0, 0.0, 0.0, 0.0, 0.0, 0.0, 0.0, 0.1404352855, 0.3595647145, 0.0, 0.0, 0.0, 0.0, 0.0, 0.0, 0.0, 0.0, 0.0, 0.0, 0.0, 0.0, 0.0, 0.0, 0.0, 0.0, 0.0, 0.0, 0.0, 0.0, 0.0, 0.0, 0.0, 0.0, 0.0981227105, 0.4018772895, 0.0, 0.0, 0.0, 0.0, 0.0, 0.0, 0.0, 0.0, 0.0, 0.0, 0.0, 0.0, 0.0, 0.0, 0.0, 0.0, 0.0, 0.0, 0.0, 0.0, 0.0, 0.0, 0.0, 0.0, 0.0, 0.0, 0.0, 0.0, 0.0], "num_sources": 2, "seg_angles": 64, "input": [0.5687320384, 0.6988677566, 1.1151963175, 0.9246863992, 1.1080908435, 1.0635787011, 1.7376813322, 2.2181700525, 2.7986415881, 2.8458766559, 0.3823569919, -0.0212490824, -0.2354316713, -0.0671223173, 0.0709666488, 0.5195791559, 0.7679138157, 1.6746735396, 1.7649379179, 2.1388613987, 0.6790550474, -0.267717431, -0.6897026944, -0.6145442042, -0.7915013745, -0.4569580575, 0.0584512227, 0.3106931126, 0.750112193, 1.593632512, 1.1253494003, 0.0362046895, -0.7227022358, -1.0597550448, -1.1699509108, -0.9022942511, -0.237303781, 0.1850646948, 0.4680975612, 1.2516173345, 0.626163799, -0.233840105, -0.8099584589, -1.2040062564, -1.3577527796, -1.1223124168, -0.4932519194, -0.3740113421, 0.1252290814, 1.2387722692, 0.9460561666, -0.3749219177, -0.9006684945, -1.0184597767, -1.2449951325, -1.2245211146, -0.5869874977, -0.3222618431, 0.1490909621, 1.196740262, 0.5509127568, -0.102630708, -0.9029821099, -1.1952678781, -1.3558218104, -1.2641910726, -1.0100101939, -0.3402397634, -0.0879747148, 0.9525023898, 0.6985936469, -0.3243745801, -0.8211112912, -1.0551674768, -1.4529267907, -1.2635311777, -0.8783971546, -0.6205513324, 0.3594741272, 1.3628364656, 1.0718967236, -0.0620741886, -0.6386437044, -1.2379119123, -1.2370475999, -1.0144604422, -1.1921514877, -0.298515392, -0.2290975037, 0.762668867, 1.5878327503, 0.7396927517, -0.3236569571, -0.6994022393, -0.8850959369, -0.8845129787, -0.8243719885, -0.5740585197, -0.255200303, 0.3100093792]}