{"source": [{"position": [301.23351004763083, -68.84310004919818], "counts": 500000.0}, {"position": [36.0907199893126, 64.60232140297306], "counts": 500000.0}], "output": [0.0, 0.0, 0.0, 0.0, 0.0, 0.0, 0.0, 0.0, 0.0, 0.0, 0.0, 0.0, 0.0, 0.0, 0.0, 0.0, 0.0, 0.0, 0.0, 0.0, 0.0, 0.0, 0.0, 0.0, 0.0, 0.0, 0.0, 0.0, 0.0, 0.1442795089, 0.3557204911, 0.0, 0.0, 0.0, 0.0, 0.0, 0.0, 0.0, 0.0, 0.0, 0.0, 0.0, 0.0946966188, 0.4053033812, 0.0, 0.0, 0.0, 0.0, 0.0, 0.0, 0.0, 0.0, 0.0, 0.0, 0.0, 0.0, 0.0, 0.0, 0.0, 0.0, 0.0, 0.0, 0.0, 0.0], "num_sources": 2, "seg_angles": 64, "input": [-1.0299289317, -0.9879551351, -0.9608094272, -0.9959744807, -0.9959136914, -0.9038977737, -0.7798318464, -0.4377735832, -0.0614748503, 0.964677408, -1.2281638536, -1.2113834384, -1.186913986, -1.162911534, -1.109868639, -1.0278725258, -0.8376339536, -0.5141337117, 0.2176150996, 1.2983148337, -1.2102748308, -1.1808094341, -1.1385612119, -1.1200883734, -1.077608312, -0.9191085903, -0.8059628666, -0.3606304282, 0.243725788, 1.3833534573, -1.1627411393, -1.0655835471, -1.0303645313, -1.0170694354, -0.9844860446, -0.8499320425, -0.7395953933, -0.3996107519, 0.2851589498, 1.5518798247, -1.0234846899, -0.9719611821, -0.8809142612, -0.8714657223, -0.8169385575, -0.6720279304, -0.5385504738, -0.2897014659, 0.3297980059, 1.5439446735, -0.8838646499, -0.7487017205, -0.6959238917, -0.6809186848, -0.5383027101, -0.4879004291, -0.328254548, -0.1692755707, 0.4547632629, 1.6259684274, -0.6460367043, -0.4160504555, -0.304103066, -0.3342367562, -0.235991738, -0.1242290896, -0.0730907202, 0.0839341101, 0.5591937012, 1.5410714201, -0.2499957805, 0.0937392038, 0.1002870039, 0.1257749308, 0.2616303761, 0.3024797679, 0.3916249498, 0.5907336047, 0.7092514292, 1.6363938016, 0.3331468928, 0.6471103714, 0.8401242809, 0.9028599029, 1.0534894714, 0.9347878309, 1.0680005035, 1.2931555154, 1.2730236135, 1.7715039801, 1.2428182071, 1.4247877252, 1.5932424901, 1.5379758447, 1.7000832962, 1.8469940075, 1.8529369446, 1.850791916, 2.0887468124, 1.9258954556]}