{"source": [{"position": [-134.25850211910472, 134.44201206741275], "counts": 500000.0}, {"position": [-129.40898815502734, 53.416418680888604], "counts": 500000.0}], "output": [0.0, 0.0, 0.0, 0.0, 0.0, 0.0, 0.0, 0.0, 0.0, 0.0, 0.0, 0.0, 0.0, 0.0, 0.0, 0.0, 0.0, 0.0, 0.0, 0.0, 0.0, 0.0, 0.0, 0.0, 0.0, 0.0, 0.0, 0.0, 0.0, 0.0, 0.0, 0.0, 0.0, 0.0, 0.0, 0.0, 0.0, 0.0, 0.0, 0.0, 0.0, 0.0, 0.0, 0.0, 0.0, 0.0, 0.0, 0.0, 0.0, 0.0, 0.0, 0.0, 0.0, 0.0, 0.0, 0.0034782529, 0.4965217471, 0.0, 0.0, 0.0, 0.4937305725, 0.0062694275, 0.0, 0.0], "num_sources": 2, "seg_angles": 64, "input": [1.5057343835, 0.6480992552, 0.0365897004, -0.5529538412, -0.7896304327, -0.9155625785, -1.0364652109, -1.1476083852, -1.2211497907, -1.2497877595, 1.7854906145, 0.9568560693, 0.2509582402, -0.2302089172, -0.6028524633, -0.9568011944, -0.9960241737, -1.0946421839, -1.1823056067, -1.2151756169, 1.8702868859, 1.1640030884, 0.344047281, -0.2168187582, -0.5814345145, -0.8465478001, -0.9849778748, -1.0894997353, -1.1215894285, -1.216342775, 1.8262085183, 0.9939383961, 0.2664360468, -0.1499123529, -0.6171902103, -0.7982922805, -0.9431376578, -1.0324684865, -1.1077100865, -1.2175809602, 2.1078072507, 1.1197824563, 0.2581973297, -0.1859790789, -0.5613737326, -0.7473686358, -0.9404057578, -1.0313457675, -1.0876726632, -1.1215058204, 1.8916672955, 1.0187645091, 0.132966388, -0.2292720408, -0.4871314986, -0.7314410015, -0.8108551052, -0.9147580919, -0.9857308555, -1.0596194707, 2.1324752971, 0.9909196833, 0.3613582638, -0.1939238048, -0.4740303811, -0.4985725651, -0.5986315721, -0.8335889192, -0.7723352041, -0.9471544102, 1.9521207783, 1.0833977866, 0.52276092, 0.028645165, -0.1224282256, -0.3375443623, -0.4418991105, -0.5395523419, -0.5658714583, -0.5844695841, 1.9335367862, 1.0198861413, 0.738080043, 0.3520746346, 0.3115377152, 0.1700103071, 0.1357154126, 0.1501973092, 0.0376312441, -0.197304657, 1.6553302269, 1.5694304998, 1.3220890625, 1.3277990703, 1.3136569506, 1.3629495277, 1.2708511455, 1.2902757583, 1.1248186581, 0.7810550973]}