{"source": [{"position": [-82.31669361496641, 114.47690575963234], "counts": 500000.0}, {"position": [-58.0928757624187, -414.9532718097933], "counts": 500000.0}], "output": [0.0, 0.0, 0.0, 0.0, 0.0, 0.0, 0.0, 0.0, 0.0, 0.0, 0.0, 0.0, 0.0, 0.0, 0.2084028034, 0.2915971966, 0.0, 0.0, 0.0, 0.0, 0.0, 0.0, 0.0, 0.0, 0.0, 0.0, 0.0, 0.0, 0.0, 0.0, 0.0, 0.0, 0.0, 0.0, 0.0, 0.0, 0.0, 0.0, 0.0, 0.0, 0.0, 0.0, 0.0, 0.0, 0.0, 0.0, 0.0, 0.0, 0.0, 0.0, 0.0, 0.0, 0.0, 0.0, 0.3250037394, 0.1749962606, 0.0, 0.0, 0.0, 0.0, 0.0, 0.0, 0.0, 0.0], "num_sources": 2, "seg_angles": 64, "input": [2.1059349259, 0.8840227147, 0.111198144, -0.1456017989, -0.2508909249, -0.4196067456, -0.6692585047, -0.6244165193, -0.5562637165, -0.7720752181, 2.0213310316, 0.7782495281, 0.2120259636, -0.3923728951, -0.6199467492, -0.7045305727, -0.6542795048, -0.773282402, -0.8414152812, -0.9737806212, 1.6986154429, 0.48238367, -0.0704780449, -0.6350698038, -0.8108529677, -0.8501449921, -0.9486831151, -0.9982867399, -1.0799775018, -1.1921074597, 1.5437724316, 0.4040987433, -0.4760469715, -0.78605271, -1.0047777622, -1.0800065741, -0.9611887334, -1.0767377903, -1.0746061755, -1.3131492591, 1.6710990136, 0.43368149, -0.3567952496, -0.8294524351, -1.0425841917, -1.0022455752, -0.9878316327, -1.0513292116, -1.20466512, -1.2525183592, 1.7274895116, 0.2966184684, -0.336824103, -0.7852054151, -0.8384179969, -0.9176971715, -0.8047900401, -0.9043337081, -0.9890878422, -1.106732512, 1.7039373326, 0.2220008861, -0.3983784044, -0.4380706035, -0.4721021617, -0.561502597, -0.5708735192, -0.6164254437, -0.691558789, -0.9185519616, 1.7797964128, 0.342682345, 0.0749836568, 0.0277733437, 0.0065275431, -0.0699411927, -0.1903342672, 0.0055701392, -0.4039305052, -0.4278490505, 1.6674264271, 0.903780671, 0.7341505506, 0.7703777603, 0.8457023342, 0.737007774, 0.6788272109, 0.7870331691, 0.4830532598, 0.3543145017, 1.8803911134, 1.8686976133, 1.7622509407, 1.7300171308, 1.4787086968, 1.5854907303, 1.8530163331, 1.4255920143, 1.6116710575, 1.2346150878]}