{"source": [{"position": [46.848011343588006, -162.3769190283861], "counts": 500000.0}, {"position": [-180.04361733901155, -143.12335887437658], "counts": 500000.0}], "output": [0.0, 0.0, 0.0, 0.0, 0.0, 0.0, 0.0793339851, 0.4206660149, 0.0, 0.0, 0.0, 0.0, 0.0, 0.0, 0.0, 0.0, 0.0, 0.0, 0.069458646, 0.430541354, 0.0, 0.0, 0.0, 0.0, 0.0, 0.0, 0.0, 0.0, 0.0, 0.0, 0.0, 0.0, 0.0, 0.0, 0.0, 0.0, 0.0, 0.0, 0.0, 0.0, 0.0, 0.0, 0.0, 0.0, 0.0, 0.0, 0.0, 0.0, 0.0, 0.0, 0.0, 0.0, 0.0, 0.0, 0.0, 0.0, 0.0, 0.0, 0.0, 0.0, 0.0, 0.0, 0.0, 0.0], "num_sources": 2, "seg_angles": 64, "input": [1.8254817942, 2.1046597089, 2.2497004001, 2.1947368753, 2.3076270066, 2.2923733248, 2.0851494026, 2.2208190444, 2.1887861217, 1.5944327361, 1.4355400884, 1.4426993742, 1.3278871852, 1.1964558749, 1.0292497248, 1.1442940525, 1.1871926389, 1.2408255047, 1.2170784999, 0.8187825859, 0.9120008857, 0.8287828689, 0.7923255123, 0.4096093877, 0.4599421464, 0.2335541156, 0.2521474078, 0.2137277552, 0.1825105554, 0.3627716786, 0.8666252496, 0.4709720132, 0.137174962, -0.2342790043, -0.248495558, -0.0873724808, -0.4419557223, -0.2382218851, -0.310078387, 0.0885898004, 0.6766454805, 0.1661396783, -0.2250922391, -0.465851637, -0.5672726944, -0.5741580517, -0.6180950904, -0.7277769769, -0.598962665, -0.1153739263, 0.4145919301, 0.0036798824, -0.307076885, -0.6792780346, -0.7502488218, -0.8204286135, -0.9194326995, -0.8994298241, -0.8163970627, -0.2801623832, 0.1945142335, -0.2050094654, -0.4238834645, -0.7025398985, -0.9458443515, -0.9670826982, -1.0153131742, -1.0875894541, -0.9475781148, -0.2303895264, 0.1925000913, -0.2281765595, -0.6406936452, -0.7668811536, -0.9443661362, -0.9949424825, -1.0983749521, -1.1009104309, -1.0373189024, -0.2556635315, 0.0077377429, -0.4167803114, -0.6991943126, -0.9408290672, -0.9897123415, -1.105232782, -1.1555449937, -1.1680824207, -1.0471989818, -0.3126648788, -0.0001104335, -0.51275849, -0.8231620932, -0.9538266203, -1.1246523001, -1.1942133298, -1.2524360255, -1.2733950162, -1.0822342176, -0.4002881218]}