{"source": [{"position": [-69.36208416840559, -15.162495830667869], "counts": 500000.0}, {"position": [-37.04675848251578, 115.18913874987585], "counts": 500000.0}], "output": [0.0, 0.0, 0.40392523, 0.09607477, 0.0, 0.0, 0.0, 0.0, 0.0, 0.0, 0.0, 0.0, 0.0, 0.0, 0.0, 0.0, 0.0, 0.0, 0.0, 0.0, 0.0, 0.0, 0.0, 0.0, 0.0, 0.0, 0.0, 0.0, 0.0, 0.0, 0.0, 0.0, 0.0, 0.0, 0.0, 0.0, 0.0, 0.0, 0.0, 0.0, 0.0, 0.0, 0.0, 0.0, 0.0, 0.0, 0.0, 0.0, 0.0, 0.0, 0.0, 0.4152300881, 0.0847699119, 0.0, 0.0, 0.0, 0.0, 0.0, 0.0, 0.0, 0.0, 0.0, 0.0, 0.0], "num_sources": 2, "seg_angles": 64, "input": [1.6284200521, 0.6604954737, -0.0213933439, -0.1824579155, -0.365791878, -0.4520644076, -0.5614354476, -0.5929742037, -0.6685905544, -0.7275509772, 1.8955111999, 0.9042942147, -0.0371476989, -0.3275786949, -0.7300634921, -0.9447606355, -1.0901976308, -1.169001105, -1.1864055925, -1.3023062648, 1.9667436709, 0.7966034439, 0.1542622614, -0.2652884463, -0.6554537338, -0.8747154754, -1.0410267181, -1.1716574022, -1.245965986, -1.3603345976, 2.0239968397, 0.9578127527, 0.1753511923, -0.3055131824, -0.5930908695, -0.9019931669, -1.007436092, -1.1376640255, -1.1982764995, -1.2886002371, 2.1389995032, 1.016339796, 0.1563695448, -0.1923703395, -0.5180746945, -0.6719622751, -0.8681205494, -0.9903585589, -1.1074222517, -1.2245154577, 2.2324293798, 1.0687558593, 0.4624816067, -0.0395919651, -0.3639883232, -0.5989766681, -0.7516346686, -0.8998846156, -0.9867903731, -1.1330593817, 2.1216891147, 1.1563809133, 0.6023754306, 0.1724050864, -0.2567772008, -0.3638173189, -0.5611023446, -0.7284064453, -0.7864531819, -0.9583267835, 2.1970819954, 1.5877000438, 0.8148104025, 0.3085358384, 0.0695966514, -0.1229751203, -0.3617480617, -0.4893369026, -0.5235340182, -0.7753224614, 2.3094871298, 1.5921468991, 1.0970531283, 0.6264479475, 0.3159032553, 0.1106430864, -0.0711751656, -0.1471770559, -0.25517193, -0.4260483654, 2.2917710472, 1.6494499058, 1.1881808172, 0.7540690269, 0.6395216837, 0.3137661823, 0.280947991, 0.1888535333, 0.0372580933, -0.084083242]}