{"source": [{"position": [176.06543115086228, 68.71654788812499], "counts": 500000.0}, {"position": [-169.12568620457424, -72.47414894865537], "counts": 500000.0}], "output": [0.0, 0.0, 0.0, 0.0, 0.4381139214, 0.0618860786, 0.0, 0.0, 0.0, 0.0, 0.0, 0.0, 0.0, 0.0, 0.0, 0.0, 0.0, 0.0, 0.0, 0.0, 0.0, 0.0, 0.0, 0.0, 0.0, 0.0, 0.0, 0.0, 0.0, 0.0, 0.0, 0.0, 0.0, 0.0, 0.0, 0.1048714569, 0.3951285431, 0.0, 0.0, 0.0, 0.0, 0.0, 0.0, 0.0, 0.0, 0.0, 0.0, 0.0, 0.0, 0.0, 0.0, 0.0, 0.0, 0.0, 0.0, 0.0, 0.0, 0.0, 0.0, 0.0, 0.0, 0.0, 0.0, 0.0], "num_sources": 2, "seg_angles": 64, "input": [0.8785438887, 0.3481034076, -0.1104533352, 0.3317284515, 0.2293726569, 0.7069753123, 0.6746633905, 1.2220816598, 2.3375417236, 2.5800448408, 1.1378167096, 0.1946792694, -0.5067590905, -1.0314969034, -0.638422746, -0.8320114623, -0.5030893822, 0.115691556, 1.0549319287, 1.8732541945, 1.1330793769, 0.3331529338, -0.4673509772, -1.0051509148, -1.2048539435, -1.0562074687, -1.0141479158, -0.2699894479, 0.617695108, 1.2220710384, 1.2519087474, 0.3182713204, -0.4475807785, -0.8447487327, -1.6577822034, -1.297615094, -1.0536348526, -0.5001264278, 0.1061714377, 1.2294325483, 1.335809898, 0.0988968403, -0.620139998, -0.7329026415, -1.3340745177, -1.3870115169, -1.1304707023, -0.9221394784, 0.2773343463, 1.0485466957, 1.3295416738, 0.2098543813, -0.6563729839, -1.1369703995, -1.3052504771, -1.3696942924, -1.1608148711, -0.5561194773, 0.3487986786, 1.1261684656, 1.3577774578, 0.2372660102, -0.5509699698, -0.9912670812, -1.3502799769, -1.4051236885, -1.1056199262, -0.4407342555, 0.3974599874, 0.9769003926, 1.012137292, 0.4943958429, -0.311222204, -0.8124042319, -1.3491244601, -1.2980279609, -1.0125568964, -0.6786046618, -0.126872829, 1.4108712337, 1.5235469685, 1.0430820174, -0.0653399834, -0.3859556533, -0.8312694786, -1.0395027841, -0.9690991519, -0.6876931508, 0.1825005867, 1.1636963501, 2.438175735, 1.7767858282, 1.1784892932, 0.3411277579, 0.4796001773, 0.1581857054, -0.0173070088, 0.0129410971, -0.1423974839, 0.467653656]}