{"source": [{"position": [-142.97031493122364, 24.176208314513076], "counts": 500000.0}, {"position": [-95.30950938301226, -156.2213091136081], "counts": 500000.0}], "output": [0.0, 0.0, 0.0, 0.0, 0.0, 0.0, 0.0, 0.0, 0.0, 0.0, 0.2899617438, 0.2100382562, 0.0, 0.0, 0.0, 0.0, 0.0, 0.0, 0.0, 0.0, 0.0, 0.0, 0.0, 0.0, 0.0, 0.0, 0.0, 0.0, 0.0, 0.0, 0.0, 0.0, 0.0, 0.0, 0.0, 0.0, 0.0, 0.0, 0.0, 0.0, 0.0, 0.0, 0.0, 0.0, 0.0, 0.0, 0.0, 0.0, 0.0, 0.0, 0.0, 0.0, 0.0, 0.0, 0.0, 0.0, 0.0, 0.0, 0.0, 0.0, 0.0, 0.0, 0.3531459599, 0.1468540401], "num_sources": 2, "seg_angles": 64, "input": [2.0479970727, 1.5917189581, 1.2765089061, 0.8310123311, 0.6208924469, 0.5032728527, 0.4392847847, 0.2860710823, 0.1081434231, 0.0277388463, 2.108508216, 1.3327084065, 1.0126741636, 0.6630966875, 0.4283097965, 0.085341051, -0.1069939991, -0.1599619166, -0.1080499239, -0.3133138623, 2.1266474677, 1.1455891033, 0.7560663551, 0.2594358453, -0.0182061952, -0.1640393973, -0.2843104912, -0.3080787964, -0.5302368848, -0.6471909807, 2.0959415054, 1.2073133319, 0.4786319004, -0.0521156667, -0.3006412561, -0.4604584187, -0.5949534703, -0.7314130973, -0.7409948304, -0.9302209422, 2.1279555816, 1.2332959675, 0.3393388464, -0.1972371673, -0.5327267852, -0.659665154, -0.7980984381, -0.8710557493, -0.9270944757, -1.0934233935, 2.1317137991, 0.9641336557, 0.3170767439, -0.3147726691, -0.528622302, -0.7938642604, -0.9580266641, -0.9172874201, -1.0506324889, -1.1461452365, 2.2561199138, 1.0078436807, 0.139751123, -0.3299331778, -0.578541171, -0.8037110708, -0.9224110001, -1.1607921095, -1.2280437293, -1.2380177011, 2.2801104516, 1.1760706365, 0.1749870562, -0.3872926244, -0.6439820804, -0.8966001122, -1.0714403652, -1.1691167904, -1.2484949221, -1.3006941136, 2.1668641993, 1.133995583, 0.0839338935, -0.3955672706, -0.6852726348, -0.8943713264, -1.0875809295, -1.1439548253, -1.177927165, -1.2795122227, 1.5429724688, 0.6608213699, -0.0311141012, -0.2407947051, -0.5042663702, -0.5126593665, -0.6098602254, -0.7352763094, -0.8098426729, -0.8429860783]}