{"source": [{"position": [125.34881270263526, -119.2336997414727], "counts": 500000.0}, {"position": [227.26392359267427, -262.22148850401857], "counts": 500000.0}], "output": [0.0, 0.0, 0.0, 0.0, 0.0, 0.0, 0.0, 0.0, 0.0, 0.0, 0.0, 0.0, 0.0, 0.0, 0.0, 0.0, 0.0, 0.0, 0.0, 0.0, 0.0, 0.0, 0.0, 0.3631071495, 0.5095839633, 0.1273088872, 0.0, 0.0, 0.0, 0.0, 0.0, 0.0, 0.0, 0.0, 0.0, 0.0, 0.0, 0.0, 0.0, 0.0, 0.0, 0.0, 0.0, 0.0, 0.0, 0.0, 0.0, 0.0, 0.0, 0.0, 0.0, 0.0, 0.0, 0.0, 0.0, 0.0, 0.0, 0.0, 0.0, 0.0, 0.0, 0.0, 0.0, 0.0], "num_sources": 2, "seg_angles": 64, "input": [1.4658069041, 1.6586764734, 1.560431922, 1.81477121, 1.702087719, 1.6915831789, 1.7680144, 1.7297395914, 1.438505255, 1.6418119982, 0.3493527816, 0.7599433866, 0.7179770243, 0.8201848547, 0.8524249526, 0.7310365063, 0.6590847628, 0.8554420553, 1.0268041828, 1.6988406488, -0.2588535295, -0.0848773448, 0.0026105703, -0.0028659092, -0.1352564047, 0.1701310684, -0.0201834573, 0.1486117734, 0.7876564278, 1.6235709702, -0.5653969802, -0.5365317494, -0.4920884646, -0.5093167196, -0.5673728359, -0.4049526614, -0.274053891, 0.1005903077, 0.908484117, 1.5790209247, -0.9235661937, -0.8413937824, -0.809938081, -0.8075056288, -0.7461134847, -0.5902557229, -0.4089087261, 0.0559855222, 0.5621329266, 1.665710777, -0.9980745948, -0.9514906841, -0.9484691802, -0.9625047082, -0.9090543101, -0.6752675613, -0.4980853031, 0.0539166955, 0.7002192537, 1.5697816257, -1.1719244821, -1.1185743458, -1.0654877537, -1.0013074785, -0.9806819658, -0.7269991532, -0.4905383551, 0.0763490375, 0.6277915051, 1.6261936511, -1.2296655951, -1.1820356745, -1.1377759304, -1.0466432687, -0.9826241648, -0.8002531467, -0.5315230313, -0.0630599546, 0.7794273096, 1.7187705363, -1.2445429914, -1.2119476821, -1.1779887511, -1.130807711, -0.9950353557, -0.7700471279, -0.5161876977, -0.1259731907, 0.643694887, 1.5238906384, -1.2736108226, -1.2452151739, -1.1833927316, -1.1449376891, -1.0462246932, -0.9574612284, -0.7619714407, -0.2475462704, 0.3595700705, 1.2577323634]}