{"source": [{"position": [-9.70280976487326, 85.45089515427371], "counts": 500000.0}, {"position": [-204.54042400912198, 319.06772783559387], "counts": 500000.0}], "output": [0.0, 0.0, 0.0, 0.0, 0.0, 0.0, 0.0, 0.0, 0.0, 0.0, 0.0, 0.0, 0.0, 0.0, 0.0, 0.0, 0.0, 0.0, 0.0, 0.0, 0.0, 0.0, 0.0, 0.0, 0.0, 0.0, 0.0, 0.0, 0.0, 0.0, 0.0, 0.0, 0.0, 0.0, 0.0, 0.0, 0.0, 0.0, 0.0, 0.0, 0.0, 0.0, 0.0, 0.0, 0.0, 0.0, 0.0, 0.0, 0.0, 0.4241692275, 0.0758307725, 0.0, 0.0, 0.0966965591, 0.4033034409, 0.0, 0.0, 0.0, 0.0, 0.0, 0.0, 0.0, 0.0, 0.0], "num_sources": 2, "seg_angles": 64, "input": [-0.4385476837, -0.8151953975, -1.0174095935, -1.0162809618, -1.0393695288, -1.1026078535, -1.085021736, -1.1022685145, -1.1091313957, -1.0747098973, -0.2861667327, -0.702339475, -0.840396503, -0.9473904796, -1.001830049, -1.0140118817, -0.9780669474, -1.0369756147, -1.0342274538, -1.0798836372, -0.248059263, -0.6726210292, -0.7503757863, -0.8016208707, -0.8432902445, -0.8619318914, -0.8900853146, -0.948026335, -0.9534689642, -0.9670850957, -0.2125926061, -0.6109452576, -0.6315266812, -0.7526545504, -0.7501701604, -0.7760783971, -0.7798171788, -0.7895483259, -0.8303249109, -0.9120009828, -0.0117385883, -0.4069036735, -0.4561926093, -0.5354186666, -0.6165387831, -0.5843243822, -0.6241057696, -0.5693232386, -0.6505179375, -0.7881832376, 0.0311950463, -0.1155292944, -0.1515759799, -0.2282044785, -0.2335076027, -0.1972555048, -0.3131239319, -0.284416926, -0.3802822207, -0.5427515079, 0.3245255789, 0.1876762291, 0.2052986179, 0.178967641, 0.1965405115, 0.0411177053, 0.0643004344, 0.0457938589, -0.0057852336, -0.1118148444, 0.6226249841, 0.5849134876, 0.7415638445, 0.6712803827, 0.6969582143, 0.660689799, 0.7325376547, 0.7505693645, 0.5917895869, 0.2585803499, 1.1244574077, 1.4060212956, 1.3618272411, 1.5078088335, 1.3573756767, 1.5158847053, 1.354984149, 1.272869397, 1.3518678008, 0.9106447787, 1.8422845094, 2.1095391076, 2.1091848111, 2.0186426035, 2.0717306387, 2.0577919886, 2.2358271836, 2.2691956102, 2.3941877735, 1.6525007901]}