{"source": [{"position": [-21.054442988931367, 48.63856937067371], "counts": 500000.0}, {"position": [-127.8305160019434, 6.584768688184447], "counts": 500000.0}], "output": [0.2378846799, 0.0, 0.0, 0.0, 0.0, 0.0, 0.0, 0.0, 0.0, 0.0, 0.0, 0.0, 0.0, 0.0, 0.0, 0.0, 0.0, 0.0, 0.0, 0.0, 0.0, 0.0, 0.0, 0.0, 0.0, 0.0, 0.0, 0.0, 0.0, 0.0, 0.0, 0.0, 0.0, 0.0, 0.0, 0.0, 0.0, 0.0, 0.0, 0.0, 0.0, 0.0, 0.0, 0.0, 0.0, 0.0, 0.0, 0.0, 0.0, 0.0, 0.0, 0.0, 0.419413136, 0.080586864, 0.0, 0.0, 0.0, 0.0, 0.0, 0.0, 0.0, 0.0, 0.0, 0.2621153201], "num_sources": 2, "seg_angles": 64, "input": [0.8765263392, -0.1317842454, -0.6619670217, -0.8833932302, -1.083120731, -1.1452985843, -1.2118306127, -1.246875204, -1.2873637396, -1.3094310261, 1.2791498693, 0.0680260503, -0.4682555644, -0.7915535905, -0.9752560949, -1.0437967722, -1.1188427743, -1.1825912283, -1.2420309096, -1.2630767204, 1.1362215822, 0.1649574532, -0.3832086021, -0.7072755851, -0.8292302872, -0.9617288222, -1.0554979165, -1.0961749487, -1.1219394, -1.2104833022, 1.4462491996, 0.2892966669, -0.3459516658, -0.5630037396, -0.7537058705, -0.8569200755, -0.9359693164, -0.9986204198, -1.0576997601, -1.1276944517, 1.3943487577, 0.2621754657, -0.2133428883, -0.4153629293, -0.6378292978, -0.779535335, -0.8487393719, -0.9149173366, -0.951792228, -1.0181460266, 1.5798610147, 0.3886288313, -0.012234763, -0.3286172045, -0.3943176524, -0.4585958843, -0.5649303107, -0.6451149758, -0.7105245856, -0.8397873763, 1.4927017149, 0.6206510318, 0.2279433649, 0.0989360051, -0.0937129996, -0.1630579279, -0.228675457, -0.3240276282, -0.3863055043, -0.679607234, 1.6325993221, 0.9099133908, 0.7604892964, 0.49019275, 0.3923283918, 0.1570700503, 0.0752157232, -0.0011891795, -0.0132917424, -0.234220437, 1.8238964533, 1.5642700418, 1.2961007502, 1.1550264075, 1.063982195, 0.9111346477, 0.8094442148, 0.768252293, 0.6976947469, 0.2514269931, 2.2144227877, 2.2265782755, 1.9987924156, 1.6138171455, 1.7933449137, 1.6155713043, 1.5668720029, 1.4323658275, 1.3076423101, 1.0553304915]}