{"source": [{"position": [-299.18457320367423, -272.9717772168679], "counts": 500000.0}, {"position": [123.66121299045349, 54.15629604884082], "counts": 500000.0}], "output": [0.0, 0.0, 0.0, 0.0, 0.0, 0.0, 0.0, 0.2331659665, 0.2668340335, 0.0, 0.0, 0.0, 0.0, 0.0, 0.0, 0.0, 0.0, 0.0, 0.0, 0.0, 0.0, 0.0, 0.0, 0.0, 0.0, 0.0, 0.0, 0.0, 0.0, 0.0, 0.0, 0.0, 0.0, 0.0, 0.0, 0.0, 0.3977266756, 0.1022733244, 0.0, 0.0, 0.0, 0.0, 0.0, 0.0, 0.0, 0.0, 0.0, 0.0, 0.0, 0.0, 0.0, 0.0, 0.0, 0.0, 0.0, 0.0, 0.0, 0.0, 0.0, 0.0, 0.0, 0.0, 0.0, 0.0], "num_sources": 2, "seg_angles": 64, "input": [-0.7510795594, -0.6956918578, -0.6434315575, -0.3831210537, -0.1878510469, -0.1963385969, 0.2623747007, 0.6900516158, 1.5373670579, 2.4733011899, -0.8156402012, -0.8334418262, -0.8382218607, -0.705981273, -0.5549714937, -0.319155416, -0.1190437009, 0.5772229658, 1.5723141158, 2.245881042, -0.6894737078, -0.9413389782, -1.176867694, -1.0052346797, -0.7583132876, -0.513792041, -0.1747343697, 0.3894574632, 1.408807819, 2.1625563431, -0.4981275419, -0.9506808354, -1.0766522331, -1.1056716158, -1.0251512699, -0.7213506903, -0.0512771143, 0.3585989967, 1.1428607611, 2.123930214, -0.6882054004, -0.8776524745, -1.005545103, -1.1556734484, -1.0542190324, -0.7704368365, -0.3970027034, 0.4416318061, 1.2274275056, 1.7833773827, -0.7019356963, -0.8743461228, -1.1044316429, -1.2669722646, -1.113380544, -0.8155277095, -0.4162335149, 0.2602438411, 1.0708403992, 1.8963290042, -0.5258356509, -0.8488824829, -1.0870548079, -1.0768720218, -1.0249214233, -0.850386018, -0.3788022733, 0.412680669, 0.9546725269, 2.0729426641, -0.3775788786, -0.5409493698, -0.8677093598, -0.8987144269, -0.9642703248, -0.8894243774, -0.5381179452, 0.0363109478, 0.8017800959, 1.9265956655, 0.0042789247, -0.0032430713, -0.240378347, -0.4360557215, -0.5543070263, -0.3854143964, -0.3381047463, 0.0446262847, 0.9153246459, 1.7374560752, 1.3042282741, 1.2499946877, 1.1376050938, 0.8605800704, 0.812097116, 0.9385127393, 0.8704725886, 0.7313911176, 1.0134002353, 1.3516960191]}