{"source": [{"position": [130.2217976648307, 448.4766252692998], "counts": 500000.0}, {"position": [30.205023329902364, 137.72674600686702], "counts": 500000.0}], "output": [0.0, 0.0, 0.0, 0.0, 0.0, 0.0, 0.0, 0.0, 0.0, 0.0, 0.0, 0.0, 0.0, 0.0, 0.0, 0.0, 0.0, 0.0, 0.0, 0.0, 0.0, 0.0, 0.0, 0.0, 0.0, 0.0, 0.0, 0.0, 0.0, 0.0, 0.0, 0.0, 0.0, 0.0, 0.0, 0.0, 0.0, 0.0, 0.0, 0.0, 0.0, 0.0, 0.0, 0.0, 0.0, 0.5387738426, 0.4612261574, 0.0, 0.0, 0.0, 0.0, 0.0, 0.0, 0.0, 0.0, 0.0, 0.0, 0.0, 0.0, 0.0, 0.0, 0.0, 0.0, 0.0], "num_sources": 2, "seg_angles": 64, "input": [-1.1383569432, -1.1103250013, -1.0775690246, -1.0834997877, -1.0399214418, -1.056309933, -1.0590052944, -0.9575595083, -0.871098588, -0.0512342479, -1.0784421342, -1.0308898543, -1.0258518464, -1.0055291172, -0.9681663316, -1.0079489472, -0.9804065753, -0.9597393938, -0.8038084804, 0.0473619395, -0.9971173825, -0.9080890277, -0.9600326449, -0.8921863442, -0.9083715926, -0.8589031434, -0.8757878885, -0.8041848344, -0.7042487121, 0.1087294888, -0.8791569678, -0.8163415373, -0.8629944467, -0.7424283108, -0.756723298, -0.8179053018, -0.7961032794, -0.7530913246, -0.5977478996, 0.1813143989, -0.7236758453, -0.6431638952, -0.5753895849, -0.6124285253, -0.4899208915, -0.5989473574, -0.5102342938, -0.556313316, -0.4797086458, 0.3096616398, -0.5478669231, -0.3908855514, -0.3655216328, -0.2664095662, -0.1791664238, -0.2425505314, -0.3584429347, -0.253660547, -0.3411824808, 0.338138469, -0.2576200585, -0.0230762483, 0.0430296238, 0.0712458393, 0.1189378616, 0.0925913689, 0.0863099764, 0.0595035197, 0.0386838178, 0.407345508, 0.2137735411, 0.5362543741, 0.4090346493, 0.7187689308, 0.7876128347, 0.5744558327, 0.7684770528, 0.5393340017, 0.6421951036, 0.7397196541, 0.8379229551, 1.4435173894, 1.4197646247, 1.4692153403, 1.4088642083, 1.5555979058, 1.4577014206, 1.3290783278, 1.4915587865, 1.0540528731, 1.820200341, 2.0506799037, 2.163624287, 2.3240148216, 2.0706984641, 2.0913829201, 2.0711401829, 2.227571744, 1.8935561276, 1.64061959]}