{"source": [{"position": [-276.8435439448167, -205.87047426980484], "counts": 500000.0}, {"position": [-60.051850562846106, -471.18868327239943], "counts": 500000.0}], "output": [0.0, 0.0, 0.0, 0.0, 0.0, 0.0, 0.2434867858, 0.2565132142, 0.0, 0.0, 0.0, 0.0, 0.0, 0.0, 0.1456046407, 0.3543953593, 0.0, 0.0, 0.0, 0.0, 0.0, 0.0, 0.0, 0.0, 0.0, 0.0, 0.0, 0.0, 0.0, 0.0, 0.0, 0.0, 0.0, 0.0, 0.0, 0.0, 0.0, 0.0, 0.0, 0.0, 0.0, 0.0, 0.0, 0.0, 0.0, 0.0, 0.0, 0.0, 0.0, 0.0, 0.0, 0.0, 0.0, 0.0, 0.0, 0.0, 0.0, 0.0, 0.0, 0.0, 0.0, 0.0, 0.0, 0.0], "num_sources": 2, "seg_angles": 64, "input": [1.7690540687, 1.949108183, 1.914357056, 1.697466815, 2.0201256674, 1.6805151797, 2.0724392409, 1.920710075, 2.2131448445, 1.5653042281, 1.7363261997, 1.1937684531, 1.1509346649, 1.0113050285, 1.2602048152, 0.7330945767, 0.9357907712, 0.7144860469, 0.8558682641, 0.6586803983, 1.6376138171, 0.9889936566, 0.2175679039, 0.0812699296, 0.0224151458, 0.1009287804, 0.196241395, 0.1261342168, 0.0236277445, -0.1752558602, 1.3929439889, 0.6675045741, 0.1897743867, -0.0999279784, -0.3862568727, -0.4415930696, -0.4744041202, -0.4719619426, -0.4999031186, -0.529782724, 1.145551184, 0.55517233, -0.0979503992, -0.2387802228, -0.4690818315, -0.5175947864, -0.5964534966, -0.6871123889, -0.7537990515, -0.870365293, 1.1319710868, 0.3048981783, -0.1899526797, -0.3517058915, -0.5263735382, -0.6585832466, -0.814572035, -0.9221741903, -0.919346928, -1.1335555712, 1.2239660264, 0.3810898272, -0.1567577075, -0.4298165572, -0.7411367146, -0.7250322435, -0.9211845418, -0.999153353, -1.1236438475, -1.1935446704, 1.0016572374, 0.2387097662, -0.1575659181, -0.4627966275, -0.8260451096, -0.9396452442, -1.0396455356, -1.1641070234, -1.2294393056, -1.2032549589, 0.9394313526, 0.0205599372, -0.2239166271, -0.7962051448, -0.8057746268, -1.0597134205, -1.1454618742, -1.1917757841, -1.2228970827, -1.2101387319, 0.749013119, -0.0519760052, -0.4082132307, -0.9210831811, -1.0798866473, -1.1502275336, -1.1811696486, -1.2070263234, -1.298503193, -1.2964945112]}