{"source": [{"position": [315.8522292515705, 9.66277790355225], "counts": 500000.0}, {"position": [-82.6524718492478, -283.18469043578136], "counts": 500000.0}], "output": [0.0, 0.0, 0.0, 0.0, 0.0, 0.0, 0.0, 0.0, 0.0, 0.0, 0.0, 0.0, 0.0, 0.4462951884, 0.0537048116, 0.0, 0.0, 0.0, 0.0, 0.0, 0.0, 0.0, 0.0, 0.0, 0.0, 0.0, 0.0, 0.0, 0.0, 0.0, 0.0, 0.0, 0.3442411513, 0.1557588487, 0.0, 0.0, 0.0, 0.0, 0.0, 0.0, 0.0, 0.0, 0.0, 0.0, 0.0, 0.0, 0.0, 0.0, 0.0, 0.0, 0.0, 0.0, 0.0, 0.0, 0.0, 0.0, 0.0, 0.0, 0.0, 0.0, 0.0, 0.0, 0.0, 0.0], "num_sources": 2, "seg_angles": 64, "input": [0.7246051623, 1.077353451, 0.9459168414, 1.1306408434, 1.2951258344, 1.2414659968, 1.6491706339, 1.9099784876, 2.5060312303, 2.7662577978, 0.2627935061, 0.4553476474, 0.4534006635, 0.6271013415, 0.7452885071, 0.8455643198, 0.9646745843, 1.6449676734, 1.9675149484, 1.9925401316, -0.1286433601, -0.212075504, -0.1669564097, 0.1130557945, 0.2263464035, 0.5196022657, 0.4348569952, 0.9514808466, 1.6050334309, 1.6496492185, -0.1849941085, -0.7053368564, -0.5958634803, -0.4917090809, -0.1553934849, 0.0593714851, 0.194284506, 0.6032002966, 1.232103168, 1.4586258593, -0.2711251332, -1.024921654, -0.9076615311, -0.8348596899, -0.832112506, -0.2709722943, -0.4077327904, 0.2571330805, 0.584081989, 1.2463968621, -0.2893578438, -1.2886360117, -0.9834394906, -0.8376422825, -0.8122610064, -0.6181152786, -0.2857347456, 0.3614710943, 0.6843156721, 0.9880459463, -0.1888268231, -0.9686394144, -1.1295853438, -1.0733614478, -1.0394627428, -0.7582669358, -0.5492807211, -0.1281337439, 0.5089230857, 0.922429288, -0.3139775706, -1.1720763846, -1.2755585521, -1.1942639508, -1.0774504718, -0.91430782, -0.7558431756, -0.2239214519, 0.3296116657, 0.8378052692, -0.4594496917, -1.1793407516, -1.3408024845, -1.2603596742, -1.2146183016, -1.0091620403, -0.7252431828, -0.3712172691, -0.0261099217, 0.7016793645, -0.5533676056, -1.3305235325, -1.5432770889, -1.512320041, -1.3973795787, -1.2216193074, -1.1759341673, -0.6806142129, -0.0651218209, 0.459718576]}