{"source": [{"position": [238.10875833587892, -198.50496014897462], "counts": 500000.0}, {"position": [-57.084265975840395, -43.87922718097382], "counts": 500000.0}], "output": [0.0, 0.0, 0.0, 0.0, 0.0, 0.0, 0.1623495265, 0.3376504735, 0.0, 0.0, 0.0, 0.0, 0.0, 0.0, 0.0, 0.0, 0.0, 0.0, 0.0, 0.0, 0.0, 0.0, 0.0, 0.0, 0.0392952245, 0.4607047755, 0.0, 0.0, 0.0, 0.0, 0.0, 0.0, 0.0, 0.0, 0.0, 0.0, 0.0, 0.0, 0.0, 0.0, 0.0, 0.0, 0.0, 0.0, 0.0, 0.0, 0.0, 0.0, 0.0, 0.0, 0.0, 0.0, 0.0, 0.0, 0.0, 0.0, 0.0, 0.0, 0.0, 0.0, 0.0, 0.0, 0.0, 0.0], "num_sources": 2, "seg_angles": 64, "input": [1.9610367857, 1.9315068368, 1.8384415209, 1.8126789354, 1.6989604769, 1.9082394115, 1.816869276, 1.7200537278, 1.6759550767, 1.5586700127, 1.9457108177, 1.174939929, 0.675823726, 0.5711344142, 0.5411600938, 0.6014632256, 0.5521865733, 0.5336649187, 0.6027312318, 0.4461625144, 1.8124572438, 1.0142638533, 0.266084364, -0.0711405108, -0.2596236975, -0.2261683953, -0.358238564, -0.2522855843, -0.1402553962, -0.277182338, 1.8447390075, 0.8026344649, 0.1304786874, -0.3702554564, -0.5344345005, -0.719633971, -0.7428237388, -0.635221426, -0.5381579428, -0.4254280933, 1.6408337315, 0.6680998585, 0.0286109058, -0.4519684155, -0.7276645189, -0.8910791117, -0.9000027406, -0.8190185243, -0.7088259362, -0.5906033718, 1.5154959216, 0.60901634, -0.109049935, -0.5519384512, -0.80776685, -0.9874737171, -1.0077759945, -0.9748638828, -0.8462895811, -0.6894706646, 1.576543068, 0.6564246784, -0.0840190248, -0.5102379175, -0.8365448066, -0.9757387974, -1.0779830268, -1.0569562469, -0.9073466031, -0.7912227326, 1.5314840776, 0.6476350986, -0.0008993573, -0.5620590443, -0.8643845909, -0.9964791929, -1.0490803775, -1.043326907, -0.9377722879, -0.8152836329, 1.2707915813, 0.4604388535, -0.1942818807, -0.6131383727, -0.8406948166, -1.0464644171, -1.1531952168, -1.0309347604, -0.935957264, -0.7925892742, 1.0862160531, 0.2255866201, -0.4652551395, -0.7856132296, -1.0054151576, -1.1461717365, -1.1258221146, -1.1694231817, -1.110344824, -0.8159466713]}