{"source": [{"position": [171.16658489592416, 271.5566243255104], "counts": 500000.0}, {"position": [-28.59874202207832, -21.865771304818225], "counts": 500000.0}], "output": [0.0, 0.0, 0.0, 0.0, 0.0, 0.0, 0.1755126243, 0.3244873757, 0.0, 0.0, 0.0, 0.0, 0.0, 0.0, 0.0, 0.0, 0.0, 0.0, 0.0, 0.0, 0.0, 0.0, 0.0, 0.0, 0.0, 0.0, 0.0, 0.0, 0.0, 0.0, 0.0, 0.0, 0.0, 0.0, 0.0, 0.0, 0.0, 0.0, 0.0, 0.0, 0.0, 0.0, 0.3643468536, 0.1356531464, 0.0, 0.0, 0.0, 0.0, 0.0, 0.0, 0.0, 0.0, 0.0, 0.0, 0.0, 0.0, 0.0, 0.0, 0.0, 0.0, 0.0, 0.0, 0.0, 0.0], "num_sources": 2, "seg_angles": 64, "input": [1.9361421257, 1.7483477435, 1.7203219039, 1.5244526179, 1.4592064575, 1.3660329261, 1.3038320087, 1.230677919, 1.221483332, 0.9624696556, 2.1385716666, 1.0932398972, 0.6293925255, 0.4389167358, 0.349704975, 0.2912245442, 0.1477424712, 0.1413624357, 0.1288688409, -0.0540054478, 2.2147848055, 1.0913561472, 0.2772435632, -0.2263858998, -0.381385232, -0.3829028739, -0.460172034, -0.519998672, -0.4840322663, -0.462333889, 2.0108482024, 0.9653050274, 0.3138482888, -0.2770206044, -0.6133751313, -0.7352315558, -0.7985895335, -0.8447643283, -0.7274237609, -0.7737293588, 1.933874909, 1.0103293028, 0.1843130582, -0.3322643524, -0.5938017274, -0.8902983314, -0.9734991419, -1.007751668, -0.9630774302, -0.9076931707, 1.943774709, 0.844754243, 0.179289419, -0.3555199502, -0.6599176143, -0.8933979267, -0.9846649871, -1.1262343983, -1.0208928953, -0.965197238, 1.7670633356, 0.909685847, 0.1651148416, -0.33668181, -0.6669084778, -0.9154690343, -1.0492123832, -1.0804990661, -1.1119530305, -1.0260529634, 1.7447732068, 0.7774559214, 0.1427541084, -0.3543060817, -0.6694022759, -0.8402214043, -0.9951770941, -1.0868061675, -1.0812310614, -1.0188189051, 1.751907094, 0.7586922765, 0.1005601394, -0.3322308665, -0.6221728824, -0.8138776988, -0.9270098996, -0.9664822289, -1.0134131353, -1.0237657103, 1.5448359413, 0.581629918, 0.1007358693, -0.3949476317, -0.6509783735, -0.8416753861, -0.9044690159, -0.9694343901, -0.9781569476, -1.0600056156]}