{"source": [{"position": [59.7068702009386, -82.69878869009068], "counts": 500000.0}, {"position": [128.1027289111523, -31.838511986520786], "counts": 500000.0}], "output": [0.0, 0.0, 0.0, 0.0, 0.0, 0.0, 0.0, 0.0, 0.0, 0.0, 0.0, 0.0, 0.0, 0.0, 0.0, 0.0, 0.0, 0.0, 0.0, 0.0, 0.0, 0.0, 0.3152417337, 0.1847582663, 0.0, 0.0, 0.0, 0.0, 0.0, 0.24066011, 0.25933989, 0.0, 0.0, 0.0, 0.0, 0.0, 0.0, 0.0, 0.0, 0.0, 0.0, 0.0, 0.0, 0.0, 0.0, 0.0, 0.0, 0.0, 0.0, 0.0, 0.0, 0.0, 0.0, 0.0, 0.0, 0.0, 0.0, 0.0, 0.0, 0.0, 0.0, 0.0, 0.0, 0.0], "num_sources": 2, "seg_angles": 64, "input": [0.8955582251, 1.1136734924, 1.4628945606, 1.3516423482, 1.3336877988, 1.3487024452, 1.5095901505, 1.5102512285, 1.6197008507, 1.908633221, -0.0592377295, 0.1240215062, 0.2926878537, 0.3182708467, 0.4545682288, 0.5405502742, 0.7146217089, 1.0346474985, 1.2684997521, 1.8863794633, -0.5955493115, -0.3789164685, -0.2883483846, -0.2019941654, -0.1069672572, 0.0054581648, 0.2035910888, 0.4682144741, 0.9216389321, 1.9453558016, -0.7922082668, -0.6991549919, -0.5940325213, -0.5370773626, -0.4548894125, -0.3099049583, -0.086759254, 0.2298204945, 1.0016628825, 1.9515644652, -1.0303872345, -0.8664442806, -0.8759112679, -0.723819262, -0.6728297129, -0.5288289262, -0.2705455434, 0.1454991253, 0.8982353947, 1.971086391, -1.1141349494, -1.0312189122, -0.9629755478, -0.855322091, -0.8044796788, -0.6236036733, -0.4095899319, 0.0873199929, 0.9086064878, 1.7959601568, -1.1689053515, -1.0975135986, -1.0692304963, -0.9595900877, -0.8149295039, -0.7205359196, -0.3668360196, 0.1248028721, 0.9498774234, 1.873322934, -1.210496659, -1.1592407817, -1.0735261851, -1.0389129335, -0.9067202302, -0.6817440233, -0.4126190421, 0.1087098663, 0.7761540265, 1.8963145486, -1.2505302476, -1.1969760891, -1.1246788026, -1.0746490987, -1.013578721, -0.759365735, -0.4378021627, -0.0174167741, 0.7706343481, 1.699732148, -1.2523053178, -1.2706834739, -1.2050352553, -1.1240680345, -1.0407090208, -0.941275222, -0.6122107555, -0.2495259139, 0.4897294628, 1.2148696171]}