{"source": [{"position": [-319.8464694045369, -359.2481538010358], "counts": 500000.0}, {"position": [-398.81416151632874, -233.21934862705464], "counts": 500000.0}], "output": [0.0, 0.0, 0.0, 0.0, 0.0, 0.305037508, 0.194962492, 0.0, 0.2048328815, 0.2951671185, 0.0, 0.0, 0.0, 0.0, 0.0, 0.0, 0.0, 0.0, 0.0, 0.0, 0.0, 0.0, 0.0, 0.0, 0.0, 0.0, 0.0, 0.0, 0.0, 0.0, 0.0, 0.0, 0.0, 0.0, 0.0, 0.0, 0.0, 0.0, 0.0, 0.0, 0.0, 0.0, 0.0, 0.0, 0.0, 0.0, 0.0, 0.0, 0.0, 0.0, 0.0, 0.0, 0.0, 0.0, 0.0, 0.0, 0.0, 0.0, 0.0, 0.0, 0.0, 0.0, 0.0, 0.0], "num_sources": 2, "seg_angles": 64, "input": [1.4955591216, 1.3836864826, 1.5310448091, 1.6882260251, 1.1870207701, 1.5563443346, 1.8122429869, 1.5835825425, 1.4539061712, 1.1712251575, 2.0574506016, 0.8685035735, 0.6725444589, 0.5976017081, 0.6341628594, 0.5749494283, 0.4289815617, 0.4539761676, 0.6020248253, 0.2178146873, 1.8865089738, 0.83219723, 0.2899100655, 0.0687015635, -0.1512146727, -0.2648284829, -0.304020178, -0.1514226556, -0.1125742361, -0.4102307713, 1.8059628903, 0.7443168901, 0.0910711857, -0.2623214516, -0.3492966013, -0.6644317068, -0.5842088632, -0.5829013973, -0.7307173576, -0.7092921532, 1.9011345854, 1.1180888052, 0.2796037927, -0.4001769024, -0.5986402081, -0.7493263568, -0.8604888339, -0.875933274, -0.9049460927, -0.9936183155, 1.8584364287, 0.9986665051, 0.1498610336, -0.280418204, -0.542364534, -0.790372607, -0.9258479983, -1.1053230016, -1.0438512307, -1.1276347254, 1.6941886256, 0.8074492588, 0.1275678972, -0.4911941418, -0.74769006, -0.8562514553, -1.0532376594, -1.0193457566, -1.1432310886, -1.1829797244, 1.9324843179, 0.8313748132, 0.112559095, -0.4305880634, -0.7101546869, -0.8359771936, -0.943326964, -1.1410398769, -1.2044519226, -1.2277277355, 1.5471342686, 0.5088075449, 0.092958403, -0.3391269573, -0.8077379628, -0.9330154396, -1.0778687231, -1.0922733199, -1.1272365997, -1.2361058915, 1.352964491, 0.3713464677, -0.1472187168, -0.5765155371, -0.7840456897, -0.9596019723, -1.0961519552, -1.2462765004, -1.2103968591, -1.2769721403]}