{"source": [{"position": [176.85630619647554, 398.51956910362435], "counts": 500000.0}, {"position": [-170.44353333841156, -148.40822734308836], "counts": 500000.0}], "output": [0.0, 0.0, 0.0, 0.0, 0.0, 0.0, 0.0, 0.3514070031, 0.1485929969, 0.0, 0.0, 0.0, 0.0, 0.0, 0.0, 0.0, 0.0, 0.0, 0.0, 0.0, 0.0, 0.0, 0.0, 0.0, 0.0, 0.0, 0.0, 0.0, 0.0, 0.0, 0.0, 0.0, 0.0, 0.0, 0.0, 0.0, 0.0, 0.0, 0.0, 0.0, 0.0, 0.0, 0.0, 0.1271863117, 0.3728136883, 0.0, 0.0, 0.0, 0.0, 0.0, 0.0, 0.0, 0.0, 0.0, 0.0, 0.0, 0.0, 0.0, 0.0, 0.0, 0.0, 0.0, 0.0, 0.0], "num_sources": 2, "seg_angles": 64, "input": [1.2051532071, 1.6768481813, 1.4390422768, 0.9944614078, 1.1872157283, 1.3007155428, 1.1944319933, 1.3487709143, 1.505471325, 1.8818480373, 1.3714062964, 0.5715342039, 0.139871816, 0.1234404189, 0.1291573686, 0.1321541285, -0.0481850733, 0.0060883642, 0.3298012991, 1.0304983241, 1.0731932776, 0.176932803, -0.3902852533, -0.5771482236, -0.639029606, -0.698988543, -0.6441406298, -0.7538602768, -0.4132391662, -0.1367306667, 1.5020557185, 0.4750351781, -0.2938268849, -0.8817431423, -0.9684713225, -1.1144308809, -1.0774564727, -1.0207139793, -0.8776737804, -0.1858987566, 1.4894524409, 0.697596644, -0.3000217181, -0.5452804546, -1.1702816153, -1.146836556, -1.4694979147, -1.3985308732, -1.0270538673, -0.6899182062, 1.3139129253, 0.7698169422, -0.2999908011, -0.8768407881, -1.1485890725, -0.9861398801, -1.5226241386, -1.2074019877, -1.2017313019, -0.738808202, 1.615101104, 1.1176579468, 0.0345556122, -0.3948596081, -0.7749545654, -0.9629050222, -1.338265242, -1.2342101441, -1.2490532178, -0.5583884414, 1.819403942, 1.1179478824, 0.2167806353, -0.0176679394, -0.5845579059, -0.5980676383, -1.0337217162, -0.9764839056, -1.0308411801, -0.6382688095, 2.4559747083, 1.7923470098, 0.6766116128, 0.261781635, 0.0089856226, -0.2257679187, -0.432816987, -0.5508347408, -0.7088105059, -0.6175674377, 2.6982399489, 1.6781531578, 0.8023861417, 0.3845493119, 0.0685982718, 0.0082934348, -0.3472369999, -0.3232944532, -0.3921750931, -0.3811552335]}