{"source": [{"position": [173.2795774148264, 15.817333875820555], "counts": 500000.0}, {"position": [-118.8433735765963, -224.48218761615266], "counts": 500000.0}], "output": [0.0, 0.0, 0.0, 0.0, 0.0, 0.0, 0.0, 0.0, 0.0, 0.0, 0.0, 0.4797549881, 0.0202450119, 0.0, 0.0, 0.0, 0.0, 0.0, 0.0, 0.0, 0.0, 0.0, 0.0, 0.0, 0.0, 0.0, 0.0, 0.0, 0.0, 0.0, 0.0, 0.0, 0.036388605, 0.463611395, 0.0, 0.0, 0.0, 0.0, 0.0, 0.0, 0.0, 0.0, 0.0, 0.0, 0.0, 0.0, 0.0, 0.0, 0.0, 0.0, 0.0, 0.0, 0.0, 0.0, 0.0, 0.0, 0.0, 0.0, 0.0, 0.0, 0.0, 0.0, 0.0, 0.0], "num_sources": 2, "seg_angles": 64, "input": [0.0465966421, 0.2992525599, 0.5022658796, 0.5315504991, 0.6798949702, 0.9644029021, 1.3542925575, 1.8184182174, 2.2774737611, 2.4792908201, -0.0454611018, -0.1651445612, 0.0246457862, 0.0501736223, 0.2918998897, 0.323966299, 1.1413218898, 1.3051413585, 2.0201008812, 2.3959563703, -0.2193186434, -0.7408037369, -0.6398824022, -0.3803718148, -0.226532226, 0.1919014366, 0.5218801717, 0.9466036804, 1.484066142, 2.3204182816, -0.0794982907, -0.8391932473, -0.8869104413, -0.7275226063, -0.4997304541, -0.2709187167, 0.1163719269, 0.7714860181, 1.105038537, 1.9333794308, -0.137245727, -0.8544708054, -1.0314858733, -1.0063192384, -0.890247833, -0.5830530319, -0.1649833412, 0.3292473477, 0.9773851662, 1.900808425, -0.2918334861, -0.6687265343, -1.1445011885, -1.0783458863, -0.8906169122, -0.6110353919, -0.4184577293, 0.0110935713, 1.0155897792, 1.5442275633, -0.339883765, -0.9309066717, -1.1582274994, -1.1257971343, -1.1065990598, -0.9679849317, -0.3547538459, 0.15035659, 0.7014211389, 1.5015099791, -0.1697664738, -1.0430197895, -1.2480178905, -1.2305309545, -1.0794642655, -1.0419921954, -0.4202763384, -0.0282835739, 0.5938688009, 1.45884501, -0.4067296811, -0.9009254591, -1.2816740069, -1.337180841, -1.301702236, -0.7777591201, -0.6197020624, -0.2439196066, 0.4492437408, 1.4181881253, -0.0598526195, -0.6808913768, -0.9995808226, -1.2600870958, -1.1791233371, -0.9349411201, -0.7827754019, -0.4771575748, 0.1171792945, 0.9153629095]}