{"source": [{"position": [-467.4329659850438, 84.44774899560626], "counts": 500000.0}, {"position": [145.46067944220957, -253.19002890360974], "counts": 500000.0}], "output": [0.0, 0.0, 0.0, 0.0, 0.0, 0.0, 0.0, 0.0, 0.0, 0.0, 0.0, 0.0, 0.0, 0.0, 0.0, 0.0, 0.0, 0.0, 0.0, 0.0, 0.0, 0.3441885076, 0.1558114924, 0.0, 0.0, 0.0, 0.0, 0.0, 0.0, 0.0, 0.0, 0.0, 0.0, 0.0, 0.0, 0.0, 0.0, 0.0, 0.0, 0.0, 0.0, 0.0, 0.0, 0.0, 0.0, 0.0, 0.0, 0.0, 0.0, 0.0, 0.0, 0.0, 0.0, 0.0, 0.0, 0.0, 0.0, 0.0, 0.0, 0.0, 0.0, 0.0, 0.4102891891, 0.0897108109], "num_sources": 2, "seg_angles": 64, "input": [2.7533734095, 2.3386865527, 2.1987147215, 2.0250643862, 1.6317884499, 1.5723304697, 1.3114466965, 1.3944439825, 1.0754980589, 0.9414662264, 2.2263757731, 1.9638063915, 1.5423291435, 1.4348805895, 0.6539382213, 0.8036473355, 0.5632577704, 0.6606537551, 0.2996537662, 0.8228779281, 1.2031532608, 1.4296609212, 0.4387831239, 0.5880600958, 0.2331576316, -0.1582943096, -0.2065693305, -0.0085007254, -0.2939857653, 1.0304299116, 1.0458713374, 0.8563320401, 0.3503389408, -0.0695806091, -0.2662955412, -0.3941872059, -0.6638308505, -0.6987273193, -0.3012554083, 0.9093722914, 0.2779677386, 0.2482778322, -0.2480412056, -0.191601325, -0.694964505, -0.9437807405, -0.9797595089, -0.8922293569, -0.5732412334, 0.5480704747, 0.0763989983, 0.1674422375, -0.4870083194, -0.5923552089, -1.0498409369, -1.1304463989, -1.2256599671, -0.9259991883, -0.3241260222, 0.6290468812, 0.2602129957, -0.2275575379, -0.5367526017, -1.053370188, -1.0103482253, -1.3116491366, -1.1219184304, -1.0487923911, -0.3852732256, 0.3204559006, 0.4013480893, -0.0010077555, -0.6146199038, -0.9553320298, -1.215054697, -1.4361940258, -1.2957756331, -1.0431834409, -0.5985235678, 0.629731186, 0.1926619121, -0.506683535, -0.6243731663, -1.0466373935, -1.2914878293, -1.5253765081, -1.3886830816, -1.1061151426, -0.250281287, 0.6749185659, -0.2166101858, -0.6147850969, -0.6541993655, -1.0634456846, -1.1863941738, -1.1277471276, -0.8589176672, -0.9197612406, -0.1859099605, 1.0171162231]}