{"source": [{"position": [-354.28425852103885, 51.44574000048678], "counts": 500000.0}, {"position": [-90.4414779374146, 152.14906857584157], "counts": 500000.0}], "output": [0.0, 0.0, 0.0, 0.0, 0.0, 0.0, 0.0, 0.0, 0.0, 0.0, 0.0, 0.0, 0.0, 0.0, 0.0, 0.0, 0.0, 0.0, 0.0, 0.0, 0.0, 0.0, 0.0, 0.0, 0.0, 0.0, 0.0, 0.0, 0.0, 0.0, 0.0, 0.0, 0.0, 0.0, 0.0, 0.0, 0.0, 0.0, 0.0, 0.0, 0.0, 0.0, 0.0, 0.0, 0.0, 0.0, 0.0, 0.0, 0.0, 0.0, 0.0, 0.0, 0.0, 0.2685882027, 0.2314117973, 0.0, 0.0, 0.0, 0.0, 0.0, 0.0, 0.0, 0.2344169491, 0.2655830509], "num_sources": 2, "seg_angles": 64, "input": [1.3030121772, 0.2747744966, -0.3992174274, -0.7991377478, -0.9803060058, -1.074857942, -1.2115547486, -1.2243696998, -1.2838292649, -1.3134528089, 1.6644880356, 0.6006490857, -0.2375182236, -0.6607478448, -0.8709921932, -0.9672917495, -1.0796901486, -1.1991878609, -1.196962997, -1.2826092464, 1.7140516099, 0.8036737259, -0.2280395055, -0.5412946498, -0.7853994103, -0.9159216513, -1.110882964, -1.0889118833, -1.1901352125, -1.248902192, 1.6917968116, 0.7389671655, -0.0292247757, -0.5629378422, -0.7989909414, -0.92566978, -1.0640577489, -1.0412874508, -1.1293355812, -1.2078089031, 1.7051899545, 0.8287734828, 0.1036705334, -0.4562393229, -0.6467719208, -0.8172105588, -0.9192477675, -0.9266917538, -1.0684427015, -1.0877003589, 1.8530002886, 0.8614208774, 0.0900023024, -0.1698503288, -0.4717755214, -0.644724939, -0.7261989147, -0.7726675676, -0.7193116343, -0.8417761913, 1.8022188917, 0.9723714265, 0.3842648852, -0.0787120204, -0.2195636215, -0.304682406, -0.4192147385, -0.6234606973, -0.6507900408, -0.7127299721, 1.7906488835, 0.769873162, 0.5144448557, 0.3372426615, 0.197125583, 0.2068600703, -0.0033214787, -0.0312170864, -0.2747651429, -0.4798910907, 1.8121811004, 1.2512878492, 1.024624249, 0.8570454226, 0.7546778629, 0.7201532927, 0.4986458176, 0.5035619509, 0.3496751367, 0.0718614703, 1.8855699725, 1.6218034818, 1.6057819371, 1.4084068988, 1.4117786088, 1.3835723835, 1.3869555436, 1.4771388925, 1.5079840407, 0.9762572995]}