{"source": [{"position": [-379.5029456755401, -170.39223639470197], "counts": 500000.0}, {"position": [-120.70748465332166, -58.186795311892816], "counts": 500000.0}], "output": [0.0, 0.0, 0.0, 0.0, 0.5630399986, 0.4369600014, 0.0, 0.0, 0.0, 0.0, 0.0, 0.0, 0.0, 0.0, 0.0, 0.0, 0.0, 0.0, 0.0, 0.0, 0.0, 0.0, 0.0, 0.0, 0.0, 0.0, 0.0, 0.0, 0.0, 0.0, 0.0, 0.0, 0.0, 0.0, 0.0, 0.0, 0.0, 0.0, 0.0, 0.0, 0.0, 0.0, 0.0, 0.0, 0.0, 0.0, 0.0, 0.0, 0.0, 0.0, 0.0, 0.0, 0.0, 0.0, 0.0, 0.0, 0.0, 0.0, 0.0, 0.0, 0.0, 0.0, 0.0, 0.0], "num_sources": 2, "seg_angles": 64, "input": [1.7425931384, 1.3475236493, 1.2259643267, 1.3769578397, 1.0901621412, 1.017128293, 1.0986989273, 1.0899038883, 0.7900903507, 0.8696925841, 1.9181752693, 1.254854272, 0.5690951392, 0.1053003783, -0.0146569493, -0.0869885924, 0.0776572541, -0.1873443061, -0.2146554665, -0.2482831163, 2.0261910628, 1.2952345428, 0.4587962303, -0.1238664227, -0.391020594, -0.6217301885, -0.565756278, -0.5609669093, -0.7035279369, -0.7961535314, 2.0037301235, 1.3291168275, 0.3933169086, -0.081656002, -0.4917556249, -0.6552746069, -0.8412145076, -0.873630523, -0.9842080964, -1.0405903145, 1.9802036042, 1.256103613, 0.5623036072, -0.1093262753, -0.4684701865, -0.6927170752, -0.8668081878, -0.9365259996, -1.0288540175, -1.0955431962, 1.9016131812, 1.2600270634, 0.3534673784, -0.1445464268, -0.4621597311, -0.6675530314, -0.8573632914, -1.0116133091, -1.0951771171, -1.1771957, 1.8527000992, 1.3373257548, 0.529859161, -0.0614331133, -0.484340605, -0.736154353, -0.8720212368, -0.9491053452, -1.1133224315, -1.1866963779, 1.8342800088, 1.1373164773, 0.3146891176, 0.010830698, -0.4924987497, -0.7373575463, -0.9233761429, -1.0172010452, -1.0846663552, -1.1864975417, 1.794218725, 1.1477463294, 0.3940185274, -0.2037270665, -0.5256445555, -0.7835027449, -1.0034895425, -1.049022096, -1.1437480134, -1.1618945501, 1.6911923336, 0.7542489709, 0.0145005365, -0.4289894932, -0.6221135366, -0.8441577662, -1.0120445578, -1.1205169801, -1.1469775118, -1.2191955638]}