{"source": [{"position": [220.2914975734356, -447.74172923333043], "counts": 500000.0}, {"position": [-63.383978028747094, -76.04913759702544], "counts": 500000.0}], "output": [0.0, 0.0, 0.0, 0.0, 0.0, 0.0, 0.0, 0.0, 0.0386562033, 0.4613437967, 0.0, 0.0, 0.0, 0.0, 0.0, 0.0, 0.0, 0.0, 0.0, 0.0, 0.1713377327, 0.3286622673, 0.0, 0.0, 0.0, 0.0, 0.0, 0.0, 0.0, 0.0, 0.0, 0.0, 0.0, 0.0, 0.0, 0.0, 0.0, 0.0, 0.0, 0.0, 0.0, 0.0, 0.0, 0.0, 0.0, 0.0, 0.0, 0.0, 0.0, 0.0, 0.0, 0.0, 0.0, 0.0, 0.0, 0.0, 0.0, 0.0, 0.0, 0.0, 0.0, 0.0, 0.0, 0.0], "num_sources": 2, "seg_angles": 64, "input": [1.8636675491, 1.9526554749, 1.812818837, 2.1566561669, 2.08386007, 1.9414951141, 1.7989789385, 1.8278749963, 1.9555136983, 1.5532549374, 1.7682890756, 1.1935439303, 0.9310302203, 0.9589848365, 1.0736073026, 1.0776600794, 0.8085928577, 0.8168861558, 0.9326995978, 0.6936952528, 1.5150844918, 0.6910434731, 0.2476679235, 0.1615957109, 0.227527601, 0.1533027756, 0.2277197442, 0.2253357358, 0.1194619029, -0.0068021055, 1.4044394987, 0.4582283341, -0.0336808461, -0.2725582429, -0.3573754444, -0.2830928899, -0.3224186805, -0.3684880271, -0.3342902374, -0.2596808705, 1.2987845113, 0.360988765, -0.1249061871, -0.5641175864, -0.6223763337, -0.6396999627, -0.6249852723, -0.6783415484, -0.6651413044, -0.5610170112, 1.0906058775, 0.4706788728, -0.2121178339, -0.6713235092, -0.8512958648, -0.9037467751, -0.8595859596, -0.9091863351, -0.9147476342, -0.7406024486, 1.3157407896, 0.4553342908, -0.4132241501, -0.6919019771, -0.9540811525, -1.0405338622, -1.0996559319, -1.0593471859, -0.9546443408, -0.7534891319, 1.0977751942, 0.1655633971, -0.3690368983, -0.6936238357, -1.0378878995, -1.0573290039, -1.1320181331, -1.1155907633, -1.0023859261, -0.8513098542, 1.2145853343, 0.2624896645, -0.4359541994, -0.8169381681, -0.9520892242, -1.1512311507, -1.1799485637, -1.1724408259, -1.1114239265, -0.8804055665, 0.7487142606, -0.0763344694, -0.6195172967, -0.9098154937, -1.0739961097, -1.199655437, -1.2226666588, -1.1746164151, -1.1619634989, -0.9677972787]}