{"source": [{"position": [28.805438128824015, -18.06230146483253], "counts": 500000.0}, {"position": [269.2262934064565, 418.9525067816406], "counts": 500000.0}], "output": [0.0, 0.0, 0.0, 0.0, 0.0, 0.0, 0.0, 0.0, 0.0, 0.0, 0.0, 0.0, 0.0, 0.0, 0.0, 0.0, 0.0, 0.0, 0.0, 0.0, 0.0, 0.0, 0.0, 0.0, 0.0, 0.0, 0.3524050095, 0.1475949905, 0.0, 0.0, 0.0, 0.0, 0.0, 0.0, 0.0, 0.0, 0.0, 0.0, 0.0, 0.0, 0.0, 0.0, 0.408934896, 0.091065104, 0.0, 0.0, 0.0, 0.0, 0.0, 0.0, 0.0, 0.0, 0.0, 0.0, 0.0, 0.0, 0.0, 0.0, 0.0, 0.0, 0.0, 0.0, 0.0, 0.0], "num_sources": 2, "seg_angles": 64, "input": [0.4373262696, 0.8198533042, 0.8592449971, 0.9729633267, 1.0294043149, 1.2608153883, 1.3045814458, 1.4665948588, 1.6286568799, 2.1849470572, -0.4548146811, -0.2849560367, -0.1388379342, -0.1033462917, -0.0286006728, 0.1078086819, 0.2770016718, 0.5837338719, 1.258198423, 2.3543940221, -0.7898711739, -0.717605525, -0.6383510297, -0.6100265159, -0.5227976744, -0.3349240429, -0.1127008623, 0.4246185768, 1.2872720309, 2.2577100603, -1.0028956431, -0.9082569554, -0.8479769308, -0.7396925836, -0.6986191664, -0.5027597671, -0.091497493, 0.3991750442, 1.2586408899, 2.1264796131, -1.0836719351, -0.9932933559, -0.9533701852, -0.8705905734, -0.723481956, -0.5561226121, -0.160275853, 0.3546197148, 1.1002574084, 2.2006012428, -1.1168541664, -1.0365261243, -0.9881656195, -0.8745641584, -0.7412651139, -0.5384979123, -0.1912842117, 0.2662282928, 1.1217056757, 1.9525838485, -1.0833192299, -1.0563244264, -0.981866135, -0.886404114, -0.7456948353, -0.5687731034, -0.2642328396, 0.1832680789, 1.0721906369, 1.9891267774, -1.0953810501, -1.0263961401, -0.9547685994, -0.9125341166, -0.7854360436, -0.5265795643, -0.2336174308, 0.2468975652, 0.8956011364, 1.8791340401, -1.0606120867, -0.993955235, -0.9246251678, -0.8898721015, -0.7609719546, -0.5081111287, -0.2499723303, 0.1532538217, 0.8765613903, 1.7310822793, -1.027969368, -0.9972770641, -0.9293928525, -0.8772793091, -0.7701142034, -0.6402613422, -0.4045664384, 0.0651007695, 0.6693419682, 1.4558275927]}