{"source": [{"position": [-230.79215663519156, -315.61999371978516], "counts": 500000.0}, {"position": [-205.66941067969856, 275.7464297333068], "counts": 500000.0}], "output": [0.0, 0.0, 0.0, 0.0, 0.0, 0.0, 0.0, 0.0, 0.0, 0.2156045259, 0.2843954741, 0.0, 0.0, 0.0, 0.0, 0.0, 0.0, 0.0, 0.0, 0.0, 0.0, 0.0, 0.0, 0.0, 0.0, 0.0, 0.0, 0.0, 0.0, 0.0, 0.0, 0.0, 0.0, 0.0, 0.0, 0.0, 0.0, 0.0, 0.0, 0.0, 0.0, 0.0, 0.0, 0.0, 0.0, 0.0, 0.0, 0.0, 0.0, 0.0, 0.0, 0.0, 0.0, 0.0, 0.2361829171, 0.2638170829, 0.0, 0.0, 0.0, 0.0, 0.0, 0.0, 0.0, 0.0], "num_sources": 2, "seg_angles": 64, "input": [2.0084892393, 1.3869344387, 1.0129396013, 0.3580930265, 0.5409176471, 0.3723194475, 0.8063618949, 0.476633965, 0.1198554891, -0.1266230676, 2.3807644108, 1.1465824209, 0.6345963001, -0.016991915, -0.0400341471, -0.1252810511, -0.3115048612, -0.0727238693, -0.5479408452, -0.6906876674, 1.969423119, 0.9818340547, 0.0021229224, -0.4119406103, -0.3632140503, -0.6719003554, -0.8382893678, -0.6202131892, -0.7672511328, -0.9746157103, 2.3721385829, 0.8891748668, -0.2461858297, -0.5698233634, -0.7051787266, -0.8784007275, -0.9594349562, -0.977183509, -1.1892821271, -1.2622411726, 2.1504826279, 0.6966642975, -0.4062455002, -0.8398139996, -1.047081311, -1.0431958689, -1.0797101065, -0.9964800005, -1.1911181232, -1.2626679044, 2.2275276823, 0.6174813954, -0.3445015942, -0.8943462712, -1.1521941423, -1.1550890669, -1.0540408739, -1.0313684551, -1.2292738512, -1.3169020428, 1.9611009641, 0.7871691172, -0.526829121, -0.7408514401, -0.9152578009, -1.026444068, -0.8728649547, -1.1868359791, -0.8693945183, -1.2154220654, 2.1210495454, 0.4784369525, -0.0186401865, -0.2482853179, -0.2247360675, -0.5219656278, -0.4040151096, -0.4656841439, -0.6174536087, -0.955526309, 1.964907743, 0.9671810837, 0.3638607467, 0.1787853299, 0.0198874511, -0.1094265872, -0.1162469414, -0.1259953409, -0.3172693343, -0.386538238, 2.166001262, 1.1830110201, 0.9415640633, 1.0248639267, 0.7780604997, 0.6732733652, 0.7405918097, 0.8110213957, 0.5946665595, 0.3698838584]}