{"source": [{"position": [352.0260978310748, 103.76235562971073], "counts": 500000.0}, {"position": [-424.4286195787616, -182.49478590487695], "counts": 500000.0}], "output": [0.0, 0.0, 0.0, 0.0, 0.4318559881, 0.0681440119, 0.0, 0.0, 0.0, 0.0, 0.0, 0.0, 0.0, 0.0, 0.0, 0.0, 0.0, 0.0, 0.0, 0.0, 0.0, 0.0, 0.0, 0.0, 0.0, 0.0, 0.0, 0.0, 0.0, 0.0, 0.0, 0.0, 0.0, 0.0, 0.0401528925, 0.4598471075, 0.0, 0.0, 0.0, 0.0, 0.0, 0.0, 0.0, 0.0, 0.0, 0.0, 0.0, 0.0, 0.0, 0.0, 0.0, 0.0, 0.0, 0.0, 0.0, 0.0, 0.0, 0.0, 0.0, 0.0, 0.0, 0.0, 0.0, 0.0], "num_sources": 2, "seg_angles": 64, "input": [0.1646265947, -0.2034703777, -0.1409893923, -0.1475660837, 0.3208467129, 0.3176286162, 0.515330413, 1.5740846245, 2.7439783516, 3.4310944294, 0.2964548557, -0.3686133245, -1.1163917366, -0.9964285787, -1.0473858639, -0.3766080966, -0.311401771, 0.1629744147, 1.5117931335, 1.7972180609, -0.1708681132, -0.3947566728, -0.8626026047, -1.0557194861, -1.0127645717, -1.0540414051, -0.7184589281, -0.1216681462, 0.4106274087, 1.4134943025, 1.084947406, 0.0387931517, -0.914410459, -0.9379547067, -0.9578486762, -1.3772832412, -0.5362779838, -0.1453697544, 0.5720007032, 1.6177639196, 0.6136851442, 0.1129958757, -0.6102896042, -0.7232517179, -1.013146823, -0.9759822696, -0.535710959, -0.1445939267, 0.6835840578, 1.43127219, 0.8191892799, -0.3421519373, -0.805791317, -1.2505299494, -0.9139163515, -1.106816646, -0.8197391185, -0.1197786839, 0.5831800069, 1.0260367668, 1.0367233943, -0.1055994447, -0.7371774535, -0.7309689645, -1.4072352104, -1.5721376959, -0.5088500333, -0.4449923281, 0.6605786521, 1.9867006931, 0.8545664122, -0.3220029026, -0.687590342, -1.0250789127, -1.315321362, -1.0193028486, -0.8640270863, -0.5779516173, 0.4044154017, 1.6422384491, 0.9131100358, 0.6301554775, -0.008627526, -0.7169636691, -1.1961926495, -0.9476255272, -0.7442911912, -0.6944338683, 0.0149301376, 1.3111991413, 2.3557007289, 1.9226521592, 0.8082812409, 0.9687475137, 0.2156326238, -0.1026652347, -0.1061640971, 0.4292876358, -0.1133724975, 0.8806316232]}