{"source": [{"position": [28.397472243591327, -262.46825249956316], "counts": 500000.0}, {"position": [372.15599779001445, 37.09330544611437], "counts": 500000.0}], "output": [0.0, 0.0, 0.0, 0.0, 0.0, 0.0, 0.0, 0.0, 0.0, 0.0, 0.0, 0.0, 0.0, 0.0, 0.0, 0.0, 0.0, 0.4511079479, 0.0488920521, 0.0, 0.0, 0.0, 0.0, 0.0, 0.0, 0.0, 0.0, 0.0, 0.0, 0.0, 0.0, 0.0, 0.0, 0.4940488037, 0.0059511963, 0.0, 0.0, 0.0, 0.0, 0.0, 0.0, 0.0, 0.0, 0.0, 0.0, 0.0, 0.0, 0.0, 0.0, 0.0, 0.0, 0.0, 0.0, 0.0, 0.0, 0.0, 0.0, 0.0, 0.0, 0.0, 0.0, 0.0, 0.0, 0.0], "num_sources": 2, "seg_angles": 64, "input": [0.9070173844, 1.1775127263, 1.2427204929, 1.4038784109, 1.3684628264, 1.7162695814, 1.7032443993, 1.5081942694, 2.1348681574, 2.4352839809, 0.239238458, 0.8662442337, 0.8460342533, 0.7886546567, 0.7035240176, 1.2172082922, 1.1113679263, 1.4537930054, 1.8053303926, 2.0173276714, -0.3995804764, -0.1483139242, 0.2402754693, 0.3467342222, 0.3411456932, 0.6988170963, 0.9121228882, 0.6644769129, 1.5798547772, 1.7326474947, -0.7754781033, -0.3899967272, -0.3623933253, -0.2693308648, -0.1801629225, -0.3056330838, 0.4093107437, 0.7023496925, 1.0402028172, 1.2584661787, -1.0332655597, -0.8928393419, -0.6127772176, -0.532412618, -0.5174257941, -0.4007573576, -0.2154358061, 0.06807435, 0.4320735702, 1.2049550191, -1.0597176544, -1.0721010072, -0.907316836, -0.7892385646, -0.7491337732, -0.391396264, -0.3158922168, 0.0490699232, 0.5568210587, 1.1373419584, -1.3019429095, -1.1268472192, -1.2029509815, -1.0022690609, -0.8507853105, -0.6640171272, -0.5271171051, -0.3206126007, 0.1985484092, 0.9452400383, -1.3938323137, -1.2418074866, -1.1041632028, -1.0673323665, -1.0359596812, -0.8299477643, -0.5932826714, -0.2963211575, 0.129267186, 0.9426180213, -1.4346034749, -1.3418604975, -1.3311222695, -1.193868133, -1.0556779589, -0.8875856554, -0.7464167154, -0.553169894, -0.1365708428, 0.881027041, -1.2494495381, -1.1622276524, -1.0139045025, -1.140065372, -0.9763258749, -0.9367460765, -0.8194716005, -0.5810061076, -0.3263502658, 0.6485951308]}