{"source": [{"position": [145.07137627318752, -286.34820723413515], "counts": 500000.0}, {"position": [-47.30488022821901, -65.75141296271781], "counts": 500000.0}], "output": [0.0, 0.0, 0.0, 0.0, 0.0, 0.0, 0.0, 0.0, 0.0, 0.1762793776, 0.3237206224, 0.0, 0.0, 0.0, 0.0, 0.0, 0.0, 0.0, 0.0, 0.0, 0.1117379775, 0.3882620225, 0.0, 0.0, 0.0, 0.0, 0.0, 0.0, 0.0, 0.0, 0.0, 0.0, 0.0, 0.0, 0.0, 0.0, 0.0, 0.0, 0.0, 0.0, 0.0, 0.0, 0.0, 0.0, 0.0, 0.0, 0.0, 0.0, 0.0, 0.0, 0.0, 0.0, 0.0, 0.0, 0.0, 0.0, 0.0, 0.0, 0.0, 0.0, 0.0, 0.0, 0.0, 0.0], "num_sources": 2, "seg_angles": 64, "input": [1.7927863803, 2.0179506523, 2.254240721, 2.2439121474, 2.1116107682, 1.9215304512, 2.0482020518, 1.999183411, 1.8817463666, 1.4374372458, 1.6722834883, 1.0633585327, 1.1976085246, 1.1568217408, 1.0150535801, 1.1291646528, 1.1666502678, 1.1065276712, 0.9370595063, 0.7086517705, 1.3996894661, 0.5626865773, 0.3717204388, 0.4535513019, 0.3458576408, 0.2557327811, 0.1302882923, 0.1521247402, 0.1613732788, 0.228431172, 1.2269699049, 0.3647773616, -0.161136213, -0.1108935078, -0.3300426773, -0.2869258231, -0.3616865567, -0.3405800342, -0.2177296783, -0.2186571751, 1.1031197461, 0.2724136277, -0.2450922283, -0.4841973983, -0.5566094566, -0.625544817, -0.6081836676, -0.6884386291, -0.5647265503, -0.4415375864, 1.080042137, 0.2616076648, -0.3869332322, -0.6471306325, -0.8103749238, -0.9125694604, -0.8855713625, -0.9046866764, -0.7826743794, -0.6104653889, 1.0206014976, 0.0757989702, -0.3824900059, -0.789111409, -0.9661330309, -1.0147605449, -0.9865362814, -0.9638846687, -0.8552084855, -0.681979736, 0.9601741228, 0.0137261346, -0.5295294062, -0.8045115097, -1.0149487252, -1.1183080753, -1.1298422546, -1.1059793048, -0.9637143364, -0.7222532939, 0.8625649775, -0.1017848514, -0.6569638958, -0.9234790105, -1.042468459, -1.1631208646, -1.1466132479, -1.1317714513, -1.0169625249, -0.7713414709, 0.5735429813, -0.1764147211, -0.7421881029, -1.0495776078, -1.1362387511, -1.1787312646, -1.1924486709, -1.1518019019, -1.0779707104, -0.8671181157]}