{"source": [{"position": [-194.4662343958173, 257.8989796023068], "counts": 500000.0}, {"position": [-216.95046158022114, 95.401767384724], "counts": 500000.0}], "output": [0.0, 0.0, 0.0, 0.0, 0.0, 0.0, 0.0, 0.0, 0.0, 0.0, 0.0, 0.0, 0.0, 0.0, 0.0, 0.0, 0.0, 0.0, 0.0, 0.0, 0.0, 0.0, 0.0, 0.0, 0.0, 0.0, 0.0, 0.0, 0.0, 0.0, 0.0, 0.0, 0.0, 0.0, 0.0, 0.0, 0.0, 0.0, 0.0, 0.0, 0.0, 0.0, 0.0, 0.0, 0.0, 0.0, 0.0, 0.0, 0.0, 0.0, 0.0, 0.0, 0.0, 0.0, 0.2095318224, 0.2904681776, 0.0, 0.0, 0.0, 0.1099561174, 0.3900438826, 0.0, 0.0, 0.0], "num_sources": 2, "seg_angles": 64, "input": [1.2662871553, 0.5619750908, 0.0086447342, -0.5303874647, -0.8801561281, -0.9367147724, -1.1826611401, -1.2034869008, -1.2124865281, -1.256027953, 1.7623377173, 0.84030493, 0.0919566873, -0.3176126657, -0.6956444587, -0.8376538261, -1.0085530383, -1.1014350806, -1.1266349895, -1.2258837332, 1.7700667336, 0.9736248103, 0.0848512959, -0.5435189281, -0.7899321721, -0.8363143848, -1.0017387408, -1.1256317855, -1.1318200616, -1.2087657407, 1.8933356609, 0.8833543044, 0.1706703942, -0.305104668, -0.6364413825, -0.8619991388, -0.9408390388, -1.0361657359, -1.1420055606, -1.1922715811, 1.857559968, 1.0009304968, 0.24949069, -0.2266317151, -0.6217294553, -0.7167679671, -0.8123447687, -0.8521781043, -1.0942299444, -1.153299174, 1.8886054784, 1.0660087653, 0.1969746487, -0.1565637632, -0.4834643945, -0.6004212533, -0.774951277, -0.9119644873, -0.9929457906, -1.0442290702, 1.9054741094, 0.8896710119, 0.1760936697, -0.120912299, -0.2517819267, -0.5610919142, -0.6640651122, -0.7111414974, -0.7929715922, -0.8639971071, 1.78754314, 1.1055878415, 0.3498978595, -0.0274981713, -0.1933377334, -0.2287147582, -0.3573712141, -0.3746162212, -0.362799409, -0.5519704633, 2.0279960388, 0.8207624131, 0.6852576577, 0.4146729036, 0.2285246633, 0.335425402, 0.2308602564, 0.155633307, 0.1808763878, -0.0435035277, 1.6389475084, 1.6718198753, 1.6368901153, 1.3613552555, 1.368742764, 1.3569675381, 1.5340909649, 1.7310398759, 1.4775790913, 1.1766924989]}