{"source": [{"position": [186.83983783076397, 294.7742780491096], "counts": 500000.0}, {"position": [297.40246745697425, 18.86192859978416], "counts": 500000.0}], "output": [0.0, 0.0, 0.0, 0.0, 0.0, 0.0, 0.0, 0.0, 0.0, 0.0, 0.0, 0.0, 0.0, 0.0, 0.0, 0.0, 0.0, 0.0, 0.0, 0.0, 0.0, 0.0, 0.0, 0.0, 0.0, 0.0, 0.0, 0.0, 0.0, 0.0, 0.0, 0.0, 0.1774252626, 0.3225747374, 0.0, 0.0, 0.0, 0.0, 0.0, 0.0, 0.0, 0.0, 0.3771709422, 0.1228290578, 0.0, 0.0, 0.0, 0.0, 0.0, 0.0, 0.0, 0.0, 0.0, 0.0, 0.0, 0.0, 0.0, 0.0, 0.0, 0.0, 0.0, 0.0, 0.0, 0.0], "num_sources": 2, "seg_angles": 64, "input": [-1.3868430791, -1.3350108082, -1.2659064687, -1.0468503966, -1.0665162424, -0.7150104433, -0.5770956775, -0.1999033428, 0.6493046685, 1.6285715415, -1.2830316302, -1.2868582384, -1.218215428, -1.1005432667, -0.9991677629, -0.7427557159, -0.4659901255, 0.157143678, 0.9797796742, 1.9374818093, -1.2410472777, -1.1797707046, -1.0909432457, -1.0972988639, -0.8872235085, -0.6325859665, -0.3400286116, 0.2282562669, 1.0481518903, 1.9548209052, -1.1889288865, -1.1532703356, -1.0263231624, -0.9572299135, -0.8142782643, -0.601726537, -0.2084376988, 0.0924063924, 0.960307907, 1.9802268612, -1.0470974967, -1.0398386584, -0.9799907111, -0.924097716, -0.6029935123, -0.5597617786, -0.1676980131, 0.2638032637, 1.2154676887, 1.9694260078, -1.0339281355, -0.8810515799, -0.7984736426, -0.655117502, -0.5602041262, -0.375705265, -0.01534178, 0.3575728904, 1.3615345437, 2.1520540614, -0.8485829011, -0.6824577058, -0.6932668493, -0.4556344439, -0.4698669369, -0.1976882418, 0.1569504311, 0.5291246003, 1.1317824647, 2.0868736256, -0.5489347542, -0.2864341274, -0.4024116288, -0.2652398202, -0.1158187169, 0.1388636815, 0.2429501675, 0.7313698599, 1.3370216409, 1.9328971376, -0.2956235028, -0.0360839791, -0.0023759705, 0.0530542407, 0.2589742716, 0.3732912604, 0.5961526967, 1.0285342709, 1.2706403856, 2.1936504031, 0.3481400967, 0.3962066082, 0.5854675844, 0.6850853966, 0.7999456871, 0.8233198167, 0.8775265998, 1.037035729, 1.3592675793, 2.1400748124]}