{"source": [{"position": [62.09881058461133, 69.22960150092274], "counts": 500000.0}, {"position": [130.31303169066973, -254.58694737080782], "counts": 500000.0}], "output": [0.0, 0.0, 0.0, 0.0, 0.0, 0.0, 0.0, 0.0, 0.0, 0.0, 0.0, 0.0, 0.0, 0.0, 0.0, 0.0, 0.0, 0.0, 0.0, 0.0, 0.0905672313, 0.4094327687, 0.0, 0.0, 0.0, 0.0, 0.0, 0.0, 0.0, 0.0, 0.0, 0.0, 0.0, 0.0, 0.0, 0.0, 0.0, 0.0, 0.0, 0.0, 0.2237369088, 0.2762630912, 0.0, 0.0, 0.0, 0.0, 0.0, 0.0, 0.0, 0.0, 0.0, 0.0, 0.0, 0.0, 0.0, 0.0, 0.0, 0.0, 0.0, 0.0, 0.0, 0.0, 0.0, 0.0], "num_sources": 2, "seg_angles": 64, "input": [-0.7832125935, -0.6653393112, -0.6396865398, -0.5941376684, -0.4582849065, -0.3401358847, -0.1003472677, 0.1711079205, 0.8531638619, 1.6935167801, -0.9871643945, -0.9232273108, -0.7947547526, -0.7539947546, -0.7234244265, -0.3776119926, -0.22459821, 0.1333299877, 0.7368914199, 1.7903718363, -1.1036495739, -1.0850997987, -0.9338860061, -0.9098328664, -0.8353857975, -0.7806888965, -0.5464655941, 0.0538104494, 0.5793493326, 1.894985895, -1.2609381677, -1.1324308306, -1.0891324651, -1.0048834534, -0.9796299699, -0.7805890972, -0.5110566241, -0.1532221438, 0.7511753844, 1.8945942918, -1.2477682579, -1.1391605963, -1.1682912375, -1.0285200407, -1.0640352033, -0.8860346276, -0.6122941478, -0.0940704, 0.5518965063, 1.8953052082, -1.2767272033, -1.0365831682, -0.9970949622, -0.9566234284, -0.8909412329, -0.8549939329, -0.659000405, -0.1402773992, 0.607698197, 2.0304145793, -0.9307408318, -0.818518814, -0.8016950118, -0.6846285266, -0.646757195, -0.5134091425, -0.428087741, -0.0261233034, 0.7424710147, 1.9741825061, -0.5333458689, -0.3691934874, -0.1960855496, -0.3164966233, -0.2771424667, -0.2215951897, -0.0995550916, 0.1156724685, 0.8868225657, 2.0955647166, 0.0527185038, 0.2760307381, 0.3074647963, 0.4008174979, 0.3592314193, 0.4438490022, 0.5872435425, 0.8887577674, 0.944048762, 2.040233239, 0.8703568872, 1.2918393387, 1.1282404993, 1.3516244958, 1.4382807029, 1.2803857795, 1.470950123, 1.697569752, 1.9197883384, 2.1868462777]}