{"source": [{"position": [-416.02372148138755, -136.99731079396014], "counts": 500000.0}, {"position": [-345.39798090995436, -213.39220881589563], "counts": 500000.0}], "output": [0.0, 0.0, 0.0, 0.3798399126, 0.1201600874, 0.1814744026, 0.3185255974, 0.0, 0.0, 0.0, 0.0, 0.0, 0.0, 0.0, 0.0, 0.0, 0.0, 0.0, 0.0, 0.0, 0.0, 0.0, 0.0, 0.0, 0.0, 0.0, 0.0, 0.0, 0.0, 0.0, 0.0, 0.0, 0.0, 0.0, 0.0, 0.0, 0.0, 0.0, 0.0, 0.0, 0.0, 0.0, 0.0, 0.0, 0.0, 0.0, 0.0, 0.0, 0.0, 0.0, 0.0, 0.0, 0.0, 0.0, 0.0, 0.0, 0.0, 0.0, 0.0, 0.0, 0.0, 0.0, 0.0, 0.0], "num_sources": 2, "seg_angles": 64, "input": [2.0581141128, 0.9885692494, 1.3992342085, 1.1995792405, 1.2713127244, 1.2489200261, 0.9019219085, 0.7843231336, 1.1287101825, 0.6758516182, 1.9004303331, 0.9751443512, 0.5815645451, 0.0966177105, 0.178232322, -0.0124250035, -0.103605125, -0.2485676687, -0.1894326937, -0.198501215, 1.9867853284, 1.3900540344, 0.3749392617, -0.025356096, -0.2555662477, -0.4006102816, -0.5788648051, -0.7149016413, -0.5584636083, -0.7434648179, 2.0139873178, 1.2196637817, 0.3652330097, -0.1939633781, -0.4446434148, -0.6898987, -0.7577646637, -0.7284826501, -0.8667003462, -0.9924413584, 2.0921551448, 1.1224354244, 0.5832821209, -0.2124710152, -0.424160325, -0.7815634041, -0.9101806016, -0.9785194847, -1.0035771854, -1.0911907619, 1.9148718109, 1.3939669803, 0.327232305, -0.1788899892, -0.4577284561, -0.7341075985, -0.7807728904, -0.972687657, -1.0739445611, -1.0786477645, 1.9272547469, 0.9617858489, 0.3916820242, 0.0731456354, -0.5191112776, -0.7485138355, -0.9102586733, -1.0899373163, -0.9888422613, -1.176161105, 2.146848088, 1.0630963766, 0.4416024758, -0.3340307538, -0.4362834231, -0.7590802973, -0.9864810774, -1.083494217, -1.1089818283, -1.2373136202, 1.8068756059, 0.9889748045, 0.2486377696, -0.3029034083, -0.5468861007, -0.7634141006, -0.9687273718, -1.0341655741, -1.1441995496, -1.189861451, 1.805694011, 0.7815064277, 0.0001713482, -0.2890983734, -0.56806009, -0.8324825979, -0.9895679763, -1.0133462955, -1.1885264952, -1.2185828686]}