{"source": [{"position": [204.69900634970628, -261.3853798502183], "counts": 500000.0}, {"position": [-273.85133493874264, 25.108690771694594], "counts": 500000.0}], "output": [0.0343423396, 0.0, 0.0, 0.0, 0.0, 0.0, 0.0, 0.0, 0.0, 0.0, 0.0, 0.0, 0.0, 0.0, 0.0, 0.0, 0.0, 0.0, 0.0, 0.0, 0.0, 0.0, 0.1163912491, 0.3836087509, 0.0, 0.0, 0.0, 0.0, 0.0, 0.0, 0.0, 0.0, 0.0, 0.0, 0.0, 0.0, 0.0, 0.0, 0.0, 0.0, 0.0, 0.0, 0.0, 0.0, 0.0, 0.0, 0.0, 0.0, 0.0, 0.0, 0.0, 0.0, 0.0, 0.0, 0.0, 0.0, 0.0, 0.0, 0.0, 0.0, 0.0, 0.0, 0.0, 0.4656576604], "num_sources": 2, "seg_angles": 64, "input": [3.3586584367, 2.1938549103, 1.6808242953, 1.4615163402, 1.2479334371, 0.9222041612, 0.9381748643, 0.6092264315, 0.6187199492, 0.4149554767, 2.6870572652, 1.6480158056, 1.889522624, 0.5991292001, 0.1614660408, -0.0233949751, 0.0491613478, -0.0279006022, -0.1429598313, 0.6813897566, 1.7826904027, 1.5237242141, 0.8006717101, 0.4285465629, 0.1995656056, -0.4038857519, -0.7046915209, -0.6568343338, -0.332204359, 0.2216238955, 1.5076258514, 1.2123920564, 0.5377630936, -0.0023782625, -0.0772371516, -0.8471134848, -0.748308108, -0.7968906877, -0.3934473603, 0.2021081811, 1.7432612925, 0.9321296103, 0.1213448893, -0.3183326827, -0.6253772585, -1.0091185974, -0.9833165318, -1.092332817, -0.6627029423, 0.3270027769, 1.3437497225, 0.6628496068, -0.1558089191, -0.7486404163, -0.8672691477, -1.1006685355, -1.2213971865, -0.7879671621, -0.5849023526, 0.3933806231, 1.2036039055, 0.5431527871, -0.0796452321, -0.692937529, -1.0109633548, -1.2095573565, -1.2846015908, -0.969090508, -0.5001067648, 0.1440679169, 0.9530377818, 0.5447355489, -0.2953205041, -0.7557720791, -0.9919494659, -1.1931769224, -1.2317520518, -1.0429072807, -0.3319140576, 0.2691166119, 0.8917073309, 0.0464224967, -0.5159890833, -1.0062449168, -1.2294836952, -1.2415877823, -1.452572856, -1.1043518676, -0.5619032547, 0.5676711124, 0.5101955281, -0.3645752209, -0.3998545615, -1.102977223, -1.2855000108, -1.253890933, -1.0988630839, -0.9728246974, -0.3942754154, 0.1137188205]}