{"source": [{"position": [6.811338795493176, 119.80653431183548], "counts": 500000.0}, {"position": [-35.20690787001213, 16.77717611019439], "counts": 500000.0}], "output": [0.0, 0.0, 0.0, 0.0, 0.0, 0.0, 0.0, 0.0, 0.0, 0.0, 0.0, 0.0, 0.0, 0.0, 0.0, 0.0, 0.0, 0.0, 0.0, 0.0, 0.0, 0.0, 0.0, 0.0, 0.0, 0.0, 0.0, 0.0, 0.0, 0.0, 0.0, 0.0, 0.0, 0.0, 0.0, 0.0, 0.0, 0.0, 0.0, 0.0, 0.0, 0.0, 0.0, 0.0, 0.0, 0.0, 0.0, 0.2892376513, 0.2107623487, 0.0, 0.0, 0.0, 0.0, 0.0, 0.0, 0.0, 0.0, 0.0, 0.0, 0.2648211546, 0.2351788454, 0.0, 0.0, 0.0], "num_sources": 2, "seg_angles": 64, "input": [1.0309840392, 0.3017613943, -0.1830125624, -0.6282752881, -0.8802779384, -1.0136621889, -1.1285660108, -1.1953358614, -1.234529954, -1.2456174163, 1.4003850442, 0.6472026103, 0.011678898, -0.4566509496, -0.7210001719, -0.9248482045, -1.0358762316, -1.1194400758, -1.1897686441, -1.2367609743, 1.4017732555, 0.7922162179, 0.1578306868, -0.3877587439, -0.6275836318, -0.8759279847, -0.9478648762, -1.0765657094, -1.1420502466, -1.1919619423, 1.5512525358, 0.9132984154, 0.2174377207, -0.2986766792, -0.5511216818, -0.7985685367, -0.9426018104, -1.0400273942, -1.1189326235, -1.1384143811, 1.6497313719, 0.9298076391, 0.2933640086, -0.1135248239, -0.4759104567, -0.6910549632, -0.869431638, -0.9825272913, -1.063179291, -1.1400333689, 1.774502211, 1.1428599186, 0.4827183992, -0.0678615656, -0.4156959505, -0.5670944035, -0.7560159388, -0.9130964882, -0.9527096483, -1.060219118, 2.0445548799, 1.2650985157, 0.6151361504, 0.0168692282, -0.2571425962, -0.4274759525, -0.6120347469, -0.7566927416, -0.8191615074, -0.9431167278, 1.9953533162, 1.4359590648, 0.6864288877, 0.2589465334, -0.1093236057, -0.2437421038, -0.3629454243, -0.4894497441, -0.5701644446, -0.721155264, 2.1938452519, 1.5170418533, 0.9037960208, 0.4850255609, 0.3035226032, 0.187914386, 0.1850218785, 0.0751946241, -0.0478454734, -0.2499782965, 2.2637311062, 1.8001735654, 1.7260620974, 1.5303417772, 1.3917625702, 1.2953825594, 1.2463327566, 1.1625608628, 0.9367782797, 0.7886235923]}