{"source": [{"position": [87.04698893601022, 221.51031966293152], "counts": 500000.0}, {"position": [383.0712414343814, -26.69127171795766], "counts": 500000.0}], "output": [0.0, 0.0, 0.0, 0.0, 0.0, 0.0, 0.0, 0.0, 0.0, 0.0, 0.0, 0.0, 0.0, 0.0, 0.0, 0.0, 0.0, 0.0, 0.0, 0.0, 0.0, 0.0, 0.0, 0.0, 0.0, 0.0, 0.0, 0.0, 0.0, 0.0, 0.0, 0.3542896653, 0.1457103347, 0.0, 0.0, 0.0, 0.0, 0.0, 0.0, 0.0, 0.0, 0.0, 0.0, 0.0, 0.4069649261, 0.0930350739, 0.0, 0.0, 0.0, 0.0, 0.0, 0.0, 0.0, 0.0, 0.0, 0.0, 0.0, 0.0, 0.0, 0.0, 0.0, 0.0, 0.0, 0.0], "num_sources": 2, "seg_angles": 64, "input": [-1.2873892685, -1.1977447611, -1.2280036165, -1.1221127331, -1.0423877766, -0.9831793147, -0.7149536579, -0.5209539801, -0.104740373, 1.2991551248, -1.3800138107, -1.2246975128, -1.1494889276, -1.1343905036, -1.114475188, -0.9055314757, -0.8348330444, -0.4108199198, 0.2116331279, 1.74266293, -1.2990865632, -1.1340885494, -1.1606858914, -1.0174494371, -1.0435803685, -0.8032755068, -0.6064082912, -0.3391122705, 0.5078510595, 1.5942799723, -1.1998283578, -1.1209502355, -1.028490518, -1.0562471912, -0.7999352829, -0.7504988455, -0.5506367003, -0.308000353, 0.5899984506, 1.8823115213, -1.0576719358, -0.9395393441, -0.920852665, -0.7680443399, -0.7983657466, -0.643386207, -0.3833198494, -0.0400927528, 0.5398370195, 1.5478912717, -1.0192575893, -0.8022785402, -0.7440554474, -0.7823002858, -0.5996050253, -0.277472864, -0.1499769712, 0.1818893265, 0.5677540496, 1.8121312917, -0.7323225714, -0.3535506335, -0.4069330187, -0.21719437, -0.2101547627, -0.1335705092, 0.1473054274, 0.1318460207, 0.8045485209, 1.627241833, -0.4504249277, 0.133255489, -0.147702771, 0.2598460525, 0.134925093, 0.2836454039, 0.3506385449, 0.4750547755, 0.9493570904, 2.0283969267, 0.0800098964, 0.516045817, 0.7114499927, 0.5546539664, 0.742328771, 0.8780625585, 0.9503934572, 1.4602538261, 1.706989132, 1.6920337253, 0.7000066118, 1.0381231955, 1.1034092371, 1.1005666678, 1.3765408059, 1.6040925948, 1.5211445042, 1.8409766632, 1.7578413558, 2.013684253]}