{"source": [{"position": [-296.8425869909768, 292.8710954473049], "counts": 500000.0}, {"position": [65.16518826472144, -86.1248990619055], "counts": 500000.0}], "output": [0.0, 0.0, 0.0, 0.0, 0.0, 0.0, 0.0, 0.0, 0.0, 0.0, 0.0, 0.0, 0.0, 0.0, 0.0, 0.0, 0.0, 0.0, 0.0, 0.0, 0.0, 0.0, 0.2011149838, 0.2988850162, 0.0, 0.0, 0.0, 0.0, 0.0, 0.0, 0.0, 0.0, 0.0, 0.0, 0.0, 0.0, 0.0, 0.0, 0.0, 0.0, 0.0, 0.0, 0.0, 0.0, 0.0, 0.0, 0.0, 0.0, 0.0, 0.0, 0.0, 0.0, 0.0, 0.0, 0.0, 0.0, 0.4657014325, 0.0342985675, 0.0, 0.0, 0.0, 0.0, 0.0, 0.0], "num_sources": 2, "seg_angles": 64, "input": [2.0556475208, 1.7974509103, 1.8265909352, 1.841889845, 2.0241194349, 1.820512703, 1.7664480287, 1.9422449775, 1.6475058459, 1.6755457311, 1.1128049543, 1.1783154434, 0.9064167459, 0.8468563515, 0.7926653581, 0.695922355, 0.8474975409, 0.7587531102, 0.7523564599, 1.438131913, 0.2161015787, 0.2900980854, 0.2166504705, -0.1786067483, 0.1736621687, 0.0450936213, -0.1352249973, -0.0084475565, 0.2871300502, 1.1262962795, -0.0876617622, -0.2674460225, -0.4972113015, -0.6332142803, -0.5006134209, -0.3436352683, -0.4492964769, -0.4703307561, 0.4306227655, 1.5616528867, -0.4062326422, -0.6200583287, -0.728536514, -0.8859219105, -0.9560532955, -0.9370235546, -0.8376675183, -0.5741945046, 0.3130764746, 1.4518658371, -0.6641156127, -0.8843518381, -1.1019308904, -1.0660601421, -1.1001991254, -0.9319057135, -0.8101419692, -0.5543859323, 0.2538039327, 1.3652633975, -0.8025342093, -0.995404455, -1.0943547318, -1.173870767, -1.0554932335, -1.1817148876, -0.855958297, -0.4880875005, 0.3502780987, 1.5480025991, -0.6227860531, -0.9175959342, -1.1524427687, -1.1673059326, -1.1535231799, -0.8582930655, -0.8538948042, -0.2957849249, 0.2758641268, 1.5174317227, -0.8521620978, -1.0981075608, -1.0926008846, -1.0547880387, -0.9603674931, -0.8614023462, -0.7269210246, -0.1251181304, 0.4716124343, 1.5694068465, -0.9134681216, -0.8052833207, -0.8918291222, -0.8762883116, -0.74031625, -0.6868519238, -0.4311851966, 0.0279497241, 0.6528504248, 1.5438129605]}