{"source": [{"position": [-381.71017928693874, 63.76785262758256], "counts": 500000.0}, {"position": [-134.032661856019, -254.91026961617308], "counts": 500000.0}], "output": [0.0, 0.0, 0.0, 0.0, 0.0, 0.0, 0.0, 0.0, 0.0, 0.0, 0.0, 0.4653815054, 0.0346184946, 0.0, 0.0, 0.0, 0.0, 0.0, 0.0, 0.0, 0.0, 0.0, 0.0, 0.0, 0.0, 0.0, 0.0, 0.0, 0.0, 0.0, 0.0, 0.0, 0.0, 0.0, 0.0, 0.0, 0.0, 0.0, 0.0, 0.0, 0.0, 0.0, 0.0, 0.0, 0.0, 0.0, 0.0, 0.0, 0.0, 0.0, 0.0, 0.0, 0.0, 0.0, 0.0, 0.0, 0.0, 0.0, 0.0, 0.0, 0.0, 0.0, 0.3430358357, 0.1569641643], "num_sources": 2, "seg_angles": 64, "input": [2.0688104744, 1.768613365, 1.6026896708, 1.5132817374, 1.2042147203, 1.133660396, 0.9026580677, 0.8424609462, 0.8843760974, 0.5914759319, 1.7696962496, 1.4902717493, 1.2506724075, 0.6719860526, 0.7637439309, 0.3960048737, 0.4633277179, 0.3944803829, 0.0645774364, -0.1894569588, 2.1038960722, 0.9734442776, 0.6199420751, 0.3643841728, 0.2926986102, -0.0379568253, -0.2522015236, -0.1321819568, -0.274378853, -0.5215221074, 2.0086909646, 0.9319993322, 0.2763725276, -0.0853300128, -0.2198959347, -0.485419081, -0.5787944716, -0.5645778271, -0.6170181858, -0.9219860518, 1.9265240152, 0.836684789, 0.220847204, -0.3300167319, -0.5170982486, -0.5933697705, -0.7403151357, -0.9183950613, -0.9916728517, -1.1054402195, 1.8670855942, 1.060849483, 0.1445529176, -0.2839119445, -0.6762851827, -0.7374217494, -0.8535080656, -0.8909661922, -1.0772472573, -1.2060247968, 1.7597148554, 0.6378410919, -0.0662389656, -0.3812098736, -0.5389622667, -1.0104639278, -1.0117581678, -1.137320649, -1.2109925013, -1.3178154637, 2.0977198686, 0.7537181552, -0.1749448465, -0.4531145054, -0.7279051559, -1.0434572235, -1.1299979642, -1.1980163135, -1.235389714, -1.3022355669, 1.5493976937, 0.716836495, -0.2488879581, -0.6473894761, -0.874931664, -1.0235721564, -1.1665861078, -1.2605650747, -1.2299177979, -1.2842271565, 1.5870584785, 0.4222796961, -0.0845256175, -0.4087130722, -0.6052853202, -0.777193405, -0.7676802396, -0.9026935243, -0.9495761877, -0.9555797172]}