{"source": [{"position": [144.97154204454858, -74.5134350115848], "counts": 500000.0}, {"position": [60.922908529090535, -202.01336395485345], "counts": 500000.0}], "output": [0.0, 0.0, 0.0, 0.0, 0.0, 0.0, 0.0, 0.0, 0.0, 0.0, 0.0, 0.0, 0.0, 0.0, 0.0, 0.0, 0.0, 0.0, 0.0082500073, 0.4917499927, 0.0, 0.0, 0.0, 0.0, 0.0, 0.0, 0.0, 0.418005173, 0.081994827, 0.0, 0.0, 0.0, 0.0, 0.0, 0.0, 0.0, 0.0, 0.0, 0.0, 0.0, 0.0, 0.0, 0.0, 0.0, 0.0, 0.0, 0.0, 0.0, 0.0, 0.0, 0.0, 0.0, 0.0, 0.0, 0.0, 0.0, 0.0, 0.0, 0.0, 0.0, 0.0, 0.0, 0.0, 0.0], "num_sources": 2, "seg_angles": 64, "input": [1.1708663149, 1.671920934, 1.8989229474, 1.7264787135, 1.8094299748, 1.6117768035, 1.9942898401, 1.7533562933, 2.045549075, 1.8896334627, 0.2720781728, 0.4568297824, 0.7284302261, 0.6597057697, 0.600760602, 0.6000214358, 0.6621702, 0.9836240049, 1.3190905829, 1.9416634303, -0.2637286696, -0.1125163192, -0.0986960133, -0.0490340884, -0.0972788056, -0.038354624, 0.3047333731, 0.5083576884, 0.9144416858, 1.4856087083, -0.6350282612, -0.5647266752, -0.5704550502, -0.595215906, -0.5051250313, -0.2123019398, 0.0420227124, 0.3984444816, 0.7835442941, 1.6009022638, -0.9191392852, -0.7874876351, -0.7813334692, -0.6142804442, -0.6024456024, -0.4067110147, -0.2620315105, 0.0986326174, 0.6797382251, 1.5298967719, -1.0658248049, -0.9952686846, -0.9289187641, -0.8425672634, -0.7682682163, -0.6270381076, -0.3312176631, 0.0063344186, 0.5079368664, 1.4154240498, -1.1797826984, -1.1092028089, -1.0805287583, -0.9992987198, -0.8829177514, -0.7058089554, -0.4607079716, -0.211424874, 0.4384883074, 1.4397465376, -1.2083236975, -1.1257322231, -1.1061678164, -1.084907676, -0.9457242243, -0.8052162276, -0.5709126739, -0.1922389231, 0.3172948585, 1.5788451995, -1.2639565503, -1.222468209, -1.1497037781, -1.0907860059, -0.8994977503, -0.8042292108, -0.610757424, -0.2779844779, 0.3629447345, 1.4145023875, -1.2877603106, -1.2540298163, -1.2296295334, -1.2270602577, -1.0601950062, -0.9801925995, -0.7845722662, -0.4055120845, 0.157790568, 1.1099958138]}