{"source": [{"position": [237.91443895467427, -151.3959039633588], "counts": 500000.0}, {"position": [114.18341843689021, 82.72331566170472], "counts": 500000.0}], "output": [0.0, 0.0, 0.0, 0.0, 0.0, 0.0, 0.0, 0.0, 0.0, 0.0, 0.0, 0.0, 0.0, 0.0, 0.0, 0.0, 0.0, 0.0, 0.0, 0.0, 0.0, 0.0, 0.0, 0.0, 0.0, 0.0, 0.386264308, 0.113735692, 0.0, 0.0, 0.0, 0.0, 0.0, 0.0, 0.0, 0.0, 0.0, 0.0, 0.3068903487, 0.1931096513, 0.0, 0.0, 0.0, 0.0, 0.0, 0.0, 0.0, 0.0, 0.0, 0.0, 0.0, 0.0, 0.0, 0.0, 0.0, 0.0, 0.0, 0.0, 0.0, 0.0, 0.0, 0.0, 0.0, 0.0], "num_sources": 2, "seg_angles": 64, "input": [-0.5407866019, -0.3670461668, -0.4259318322, -0.2665782886, -0.2050219698, 0.0236829114, 0.199525593, 0.5338682563, 0.9223944595, 1.6135047041, -0.9513197203, -0.8264722785, -0.8167736347, -0.6679986246, -0.5992936337, -0.3901404734, -0.010738446, 0.403795779, 1.1932408527, 1.9499721674, -1.1592860056, -1.023277054, -1.0107977269, -0.9399598037, -0.765045883, -0.5918688642, -0.1963363173, 0.3091284486, 0.9994781666, 2.1377677363, -1.2719963835, -1.2238518915, -1.1711631427, -1.0783709629, -0.8744891497, -0.6611968936, -0.2481035451, 0.2754201989, 1.1521447172, 1.9158647555, -1.3274028595, -1.2203379727, -1.1146787696, -1.0704192884, -0.9438405838, -0.6022369059, -0.3389054972, 0.0434128908, 1.1078546231, 2.1507621328, -1.2908037571, -1.2016262431, -1.0889617811, -1.0829813182, -0.9495782123, -0.6984258697, -0.2880797163, 0.3356892807, 1.4189756917, 2.0601696948, -1.096759605, -0.999055454, -1.0141401331, -0.8832860202, -0.8437207226, -0.6030789175, -0.1990181878, 0.3772804892, 1.3363231883, 2.1772894306, -0.9814807068, -0.766805718, -0.7165438239, -0.604965796, -0.5655100425, -0.2696141577, -0.0691701956, 0.2136556668, 1.1848002111, 2.1298169781, -0.3659861388, -0.166511985, -0.1906046073, 0.0130600681, -0.0933925889, 0.0748943882, 0.3797100504, 0.5762538095, 1.0833852374, 2.0266241616, 0.4026832762, 0.5517252406, 0.5733748028, 0.7403036683, 0.7829883699, 1.0029478828, 1.0000077755, 1.1454604522, 1.4557837196, 1.9567469423]}