{"source": [{"position": [199.37092893091136, 47.709880498964864], "counts": 500000.0}, {"position": [25.957974696686037, 134.51833908298977], "counts": 500000.0}], "output": [0.0, 0.0, 0.0, 0.0, 0.0, 0.0, 0.0, 0.0, 0.0, 0.0, 0.0, 0.0, 0.0, 0.0, 0.0, 0.0, 0.0, 0.0, 0.0, 0.0, 0.0, 0.0, 0.0, 0.0, 0.0, 0.0, 0.0, 0.0, 0.0, 0.0, 0.0, 0.0, 0.0, 0.0, 0.3037406252, 0.1962593748, 0.0, 0.0, 0.0, 0.0, 0.0, 0.0, 0.0, 0.0, 0.0, 0.0, 0.4708537484, 0.0291462516, 0.0, 0.0, 0.0, 0.0, 0.0, 0.0, 0.0, 0.0, 0.0, 0.0, 0.0, 0.0, 0.0, 0.0, 0.0, 0.0], "num_sources": 2, "seg_angles": 64, "input": [-1.4061392341, -1.3673117251, -1.2977283798, -1.2685379104, -1.1534425953, -1.0551194321, -0.8934275523, -0.6423998833, -0.2327153155, 0.7871303235, -1.3922214905, -1.2847908407, -1.2296889576, -1.1131338866, -0.9859053341, -0.9388806549, -0.6809595836, -0.5769953993, -0.0784107789, 1.0017091505, -1.278408581, -1.2767151352, -1.1566707526, -0.9907742205, -0.9241342053, -0.82640941, -0.6510725556, -0.3438333199, 0.0913537642, 1.0930415991, -1.2645984362, -1.0998065733, -1.0214716053, -0.8754117666, -0.7594734221, -0.712640133, -0.511256863, -0.1510869173, 0.1802492, 1.0301210957, -1.0535319656, -0.9911924466, -0.835843283, -0.7510765013, -0.7270060841, -0.5525643714, -0.3340124782, -0.029496454, 0.2769909645, 1.2001583323, -0.9248804868, -0.7425982622, -0.6627816285, -0.571634956, -0.4822637901, -0.3761409908, -0.1148286339, 0.2405517217, 0.5342652213, 1.1407243989, -0.638754318, -0.3210643612, -0.4399740247, -0.2912763582, -0.2308344262, -0.0497648219, 0.1717798434, 0.5393471734, 0.7154674197, 1.3115265018, -0.159224291, -0.0300422488, 0.0349203605, 0.0083817216, 0.1460488297, 0.2620603314, 0.6227457177, 0.7629626392, 1.1249407344, 1.5264898272, 0.2772710647, 0.663460599, 0.7675431576, 0.6953260297, 0.9597948835, 0.84085856, 1.1288600055, 1.2448627294, 1.6795094449, 1.7730737118, 1.4165544279, 1.6542198512, 1.8237665423, 1.7058018942, 1.7295903977, 1.7717524601, 1.7080520811, 1.9702467738, 2.0808905794, 2.0579579674]}