{"source": [{"position": [226.72693174389494, 190.2916141662559], "counts": 500000.0}, {"position": [117.01280726313274, -320.29518094470444], "counts": 500000.0}], "output": [0.0, 0.0, 0.0, 0.0, 0.0, 0.0, 0.0, 0.0, 0.0, 0.0, 0.0, 0.0, 0.0, 0.0, 0.0, 0.0, 0.0, 0.0, 0.0, 0.2161186191, 0.2838813809, 0.0, 0.0, 0.0, 0.0, 0.0, 0.0, 0.0, 0.0, 0.0, 0.0, 0.0, 0.0, 0.0, 0.0, 0.0, 0.0, 0.0, 0.0, 0.4438496162, 0.0561503838, 0.0, 0.0, 0.0, 0.0, 0.0, 0.0, 0.0, 0.0, 0.0, 0.0, 0.0, 0.0, 0.0, 0.0, 0.0, 0.0, 0.0, 0.0, 0.0, 0.0, 0.0, 0.0, 0.0], "num_sources": 2, "seg_angles": 64, "input": [-0.0363325811, 0.5537319367, 0.5248687068, 0.41249349, 0.8443636396, 0.78236881, 0.9225271975, 1.2944384543, 1.4887537629, 2.5781014552, -0.2662638469, -0.0639752428, -0.02277301, -0.0189102211, 0.065548332, 0.285764035, 0.5863361992, 1.0377266781, 1.2656299588, 2.2408956533, -0.8755591836, -0.7165081063, -0.4687965285, -0.5836823653, -0.2632876206, -0.4120924053, 0.0684345233, 0.419352621, 1.1712333465, 2.0095399044, -1.1100745929, -1.0375562302, -0.9873970447, -0.9073274078, -0.6728282254, -0.6241180409, -0.2718177752, 0.2209266393, 0.945241536, 2.2173153613, -1.2616983979, -1.3168241894, -1.1084723506, -1.1357797826, -1.0441248502, -0.8869164896, -0.4233588748, -0.1042125899, 0.4883353883, 2.1795296793, -1.4746035863, -1.3536435854, -1.0746128554, -1.0522013094, -1.199331524, -0.9983664771, -0.7755729335, -0.3978245015, 0.6280420352, 2.3392989885, -1.1116290887, -1.1140417855, -1.10347515, -1.0269865136, -1.0709365572, -0.9917587369, -0.8365329422, -0.3698809702, 0.2708909886, 2.1823542678, -1.0505333008, -0.9368235017, -0.6558277676, -0.722888778, -0.9319017235, -0.73251846, -0.7192826324, -0.3133461684, 0.5477749535, 1.7648843515, -0.5699221987, -0.4575848046, -0.3078540175, -0.2079115984, -0.3635617481, -0.1973858535, -0.1836980643, -0.0362150361, 0.6371233288, 1.9063033112, 0.1042889186, 0.4391203001, 0.4220592443, 0.7035792349, 0.441989708, 0.5332099391, 0.3624352639, 0.4543695445, 0.7699471295, 1.8482133075]}