{"source": [{"position": [126.67673605553115, -102.57682263707184], "counts": 500000.0}, {"position": [140.34964627443276, -212.90133111524125], "counts": 500000.0}], "output": [0.0, 0.0, 0.0, 0.0, 0.0, 0.0, 0.0, 0.0, 0.0, 0.0, 0.0, 0.0, 0.0, 0.0, 0.0, 0.0, 0.0, 0.0, 0.0, 0.0, 0.0, 0.0316599526, 0.4683400474, 0.0, 0.0, 0.4665701311, 0.0334298689, 0.0, 0.0, 0.0, 0.0, 0.0, 0.0, 0.0, 0.0, 0.0, 0.0, 0.0, 0.0, 0.0, 0.0, 0.0, 0.0, 0.0, 0.0, 0.0, 0.0, 0.0, 0.0, 0.0, 0.0, 0.0, 0.0, 0.0, 0.0, 0.0, 0.0, 0.0, 0.0, 0.0, 0.0, 0.0, 0.0, 0.0], "num_sources": 2, "seg_angles": 64, "input": [1.4685718965, 1.6233256931, 1.616876992, 1.8185280789, 1.612043716, 1.6918759862, 1.8792996369, 1.7177906519, 1.6085249171, 1.7531326836, 0.3969258749, 0.5572790133, 0.6840512321, 0.7065698212, 0.6341876488, 0.7608711459, 0.7387072429, 0.6845733483, 0.9505958052, 1.5615556879, -0.20703256, -0.0978740339, -0.0400886455, 0.019280347, -0.0728784039, 0.1428706251, 0.1138864048, 0.3184270128, 0.7155229146, 1.6816956229, -0.6177789642, -0.5283161853, -0.5357240864, -0.4938884121, -0.3719510523, -0.4462418719, -0.2255959103, 0.0296066115, 0.5412757455, 1.7626465238, -0.8901251514, -0.9056052912, -0.718337309, -0.7340140827, -0.6104279004, -0.6552371526, -0.3414325423, -0.0886820415, 0.806824134, 1.7394396391, -1.0865112567, -0.9494560313, -0.9436690578, -0.9019524026, -0.8662671569, -0.5761392397, -0.50962411, -0.151727806, 0.7716942455, 1.6086552651, -1.149825338, -1.1030360114, -1.052961962, -0.9980432863, -0.8928531202, -0.814571496, -0.51161922, -0.0735794826, 0.5718366013, 1.6013701517, -1.2078054466, -1.1791956545, -1.1014259554, -1.0549983094, -0.9547995302, -0.8159721893, -0.498367722, -0.0081267841, 0.8688595935, 1.7170637541, -1.2527015649, -1.1743055535, -1.1619896706, -1.0920738279, -0.9906351658, -0.8370069091, -0.5637140442, -0.1144651269, 0.7063352639, 1.5192919509, -1.3096382028, -1.2549259159, -1.1966858211, -1.1884743665, -1.0871891431, -0.9770861351, -0.7166244476, -0.3503541779, 0.326275922, 1.2234848368]}