{"source": [{"position": [-119.84256005599327, 197.48103908787203], "counts": 500000.0}, {"position": [-147.77509698393243, -270.23419604370827], "counts": 500000.0}], "output": [0.0, 0.0, 0.0, 0.0, 0.0, 0.0, 0.0, 0.0, 0.0, 0.0, 0.0485902399, 0.4514097601, 0.0, 0.0, 0.0, 0.0, 0.0, 0.0, 0.0, 0.0, 0.0, 0.0, 0.0, 0.0, 0.0, 0.0, 0.0, 0.0, 0.0, 0.0, 0.0, 0.0, 0.0, 0.0, 0.0, 0.0, 0.0, 0.0, 0.0, 0.0, 0.0, 0.0, 0.0, 0.0, 0.0, 0.0, 0.0, 0.0, 0.0, 0.0, 0.0, 0.0, 0.0, 0.2220690999, 0.2779309001, 0.0, 0.0, 0.0, 0.0, 0.0, 0.0, 0.0, 0.0, 0.0], "num_sources": 2, "seg_angles": 64, "input": [2.2834291703, 1.3069753436, 0.7742266641, 0.4175630538, 0.2900433068, 0.3146365766, 0.2658313463, 0.1448719092, 0.3313914415, -0.0811476495, 2.064492829, 0.8493265828, 0.3263425976, -0.0552753888, -0.4959724418, -0.2569007103, -0.4779157035, -0.2761429857, -0.5350194176, -0.7858528843, 1.7635010528, 0.4435003717, -0.1374133183, -0.5104199244, -0.7139327744, -0.5386233366, -0.5999749085, -0.6271688761, -0.8098838081, -1.0858039642, 2.0580476116, 0.330505724, -0.3214953068, -0.8152456687, -0.9871021893, -0.9896766919, -1.1054847096, -1.0192611377, -1.078417029, -1.14115284, 2.1034951603, 0.50181307, -0.4656327972, -0.8544311248, -1.1849602688, -0.9867645643, -1.1181636954, -1.045401947, -1.1706066293, -1.3857340556, 2.2414318111, 0.3743070607, -0.660513471, -0.885325469, -0.9295756052, -1.0633997742, -1.1627589129, -1.1427196593, -1.1383847092, -1.2544458546, 2.2269159053, 0.448508977, -0.5696512822, -0.617383931, -0.7928085595, -0.6694602423, -0.8574849284, -0.8571829067, -0.9643929258, -1.0976671812, 2.4162574693, 0.7545210408, 0.1032878818, -0.114021709, -0.3663329531, -0.2237971633, -0.4425000405, -0.4056914515, -0.4191781146, -0.7291660594, 2.2624388277, 0.94387327, 0.4319606995, 0.5462122701, 0.4768679427, 0.3016639046, 0.0776411525, -0.0228081141, 0.0960832381, 0.028721529, 2.1905806514, 1.540726042, 1.3424739331, 1.1985636962, 0.8383094646, 0.959516601, 0.8341915617, 0.7813873248, 0.65215401, 0.4050396882]}