{"source": [{"position": [145.32140952554718, -441.70882709485016], "counts": 500000.0}, {"position": [446.995734676031, 1.952736908875962], "counts": 500000.0}], "output": [0.0, 0.0, 0.0, 0.0, 0.0, 0.0, 0.0, 0.0, 0.0, 0.0, 0.0, 0.0, 0.0, 0.0, 0.0, 0.0, 0.0, 0.0, 0.0, 0.38123444, 0.11876556, 0.0, 0.0, 0.0, 0.0, 0.0, 0.0, 0.0, 0.0, 0.0, 0.0, 0.0, 0.4777511431, 0.0222488569, 0.0, 0.0, 0.0, 0.0, 0.0, 0.0, 0.0, 0.0, 0.0, 0.0, 0.0, 0.0, 0.0, 0.0, 0.0, 0.0, 0.0, 0.0, 0.0, 0.0, 0.0, 0.0, 0.0, 0.0, 0.0, 0.0, 0.0, 0.0, 0.0, 0.0], "num_sources": 2, "seg_angles": 64, "input": [0.4588971494, 0.7496093022, 0.7095087869, 0.9277764698, 1.2036774218, 1.0740210811, 1.3145359591, 1.6475298705, 1.7600376175, 2.0168264968, -0.0382732098, 0.0521849185, 0.1995245285, 0.3397455766, 0.3733745835, 0.5742086713, 0.8207657992, 1.0036047621, 1.5715141584, 1.8787081307, -0.6336031621, -0.14263922, -0.1253634085, 0.1442948917, 0.084910643, 0.2460034787, 0.4004951584, 0.8330892888, 1.2525496504, 2.2455359319, -0.862168732, -0.4428044682, -0.5442203895, -0.3472522625, -0.2922529773, -0.0889596219, -0.1135509714, 0.3676381015, 0.7133930932, 1.9661539761, -1.0342153602, -0.8912559224, -0.8001297941, -0.5928475633, -0.3454435602, -0.268550599, -0.1867992902, 0.1739553522, 1.0010924051, 1.7261487114, -1.1574326077, -1.1201107559, -0.9258538894, -0.7960018677, -0.6390136768, -0.6330674554, -0.1877605864, 0.1153366061, 0.6918396345, 2.22253283, -1.2589153837, -1.1858242353, -0.9956293134, -0.8124125809, -0.8684321487, -0.6252254194, -0.4867044398, -0.0422888297, 0.7660684887, 1.7133332377, -1.315260442, -1.2288810791, -1.1656440484, -0.9037039404, -0.9517985013, -0.8312111897, -0.3868740498, -0.0170095883, 0.871431303, 2.1161786984, -1.2876649113, -1.2234081272, -1.227406699, -1.1616542613, -0.9314240813, -0.9025302812, -0.5635063444, -0.1330069718, 0.492266477, 1.8278987541, -1.3736876331, -1.2657292892, -1.2403615488, -1.170805187, -1.027259272, -0.919665451, -0.7475245796, -0.4161038423, 0.0763834301, 1.1525435964]}