{"source": [{"position": [236.91074111451258, -6.503902257292839], "counts": 500000.0}, {"position": [401.18750149221984, -276.07533147028926], "counts": 500000.0}], "output": [0.0, 0.0, 0.0, 0.0, 0.0, 0.0, 0.0, 0.0, 0.0, 0.0, 0.0, 0.0, 0.0, 0.0, 0.0, 0.0, 0.0, 0.0, 0.0, 0.0, 0.0, 0.0, 0.0, 0.0, 0.0, 0.069655592, 0.430344408, 0.0, 0.0, 0.0, 0.0, 0.1397816929, 0.3602183071, 0.0, 0.0, 0.0, 0.0, 0.0, 0.0, 0.0, 0.0, 0.0, 0.0, 0.0, 0.0, 0.0, 0.0, 0.0, 0.0, 0.0, 0.0, 0.0, 0.0, 0.0, 0.0, 0.0, 0.0, 0.0, 0.0, 0.0, 0.0, 0.0, 0.0, 0.0], "num_sources": 2, "seg_angles": 64, "input": [-0.3245477999, -0.2572696676, -0.1407769531, 0.1134374729, 0.069031351, 0.2004350088, 0.4909911279, 0.630922093, 1.3091744154, 1.6663032442, -0.6817048841, -0.5756030029, -0.4002799502, -0.5034584045, -0.2907734999, -0.1612905041, 0.3945665918, 0.7636446607, 1.2580598737, 2.1312229372, -0.8724012066, -0.8005600566, -0.7346586434, -0.5800196292, -0.4738331284, -0.311013659, 0.1313320189, 0.6154400042, 1.374251291, 2.1851273769, -1.0346482617, -0.8569031198, -0.760883119, -0.7034107553, -0.5058963355, -0.5242509844, -0.0097964361, 0.6321181048, 1.3785121728, 2.1305594512, -1.0871040237, -1.0133129967, -0.9053295308, -0.8738293219, -0.6446444615, -0.3819474389, 0.1726778903, 0.8281228438, 1.2913764101, 2.1151019793, -1.0661330563, -0.9788680874, -0.924595294, -0.7943135541, -0.6391607039, -0.2718047502, 0.0557838266, 0.5716895738, 1.2355530744, 2.081789261, -1.1644534173, -0.9935396864, -0.9822593479, -0.7975960855, -0.6107904984, -0.1756533515, 0.2304169997, 0.6771850611, 1.2555184059, 2.1870632112, -1.162466901, -1.0768163336, -0.9292322536, -0.7395642998, -0.6022470181, -0.2848292413, 0.1131747192, 0.6257436964, 1.2551263319, 2.4539616379, -1.2174568834, -1.0837897459, -1.0118776917, -0.8105466219, -0.6914303109, -0.3636507081, -0.0800280022, 0.554346396, 1.2631735189, 2.3752267131, -1.2152940347, -1.1359762477, -1.0115846018, -0.8779987335, -0.77765051, -0.5594192353, -0.1765751658, 0.3780564881, 0.765714785, 1.6558181285]}