{"source": [{"position": [48.04099357264823, 32.49712197338052], "counts": 500000.0}, {"position": [-389.1802615678903, 37.6792251240453], "counts": 500000.0}], "output": [0.0084476318, 0.0, 0.0, 0.0, 0.0, 0.0, 0.0, 0.0, 0.0, 0.0, 0.0, 0.0, 0.0, 0.0, 0.0, 0.0, 0.0, 0.0, 0.0, 0.0, 0.0, 0.0, 0.0, 0.0, 0.0, 0.0, 0.0, 0.0, 0.0, 0.0, 0.0, 0.0, 0.0, 0.0, 0.0, 0.0, 0.0, 0.0, 0.4710030495, 0.0289969505, 0.0, 0.0, 0.0, 0.0, 0.0, 0.0, 0.0, 0.0, 0.0, 0.0, 0.0, 0.0, 0.0, 0.0, 0.0, 0.0, 0.0, 0.0, 0.0, 0.0, 0.0, 0.0, 0.0, 0.4915523682], "num_sources": 2, "seg_angles": 64, "input": [-1.0056352982, -1.1401528782, -1.1707918875, -1.1238380422, -1.0666018808, -0.9360317933, -0.7051330624, -0.2024565109, 0.5212254558, 1.4975534922, -0.9374551205, -1.049309414, -1.1108966628, -1.0808568962, -1.0617048566, -0.7432024126, -0.4629081852, -0.006677399, 0.9120847674, 1.7713971008, -0.9999315775, -0.9749038242, -1.0423964279, -1.0291827023, -0.9368244753, -0.7974795329, -0.4649413788, 0.0060753501, 0.7642632273, 1.7877878649, -0.9638074601, -0.9158265021, -0.9897133231, -0.9473170593, -0.8427510233, -0.7633129241, -0.3365138263, 0.1367706256, 0.8513335676, 1.9603756221, -0.8334714041, -0.8980264316, -0.9226982595, -0.9473521797, -0.9209086426, -0.7474924339, -0.3773884692, 0.2893101405, 0.8903938959, 1.9801329189, -0.8058447099, -0.7978611921, -0.8985911807, -0.8784373748, -0.7279447078, -0.6222445825, -0.2258649229, 0.2476383493, 0.9664172129, 2.0274614387, -0.6674432566, -0.6245001762, -0.6333681055, -0.7589775869, -0.6566587776, -0.5786463545, -0.2739857943, 0.3054127624, 0.9404142243, 2.0540331396, -0.3909652031, -0.3677412427, -0.3737814883, -0.5001084504, -0.4259625999, -0.3975808308, -0.2186980872, 0.3323292221, 1.0720626076, 2.1051084799, 0.0873780394, 0.2767067547, 0.2828318235, 0.2151456647, 0.2082635748, 0.2626499794, 0.3319645362, 0.4887370343, 1.0913075701, 1.9076899552, 1.2402892711, 1.3112787324, 1.4803371127, 1.4549462056, 1.4369571007, 1.4427451003, 1.3993864046, 1.5617583841, 1.5709424551, 1.8102016181]}