{"source": [{"position": [189.51140348322255, -439.9163874531377], "counts": 500000.0}, {"position": [-114.50074865703975, -83.98558541188729], "counts": 500000.0}], "output": [0.0, 0.0, 0.0, 0.0, 0.0, 0.0, 0.2769053481, 0.2230946519, 0.0, 0.0, 0.0, 0.0, 0.0, 0.0, 0.0, 0.0, 0.0, 0.0, 0.0, 0.0, 0.4283666832, 0.0716333168, 0.0, 0.0, 0.0, 0.0, 0.0, 0.0, 0.0, 0.0, 0.0, 0.0, 0.0, 0.0, 0.0, 0.0, 0.0, 0.0, 0.0, 0.0, 0.0, 0.0, 0.0, 0.0, 0.0, 0.0, 0.0, 0.0, 0.0, 0.0, 0.0, 0.0, 0.0, 0.0, 0.0, 0.0, 0.0, 0.0, 0.0, 0.0, 0.0, 0.0, 0.0, 0.0], "num_sources": 2, "seg_angles": 64, "input": [2.027885623, 1.7194307231, 1.8719548974, 1.7381954878, 1.5623553163, 1.9774650091, 1.7822544131, 1.8098964916, 1.6565984539, 1.4007633476, 1.9505409021, 1.2548055488, 0.9950519504, 0.8009973155, 0.8627000045, 0.6828331242, 0.5787723459, 0.6699742626, 0.5937694482, 0.375747771, 1.8045971002, 0.7839150089, 0.4696158722, 0.0536739528, -0.1010948519, -0.2743593315, -0.2053281079, -0.2310656277, -0.2047243998, -0.3544795262, 1.4984695291, 0.803904646, 0.2756166085, -0.3194405175, -0.4815492356, -0.5693502884, -0.5900187872, -0.6703633736, -0.648971247, -0.5736978956, 1.4467172788, 0.909036225, -0.0182504246, -0.2807811625, -0.6519924773, -0.7346900023, -0.864380417, -0.8843441343, -0.8356798207, -0.5448714268, 1.4057583069, 0.5775411907, 0.140820931, -0.3410341552, -0.7051652857, -0.8860090888, -1.0057576271, -1.0681259498, -1.0362573287, -0.7631135597, 1.4421155785, 0.4600912253, -0.1337943373, -0.4460645012, -0.6702295227, -0.9829193398, -1.0509814749, -1.1183443917, -1.0403017202, -0.7996972592, 1.3843182571, 0.5999647172, -0.0711770737, -0.5772566851, -0.8283823627, -1.0164182362, -1.0883016835, -1.1436875847, -1.0921395756, -0.792588495, 1.2966077099, 0.653226026, -0.1220935694, -0.6111806977, -0.9611344766, -1.0812456324, -1.1732151117, -1.1553163819, -1.1652087971, -0.8464834994, 1.1384448256, 0.1642162876, -0.2735858051, -0.7589927843, -1.0441108218, -1.16556367, -1.2364067597, -1.2722017184, -1.1834771444, -0.8732465492]}