{"source": [{"position": [96.89049641786708, 293.4164816500588], "counts": 500000.0}, {"position": [-184.63448511315076, 154.8906288546913], "counts": 500000.0}], "output": [0.0, 0.0, 0.0, 0.0, 0.0, 0.0, 0.0, 0.0, 0.0, 0.0, 0.0, 0.0, 0.0, 0.0, 0.0, 0.0, 0.0, 0.0, 0.0, 0.0, 0.0, 0.0, 0.0, 0.0, 0.0, 0.0, 0.0, 0.0, 0.0, 0.0, 0.0, 0.0, 0.0, 0.0, 0.0, 0.0, 0.0, 0.0, 0.0, 0.0, 0.0, 0.0, 0.0, 0.0, 0.1243549604, 0.3756450396, 0.0, 0.0, 0.0, 0.0, 0.0, 0.0, 0.0, 0.0, 0.0, 0.0, 0.0549711581, 0.4450288419, 0.0, 0.0, 0.0, 0.0, 0.0, 0.0], "num_sources": 2, "seg_angles": 64, "input": [0.3888593266, -0.1980023886, -0.698553989, -1.0233936578, -1.1165162041, -1.2255176161, -1.2653761728, -1.2827247156, -1.095632282, -0.6073575852, 0.6008545215, 0.1873330881, -0.5353289113, -0.8830482035, -0.967989799, -1.1453568314, -1.1895515872, -1.2529710633, -1.0747060429, -0.4911121691, 0.5145313016, -0.052887026, -0.4474673211, -0.8303205639, -0.9481994793, -1.0924958329, -1.2206338588, -1.1564925578, -0.9458749468, -0.5863820184, 0.6966616393, 0.0077969354, -0.3772815388, -0.6578950859, -0.8544309227, -0.9170891212, -1.131038937, -1.0613496035, -1.0001571091, -0.5220986345, 0.7450583591, 0.1187740828, -0.2816655733, -0.5011702667, -0.8193654358, -0.8563161257, -1.025060619, -1.0366238684, -0.8319951542, -0.4485719603, 0.7517817645, 0.4574652505, -0.1690620663, -0.409795291, -0.6315850953, -0.692342535, -0.7698157654, -0.6787350889, -0.6865953172, -0.2109129193, 1.216894952, 0.7731419807, 0.0513093158, -0.2568672604, -0.3320857525, -0.3081652035, -0.3329681884, -0.417801826, -0.4666428361, -0.0202042788, 1.3412951385, 0.6881814289, 0.3486697671, 0.3033438915, 0.3235964011, 0.2157164008, 0.1203941847, 0.1226996661, 0.1351892101, 0.3064291864, 1.6337721366, 1.2387290364, 1.2025755106, 1.2348674434, 1.0081497205, 1.0979780436, 1.2735714299, 1.1570495799, 0.8383012704, 0.742344632, 1.9208939488, 2.0004068926, 1.9911781299, 2.1675799274, 2.0511176001, 2.2876022259, 2.0922425817, 1.9787020779, 2.0057932295, 1.7007489935]}