{"source": [{"position": [223.57538986389184, -39.281612074974326], "counts": 500000.0}, {"position": [6.927686834333033, 35.32714473496845], "counts": 500000.0}], "output": [0.0, 0.0, 0.0, 0.0, 0.0, 0.0, 0.0, 0.0, 0.0, 0.0, 0.0, 0.0, 0.0, 0.0, 0.0, 0.0, 0.0, 0.0, 0.0, 0.0, 0.0, 0.0, 0.0, 0.0, 0.0, 0.0, 0.0, 0.0, 0.0, 0.0, 0.3857787538, 0.1142212462, 0.0, 0.0, 0.0, 0.0, 0.0, 0.0, 0.0, 0.0, 0.0, 0.0, 0.0, 0.0, 0.0, 0.0, 0.4862191785, 0.0137808215, 0.0, 0.0, 0.0, 0.0, 0.0, 0.0, 0.0, 0.0, 0.0, 0.0, 0.0, 0.0, 0.0, 0.0, 0.0, 0.0], "num_sources": 2, "seg_angles": 64, "input": [-1.0427216584, -0.9839803079, -0.9659599735, -1.011046233, -0.9713554406, -0.9326886423, -0.9634406681, -0.8994846027, -0.7787839191, -0.4726731117, -1.0973631431, -1.0706502925, -1.0407863605, -1.0041523126, -0.9939832081, -0.9593537285, -0.9056919859, -0.8443262076, -0.7231735227, -0.4033947252, -1.0565903523, -1.0195050629, -0.9724390995, -0.9037179022, -0.8905740876, -0.8632835553, -0.7781701194, -0.7251478618, -0.6203194674, -0.3057458125, -0.9907288222, -0.9005210633, -0.8276514829, -0.8152889734, -0.7479912435, -0.692313321, -0.6831211251, -0.5717349961, -0.4730740624, -0.2088395126, -0.8118109901, -0.7229982923, -0.7063118139, -0.5908536134, -0.5871063012, -0.4852958483, -0.4394139431, -0.4009046059, -0.3093705469, -0.0322461936, -0.6391965374, -0.4085799849, -0.4609646719, -0.3485616125, -0.3747530372, -0.2653794791, -0.201506185, -0.1274163575, -0.0659290871, 0.086967994, -0.3119699776, -0.1579101869, 0.0280707091, 0.0192513894, 0.0995772861, 0.1593516886, 0.173680858, 0.3222998215, 0.2728787666, 0.3775557591, 0.1248482799, 0.3128800035, 0.5764854132, 0.4862249287, 0.6810448525, 0.7063131688, 0.7472511174, 0.8028667406, 0.8153381556, 0.6961699693, 0.7242071, 1.1843433202, 1.2817108434, 1.2825802092, 1.4266020929, 1.4586380194, 1.458777044, 1.4744994042, 1.5692053074, 1.3666403004, 1.5720587363, 1.8147633471, 2.0621251963, 2.0381541951, 2.1051873771, 2.2331192896, 2.2267585655, 2.3223663619, 2.3665410302, 2.1029125912]}