{"source": [{"position": [-198.3012732913635, -108.40943229730505], "counts": 500000.0}, {"position": [-3.375771817628178, -25.779917855480207], "counts": 500000.0}], "output": [0.0, 0.0, 0.0, 0.0, 0.0, 0.4519990495, 0.0480009505, 0.0, 0.0, 0.0, 0.0, 0.0, 0.0, 0.0, 0.1631284529, 0.3368715471, 0.0, 0.0, 0.0, 0.0, 0.0, 0.0, 0.0, 0.0, 0.0, 0.0, 0.0, 0.0, 0.0, 0.0, 0.0, 0.0, 0.0, 0.0, 0.0, 0.0, 0.0, 0.0, 0.0, 0.0, 0.0, 0.0, 0.0, 0.0, 0.0, 0.0, 0.0, 0.0, 0.0, 0.0, 0.0, 0.0, 0.0, 0.0, 0.0, 0.0, 0.0, 0.0, 0.0, 0.0, 0.0, 0.0, 0.0, 0.0], "num_sources": 2, "seg_angles": 64, "input": [1.9991931961, 2.2585702597, 2.2873504795, 2.3057998607, 2.354231008, 2.2999245314, 2.2028764407, 2.1863006925, 2.0139301266, 1.7318907782, 1.1066444249, 1.4021438302, 1.4303573014, 1.419137092, 1.5572112919, 1.449779056, 1.3396773223, 1.3516868427, 1.2079734485, 0.8788621132, 0.4606866879, 0.6320603699, 0.6995945497, 0.7343744532, 0.6438594579, 0.6404690429, 0.6172298655, 0.6358614505, 0.4966358871, 0.2049905873, 0.0625140115, 0.1688773645, 0.1149895674, 0.1861070749, 0.1272165355, 0.1315783587, 0.0338922928, 0.0442037444, -0.1279591914, -0.2394107813, -0.225382759, -0.2358650385, -0.1815609737, -0.2093186731, -0.2439017509, -0.2774211126, -0.3089162929, -0.376946238, -0.4085453176, -0.5324236273, -0.4007096586, -0.4104566631, -0.4147168126, -0.4449587655, -0.5097319705, -0.5097326172, -0.5729015334, -0.6014326849, -0.6558634572, -0.7495367495, -0.5858447182, -0.5864868504, -0.5816370728, -0.5978402851, -0.6820459411, -0.6823116764, -0.7390980717, -0.7138706982, -0.793957281, -0.8666652389, -0.6376942462, -0.6833467324, -0.6878965395, -0.7676743092, -0.7658675857, -0.8115584097, -0.8657951328, -0.8634527882, -0.8749493663, -0.936880208, -0.6841936405, -0.7361511198, -0.8002282411, -0.828181917, -0.8856112818, -0.8977995653, -0.9319093124, -0.9684529704, -0.9595177361, -1.0050155229, -0.763708475, -0.8359065315, -0.8650435244, -0.9219679366, -0.9548430805, -0.9687353687, -0.9833885728, -1.0128847596, -1.013432206, -1.0391438152]}