{"source": [{"position": [390.1691531784199, -25.47610464797766], "counts": 500000.0}, {"position": [-244.682121688558, 185.41752701938861], "counts": 500000.0}], "output": [0.0, 0.0, 0.0, 0.0, 0.0, 0.0, 0.0, 0.0, 0.0, 0.0, 0.0, 0.0, 0.0, 0.0, 0.0, 0.0, 0.0, 0.0, 0.0, 0.0, 0.0, 0.0, 0.0, 0.0, 0.0, 0.0, 0.0, 0.0, 0.0, 0.0, 0.0, 0.3320734423, 0.1679265577, 0.0, 0.0, 0.0, 0.0, 0.0, 0.0, 0.0, 0.0, 0.0, 0.0, 0.0, 0.0, 0.0, 0.0, 0.0, 0.0, 0.0, 0.0, 0.0, 0.0, 0.0, 0.0, 0.0, 0.0, 0.3026190651, 0.1973809349, 0.0, 0.0, 0.0, 0.0, 0.0], "num_sources": 2, "seg_angles": 64, "input": [0.9927399686, -0.074194733, -0.6187561832, -1.0895286346, -1.2063500839, -1.3793422692, -1.4713046908, -0.9308537299, -0.2022579423, 0.3008602488, 1.1607933146, -0.0444370813, -0.4485911044, -1.1087006013, -1.2956661736, -1.2246240329, -1.3068591287, -0.6583057578, -0.1425322086, 0.5113843171, 1.1399431045, 0.2224753896, -0.3988411773, -0.8953458592, -1.2770719314, -1.2288782499, -1.1584747242, -0.4328273473, 0.0723008295, 1.1452804353, 1.2313801415, 0.0570071794, -0.5479057965, -0.9706369401, -1.0753667701, -0.937173974, -0.9569708588, -0.685035539, 0.1175151006, 0.9356203545, 0.9357481906, -0.0839800646, -0.8053632028, -0.8792658623, -1.3223919307, -1.0629654271, -1.0360567034, -0.4408055494, 0.0462853528, 0.4926214123, 1.1820829003, 0.3757463557, -0.777791217, -1.02313633, -1.0961853338, -1.2496582443, -0.9218703231, 0.0237060964, 0.0081499764, 0.4686963135, 1.0252549231, -0.1080211476, -0.5044307632, -0.9051281964, -1.2250883779, -1.0119529429, -0.5672201164, 0.058427388, 0.4186437011, 1.039900321, 1.0713309106, 0.1282851543, -0.2031985956, -0.5621755679, -0.9833146738, -0.5126450951, -0.1391091315, 0.4595940183, 0.8875544938, 1.5097745444, 1.1760461944, 0.2114413405, 0.216866051, -0.0899125448, 0.0132771423, 0.378663992, 0.6610190725, 1.5690278594, 2.0217715979, 2.2407380822, 0.6250552563, 0.808084424, 0.7124515961, 1.2121282329, 1.0784954693, 1.3806940469, 1.6976149882, 1.7441604696, 2.3561096832, 3.1557529297]}