{"source": [{"position": [345.4885947934456, -272.46583431258017], "counts": 500000.0}, {"position": [406.2984545939961, 143.81434488440462], "counts": 500000.0}], "output": [0.0, 0.0, 0.0, 0.0, 0.0, 0.0, 0.0, 0.0, 0.0, 0.0, 0.0, 0.0, 0.0, 0.0, 0.0, 0.0, 0.0, 0.0, 0.0, 0.0, 0.0, 0.0, 0.0, 0.0, 0.0, 0.4009506953, 0.0990493047, 0.0, 0.0, 0.0, 0.0, 0.0, 0.0, 0.0, 0.0, 0.2673738025, 0.2326261975, 0.0, 0.0, 0.0, 0.0, 0.0, 0.0, 0.0, 0.0, 0.0, 0.0, 0.0, 0.0, 0.0, 0.0, 0.0, 0.0, 0.0, 0.0, 0.0, 0.0, 0.0, 0.0, 0.0, 0.0, 0.0, 0.0, 0.0], "num_sources": 2, "seg_angles": 64, "input": [0.1402083545, 0.2682023466, 0.3299373036, 0.4068649285, 0.3426472129, 0.4684599927, 0.856710534, 1.0876989543, 1.79026255, 1.8301953114, -0.4860746879, -0.4200915881, -0.3260181833, -0.2878046101, 0.0449533246, 0.068117877, 0.2784399667, 0.6693622302, 1.1860489738, 2.3653972329, -0.9110121498, -0.8664065837, -0.5563780258, -0.6775869975, -0.3171859021, -0.3703589029, -0.244893279, 0.5074632621, 1.3863708092, 2.0099477983, -1.0668919997, -0.9391143893, -0.8660929476, -0.8104800078, -0.697794494, -0.5795002276, -0.2355105081, 0.2998751165, 1.456815907, 2.0857904543, -1.2503511894, -1.1441513269, -0.9973547481, -0.9863691578, -0.7588700784, -0.4888115804, -0.2460955774, 0.3071713598, 1.3205066114, 2.2075225003, -1.2573162642, -1.2160872959, -1.1237193087, -0.9812483331, -0.7973115155, -0.5110996836, -0.0181927323, 0.1645922846, 1.1009246024, 2.1743202094, -1.2969963635, -1.2674284225, -1.1367699335, -0.8725578074, -0.7255136689, -0.6411505597, -0.1826104632, 0.2821000784, 1.0579021452, 2.3387348377, -1.2575707074, -1.1539344013, -1.0657017017, -1.0560693005, -0.8419026043, -0.671615253, -0.2154125016, 0.2475359647, 1.3766694065, 2.0071576572, -0.9772691422, -0.9244789404, -0.9275426674, -0.7535627846, -0.7522730945, -0.5899343954, -0.1883306782, 0.2484832739, 0.9980744071, 1.8183752279, -0.3095515014, -0.2635290853, -0.154753955, -0.0238795604, -0.1354133268, -0.0447945505, 0.2448433413, 0.2730316571, 1.1160520723, 1.7029535681]}