{"source": [{"position": [312.2781771467808, 332.29255194464383], "counts": 500000.0}, {"position": [-142.2232894943342, -37.1690183541456], "counts": 500000.0}], "output": [0.0, 0.0, 0.1981109015, 0.3018890985, 0.0, 0.0, 0.0, 0.0, 0.0, 0.0, 0.0, 0.0, 0.0, 0.0, 0.0, 0.0, 0.0, 0.0, 0.0, 0.0, 0.0, 0.0, 0.0, 0.0, 0.0, 0.0, 0.0, 0.0, 0.0, 0.0, 0.0, 0.0, 0.0, 0.0, 0.0, 0.0, 0.0, 0.0, 0.0, 0.0, 0.341910858, 0.158089142, 0.0, 0.0, 0.0, 0.0, 0.0, 0.0, 0.0, 0.0, 0.0, 0.0, 0.0, 0.0, 0.0, 0.0, 0.0, 0.0, 0.0, 0.0, 0.0, 0.0, 0.0, 0.0], "num_sources": 2, "seg_angles": 64, "input": [1.6138089349, 0.751579494, 0.473999323, 0.2976649038, 0.1226077778, 0.1550713358, 0.1541272538, 0.2361084091, 0.3846415289, 0.5803449969, 1.8648829068, 1.0813472547, 0.4135477403, -0.255874847, -0.6084234678, -0.8279598159, -0.977684423, -0.8062575905, -0.6493126174, -0.3675367661, 1.8289858289, 1.192055589, 0.2267586363, -0.2255536576, -0.771024989, -0.9607346435, -0.978219005, -0.9493664819, -0.9197204711, -0.5163727005, 2.3713268142, 1.134162482, 0.191678888, -0.1692416957, -0.7065995345, -1.0106512871, -1.0619886548, -0.9851139351, -0.9463266919, -0.7101881353, 1.9104340076, 1.177640577, 0.4556737598, -0.3878078803, -0.6629893598, -0.9892329201, -1.1168776368, -1.0941045546, -0.8879626506, -0.631671135, 2.1652734774, 1.2783693366, 0.6040322691, -0.0731808568, -0.6402927727, -1.0306638193, -1.1010431391, -0.9340741773, -0.8168339899, -0.5543407014, 2.162710755, 1.5542810439, 0.4012291157, -0.0311672417, -0.4417414677, -0.7519060876, -0.9783935486, -1.087549242, -0.8111737848, -0.748936257, 2.2268031452, 1.6002584305, 0.6161132568, 0.3261690151, -0.41436617, -0.5267471553, -0.8992364593, -0.8869455333, -0.9579368374, -0.6362230811, 2.4511422021, 1.4679402678, 0.8293054687, 0.2184419836, -0.2726186476, -0.4704641167, -0.4492517718, -0.771979304, -1.0149157554, -0.7855197379, 2.5596247259, 1.3266621772, 0.783708435, 0.429495701, 0.101437981, -0.3530568913, -0.3692211845, -0.4947984613, -0.553846779, -0.6882247106]}