{"source": [{"position": [425.6462981617889, 33.973943856513436], "counts": 500000.0}, {"position": [227.33059188833295, 201.8335997590595], "counts": 500000.0}], "output": [0.0, 0.0, 0.0, 0.0, 0.0, 0.0, 0.0, 0.0, 0.0, 0.0, 0.0, 0.0, 0.0, 0.0, 0.0, 0.0, 0.0, 0.0, 0.0, 0.0, 0.0, 0.0, 0.0, 0.0, 0.0, 0.0, 0.0, 0.0, 0.0, 0.0, 0.0, 0.0, 0.0943537346, 0.4056462654, 0.0, 0.0, 0.0, 0.0, 0.0, 0.3022215252, 0.1977784748, 0.0, 0.0, 0.0, 0.0, 0.0, 0.0, 0.0, 0.0, 0.0, 0.0, 0.0, 0.0, 0.0, 0.0, 0.0, 0.0, 0.0, 0.0, 0.0, 0.0, 0.0, 0.0, 0.0], "num_sources": 2, "seg_angles": 64, "input": [-1.2389197824, -1.183070563, -1.1573171291, -1.1072283616, -0.9957493907, -0.6339961787, -0.4496000991, -0.1789424407, 0.85012355, 1.7289289876, -1.2083443721, -1.1634607928, -1.0705925123, -0.9925566126, -0.7546562232, -0.475543984, -0.2552893159, 0.3608782015, 1.1490778882, 2.0929718784, -1.2346467646, -1.2094161991, -1.0559333561, -0.8946053501, -0.7544337327, -0.5552234962, -0.3332642013, 0.3792263871, 1.2613365179, 2.1228657104, -1.2336987783, -1.1096326538, -1.099054664, -0.9918426943, -0.7678412977, -0.613034702, -0.3350656763, 0.2315974311, 1.0175522513, 1.9453521391, -1.0867445567, -1.0648767415, -0.984993824, -0.9985193605, -0.7818031476, -0.5205842518, -0.1760559037, 0.2548674448, 1.096816007, 1.9234913033, -1.0685566071, -0.9583671375, -0.8549626377, -0.8182749944, -0.7739873288, -0.5399025406, -0.1975875231, 0.3804927937, 1.145421039, 2.2306128949, -0.9521293876, -0.8111009811, -0.7233604906, -0.6856978011, -0.7372991249, -0.4296130255, -0.092191348, 0.6184412154, 1.1214099302, 1.9466532729, -0.7245388762, -0.4527715168, -0.4518143043, -0.3013563811, -0.2439354435, -0.2255920466, 0.1670297451, 0.4502025805, 1.1939834632, 1.9575865771, -0.213972529, 0.0143493558, -0.0771388941, 0.1933834878, 0.2304465133, 0.4779193012, 0.4048049057, 0.5103479797, 1.0770396817, 1.8258270004, 0.4395906997, 0.7785158939, 1.0313801488, 0.7573692369, 0.8168436872, 1.1607247449, 1.0151896181, 1.3646659034, 1.3508510439, 1.9245216177]}