{"source": [{"position": [-106.75426619683252, -22.011966036131916], "counts": 500000.0}, {"position": [-197.45203140049998, 14.720573895604701], "counts": 500000.0}], "output": [0.1210075489, 0.0, 0.4643822649, 0.0356177351, 0.0, 0.0, 0.0, 0.0, 0.0, 0.0, 0.0, 0.0, 0.0, 0.0, 0.0, 0.0, 0.0, 0.0, 0.0, 0.0, 0.0, 0.0, 0.0, 0.0, 0.0, 0.0, 0.0, 0.0, 0.0, 0.0, 0.0, 0.0, 0.0, 0.0, 0.0, 0.0, 0.0, 0.0, 0.0, 0.0, 0.0, 0.0, 0.0, 0.0, 0.0, 0.0, 0.0, 0.0, 0.0, 0.0, 0.0, 0.0, 0.0, 0.0, 0.0, 0.0, 0.0, 0.0, 0.0, 0.0, 0.0, 0.0, 0.0, 0.3789924511], "num_sources": 2, "seg_angles": 64, "input": [1.8205644027, 1.2129528893, 0.4801017837, 0.1626107202, 0.1003107389, -0.1378243386, -0.2784727157, -0.3030969436, -0.4029738684, -0.4527859634, 2.249705453, 1.3444271384, 0.6674389895, 0.1231614202, -0.2865098002, -0.5698537161, -0.6623610804, -0.8552156202, -0.9010815827, -0.9713384876, 2.1132461149, 1.4278501264, 0.7151891521, 0.1942069856, -0.2820443661, -0.5073968695, -0.7419040371, -0.8811861335, -0.9595874272, -1.0668584369, 2.1769129006, 1.457751443, 0.7365200403, 0.272035991, -0.2776315721, -0.6006467071, -0.6867261859, -0.8948390838, -0.9899200741, -1.0435912945, 2.0732046527, 1.3108338301, 0.6661548353, 0.1356293116, -0.153280636, -0.5129388957, -0.7274892362, -0.8697982909, -0.9722260188, -1.0659974168, 2.0709966875, 1.3199976882, 0.7797437804, 0.1020321296, -0.1739832359, -0.495024486, -0.7675240893, -0.874919905, -0.9918942602, -1.0436458953, 2.1322424626, 1.6753433657, 0.733124008, 0.1188071963, -0.1915282125, -0.5800304291, -0.7401823166, -0.8836254641, -0.9918119555, -1.086484953, 2.0907036429, 1.462844974, 0.7319927953, 0.2339275711, -0.2608625055, -0.5967495206, -0.7402259423, -0.9349443411, -1.0115533276, -1.0440016893, 2.1629834302, 1.2208682986, 0.5885113661, 0.0845757382, -0.3724228584, -0.6058197608, -0.7978335343, -0.8947355642, -0.9793444919, -1.062154673, 1.7192601058, 0.9194288566, 0.3942196963, -0.0948383192, -0.5147114815, -0.6245886284, -0.8222915663, -0.8504049095, -0.9237453644, -0.974952233]}