{"source": [{"position": [-116.28295896636865, -77.96328272992245], "counts": 500000.0}, {"position": [-202.80741324788954, -170.57008275691186], "counts": 500000.0}], "output": [0.0, 0.0, 0.0, 0.0, 0.0, 0.0, 0.4919694982, 0.4466675953, 0.0613629065, 0.0, 0.0, 0.0, 0.0, 0.0, 0.0, 0.0, 0.0, 0.0, 0.0, 0.0, 0.0, 0.0, 0.0, 0.0, 0.0, 0.0, 0.0, 0.0, 0.0, 0.0, 0.0, 0.0, 0.0, 0.0, 0.0, 0.0, 0.0, 0.0, 0.0, 0.0, 0.0, 0.0, 0.0, 0.0, 0.0, 0.0, 0.0, 0.0, 0.0, 0.0, 0.0, 0.0, 0.0, 0.0, 0.0, 0.0, 0.0, 0.0, 0.0, 0.0, 0.0, 0.0, 0.0, 0.0], "num_sources": 2, "seg_angles": 64, "input": [1.6156342069, 1.5583786122, 1.5340989682, 1.485071532, 1.5098201807, 1.4592629878, 1.6105183407, 1.4809369632, 1.3666562906, 1.0096108992, 1.8273412177, 0.9778015348, 0.5373496443, 0.3987222884, 0.4366615599, 0.4633322117, 0.5713113123, 0.3446494359, 0.3048266136, 0.0246081977, 1.7285910552, 1.0270321829, 0.4143693236, -0.0268186546, -0.2469976253, -0.2350912348, -0.233417858, -0.3032693092, -0.2291431647, -0.4683904519, 1.8342334022, 0.92605594, 0.2696637455, -0.1338167988, -0.5251637334, -0.6202016847, -0.6615388099, -0.7375124143, -0.7338319342, -0.8658483137, 1.9638146415, 0.941061156, 0.220349645, -0.3568270622, -0.5710995178, -0.7928046009, -0.87088917, -0.9401040024, -0.9177409513, -1.0613541288, 1.9607403367, 1.0920069136, 0.2668251637, -0.1860373512, -0.6367426867, -0.8238125199, -0.9478752232, -1.0126876801, -1.0582108855, -1.1162737452, 1.78530558, 1.1398281309, 0.2356171587, -0.3661232434, -0.6073545461, -0.9267143561, -1.0467967465, -1.06577777, -1.0927291063, -1.1811102347, 1.7726036628, 0.8842756286, 0.1355284511, -0.2771283354, -0.6855008745, -0.877858485, -0.9614233636, -1.1133689226, -1.1635053054, -1.2205353013, 1.5542034391, 0.8414148731, 0.0512649699, -0.4122722085, -0.6753927949, -0.8752449561, -1.0008095705, -1.1161783101, -1.1981803341, -1.2322451045, 1.479759617, 0.4569612825, -0.0314028002, -0.4839532594, -0.8870774821, -0.9980792469, -1.0699706422, -1.1619609927, -1.2248418616, -1.2310616299]}