{"source": [{"position": [-139.56116841469466, 382.32405138929624], "counts": 500000.0}, {"position": [-67.05878520888773, -383.17635538523024], "counts": 500000.0}], "output": [0.0, 0.0, 0.0, 0.0, 0.0, 0.0, 0.0, 0.0, 0.0, 0.0, 0.0, 0.0, 0.0, 0.0, 0.3823706305, 0.1176293695, 0.0, 0.0, 0.0, 0.0, 0.0, 0.0, 0.0, 0.0, 0.0, 0.0, 0.0, 0.0, 0.0, 0.0, 0.0, 0.0, 0.0, 0.0, 0.0, 0.0, 0.0, 0.0, 0.0, 0.0, 0.0, 0.0, 0.0, 0.0, 0.0, 0.0, 0.0, 0.0, 0.0, 0.0, 0.0, 0.2174411819, 0.2825588181, 0.0, 0.0, 0.0, 0.0, 0.0, 0.0, 0.0, 0.0, 0.0, 0.0, 0.0], "num_sources": 2, "seg_angles": 64, "input": [2.7516808539, 1.8683198327, 1.1967082015, 1.6470731452, 1.3128765, 0.9206333381, 1.1610072636, 1.212857676, 0.8450537325, 0.5892134864, 2.1553065527, 1.0520003274, 0.8371423452, 0.4507970457, 0.216571688, 0.2356141489, 0.3927434673, 0.2959024401, 0.322236174, -0.2995917143, 1.5056508359, 0.574179486, 0.2323681657, 0.061836016, -0.0655008453, -0.2158359936, -0.7793019102, -0.476016722, -0.3792785394, -0.7282708739, 1.5550765653, -0.0080168173, -0.4702665112, -0.4524859807, -0.3836215747, -0.4962948805, -0.6798582242, -0.9077257369, -0.9918566972, -1.3289328349, 0.8834954012, -0.8362800843, -1.0650550931, -1.1261032569, -1.1992332234, -1.1601731385, -1.0722055328, -0.9505401899, -1.2632451133, -1.7563429239, 1.0333418427, -0.8029322376, -1.0549055625, -1.0279461284, -1.049367483, -1.1835908361, -1.0770633116, -0.9832082038, -1.36798273, -1.5683689338, 1.3655962219, -0.5144394563, -0.9590698752, -1.0945464911, -0.831612448, -0.7647319187, -0.8139538595, -0.8272912434, -1.3415314539, -1.4377645041, 1.3336243131, -0.5604058695, -0.3329902625, -0.4072641734, -0.7558028551, -0.1658841291, -0.4764286884, -0.4872556982, -0.7689563142, -0.8414190411, 1.6165048976, 0.2151375958, 0.0803343684, 0.2412076677, 0.3029254445, 0.0410092176, 0.5597128767, -0.1002020637, 0.1697697995, -0.3583962228, 1.5443666037, 1.3888320592, 1.4786720468, 1.1795001294, 1.1398983784, 0.9761124762, 1.4485613791, 0.7955111142, 1.0803225201, 0.7800607657]}