{"source": [{"position": [-2.3412698616946064, -228.98803124930947], "counts": 500000.0}, {"position": [467.8345333572857, -76.20268629366504], "counts": 500000.0}], "output": [0.0, 0.0, 0.0, 0.0, 0.0, 0.0, 0.0, 0.0, 0.0, 0.0, 0.0, 0.0, 0.0, 0.0, 0.0, 0.0520707303, 0.4479292697, 0.0, 0.0, 0.0, 0.0, 0.0, 0.0, 0.0, 0.0, 0.0, 0.0, 0.0, 0.0, 0.0, 0.3223388158, 0.1776611842, 0.0, 0.0, 0.0, 0.0, 0.0, 0.0, 0.0, 0.0, 0.0, 0.0, 0.0, 0.0, 0.0, 0.0, 0.0, 0.0, 0.0, 0.0, 0.0, 0.0, 0.0, 0.0, 0.0, 0.0, 0.0, 0.0, 0.0, 0.0, 0.0, 0.0, 0.0, 0.0], "num_sources": 2, "seg_angles": 64, "input": [1.3733953181, 1.6073963482, 1.78560202, 1.8891322883, 1.9461294583, 1.974926174, 2.3293835536, 2.0659458423, 2.3496825541, 2.3019769692, 0.4764191429, 0.6679544643, 0.9065667604, 0.944325971, 1.1368391322, 1.2335958511, 1.2373050908, 1.5575125889, 1.5650019933, 1.809290847, -0.1168033259, 0.045014173, 0.3436779731, 0.3133660585, 0.3911428734, 0.3877458509, 0.8592639455, 1.1735507373, 1.0114670168, 1.0283053003, -0.5832797151, -0.3275626212, 0.0054280067, 0.0291580477, 0.1285888269, 0.1229553887, 0.2124456265, 0.5010595858, 0.6213264918, 0.6461926646, -0.8093501106, -0.7137597374, -0.6004813965, -0.5233529212, -0.3251608083, -0.3213372217, -0.0914651744, 0.1797901344, 0.4167365734, 0.5217234633, -0.9890277125, -0.9144113365, -0.880519045, -0.8037101267, -0.6980408955, -0.5545862908, -0.2868794794, -0.1743220428, 0.1491054238, 0.3434195823, -1.2079086272, -1.0412216868, -0.9699765242, -0.920149704, -0.8163392625, -0.7193272106, -0.5199960022, -0.1853557751, 0.0931531517, 0.2388145281, -1.154660315, -1.1171094484, -1.1111689482, -1.1009016401, -0.9056157973, -0.8599001501, -0.6728569698, -0.2231020662, -0.0918022279, 0.1993676018, -1.2848686059, -1.2359038857, -1.2249153788, -1.1791928547, -1.0457094655, -0.8885331892, -0.7404775728, -0.513139152, -0.2705122427, 0.076886254, -1.447917297, -1.3221232275, -1.3138168483, -1.2192008613, -1.0501556586, -1.0163059263, -0.9319347635, -0.7031998364, -0.4196151474, -0.0591034175]}