{"source": [{"position": [-370.02341824816637, 192.28018605135196], "counts": 500000.0}, {"position": [-210.66518263276308, -206.50709630979898], "counts": 500000.0}], "output": [0.0, 0.0, 0.0, 0.0, 0.0, 0.0, 0.0, 0.050761423, 0.449238577, 0.0, 0.0, 0.0, 0.0, 0.0, 0.0, 0.0, 0.0, 0.0, 0.0, 0.0, 0.0, 0.0, 0.0, 0.0, 0.0, 0.0, 0.0, 0.0, 0.0, 0.0, 0.0, 0.0, 0.0, 0.0, 0.0, 0.0, 0.0, 0.0, 0.0, 0.0, 0.0, 0.0, 0.0, 0.0, 0.0, 0.0, 0.0, 0.0, 0.0, 0.0, 0.0, 0.0, 0.0, 0.0, 0.0, 0.0, 0.0, 0.0, 0.0, 0.4407414579, 0.0592585421, 0.0, 0.0, 0.0], "num_sources": 2, "seg_angles": 64, "input": [2.2730843093, 1.6479859537, 1.0537849183, 0.9751311029, 0.7136647187, 0.50254545, 0.6045989452, 0.3056871929, 0.559258553, 0.3853348933, 2.0931423756, 1.1438776118, 0.5314937111, 0.4652399381, 0.2994388275, 0.3096039627, 0.0124933151, 0.0077235889, -0.1564082137, -0.3823680278, 2.1797247521, 1.1421871415, 0.4277073986, -0.0457329636, -0.3281753505, -0.3640347451, -0.5694959607, -0.6893626754, -0.5235039853, -0.7749379587, 2.2179491631, 1.0434657996, 0.4811512812, -0.3553060275, -0.5748206054, -0.6646919483, -0.8217540539, -0.9597741914, -0.9401051411, -1.0746886783, 2.2102359958, 1.0316539564, 0.1297080081, -0.3999477843, -0.728635407, -0.7877452123, -0.955235572, -1.0133350168, -1.1143274323, -1.178730097, 2.2843539589, 1.2096444318, 0.0867349574, -0.4506546168, -0.7488852689, -0.9886575152, -1.1570835839, -1.0540325601, -1.1751737294, -1.2583612561, 1.8746361482, 1.3333017649, 0.2132993134, -0.3501595713, -0.7846677245, -1.039627295, -1.0759050923, -1.1674601629, -1.1876801913, -1.1973015409, 2.0099236324, 0.9991638141, 0.2470640091, -0.4879147169, -0.7234511871, -0.8206783962, -1.0438824953, -1.1664313563, -1.2583349451, -1.1024950074, 1.9929253358, 0.9378818831, 0.3996240227, -0.2578051319, -0.3231346553, -0.6425610363, -0.5878392743, -0.6912946854, -0.976459105, -0.8992927291, 1.773983057, 0.9011864618, 0.4728092795, 0.070454282, 0.0240382561, -0.2032523361, -0.2346842369, -0.2676851111, -0.3920387787, -0.4608951311]}