{"source": [{"position": [210.87520140385755, -341.07572389849514], "counts": 500000.0}, {"position": [228.80562601819247, 264.8546497655328], "counts": 500000.0}], "output": [0.0, 0.0, 0.0, 0.0, 0.0, 0.0, 0.0, 0.0, 0.0, 0.0, 0.0, 0.0, 0.0, 0.0, 0.0, 0.0, 0.0, 0.0, 0.0, 0.0, 0.0, 0.1798174787, 0.3201825213, 0.0, 0.0, 0.0, 0.0, 0.0, 0.0, 0.0, 0.0, 0.0, 0.0, 0.0, 0.0, 0.0, 0.0, 0.0, 0.0, 0.0, 0.1287510309, 0.3712489691, 0.0, 0.0, 0.0, 0.0, 0.0, 0.0, 0.0, 0.0, 0.0, 0.0, 0.0, 0.0, 0.0, 0.0, 0.0, 0.0, 0.0, 0.0, 0.0, 0.0, 0.0, 0.0], "num_sources": 2, "seg_angles": 64, "input": [-0.0801162512, 0.5592200695, 0.2943764339, 0.0561536398, 0.4024607336, 0.5842967071, 1.0145851035, 0.822007011, 1.5454854857, 1.8667229629, -0.6750963885, -0.2251377191, -0.2214273441, 0.0189393672, -0.0422634799, 0.1144257428, 0.3137681702, 0.5476576681, 1.2902586763, 2.1230618386, -0.9999364423, -0.812621587, -0.7769088071, -0.4861944487, -0.5558030743, -0.4220829691, 0.0102568553, 0.1531785092, 0.6752936717, 2.4049276172, -1.1814496027, -1.0110377663, -1.0241582655, -0.8166422477, -0.7161559075, -0.7451517607, -0.6920081163, -0.0285668919, 0.8264312507, 1.9576046868, -1.2998235362, -1.2393704312, -1.1316429821, -0.9333223114, -1.0689708904, -0.8832207961, -0.7144212927, -0.5173482184, 0.6315400385, 2.2394680486, -1.2690918299, -1.158399039, -1.1239406528, -1.2283616608, -1.2497113312, -1.1202284458, -0.8455277924, -0.3873508611, 0.9247217752, 1.9379512296, -1.2211065331, -1.0376356147, -1.0333580803, -0.9851404724, -1.057201057, -0.8138218064, -0.649329942, -0.5903692077, 0.4869473947, 2.1582118225, -0.9248087033, -0.6879023758, -0.6286485855, -0.7895647317, -0.6339925547, -0.4996576506, -0.5944173876, -0.0776440917, 0.7671848699, 2.0158414969, -0.3760184761, -0.1461935687, -0.1967291019, -0.1981367538, -0.1288870973, -0.0120113596, -0.0742119462, 0.3781326549, 0.8250644258, 2.1867630868, 0.2640699593, 0.5104551134, 0.471277427, 0.4286323265, 0.6573681418, 1.1119963376, 0.6681024896, 0.9541434569, 1.5070463912, 2.3342475516]}