{"source": [{"position": [49.12392894077418, 169.00544253195451], "counts": 500000.0}, {"position": [-306.89914325541025, 215.49458431500125], "counts": 500000.0}], "output": [0.0, 0.0, 0.0, 0.0, 0.0, 0.0, 0.0, 0.0, 0.0, 0.0, 0.0, 0.0, 0.0, 0.0, 0.0, 0.0, 0.0, 0.0, 0.0, 0.0, 0.0, 0.0, 0.0, 0.0, 0.0, 0.0, 0.0, 0.0, 0.0, 0.0, 0.0, 0.0, 0.0, 0.0, 0.0, 0.0, 0.0, 0.0, 0.0, 0.0, 0.0, 0.0, 0.0, 0.0, 0.0, 0.4406477154, 0.0593522846, 0.0, 0.0, 0.0, 0.0, 0.0, 0.0, 0.0, 0.0, 0.0, 0.0, 0.117802749, 0.382197251, 0.0, 0.0, 0.0, 0.0, 0.0], "num_sources": 2, "seg_angles": 64, "input": [-0.384281444, -0.6664650863, -0.9147615363, -1.0647499859, -1.1587077451, -1.2296442294, -1.2421527887, -1.2904781381, -1.0612854087, -0.3288817054, -0.1808845144, -0.5524462429, -0.7863722594, -0.9275201571, -1.1136593841, -1.110765913, -1.2225605705, -1.2150401722, -0.9333864662, -0.1052355594, -0.1491763202, -0.4534181906, -0.7130373945, -0.8240159644, -0.8559431621, -1.0459475298, -1.0479822012, -1.0883347292, -0.8628366252, -0.0059556318, -0.087442823, -0.4657731797, -0.6609148637, -0.7542918675, -0.8737663161, -0.9057381451, -0.9314041551, -1.0207011724, -0.8546648818, -0.1306674805, -0.0774869244, -0.1972299882, -0.3758705785, -0.6164711148, -0.6803514155, -0.8301759827, -0.8659332594, -0.8297238702, -0.7682864443, 0.0246692675, 0.2566954227, 0.1179705948, -0.1516994516, -0.3794210515, -0.5337989034, -0.6038081267, -0.5405437156, -0.5882753571, -0.4546556849, 0.0529186622, 0.558739858, 0.3801214873, 0.0871968869, 0.0523295464, -0.0368766066, -0.2295539474, -0.2202484431, -0.2002110842, -0.2231034909, 0.3121480797, 0.8642173067, 0.7507732579, 0.6297071651, 0.4814641842, 0.443747441, 0.5668349074, 0.4104787413, 0.3364175615, 0.2063162892, 0.4288092779, 1.1196486622, 1.3498681778, 1.3476143484, 1.3737516148, 1.3535412528, 1.3811624714, 1.2097452872, 1.0609616912, 1.0855528861, 1.0664191171, 2.0281534604, 2.1068107561, 2.2465603121, 2.3309873101, 2.1439866943, 2.3479150468, 2.1312372543, 2.0032853292, 2.0787775748, 1.8974821971]}