{"source": [{"position": [-98.3190897719284, 39.615105533362936], "counts": 500000.0}, {"position": [45.84735068474479, 52.89631778479511], "counts": 500000.0}], "output": [0.0, 0.0, 0.0, 0.0, 0.0, 0.0, 0.0, 0.0, 0.0, 0.0, 0.0, 0.0, 0.0, 0.0, 0.0, 0.0, 0.0, 0.0, 0.0, 0.0, 0.0, 0.0, 0.0, 0.0, 0.0, 0.0, 0.0, 0.0, 0.0, 0.0, 0.0, 0.0, 0.0, 0.0, 0.0, 0.0, 0.0, 0.0, 0.0, 0.0, 0.1370471316, 0.3629528684, 0.0, 0.0, 0.0, 0.0, 0.0, 0.0, 0.0, 0.0, 0.0, 0.0, 0.0, 0.0, 0.0, 0.0, 0.0, 0.0, 0.0, 0.0, 0.4507271883, 0.0492728117, 0.0, 0.0], "num_sources": 2, "seg_angles": 64, "input": [-0.1885922574, -0.6620280788, -1.0379932626, -1.2734991425, -1.3012097654, -1.3537047627, -1.2914009546, -0.9677386839, -0.5324137472, 0.362518672, -0.0120997021, -0.4348672239, -0.815543913, -1.0043348134, -1.1984841193, -1.2255890541, -1.1172714652, -0.811978349, -0.2450974189, 0.5483539543, 0.1290833441, -0.3354013771, -0.6884141944, -0.9756848823, -1.1576046496, -1.199295565, -1.1097768406, -0.8638135336, -0.1691729913, 0.7569584558, 0.1925925551, -0.14751104, -0.6819798007, -0.8925718967, -1.0999208084, -1.1347372634, -0.9758230093, -0.7054680578, -0.1481590086, 0.759462937, 0.3409058934, -0.1149696511, -0.52126568, -0.8055991041, -1.0257038896, -1.0904753729, -0.9179715085, -0.6940063912, -0.0464147022, 0.8020293326, 0.5206793599, 0.0216116658, -0.3533980526, -0.5741733273, -0.7908991687, -1.0111475213, -0.9094172279, -0.6393944995, -0.0452183433, 0.7941060953, 0.6966431854, 0.3084822354, -0.1364632589, -0.3572400826, -0.4797596959, -0.6775159784, -0.7201864265, -0.4665903147, 0.1440085415, 0.8700582574, 0.9303050218, 0.6722383317, 0.3258286672, 0.1513112663, -0.137017707, -0.2448025853, -0.3284723713, -0.2362556014, 0.2182856042, 0.8864936125, 1.3107216103, 1.4258204473, 1.1290654485, 0.830399566, 0.6006658705, 0.6190447037, 0.649112271, 0.713157681, 0.7089840873, 1.2378736911, 2.1509445594, 2.2282868449, 2.2652406324, 2.1853360208, 1.9314231622, 2.1753013271, 2.210651551, 2.182573127, 2.2035155093, 1.8934649958]}