{"source": [{"position": [-128.3101656615471, -130.48180481548508], "counts": 500000.0}, {"position": [-303.9132476559931, -198.50878544585132], "counts": 500000.0}], "output": [0.0, 0.0, 0.0, 0.0, 0.0, 0.0531912462, 0.4468087538, 0.0, 0.4572637135, 0.0427362865, 0.0, 0.0, 0.0, 0.0, 0.0, 0.0, 0.0, 0.0, 0.0, 0.0, 0.0, 0.0, 0.0, 0.0, 0.0, 0.0, 0.0, 0.0, 0.0, 0.0, 0.0, 0.0, 0.0, 0.0, 0.0, 0.0, 0.0, 0.0, 0.0, 0.0, 0.0, 0.0, 0.0, 0.0, 0.0, 0.0, 0.0, 0.0, 0.0, 0.0, 0.0, 0.0, 0.0, 0.0, 0.0, 0.0, 0.0, 0.0, 0.0, 0.0, 0.0, 0.0, 0.0, 0.0], "num_sources": 2, "seg_angles": 64, "input": [1.6231812077, 1.7076391563, 1.6903596661, 1.7521292304, 1.6270703446, 1.5765874837, 1.3803586187, 1.7789985978, 1.5051080868, 1.4124766211, 1.6294146556, 1.1252556722, 0.6779609924, 0.5886379628, 0.635772367, 0.446584092, 0.6857823603, 0.4203789749, 0.5593103754, 0.2751226008, 1.767120078, 0.9388988002, 0.3164780415, 0.1752347197, -0.1511464339, -0.1350831201, -0.1976225267, -0.2335945707, -0.1436183891, -0.2632964017, 1.6243576327, 0.8410598473, 0.0141540529, -0.1784692595, -0.4371079337, -0.5225984377, -0.5556908648, -0.6429867543, -0.5846673677, -0.7676872782, 1.713575627, 0.8603620762, 0.0678399452, -0.3338755546, -0.4744494882, -0.7026178542, -0.8519564021, -0.9031284748, -0.8714852268, -0.9224050479, 1.8028307588, 0.8862371184, -0.0548449037, -0.5147802032, -0.7075899115, -0.7841561435, -0.9310988461, -0.9994724464, -1.0767868277, -1.038688121, 1.726954089, 0.8148729799, 0.1497418351, -0.328750707, -0.7483561867, -0.9221330731, -0.9482620757, -1.0754751822, -1.1351591769, -1.1527380582, 1.7119406541, 0.7609498139, -0.0095646909, -0.4064419439, -0.662308215, -0.9646684743, -1.06575502, -1.0945700112, -1.1562053261, -1.214778909, 1.825236254, 0.643987412, -0.1053881074, -0.3728910465, -0.790522815, -0.9205339359, -1.0841661062, -1.1394756659, -1.1825890898, -1.2768528944, 1.2677242573, 0.3004895586, -0.2667072964, -0.583948617, -0.8726483668, -1.0542251269, -1.1531724122, -1.188856676, -1.2184258886, -1.2316987341]}