{"source": [{"position": [261.463578799251, -313.21046751583486], "counts": 500000.0}, {"position": [467.76477346538286, -76.62973773202535], "counts": 500000.0}], "output": [0.0, 0.0, 0.0, 0.0, 0.0, 0.0, 0.0, 0.0, 0.0, 0.0, 0.0, 0.0, 0.0, 0.0, 0.0, 0.0, 0.0, 0.0, 0.0, 0.0, 0.0, 0.0, 0.0, 0.45736517, 0.04263483, 0.0, 0.0, 0.0, 0.0, 0.0, 0.3269881458, 0.1730118542, 0.0, 0.0, 0.0, 0.0, 0.0, 0.0, 0.0, 0.0, 0.0, 0.0, 0.0, 0.0, 0.0, 0.0, 0.0, 0.0, 0.0, 0.0, 0.0, 0.0, 0.0, 0.0, 0.0, 0.0, 0.0, 0.0, 0.0, 0.0, 0.0, 0.0, 0.0, 0.0], "num_sources": 2, "seg_angles": 64, "input": [0.8565888126, 0.8758479348, 1.1297290508, 1.1241707701, 0.9883695729, 0.9820897096, 0.9974684424, 1.1537875285, 1.5448893708, 2.0072417092, -0.1345709831, 0.178005465, 0.0686810234, 0.1013960459, 0.1158864136, 0.3758235673, 0.3952442347, 0.8803303717, 1.3521891109, 1.9387993642, -0.6312009297, -0.5250029717, -0.2319228988, -0.2640511911, -0.0851151736, 0.1448219353, 0.1434674898, 0.3739811189, 1.0817281582, 2.3435426563, -0.8269117571, -0.6921597172, -0.6749839703, -0.6008165784, -0.5462501843, -0.282665353, -0.2188475328, 0.2283135047, 1.353779649, 1.9723808071, -0.9869772043, -0.9856243036, -1.0141926511, -0.8536966403, -0.6070801477, -0.5298863407, -0.286389038, 0.0808934377, 0.9237964401, 2.1074749402, -1.1155423247, -0.9002180933, -0.9988783489, -0.87639208, -0.7930839423, -0.6026381375, -0.0983515107, 0.0686815132, 1.0510151559, 1.9869284568, -1.1453723074, -0.9901330386, -1.0490724088, -0.9675997463, -0.7104783633, -0.6645750143, -0.3931904089, 0.1107376146, 1.0314598395, 1.781232398, -1.2308725505, -1.0779056602, -1.0253673921, -0.9901064186, -0.8208356078, -0.7684257649, -0.0917967393, 0.1146336363, 1.1260641906, 1.9975020305, -1.243896191, -1.1800158397, -1.1313373445, -1.0239890299, -0.7959256214, -0.632752758, -0.3852512934, 0.0934646479, 1.0838296575, 1.813499885, -1.2661822524, -1.2590286749, -1.1474924222, -1.1128399811, -1.035973508, -0.8713026905, -0.610088449, -0.2451540274, 0.3978167049, 1.7528271417]}