{"source": [{"position": [-130.74120177982195, 459.77248521107475], "counts": 500000.0}, {"position": [-117.42273558582788, -117.33670000277301], "counts": 500000.0}], "output": [0.0, 0.0, 0.0, 0.0, 0.0, 0.0, 0.0, 0.0018664877, 0.4981335123, 0.0, 0.0, 0.0, 0.0, 0.0, 0.0, 0.0, 0.0, 0.0, 0.0, 0.0, 0.0, 0.0, 0.0, 0.0, 0.0, 0.0, 0.0, 0.0, 0.0, 0.0, 0.0, 0.0, 0.0, 0.0, 0.0, 0.0, 0.0, 0.0, 0.0, 0.0, 0.0, 0.0, 0.0, 0.0, 0.0, 0.0, 0.0, 0.0, 0.0, 0.0, 0.0890074693, 0.4109925307, 0.0, 0.0, 0.0, 0.0, 0.0, 0.0, 0.0, 0.0, 0.0, 0.0, 0.0, 0.0], "num_sources": 2, "seg_angles": 64, "input": [1.8067692606, 1.4054819543, 1.490047222, 1.3388926292, 1.2223655873, 1.1131558187, 1.0970203851, 1.2976643738, 1.2358014611, 1.0970346357, 1.8059012856, 0.8457661967, 0.3464186118, 0.431335193, 0.3472695828, 0.3072261583, 0.390570344, 0.3885194481, 0.26078384, 0.1287188565, 2.0383310797, 0.6126933241, -0.1533026299, -0.1687033321, -0.2692363155, -0.337016171, -0.3646446241, -0.4161906087, -0.5056545791, -0.7865447459, 2.114463958, 0.448541394, -0.2017085386, -0.3128217829, -0.6213018517, -0.7483613075, -0.7963627908, -0.6891719726, -0.6973847011, -0.9732682991, 2.0379336812, 0.7509528668, -0.1198789737, -0.7397845774, -0.9738844553, -1.1520507214, -1.0850676717, -1.1317775443, -1.1303693751, -1.1960916406, 1.9291319354, 0.7115784593, -0.084542006, -0.6526626678, -0.9488885426, -0.9714709158, -1.1471086328, -0.9952077612, -1.1389170659, -1.3352984454, 2.1010021262, 0.7897902084, 0.2001217592, -0.6006229927, -0.7690867643, -0.9722651738, -1.1334265369, -1.0520103817, -1.192303379, -1.2322366037, 1.9563307261, 0.9699557053, 0.191890406, -0.3303148644, -0.5401788719, -0.7133918519, -0.9056885759, -1.0521153548, -1.0046453064, -1.147895284, 2.4411800983, 0.9302959028, 0.2265488801, -0.0699024216, -0.2106422306, -0.6253751194, -0.525103977, -0.8469493147, -0.8969090542, -0.871793744, 1.8153696792, 1.1338896055, 0.5565326686, 0.0799003019, -0.182867167, -0.3547798644, -0.3431726361, -0.5893988636, -0.5980675743, -0.7873584548]}