{"source": [{"position": [265.89900868430755, 293.45138810491693], "counts": 500000.0}, {"position": [203.16351551585268, 142.22723354983702], "counts": 500000.0}], "output": [0.0, 0.0, 0.0, 0.0, 0.0, 0.0, 0.0, 0.0, 0.0, 0.0, 0.0, 0.0, 0.0, 0.0, 0.0, 0.0, 0.0, 0.0, 0.0, 0.0, 0.0, 0.0, 0.0, 0.0, 0.0, 0.0, 0.0, 0.0, 0.0, 0.0, 0.0, 0.0, 0.0, 0.0, 0.0, 0.0, 0.0, 0.0, 0.3893833188, 0.1106166812, 0.2493346001, 0.2506653999, 0.0, 0.0, 0.0, 0.0, 0.0, 0.0, 0.0, 0.0, 0.0, 0.0, 0.0, 0.0, 0.0, 0.0, 0.0, 0.0, 0.0, 0.0, 0.0, 0.0, 0.0, 0.0], "num_sources": 2, "seg_angles": 64, "input": [-1.2761783013, -1.2598806709, -1.1733392763, -1.0919768491, -1.0936805902, -0.9362591002, -0.540643412, -0.1744764934, 0.5835114608, 1.4655613087, -1.2463137047, -1.2030882621, -1.1546052041, -1.1265946189, -0.8980139507, -0.7438101643, -0.5069378019, 0.0657016928, 0.8347413373, 1.6670133714, -1.1531912323, -1.1940610725, -1.1657556331, -1.0999734879, -0.8683788417, -0.8017509817, -0.3169661654, 0.1117966317, 0.8071338587, 1.6315585317, -1.2219206146, -1.0200077885, -1.10748288, -0.955973486, -0.876505756, -0.7887589933, -0.3574360313, -0.0597815571, 0.8071430609, 1.6233783044, -1.083514201, -1.1060287068, -1.057575612, -1.0075432287, -0.8230763861, -0.6351459622, -0.3857781873, 0.0388923494, 0.8354341765, 1.7749168251, -1.0252731476, -0.8594013264, -0.8695253857, -0.8100973922, -0.8059013212, -0.6162709328, -0.1903613254, 0.1263389791, 0.7289491134, 1.7270614289, -0.7277620146, -0.5702530128, -0.5720859972, -0.4888087381, -0.4226722244, -0.4552063418, -0.2016632633, 0.1930532227, 0.8421291542, 1.6808418239, -0.3409687228, -0.3106467233, -0.0679070912, 0.0064798203, -0.1987051938, 0.0248073112, -0.007495922, 0.2217344876, 0.9913036117, 1.7829257179, 0.1028020998, 0.5334034089, 0.5291464141, 0.4511283162, 0.6058861947, 0.4825995116, 0.537800025, 0.6008209224, 1.0611203769, 2.0294856154, 1.2148623766, 1.3348270484, 1.5618167167, 1.5242292197, 1.7114448131, 1.5701091105, 1.8064946971, 1.6029730666, 1.6048937572, 1.6151600112]}