{"source": [{"position": [372.40869132601614, 112.39558098450358], "counts": 500000.0}, {"position": [-282.8515239008193, -34.92871922908464], "counts": 500000.0}], "output": [0.0, 0.3742495842, 0.1257504158, 0.0, 0.0, 0.0, 0.0, 0.0, 0.0, 0.0, 0.0, 0.0, 0.0, 0.0, 0.0, 0.0, 0.0, 0.0, 0.0, 0.0, 0.0, 0.0, 0.0, 0.0, 0.0, 0.0, 0.0, 0.0, 0.0, 0.0, 0.0, 0.0, 0.0, 0.0, 0.0071834532, 0.4928165468, 0.0, 0.0, 0.0, 0.0, 0.0, 0.0, 0.0, 0.0, 0.0, 0.0, 0.0, 0.0, 0.0, 0.0, 0.0, 0.0, 0.0, 0.0, 0.0, 0.0, 0.0, 0.0, 0.0, 0.0, 0.0, 0.0, 0.0, 0.0], "num_sources": 2, "seg_angles": 64, "input": [1.4316895629, 0.2422076159, -0.3188959719, -0.8085582648, -0.7880788385, -0.568615446, -0.8631106601, -0.3738327443, 0.3312824451, 0.9548281664, 1.8005554654, 0.9827938792, -0.1901539612, -0.878493748, -1.2879401981, -1.1025009721, -1.1098463856, -0.9792927768, 0.0016209599, 0.680248462, 1.6730685149, 0.4547575199, 0.4707526087, -0.4033675555, -1.0460623593, -1.1148414626, -1.3741230092, -0.7365469048, 0.4466417443, 0.9142256796, 1.7083986198, 1.274070434, 0.1009431791, -0.6441496246, -0.9162571061, -1.0401139716, -1.0398617659, -0.8645366502, 0.2579213628, 0.5119998163, 2.0179053621, 1.2663113325, 0.0948977922, -0.437165265, -1.1324357143, -1.3212603937, -0.9396273868, -0.387548188, 0.1576862528, 0.5616285366, 2.2350414649, 0.9713167806, 0.2640889964, -0.7455668927, -1.0412445634, -1.0485619765, -1.0356664266, -0.6777120768, -0.0267305103, 0.4011196779, 2.2686617476, 0.68030671, 0.1819538129, -0.8068931737, -1.1824163376, -0.7400322975, -1.2564105543, -0.6696674551, -0.003372626, 0.4329278177, 2.1138313066, 0.9411826075, 0.2105966837, -0.4847386446, -0.7144414823, -1.5887037642, -0.7335116925, -0.6488360934, 0.1253513662, 0.7040719586, 2.1816752119, 1.5418864116, 0.2698321918, -0.1608577246, -0.6692129841, -1.1463857262, -1.034944664, -0.6034999277, -0.3378463302, 0.2195221547, 2.5887270926, 2.1493502126, 1.1104473751, 0.3617580356, -0.1678944817, 0.0976252146, -0.5423035438, -0.2184231904, -0.1483842992, 0.7137666211]}