{"source": [{"position": [-277.3388513987696, -206.8795821361094], "counts": 500000.0}, {"position": [54.912697432454905, -399.24127499632556], "counts": 500000.0}], "output": [0.0, 0.0, 0.0, 0.0, 0.0, 0.0, 0.2359181353, 0.2640818647, 0.0, 0.0, 0.0, 0.0, 0.0, 0.0, 0.0, 0.0, 0.0, 0.3038689742, 0.1961310258, 0.0, 0.0, 0.0, 0.0, 0.0, 0.0, 0.0, 0.0, 0.0, 0.0, 0.0, 0.0, 0.0, 0.0, 0.0, 0.0, 0.0, 0.0, 0.0, 0.0, 0.0, 0.0, 0.0, 0.0, 0.0, 0.0, 0.0, 0.0, 0.0, 0.0, 0.0, 0.0, 0.0, 0.0, 0.0, 0.0, 0.0, 0.0, 0.0, 0.0, 0.0, 0.0, 0.0, 0.0, 0.0], "num_sources": 2, "seg_angles": 64, "input": [2.0783094011, 1.9092268748, 1.9944843978, 2.1636787984, 1.916745786, 1.702298518, 2.0037847197, 2.1124663475, 1.9196183055, 2.0071596085, 1.7742322538, 1.4346383757, 0.9141014924, 1.2072769238, 0.8674651228, 0.96348818, 0.9818872994, 0.9878370722, 0.9594364048, 0.7144791575, 1.3898495771, 0.9143488335, 0.7900512825, 0.2836380016, 0.1934613326, 0.1704702473, 0.1853904179, 0.0449977547, -0.0047887592, -0.0562853944, 0.9716537167, 0.6002391662, 0.1591079928, 0.0943783179, -0.3373528919, -0.1671562699, -0.401704494, -0.402657403, -0.412128052, -0.301176636, 0.8605800927, 0.4946536933, -0.101462795, -0.4376190443, -0.5641054592, -0.6110093862, -0.6994172531, -0.6689845162, -0.717267881, -0.6785426231, 0.8285963035, 0.5314257679, -0.0902906783, -0.4483450766, -0.7616330949, -0.8767741042, -0.8285438798, -0.8820455675, -0.8682293597, -0.7168636485, 0.9169498193, 0.1461016072, -0.1366961829, -0.650435815, -0.9442349321, -1.0105153237, -1.0823310633, -0.9940193057, -1.0357658125, -0.8036454937, 0.6357194339, 0.3088870671, -0.4373298753, -0.6488977981, -0.9487436532, -1.0363751786, -1.1156972503, -1.1411253706, -1.1788140686, -0.883883103, 0.7425625773, 0.136385157, -0.4862296324, -0.743747249, -0.8908966301, -1.1095886007, -1.2291643865, -1.1814229089, -1.2010995713, -0.8293149326, 0.6004843454, -0.2246135378, -0.6928117884, -0.8672312776, -1.0788026618, -1.1794792081, -1.259815903, -1.32289837, -1.2217947037, -1.0107416887]}