{"source": [{"position": [-17.558580403235467, 9.57581611264102], "counts": 500000.0}, {"position": [186.44326565087408, -401.85558188662446], "counts": 500000.0}], "output": [0.0, 0.0, 0.0, 0.0, 0.0, 0.0, 0.0, 0.0, 0.0, 0.0, 0.0, 0.0, 0.0, 0.0, 0.0, 0.0, 0.0, 0.0, 0.0, 0.0, 0.2876248287, 0.2123751713, 0.0, 0.0, 0.0, 0.0, 0.0, 0.0, 0.0, 0.0, 0.0, 0.0, 0.0, 0.0, 0.0, 0.0, 0.0, 0.0, 0.0, 0.0, 0.0, 0.0, 0.0, 0.0, 0.0, 0.0, 0.0, 0.0, 0.0, 0.0, 0.0, 0.0, 0.0, 0.0, 0.0, 0.0, 0.0, 0.0, 0.0427962105, 0.4572037895, 0.0, 0.0, 0.0, 0.0], "num_sources": 2, "seg_angles": 64, "input": [1.3641087031, 0.5144674322, -0.0494974113, -0.3967385617, -0.6195205718, -0.7789236195, -0.8405750769, -0.9253893709, -0.9502064226, -0.9756897541, 1.672644524, 0.7884346173, 0.1309991154, -0.2591672497, -0.515058449, -0.7141930646, -0.8222517927, -0.9087059914, -0.962643862, -0.9834260651, 1.8328430102, 0.9232332564, 0.2100200099, -0.211160949, -0.4923627425, -0.7209828679, -0.8502063151, -0.91360709, -0.9583242975, -0.9948688609, 1.9463810751, 1.0113050193, 0.3404294041, -0.1652776157, -0.4710567023, -0.6727864984, -0.8314401718, -0.8997071393, -0.9706197116, -0.9698731691, 2.1509619883, 1.1493962269, 0.4084544436, -0.1117806672, -0.4185229978, -0.6632101899, -0.8037199107, -0.9054674409, -0.9602013004, -0.9790255991, 2.264519436, 1.338356958, 0.4574562553, -0.0283228541, -0.3793899483, -0.6575952336, -0.808525195, -0.8917290086, -0.946155082, -0.9494932, 2.4082468685, 1.4648305561, 0.5872974004, -0.0071794184, -0.3583541823, -0.6009734769, -0.7635488836, -0.8716746298, -0.9086931596, -0.9382594539, 2.5389052685, 1.4930961152, 0.6732249824, 0.0350638168, -0.3284293789, -0.5618664689, -0.7011173745, -0.7923357668, -0.8328209881, -0.8587400291, 2.5760696871, 1.5736245161, 0.6751740414, 0.1562136471, -0.1251064355, -0.3119757972, -0.4204023502, -0.4925055938, -0.5741468844, -0.625916718, 2.3078814598, 1.7086024731, 1.2979567182, 0.9755569987, 0.8292834109, 0.6146321391, 0.453072386, 0.2730266109, 0.2060438331, 0.0496326069]}