{"source": [{"position": [-218.84068041430558, 333.63116850169104], "counts": 500000.0}, {"position": [-174.88789422721496, -225.03160767494526], "counts": 500000.0}], "output": [0.0, 0.0, 0.0, 0.0, 0.0, 0.0, 0.0, 0.0, 0.0, 0.3647371056, 0.1352628944, 0.0, 0.0, 0.0, 0.0, 0.0, 0.0, 0.0, 0.0, 0.0, 0.0, 0.0, 0.0, 0.0, 0.0, 0.0, 0.0, 0.0, 0.0, 0.0, 0.0, 0.0, 0.0, 0.0, 0.0, 0.0, 0.0, 0.0, 0.0, 0.0, 0.0, 0.0, 0.0, 0.0, 0.0, 0.0, 0.0, 0.0, 0.0, 0.0, 0.0, 0.0, 0.0, 0.0433502815, 0.4566497185, 0.0, 0.0, 0.0, 0.0, 0.0, 0.0, 0.0, 0.0, 0.0], "num_sources": 2, "seg_angles": 64, "input": [1.8871426523, 1.6445832768, 0.8904243927, 0.7607403199, 0.6509307437, 0.6907416908, 0.8160580327, 0.8117406113, 0.7263743406, 0.4518824906, 2.0808960019, 1.0728014443, 0.7192883973, 0.5301018124, 0.1842631013, 0.2168263772, 0.1241304344, 0.1199265775, 0.1119471681, -0.1862862002, 2.177066137, 0.6401532185, 0.075361556, -0.4982357941, -0.7070032096, -0.4990469492, -0.554186362, -0.3871103196, -0.7026940752, -0.849974549, 2.165182864, 0.7745851585, -0.2722860557, -0.7243574422, -0.8365957006, -0.8312115423, -0.8323215867, -0.8282743357, -0.8366710346, -1.2615167092, 1.9850817327, 0.6654757202, -0.3157183461, -0.7889434898, -1.1536702912, -1.1916389273, -1.083969935, -1.1139290615, -1.1589050461, -1.2052717343, 2.3792794459, 0.5930368316, -0.3065990987, -0.9616259591, -1.0176948672, -0.9905573316, -0.9928706899, -1.05609909, -1.2160146296, -1.2407496049, 2.1263179563, 0.6604490302, -0.3295657048, -0.6533657092, -0.8481197797, -1.0283114039, -0.9741794674, -0.8945222858, -0.9838801345, -1.2120071011, 2.245565194, 0.6835382497, 0.1212657537, -0.4637650967, -0.4253220855, -0.6936798537, -0.7452290271, -0.6501595245, -0.8402763685, -1.1015098596, 2.1929666477, 0.9500742939, 0.4501478934, -0.0834855973, -0.0556432957, -0.4462161915, -0.4080384849, -0.5185979391, -0.4010612824, -0.5563015767, 2.2971199105, 1.5239114676, 1.144003037, 0.3094048797, 0.2342002042, 0.093685431, 0.0436168727, -0.1147752239, 0.2183880837, -0.2106344737]}