{"source": [{"position": [-63.83069110622293, 28.734002034209432], "counts": 500000.0}, {"position": [-446.11731836386406, 89.46696740045911], "counts": 500000.0}], "output": [0.0, 0.0, 0.0, 0.0, 0.0, 0.0, 0.0, 0.0, 0.0, 0.0, 0.0, 0.0, 0.0, 0.0, 0.0, 0.0, 0.0, 0.0, 0.0, 0.0, 0.0, 0.0, 0.0, 0.0, 0.0, 0.0, 0.0, 0.0, 0.0, 0.0, 0.0, 0.0, 0.0, 0.0, 0.0, 0.0, 0.0, 0.0, 0.0, 0.0, 0.0, 0.0, 0.0, 0.0, 0.0, 0.0, 0.0, 0.0, 0.0, 0.0, 0.0, 0.0, 0.0, 0.0, 0.0, 0.0, 0.0, 0.0, 0.0, 0.1542535191, 0.3457464809, 0.0080000154, 0.4919999846, 0.0], "num_sources": 2, "seg_angles": 64, "input": [1.6776075652, 0.7383512649, 0.164908292, -0.4193446137, -0.6172541674, -0.7791590373, -0.9162895024, -1.0585869424, -1.1155808028, -1.1875087365, 1.893625948, 1.0922440368, 0.4560404587, -0.1766779351, -0.4891023195, -0.7348842816, -0.8745099362, -0.9975094029, -1.0864856376, -1.1558414266, 2.0785873238, 1.3105557649, 0.4674142894, -0.1125150381, -0.4500264929, -0.7085729921, -0.9006785574, -1.0020401445, -1.0870693336, -1.155465902, 1.9951858035, 1.1377810014, 0.523263497, -0.0069150236, -0.3745316652, -0.7127068509, -0.8271113803, -1.0056167988, -1.048948386, -1.14680676, 2.0019129992, 1.2107071342, 0.6359666555, 0.0077506207, -0.3963836983, -0.6673176512, -0.7896509282, -0.9756724793, -1.0696845223, -1.1156948837, 2.0616910448, 1.3794493576, 0.5625070149, -0.0528557933, -0.3726409695, -0.6449841682, -0.7944175707, -0.9172039855, -1.0150059249, -1.129885035, 2.0860243869, 1.212715309, 0.590691577, -0.0134467972, -0.4090101056, -0.692813192, -0.7863134993, -0.8767697811, -0.9829689164, -1.0454184412, 2.1641218284, 1.3249614686, 0.4596344391, -0.01753495, -0.3550831087, -0.511512471, -0.7170554378, -0.7416030915, -0.8609112597, -0.9471141867, 2.1205531104, 1.2104299255, 0.4641386975, 0.0898805617, -0.1895565034, -0.1931367139, -0.3414104476, -0.338183084, -0.3983541049, -0.5258712771, 1.7756838677, 1.3599656884, 1.1244828836, 0.9889870245, 0.8828016162, 0.7896027465, 0.9161482766, 0.8239894213, 0.7102025875, 0.5426395578]}