{"source": [{"position": [-65.52125133763055, 7.935088099765873], "counts": 500000.0}, {"position": [132.0933734811442, 185.83686577848582], "counts": 500000.0}], "output": [0.0, 0.0, 0.0, 0.0, 0.0, 0.0, 0.0, 0.0, 0.0, 0.0, 0.0, 0.0, 0.0, 0.0, 0.0, 0.0, 0.0, 0.0, 0.0, 0.0, 0.0, 0.0, 0.0, 0.0, 0.0, 0.0, 0.0, 0.0, 0.0, 0.0, 0.0, 0.0, 0.0, 0.0, 0.0, 0.0, 0.0, 0.0, 0.0, 0.0, 0.0, 0.1471398401, 0.3528601599, 0.0, 0.0, 0.0, 0.0, 0.0, 0.0, 0.0, 0.0, 0.0, 0.0, 0.0, 0.0, 0.0, 0.0, 0.0, 0.0, 0.0, 0.0, 0.0, 0.11380412, 0.38619588], "num_sources": 2, "seg_angles": 64, "input": [1.4351428299, 0.7703886192, 0.0085644277, -0.5254065268, -0.8139028778, -1.0753783437, -1.1384593662, -1.1066039765, -0.9503276628, -0.7826389689, 1.8818070824, 1.1383599245, 0.3179948119, -0.271316426, -0.6946418793, -0.9377482167, -1.03386113, -1.0491778524, -0.8609365395, -0.6301391526, 1.9146843471, 1.1783216062, 0.3876923573, -0.1756475262, -0.5593608317, -0.8250120486, -0.9838358846, -0.9596259464, -0.8847458339, -0.6434965957, 1.9284146703, 1.3079113544, 0.439657781, -0.1558167636, -0.4909352391, -0.7978480784, -0.937010633, -0.9145103324, -0.928136008, -0.6641302584, 1.8192065605, 1.2937478787, 0.5167727075, -0.0792077064, -0.4393101812, -0.6843644913, -0.935491465, -1.0071411857, -0.8446202458, -0.6471726708, 1.8839758032, 1.4685506885, 0.5884969803, 0.0687569199, -0.4646690909, -0.6128724675, -0.8864738395, -0.9309328339, -0.9179612241, -0.625838768, 2.3120353857, 1.4580105439, 0.8373794742, 0.22829981, -0.3189671446, -0.6047400484, -0.7406207785, -0.8629938482, -0.9265780684, -0.6170675621, 2.2747265835, 1.6154366245, 0.8689858504, 0.3111387286, -0.1820775176, -0.4683388268, -0.5762102661, -0.7833770524, -0.7450739119, -0.5624792018, 2.4444998448, 1.7824032438, 0.9724956028, 0.4914002574, -0.0738920582, -0.2964463041, -0.4960823035, -0.5786455487, -0.5982069463, -0.6205487109, 2.4542515494, 1.7397647799, 0.9165383433, 0.4988720186, 0.2321291983, 0.1252028417, -0.1644955038, -0.0935042932, -0.3468333619, -0.3881317044]}