{"source": [{"position": [44.16957583977163, 251.14547292383085], "counts": 500000.0}, {"position": [41.34226470378896, -83.3055649351341], "counts": 500000.0}], "output": [0.0, 0.0, 0.0, 0.0, 0.0, 0.0, 0.0, 0.0, 0.0, 0.0, 0.0, 0.0, 0.0, 0.0, 0.0, 0.0, 0.0, 0.0, 0.0, 0.0, 0.1538717686, 0.3461282314, 0.0, 0.0, 0.0, 0.0, 0.0, 0.0, 0.0, 0.0, 0.0, 0.0, 0.0, 0.0, 0.0, 0.0, 0.0, 0.0, 0.0, 0.0, 0.0, 0.0, 0.0, 0.0, 0.0, 0.0, 0.3866437337, 0.1133562663, 0.0, 0.0, 0.0, 0.0, 0.0, 0.0, 0.0, 0.0, 0.0, 0.0, 0.0, 0.0, 0.0, 0.0, 0.0, 0.0], "num_sources": 2, "seg_angles": 64, "input": [1.4849081263, 1.8702879025, 1.7343781741, 1.9670695851, 1.8377768484, 2.0212705176, 1.9378666938, 2.0685092059, 2.0133558115, 2.0667137598, 0.3319506667, 0.6359212025, 1.1082252934, 0.9759437125, 1.0342921544, 0.976439561, 1.1114067256, 1.0548587226, 1.2355030917, 1.5130570052, -0.2583135421, 0.0700060168, 0.0922823454, 0.2726626641, 0.1535535151, 0.1543837102, 0.069163261, 0.1753609061, 0.4988213985, 1.5084458411, -0.8054996142, -0.5866996417, -0.4235031853, -0.4761112542, -0.587745924, -0.3466825033, -0.4034580774, -0.3024034536, -0.125282253, 1.284632997, -1.207634077, -1.0639541618, -0.7543155221, -0.8520621951, -0.7104627651, -0.5821520349, -0.7532750129, -0.6323467751, -0.1122277585, 1.234726002, -1.210681663, -1.138449393, -1.1120474104, -0.9809344372, -0.8081598768, -0.984336017, -0.9662366624, -0.7992926779, -0.2163859393, 1.4492735561, -1.296796035, -1.1100603657, -1.1553846522, -1.0135966035, -1.0279332799, -0.8342828705, -0.9734256352, -0.6491686093, -0.1223906831, 1.3981561094, -1.1659519898, -0.9144346836, -0.9488363005, -0.8733634942, -0.7946457252, -0.8777588227, -0.8035429383, -0.468260843, 0.1260903759, 1.3155549915, -1.0075029871, -0.8123026545, -0.7228208993, -0.5565283612, -0.712486791, -0.5618064666, -0.5274775587, -0.2793439955, 0.3471195836, 1.5873268274, -0.5928449702, -0.4831798309, -0.4490129691, -0.5503669686, -0.4512759809, -0.4359518071, -0.2774594314, -0.0420949579, 0.4619867776, 1.5136623505]}