{"source": [{"position": [496.97741243089934, -4.738304917146877], "counts": 500000.0}, {"position": [194.18248258587482, 384.77807039485293], "counts": 500000.0}], "output": [0.0, 0.0, 0.0, 0.0, 0.0, 0.0, 0.0, 0.0, 0.0, 0.0, 0.0, 0.0, 0.0, 0.0, 0.0, 0.0, 0.0, 0.0, 0.0, 0.0, 0.0, 0.0, 0.0, 0.0, 0.0, 0.0, 0.0, 0.0, 0.0, 0.0, 0.0, 0.048556045, 0.451443955, 0.0, 0.0, 0.0, 0.0, 0.0, 0.0, 0.0, 0.0, 0.0, 0.0, 0.3802930434, 0.1197069566, 0.0, 0.0, 0.0, 0.0, 0.0, 0.0, 0.0, 0.0, 0.0, 0.0, 0.0, 0.0, 0.0, 0.0, 0.0, 0.0, 0.0, 0.0, 0.0], "num_sources": 2, "seg_angles": 64, "input": [-1.3403190378, -1.2765187574, -1.3230290784, -1.242812276, -1.0776519373, -0.9744096083, -0.7725465048, -0.2271263042, 0.3136961512, 1.3334574523, -1.2904266345, -1.2722569775, -1.0816305354, -1.0958453411, -0.9663356633, -0.8171881379, -0.5104581856, -0.3871904057, 0.8891091132, 2.0040956249, -1.2772214656, -1.1508774794, -1.0236763309, -1.129338211, -1.0267008713, -0.7728242496, -0.3084031627, 0.0350028524, 0.62162715, 1.9281054819, -1.2208132983, -1.0454554024, -0.9651739251, -0.9524652357, -0.9630951468, -0.5316469432, -0.3331700422, 0.0748570166, 0.7892370459, 1.8520859274, -1.1171728161, -0.97789635, -0.8530262075, -0.7409093285, -0.8609543589, -0.5262116614, -0.3399786863, 0.0069219235, 0.8133880153, 2.0989568396, -0.9387087513, -0.9109986709, -0.5207023987, -0.7831195574, -0.5592147717, -0.2976818698, -0.1689837312, 0.1949201308, 0.6892205364, 2.2900954308, -0.7542412855, -0.4810912819, -0.4991620396, -0.5554152594, -0.2858880149, -0.2008058453, 0.194141263, 0.2085297753, 1.0533496568, 2.1371694627, -0.3899543628, -0.1918328503, -0.2578455143, -0.1023548951, 0.0409649344, 0.1495353595, 0.3716812209, 0.6178392044, 1.0483156244, 1.9148456905, 0.135306393, 0.0912446994, 0.2004407743, 0.3263374151, 0.5553074878, 0.7706217563, 0.4849136794, 0.5945543056, 1.4735524613, 2.2115128408, 0.5458382055, 0.6004751712, 0.9446036347, 0.7076299069, 0.6195115717, 1.0614911646, 1.3621684942, 1.3281386351, 1.7621992918, 2.2237608857]}