{"source": [{"position": [465.8311184180009, 69.58713324627173], "counts": 500000.0}, {"position": [-124.4006871468605, 132.8475405771177], "counts": 500000.0}], "output": [0.0, 0.0, 0.0, 0.0, 0.0, 0.0, 0.0, 0.0, 0.0, 0.0, 0.0, 0.0, 0.0, 0.0, 0.0, 0.0, 0.0, 0.0, 0.0, 0.0, 0.0, 0.0, 0.0, 0.0, 0.0, 0.0, 0.0, 0.0, 0.0, 0.0, 0.0, 0.0, 0.0, 0.2447844576, 0.2552155424, 0.0, 0.0, 0.0, 0.0, 0.0, 0.0, 0.0, 0.0, 0.0, 0.0, 0.0, 0.0, 0.0, 0.0, 0.0, 0.0, 0.0, 0.0, 0.0, 0.0, 0.167169356, 0.332830644, 0.0, 0.0, 0.0, 0.0, 0.0, 0.0, 0.0], "num_sources": 2, "seg_angles": 64, "input": [1.1835197634, -0.0799585491, -0.6418790357, -1.0852655161, -1.2511214434, -1.2303363647, -1.4039341751, -1.2257075243, -0.8633657921, -0.7019065156, 1.3797708351, 0.0824577913, -0.5904957195, -0.9401220854, -1.133959516, -1.2322523656, -1.2464427724, -1.0005285359, -0.7535433679, -0.6371385011, 1.2688599276, 0.2950335412, -0.5509403522, -0.9665403755, -1.1232122479, -1.2039559247, -1.1804555197, -0.9201443908, -0.627195113, -0.4338871893, 1.2490730529, 0.1958905321, -0.5558247383, -0.7656769553, -1.0193393526, -1.1081673094, -1.0657374333, -0.7705199042, -0.7155447052, -0.3880793729, 1.3186195218, 0.3829336591, -0.3595371552, -0.8209511375, -0.9974850214, -1.0282215306, -0.9779253006, -0.5626487533, -0.5946045659, -0.1778098511, 1.51443109, 0.3354530761, -0.4011948405, -0.7431034961, -1.0084802593, -0.8908783269, -0.8123650949, -0.6038812932, -0.1883202692, 0.1202079446, 1.2363556154, 0.4640734135, -0.344584714, -0.5811886434, -0.6543491169, -0.5342923771, -0.3937593173, -0.3518500109, 0.1132978848, 0.0006467664, 1.2964575945, 0.3635784401, 0.2634278259, -0.074807264, -0.0278289221, 0.0904621221, 0.0722365748, 0.4864788985, 0.6365036647, 0.5552660176, 1.4737150241, 0.6915423978, 0.8920005326, 0.2479753701, 0.5275236174, 0.6239495621, 0.7368272813, 0.8255553233, 1.1630107049, 1.1815881776, 1.693064523, 1.773350867, 2.0347737014, 2.0566718419, 1.9209917235, 1.6733175727, 2.1778260211, 1.8546653982, 1.8341362033, 2.2557245289]}