{"source": [{"position": [-36.89094641847541, 152.60425312667138], "counts": 500000.0}, {"position": [296.09337475964713, 195.8410412131307], "counts": 500000.0}], "output": [0.0, 0.0, 0.0, 0.0, 0.0, 0.0, 0.0, 0.0, 0.0, 0.0, 0.0, 0.0, 0.0, 0.0, 0.0, 0.0, 0.0, 0.0, 0.0, 0.0, 0.0, 0.0, 0.0, 0.0, 0.0, 0.0, 0.0, 0.0, 0.0, 0.0, 0.0, 0.0, 0.0, 0.0, 0.0, 0.0, 0.0, 0.0238837746, 0.4761162254, 0.0, 0.0, 0.0, 0.0, 0.0, 0.0, 0.0, 0.0, 0.0, 0.0, 0.0, 0.2919910366, 0.2080089634, 0.0, 0.0, 0.0, 0.0, 0.0, 0.0, 0.0, 0.0, 0.0, 0.0, 0.0, 0.0], "num_sources": 2, "seg_angles": 64, "input": [-0.4395086143, -1.129138122, -1.1755683427, -1.2403329548, -1.1952926482, -1.1080418071, -1.0089580149, -0.9087585632, -0.6172588426, -0.4112444587, -0.2332346133, -1.1244376449, -1.0684077808, -1.1424897351, -1.1173771615, -0.9842896579, -0.8445069276, -0.8108701223, -0.5818952425, -0.1719937827, -0.2142020194, -0.9510372796, -1.125331702, -1.1044281408, -0.9786248615, -1.0015275925, -0.8527117116, -0.5978788796, -0.3788674798, -0.1135091666, -0.2650380738, -0.8346188556, -0.976802375, -1.0162330589, -0.9180686344, -0.9136226696, -0.647756773, -0.5664813568, -0.3421329539, -0.043732736, -0.1509302898, -0.8620461086, -0.8304315423, -0.8939945225, -0.7146103768, -0.6601769917, -0.6000827462, -0.3059821363, -0.2033604691, -0.0360271177, 0.0467812278, -0.6072376089, -0.4870478427, -0.4944141851, -0.5669557795, -0.3652077829, -0.3620191747, -0.2479308296, 0.0692844453, 0.1657946261, 0.1476163811, -0.2338287538, -0.1743738247, -0.1700164382, -0.0487506184, 0.0111922686, -0.0271406382, 0.310478831, 0.2448122394, 0.451061394, 0.4044021342, 0.2424078581, 0.4788650672, 0.3194377924, 0.4380958007, 0.260828589, 0.4735893144, 0.7109297374, 0.5118851612, 0.8549544805, 0.8559256611, 1.2132618853, 1.1966330278, 1.2506918428, 1.3223565247, 1.194809634, 1.2391820663, 1.363813217, 1.3843754461, 1.3690531075, 1.8761629176, 2.0477900672, 2.2365230369, 2.1840073272, 2.3017049557, 2.1855044423, 2.2655231263, 2.221671802, 2.2192491123, 2.1281205862]}