{"source": [{"position": [-4.979417754175837, -264.9532136035142], "counts": 500000.0}, {"position": [-103.25269722380989, -40.74163123892121], "counts": 500000.0}], "output": [0.0, 0.0, 0.0, 0.08592996, 0.41407004, 0.0, 0.0, 0.0, 0.0, 0.0, 0.0, 0.0, 0.0, 0.0, 0.0, 0.0957036186, 0.4042963814, 0.0, 0.0, 0.0, 0.0, 0.0, 0.0, 0.0, 0.0, 0.0, 0.0, 0.0, 0.0, 0.0, 0.0, 0.0, 0.0, 0.0, 0.0, 0.0, 0.0, 0.0, 0.0, 0.0, 0.0, 0.0, 0.0, 0.0, 0.0, 0.0, 0.0, 0.0, 0.0, 0.0, 0.0, 0.0, 0.0, 0.0, 0.0, 0.0, 0.0, 0.0, 0.0, 0.0, 0.0, 0.0, 0.0, 0.0], "num_sources": 2, "seg_angles": 64, "input": [2.2536095235, 1.787395297, 1.820637646, 1.4604491604, 1.6188399502, 1.4508949284, 1.3256902842, 1.5106481142, 1.2369063373, 1.0748409806, 2.0399412804, 1.4556241883, 1.1668823053, 0.5071880865, 0.3584599793, 0.3169322747, 0.3761344471, 0.1788167556, 0.2006560278, -0.021718031, 1.7527937154, 1.2820743989, 0.69208703, 0.2382933575, -0.0049277456, -0.1129587194, -0.4119476048, -0.4558651669, -0.4588467328, -0.660887761, 1.6777035567, 1.1481433679, 0.5702269543, 0.0952440209, -0.2436280466, -0.380212168, -0.6766563183, -0.7422428405, -0.7793439351, -0.9606321691, 1.5392427655, 0.9289986844, 0.2567543485, -0.1487229105, -0.4040880098, -0.6224119561, -0.8005074953, -0.9466478947, -0.9848018925, -1.0430233076, 1.6985271361, 1.0384542747, 0.1648148047, -0.1478321928, -0.4620085598, -0.6796647896, -0.8333013937, -1.0676344351, -1.1129186547, -1.1935720568, 1.4516314986, 0.8028175788, 0.1888135707, -0.3508850658, -0.560107923, -0.7423863561, -0.9319662995, -1.0658327992, -1.1963575997, -1.2534712452, 1.421251792, 0.7980743819, 0.1432390949, -0.3727333985, -0.6096712421, -0.8335026526, -0.9721819655, -1.0751775939, -1.1783302751, -1.2453911937, 1.274117105, 0.563525133, 0.0907257679, -0.4101617875, -0.5499032578, -0.9186595216, -1.0313766208, -1.0972828774, -1.2349176889, -1.2840786678, 0.9284607308, 0.3808494224, -0.27291106, -0.6818650645, -0.9297709288, -1.0527237738, -1.2238739455, -1.2444033188, -1.2520064281, -1.3384787187]}