{"source": [{"position": [-66.58540094705488, 42.51334356081561], "counts": 500000.0}, {"position": [-26.132191747820592, 222.4704667016616], "counts": 500000.0}], "output": [0.0, 0.0, 0.0, 0.0, 0.0, 0.0, 0.0, 0.0, 0.0, 0.0, 0.0, 0.0, 0.0, 0.0, 0.0, 0.0, 0.0, 0.0, 0.0, 0.0, 0.0, 0.0, 0.0, 0.0, 0.0, 0.0, 0.0, 0.0, 0.0, 0.0, 0.0, 0.0, 0.0, 0.0, 0.0, 0.0, 0.0, 0.0, 0.0, 0.0, 0.0, 0.0, 0.0, 0.0, 0.0, 0.0, 0.0, 0.0, 0.0, 0.4044914516, 0.0955085484, 0.0, 0.0, 0.0, 0.0, 0.0, 0.0, 0.0, 0.3939870338, 0.1060129662, 0.0, 0.0, 0.0, 0.0], "num_sources": 2, "seg_angles": 64, "input": [1.0467664403, 0.2189138496, -0.3823020901, -0.6693629728, -0.9363265462, -1.0356054351, -1.1408121385, -1.1966343602, -1.2266331797, -1.3026065355, 1.3039331171, 0.4555307308, -0.1892782779, -0.5732274451, -0.8150670675, -0.9462074792, -1.0755539818, -1.1260151238, -1.2278741471, -1.251146807, 1.4463032098, 0.5703281933, -0.0415087467, -0.4936815813, -0.7746084586, -0.9050198515, -1.0126715259, -1.0898869104, -1.152694765, -1.2217137585, 1.3809495869, 0.6674618775, -0.0086899586, -0.3712270242, -0.6174898581, -0.8101189573, -0.9619978339, -1.0253575668, -1.1611832654, -1.199586881, 1.6265707544, 0.7166916629, 0.1804548757, -0.3281354587, -0.635559422, -0.7151093033, -0.8929178569, -1.0150249099, -1.0633791314, -1.1135805729, 1.6554629828, 0.890803013, 0.2241748, -0.2622753382, -0.4467477487, -0.6435024316, -0.8181175839, -0.8879194311, -0.9077568281, -0.9952619131, 1.7493109354, 0.9647816443, 0.2978238299, -0.0591935715, -0.3242059368, -0.4341973245, -0.623574875, -0.6563510427, -0.6729792219, -0.8252476073, 1.7059057967, 1.0633141705, 0.5101021437, 0.1815793173, -0.0936499187, -0.069336474, -0.1840781601, -0.1581986679, -0.2218887341, -0.4464922119, 1.6851439743, 1.2287770978, 0.9051761738, 0.7088897767, 0.6559914755, 0.5778991831, 0.6282043465, 0.5503288943, 0.476002687, 0.1305272959, 1.9189334756, 1.868474486, 1.914120485, 1.832294229, 1.683095121, 1.6528232629, 1.5727173332, 1.7232070564, 1.5157500922, 1.3512528292]}