{"source": [{"position": [452.20421709011725, 112.54930495526906], "counts": 500000.0}, {"position": [225.83180743487543, 379.95262171841546], "counts": 500000.0}], "output": [0.0, 0.0, 0.0, 0.0, 0.0, 0.0, 0.0, 0.0, 0.0, 0.0, 0.0, 0.0, 0.0, 0.0, 0.0, 0.0, 0.0, 0.0, 0.0, 0.0, 0.0, 0.0, 0.0, 0.0, 0.0, 0.0, 0.0, 0.0, 0.0, 0.0, 0.0, 0.0, 0.0, 0.0, 0.2576538522, 0.2423461478, 0.0, 0.0, 0.0, 0.0, 0.0, 0.0, 0.2311919254, 0.2688080746, 0.0, 0.0, 0.0, 0.0, 0.0, 0.0, 0.0, 0.0, 0.0, 0.0, 0.0, 0.0, 0.0, 0.0, 0.0, 0.0, 0.0, 0.0, 0.0, 0.0], "num_sources": 2, "seg_angles": 64, "input": [-1.3642572318, -1.2735766941, -1.2139726364, -1.2132949984, -1.0448285086, -1.0324513978, -0.6188140204, -0.3989199229, 0.7259617437, 1.4237875092, -1.297427212, -1.2399940057, -1.1644381717, -1.0696435591, -0.932701038, -0.8452011211, -0.4321766237, -0.2095546666, 0.7445133135, 1.6370751638, -1.2031600712, -1.2135415254, -1.1025506049, -0.9552869956, -0.9211398604, -0.7303449275, -0.4842154052, -0.0680409865, 0.8409911267, 1.9582144477, -1.208750404, -1.1135926204, -1.077164834, -0.950079428, -0.7828230376, -0.6823727401, -0.1934904904, 0.140975763, 0.9625646615, 1.8127381584, -1.1772134351, -1.0070060673, -0.9239243929, -0.8847861891, -0.6362598729, -0.3651676933, -0.3223154067, 0.0890461823, 0.9515587644, 1.6647606706, -0.9433077577, -0.9851389009, -0.8528717853, -0.7234110789, -0.6640660495, -0.3918165393, -0.184130239, 0.171146364, 0.8887502356, 1.7913374262, -0.7043643518, -0.7172421928, -0.4938389697, -0.5513262636, -0.5432969342, -0.3372130446, -0.1627508975, 0.5819974964, 0.6723323959, 1.7898528476, -0.457703106, -0.1792757245, -0.4622974661, -0.3558073971, -0.1876994579, -0.0679159371, 0.2080383781, 0.6807561207, 1.232967595, 1.776762738, -0.0251509913, 0.1417682964, 0.3163310139, 0.4073062378, 0.3577866358, 0.3982375945, 0.5738742675, 0.9627338278, 1.4352213517, 2.1552260715, 1.2701903687, 1.1891373765, 1.0879017172, 1.0331773562, 1.2654204806, 1.4383555551, 1.5613909733, 1.6001747529, 1.5996721633, 1.8050687384]}