{"source": [{"position": [-268.9125298009814, 348.2614697551773], "counts": 500000.0}, {"position": [-220.22745943621283, 27.997609009899723], "counts": 500000.0}], "output": [0.0, 0.0, 0.0, 0.0, 0.0, 0.0, 0.0, 0.0, 0.0, 0.0, 0.0, 0.0, 0.0, 0.0, 0.0, 0.0, 0.0, 0.0, 0.0, 0.0, 0.0, 0.0, 0.0, 0.0, 0.0, 0.0, 0.0, 0.0, 0.0, 0.0, 0.0, 0.0, 0.0, 0.0, 0.0, 0.0, 0.0, 0.0, 0.0, 0.0, 0.0, 0.0, 0.0, 0.0, 0.0, 0.0, 0.0, 0.0, 0.0, 0.0, 0.0, 0.0, 0.0, 0.0, 0.1512198887, 0.3487801113, 0.0, 0.0, 0.0, 0.0, 0.0, 0.0, 0.144015176, 0.355984824], "num_sources": 2, "seg_angles": 64, "input": [1.6778610007, 0.7701777789, 0.0324730153, -0.5126006119, -0.8091507724, -0.8574861435, -1.0595457169, -1.1276216059, -1.2468483403, -1.2262073257, 1.7653076047, 1.1127125191, 0.4389937983, -0.2426320651, -0.6027569572, -0.7939021072, -0.8868377887, -1.1082184479, -1.1738305724, -1.2292429712, 2.2853736265, 1.3308693895, 0.3810755232, -0.1303853126, -0.5123193556, -0.7996576141, -0.8953084421, -0.9961247379, -1.1166991621, -1.2085592187, 2.3388060163, 1.2527533743, 0.5291232715, -0.1335949938, -0.5426822918, -0.7314171493, -0.841812783, -1.0791327969, -1.0690204845, -1.1910817785, 2.0993899679, 1.3004933311, 0.4574415347, -0.0184870541, -0.3238355765, -0.6827773792, -0.8695402661, -0.9426792669, -1.0571075792, -1.122894886, 2.093063958, 1.3781297514, 0.3535988386, -0.0703534884, -0.4952313318, -0.6964284298, -0.7058184616, -0.8438263863, -1.0135265254, -1.0020942589, 1.9271364149, 1.2146828005, 0.5735625969, 0.1976194801, -0.1082429884, -0.541905103, -0.6019163241, -0.7814452768, -0.8173029682, -0.9640409603, 2.2402105254, 1.3260503059, 0.515762403, 0.3028649124, -0.2095398229, -0.4190943733, -0.5177778359, -0.4640425223, -0.7218293372, -0.7809735339, 2.0361090509, 1.3310581833, 0.8859625927, 0.3606004936, 0.0126718213, 0.0146771329, -0.1017348573, -0.242512893, -0.2941602397, -0.4740227996, 1.818616419, 1.2763376813, 0.9637868973, 0.9937038104, 0.585722609, 0.4002521123, 0.4490498318, 0.3627760793, 0.4501023273, 0.1728594914]}