{"source": [{"position": [434.0461870348022, -190.4728524502887], "counts": 500000.0}, {"position": [263.2798641710587, 417.9948721241313], "counts": 500000.0}], "output": [0.0, 0.0, 0.0, 0.0, 0.0, 0.0, 0.0, 0.0, 0.0, 0.0, 0.0, 0.0, 0.0, 0.0, 0.0, 0.0, 0.0, 0.0, 0.0, 0.0, 0.0, 0.0, 0.0, 0.0, 0.0, 0.0, 0.0, 0.1060753483, 0.3939246517, 0.0, 0.0, 0.0, 0.0, 0.0, 0.0, 0.0, 0.0, 0.0, 0.0, 0.0, 0.0, 0.0, 0.3626971969, 0.1373028031, 0.0, 0.0, 0.0, 0.0, 0.0, 0.0, 0.0, 0.0, 0.0, 0.0, 0.0, 0.0, 0.0, 0.0, 0.0, 0.0, 0.0, 0.0, 0.0, 0.0], "num_sources": 2, "seg_angles": 64, "input": [-0.520221929, -0.1727071647, -0.205087174, -0.0490553015, -0.0999616805, 0.0817662209, 0.4248813814, 0.4899677927, 0.9478498545, 1.8736029351, -0.9786434101, -0.9620177601, -0.8961917166, -0.8278980395, -0.6757252655, -0.7556365601, -0.3225007352, 0.3131021607, 1.0117710047, 2.1381274161, -1.3066449076, -1.281120345, -1.05341903, -1.0594709741, -0.8303122492, -0.7685256292, -0.542062077, -0.0230503766, 0.5516991398, 2.1448756494, -1.361301848, -1.2443111101, -1.1407932336, -1.0590466491, -0.9305249719, -0.8324060028, -0.6592224336, 0.1088659814, 0.9195470314, 2.1467161229, -1.2581491004, -1.1997955517, -1.077540771, -1.0659921073, -0.8536827068, -0.6805138291, -0.5531044138, 0.1174109776, 0.8937841956, 2.1473237408, -1.2073729944, -0.9459389083, -0.7442300708, -0.9142142153, -0.8636905147, -0.4984682787, -0.2427889966, 0.2234748508, 0.9955731957, 2.1208262813, -1.0425225229, -0.8922343918, -0.8461815196, -0.7555593902, -0.667206966, -0.4211203492, -0.1490082938, 0.1331793803, 0.8881376564, 2.2769766413, -0.6865722418, -0.5099524262, -0.7873650761, -0.3748912568, -0.4125138669, -0.319857742, 0.1298996391, 0.437138078, 0.9702339434, 2.1001089085, -0.2973616223, -0.1824253529, -0.2132985597, -0.0494919297, 0.1620803276, 0.3095672878, 0.866946205, 1.0481131552, 1.061294904, 2.1280165987, -0.0170485302, 0.597539981, 0.6332343239, 0.5530312203, 0.5997240235, 0.7978606411, 0.8612458979, 1.3899807115, 1.5185322516, 2.1739453627]}