{"source": [{"position": [35.368034007420654, 45.96849106126865], "counts": 500000.0}, {"position": [-66.20800717977838, -345.7173698055717], "counts": 500000.0}], "output": [0.0, 0.0, 0.0, 0.0, 0.0, 0.0, 0.0, 0.0, 0.0, 0.0, 0.0, 0.0, 0.0, 0.0, 0.4636794618, 0.0363205382, 0.0, 0.0, 0.0, 0.0, 0.0, 0.0, 0.0, 0.0, 0.0, 0.0, 0.0, 0.0, 0.0, 0.0, 0.0, 0.0, 0.0, 0.0, 0.0, 0.0, 0.0, 0.0, 0.0, 0.0, 0.0, 0.3399632789, 0.1600367211, 0.0, 0.0, 0.0, 0.0, 0.0, 0.0, 0.0, 0.0, 0.0, 0.0, 0.0, 0.0, 0.0, 0.0, 0.0, 0.0, 0.0, 0.0, 0.0, 0.0, 0.0], "num_sources": 2, "seg_angles": 64, "input": [-1.0275361766, -0.9798695711, -0.9651861554, -0.9014421422, -0.825080569, -0.7804054388, -0.4732185969, -0.2734578747, 0.3715293715, 1.2403585111, -1.1755744227, -1.0596249151, -0.9633716384, -0.9551461808, -0.9000999236, -0.7784913196, -0.6091276621, -0.1994141291, 0.4854779509, 1.6890770101, -1.1256141393, -1.1301692983, -1.0415327779, -1.0608415466, -0.9640058276, -0.8297574386, -0.705007999, -0.2985100797, 0.4214079472, 1.5530150605, -1.1161920364, -1.0914330748, -1.0736971919, -1.0630225281, -0.9525866361, -0.8827900721, -0.675395482, -0.2512406907, 0.4959766117, 1.4311460306, -1.0029812311, -1.0456116314, -1.0435400177, -0.9381292702, -0.9088136521, -0.8866012959, -0.7385173167, -0.3177972815, 0.4274442854, 1.5842497886, -0.8391003947, -0.8672067741, -0.8014194985, -0.6922849925, -0.830818693, -0.7175982004, -0.6392556794, -0.2362353771, 0.4195635752, 1.4285752195, -0.6374821802, -0.5583284924, -0.5034424107, -0.4710168265, -0.4720305304, -0.4386943293, -0.3288474372, -0.1305747618, 0.4903914345, 1.50510038, -0.1432581279, -0.1196760985, 0.0123483095, 0.0636201972, 0.0930497788, 0.1077750872, 0.0861049414, 0.1696046803, 0.5302448085, 1.6528846579, 0.5096316057, 0.6253381812, 0.8174475806, 0.934228986, 0.7908926391, 0.8645343694, 0.9658744801, 0.9188521564, 0.9674409561, 1.7647639667, 1.4884957589, 1.6220713273, 1.8152805779, 1.8274184366, 1.8509153119, 1.7402061014, 1.8607225932, 2.0043076253, 2.056677554, 1.7540601906]}