{"source": [{"position": [29.366989430180563, -150.15518616354103], "counts": 500000.0}, {"position": [230.385981353156, -195.25956979350144], "counts": 500000.0}], "output": [0.0, 0.0, 0.0, 0.0, 0.0, 0.0, 0.0, 0.0, 0.0, 0.0, 0.0, 0.0, 0.0, 0.0, 0.0, 0.0, 0.0, 0.0163478466, 0.4836521534, 0.0, 0.0, 0.0, 0.0, 0.0, 0.0806537238, 0.4193462762, 0.0, 0.0, 0.0, 0.0, 0.0, 0.0, 0.0, 0.0, 0.0, 0.0, 0.0, 0.0, 0.0, 0.0, 0.0, 0.0, 0.0, 0.0, 0.0, 0.0, 0.0, 0.0, 0.0, 0.0, 0.0, 0.0, 0.0, 0.0, 0.0, 0.0, 0.0, 0.0, 0.0, 0.0, 0.0, 0.0, 0.0, 0.0], "num_sources": 2, "seg_angles": 64, "input": [1.6791506013, 1.7934411687, 2.2004381094, 2.1726343425, 2.2015925501, 2.1205726634, 2.1444528865, 2.0552566745, 1.9590104568, 1.7359724758, 0.6637321864, 1.1563892076, 1.228930698, 1.2058709533, 1.1432358076, 1.1919343036, 1.2332951117, 1.2649915543, 1.3953836126, 1.4008691896, 0.0888582638, 0.343293479, 0.4128124594, 0.5543652947, 0.3570233912, 0.5975454155, 0.3587269544, 0.4527491545, 0.6811167411, 1.1460572805, -0.4504926005, -0.0437256163, -0.0819883555, -0.0871924709, -0.1042462046, 0.0026481578, 0.0388772094, 0.2111296454, 0.2771355501, 0.8111160924, -0.697840574, -0.5782941349, -0.5472409758, -0.4502628636, -0.5646524834, -0.3307615068, -0.3343449777, -0.0887580219, 0.1786263617, 0.6364912318, -0.9612678423, -0.9114457878, -0.8351375596, -0.7263366935, -0.7244666646, -0.6567299567, -0.479605872, -0.2411286925, -0.0848187049, 0.7255791699, -1.0409380472, -1.017088779, -0.9714609832, -0.8702765708, -0.786764428, -0.8424695947, -0.7362202182, -0.4822841265, -0.0506365259, 0.6626582274, -1.1174161664, -1.0546293793, -1.0510007083, -1.0398437225, -0.9808040393, -0.8344662431, -0.7901516979, -0.59076103, -0.2829020335, 0.7623289, -1.2281686995, -1.1990500855, -1.1283543088, -1.1246650191, -1.0402173757, -0.9238157584, -0.8033677548, -0.7639276542, -0.2870167069, 0.4967992432, -1.2693552068, -1.2276761537, -1.2036539968, -1.1537267471, -1.0965584125, -1.0581454928, -0.9529429248, -0.8372630147, -0.5066949616, 0.5823603502]}