{"source": [{"position": [-78.56676001564573, 56.888172941692645], "counts": 500000.0}, {"position": [-74.18958599998297, 351.2504880126876], "counts": 500000.0}], "output": [0.0, 0.0, 0.0, 0.0, 0.0, 0.0, 0.0, 0.0, 0.0, 0.0, 0.0, 0.0, 0.0, 0.0, 0.0, 0.0, 0.0, 0.0, 0.0, 0.0, 0.0, 0.0, 0.0, 0.0, 0.0, 0.0, 0.0, 0.0, 0.0, 0.0, 0.0, 0.0, 0.0, 0.0, 0.0, 0.0, 0.0, 0.0, 0.0, 0.0, 0.0, 0.0, 0.0, 0.0, 0.0, 0.0, 0.0, 0.0, 0.0, 0.0, 0.4398693074, 0.0601306926, 0.0, 0.0, 0.0, 0.0, 0.0, 0.1917628365, 0.3082371635, 0.0, 0.0, 0.0, 0.0, 0.0], "num_sources": 2, "seg_angles": 64, "input": [1.1065771972, 0.2125059325, -0.3160574183, -0.6414824456, -0.9365003964, -1.0648205027, -1.0884485579, -1.219214625, -1.2276059099, -1.2628675946, 1.417191139, 0.4357869407, -0.1693485936, -0.5464428176, -0.7670304936, -0.9703907642, -1.0921493081, -1.1622207969, -1.193280648, -1.2647491031, 1.5804281379, 0.6071692365, -0.0661794925, -0.5035406594, -0.749964028, -0.8709766221, -1.0644716369, -1.0956114474, -1.1712520205, -1.2403360243, 1.5337937026, 0.6238036365, 0.0425138892, -0.4637965231, -0.6873768797, -0.9050319068, -0.9726666304, -1.0436621011, -1.1477640006, -1.1868077688, 1.5864609393, 0.7574880483, 0.0948248446, -0.3626026256, -0.6256883451, -0.8543531304, -0.8641871326, -0.9753853129, -1.0342749209, -1.0893556647, 1.6989432438, 0.7812918564, 0.1389079368, -0.2222254956, -0.5224281771, -0.6830716617, -0.8248676848, -0.8818814041, -0.8397390418, -0.9419962802, 1.6571199463, 0.778060988, 0.2611639099, -0.0744903073, -0.412186862, -0.5000899522, -0.5544004372, -0.5755839184, -0.5285041287, -0.769351328, 1.8101731251, 1.0344177482, 0.5157815831, 0.069142871, 0.0056784426, -0.1081871443, -0.1660195881, -0.2402046111, -0.1831485712, -0.4331157727, 1.7959961212, 1.0373997233, 0.7067536331, 0.7148435173, 0.7171933519, 0.7013026434, 0.7041079453, 0.6806835204, 0.4402116692, 0.2381101151, 1.7003977129, 1.7744761305, 1.8164645485, 1.7761368136, 1.7610726439, 1.755809687, 1.6835871261, 1.6804986782, 1.5492267796, 1.3758895594]}