{"source": [{"position": [276.9999833950767, -47.24414460149777], "counts": 500000.0}, {"position": [-185.49611475128827, 144.2781737206875], "counts": 500000.0}], "output": [0.0, 0.0, 0.0, 0.0, 0.0, 0.0, 0.0, 0.0, 0.0, 0.0, 0.0, 0.0, 0.0, 0.0, 0.0, 0.0, 0.0, 0.0, 0.0, 0.0, 0.0, 0.0, 0.0, 0.0, 0.0, 0.0, 0.0, 0.0, 0.0, 0.0, 0.3603583424, 0.1396416576, 0.0, 0.0, 0.0, 0.0, 0.0, 0.0, 0.0, 0.0, 0.0, 0.0, 0.0, 0.0, 0.0, 0.0, 0.0, 0.0, 0.0, 0.0, 0.0, 0.0, 0.0, 0.0, 0.0, 0.0, 0.0, 0.3667236817, 0.1332763183, 0.0, 0.0, 0.0, 0.0, 0.0], "num_sources": 2, "seg_angles": 64, "input": [1.2715291145, 0.2606666035, -0.1645562595, -0.389545748, -0.8846766591, -1.1412840336, -0.94912787, -0.9140322335, -0.5992674489, 0.3524834879, 1.0541382254, 0.0602147893, -0.8310765968, -1.0703479555, -1.1938534793, -1.4739980385, -1.0672698671, -0.7760454319, -0.1267057359, 0.6170990532, 1.3765959315, 0.3603061747, -0.8693594225, -0.9827997706, -1.37628268, -1.5337712148, -1.2213468551, -0.783670509, 0.0316670264, 0.6448822865, 1.1105334043, 0.1947825981, -0.5962192934, -0.9640240107, -1.2714390765, -1.2913976465, -0.984337091, -0.6731228621, 0.0904136839, 0.9637111028, 0.895782152, 0.1986136582, -0.5830776668, -0.9931649078, -1.1130803546, -1.1662664525, -1.0341061265, -0.6375974952, 0.2084758668, 0.8348610397, 0.913068052, 0.0240139735, -0.7279350249, -0.9575402734, -1.1138466306, -1.2014722013, -0.9639425585, -0.473723431, 0.1450500013, 1.1912501227, 1.0707938975, -0.0863633515, -0.467969039, -1.1118105204, -1.222224638, -0.9570248077, -0.5849074964, -0.2631511421, 1.0753863545, 1.0486726366, 1.005675309, 0.2042042857, -0.292535349, -0.8780332774, -0.7127389978, -0.6077434355, -0.2877707037, 0.3913391725, 1.189055228, 1.4900291882, 0.9991813949, 0.2136709894, 0.0337227889, -0.0130430338, 0.225752598, 0.5207605274, 0.439843864, 1.296788788, 1.6358699088, 1.7514755581, 0.7603218111, 0.9017852699, 0.9160322325, 0.7614938147, 1.2041899424, 1.5768162539, 1.3442213411, 2.3586940534, 2.5247406333, 2.8399705151]}