{"source": [{"position": [66.9714209171911, 45.56126403352324], "counts": 500000.0}, {"position": [-445.0648744568102, 144.71094473032724], "counts": 500000.0}], "output": [0.0, 0.0, 0.0, 0.0, 0.0, 0.0, 0.0, 0.0, 0.0, 0.0, 0.0, 0.0, 0.0, 0.0, 0.0, 0.0, 0.0, 0.0, 0.0, 0.0, 0.0, 0.0, 0.0, 0.0, 0.0, 0.0, 0.0, 0.0, 0.0, 0.0, 0.0, 0.0, 0.0, 0.0, 0.0, 0.0, 0.0, 0.0, 0.457528096, 0.042471904, 0.0, 0.0, 0.0, 0.0, 0.0, 0.0, 0.0, 0.0, 0.0, 0.0, 0.0, 0.0, 0.0, 0.0, 0.0, 0.0, 0.0, 0.0, 0.0, 0.0, 0.1010411961, 0.3989588039, 0.0, 0.0], "num_sources": 2, "seg_angles": 64, "input": [-0.949931396, -1.0583876289, -1.139339486, -1.1704554312, -1.0662007519, -0.9557970253, -0.7483662259, -0.292942752, 0.2823965221, 1.3021828317, -0.9065884329, -1.0060332653, -1.0618028042, -1.031198758, -1.0325815459, -0.8670462103, -0.4761202785, -0.1280238126, 0.7302086129, 1.874893073, -0.8598467319, -0.9365933974, -1.0534602923, -1.0393949521, -0.9654663374, -0.7140608589, -0.4637256259, 0.0804314116, 0.8211525264, 1.8021494543, -0.8743766391, -0.9090323123, -0.9497207192, -0.9414734816, -0.8619024407, -0.7798807364, -0.488775067, 0.1637926068, 0.8422215288, 1.8630113946, -0.7953489673, -0.8372935297, -1.0281053267, -1.0103863431, -0.8407711979, -0.775791408, -0.4438053266, 0.1167385252, 0.9714397012, 1.8356967121, -0.6821927254, -0.7617688624, -0.8787344065, -0.9262495231, -0.8920147227, -0.6320815683, -0.3320211922, 0.20664362, 0.9334804888, 1.7923878299, -0.5487344188, -0.5847382552, -0.7039148055, -0.7612021062, -0.7185421421, -0.5846049046, -0.3671567261, 0.1938336334, 0.9098516616, 2.039566399, -0.3846770912, -0.2336811687, -0.4786211592, -0.4650135419, -0.4328718725, -0.431880393, -0.2680785728, 0.2885059098, 0.901310597, 1.9689043384, 0.2578666046, 0.5427796206, 0.2768179606, 0.2280764225, 0.3256713874, 0.2743597146, 0.402001812, 0.5745600461, 1.086734737, 2.0599673273, 1.3020596435, 1.4005984916, 1.527638253, 1.4179463858, 1.4867969557, 1.6895251826, 1.5673821272, 1.5697991461, 1.6307145789, 1.9867118791]}