{"source": [{"position": [-98.20729384109684, 391.88177737221787], "counts": 500000.0}, {"position": [-326.72715479410084, 13.35538543628348], "counts": 500000.0}], "output": [0.2919347286, 0.0, 0.0, 0.0, 0.0, 0.0, 0.0, 0.0, 0.0, 0.0, 0.0, 0.0, 0.0, 0.0, 0.0, 0.0, 0.0, 0.0, 0.0, 0.0, 0.0, 0.0, 0.0, 0.0, 0.0, 0.0, 0.0, 0.0, 0.0, 0.0, 0.0, 0.0, 0.0, 0.0, 0.0, 0.0, 0.0, 0.0, 0.0, 0.0, 0.0, 0.0, 0.0, 0.0, 0.0, 0.0, 0.0, 0.0, 0.0, 0.0, 0.249437259, 0.250562741, 0.0, 0.0, 0.0, 0.0, 0.0, 0.0, 0.0, 0.0, 0.0, 0.0, 0.0, 0.2080652714], "num_sources": 2, "seg_angles": 64, "input": [1.384028312, 0.3279579915, -0.4000463468, -0.6870031156, -0.9850744212, -1.1323638064, -1.0881215389, -1.3195159561, -1.409677131, -1.4231591806, 1.8089556282, 0.4508079893, -0.3008828716, -0.5030555012, -0.9074695429, -0.9859315898, -1.0107282662, -1.2077964862, -1.330932588, -1.3792553172, 1.8675053038, 0.7759806298, 0.0886597565, -0.5366788564, -0.7353254923, -0.996865273, -0.9943480397, -1.0289971864, -1.1040938185, -1.2838391024, 1.9330994844, 0.4201768282, 0.055683326, -0.281048354, -0.470272241, -0.7322928324, -0.8729523964, -0.993194882, -1.15278688, -1.2890449562, 1.8018369242, 0.6738832231, 0.2603614486, -0.059154936, -0.5639332497, -0.6211414832, -0.7656360237, -0.8923463617, -1.0189867936, -1.1499256526, 2.1048096256, 0.8777572457, 0.4231506691, -0.0603628095, -0.280956834, -0.4535743565, -0.6238107266, -0.6520406189, -0.8052721961, -1.042807442, 1.8262358755, 1.0396072959, 0.6347076627, 0.2101503762, 0.029423673, -0.242920654, -0.3953754563, -0.5062064117, -0.5723441218, -0.8753255371, 1.9551800309, 1.3314852638, 0.8984862547, 0.4600931638, 0.1466952915, 0.1131665906, -0.2116186, -0.1637475465, -0.3223458505, -0.7815001167, 1.9745669908, 1.6986117355, 1.4531427523, 0.8125099447, 0.4223212158, 0.4281615557, 0.09819284, 0.2727835989, -0.0609855945, -0.2838981077, 2.5502917649, 1.670029055, 1.4789781084, 1.1757903911, 0.8412708349, 0.8106577764, 0.7431773507, 0.6435844915, 0.5175689364, 0.4574462441]}