{"source": [{"position": [19.908388710317475, 52.34172388218508], "counts": 500000.0}, {"position": [-260.025486819017, 45.63711433179386], "counts": 500000.0}], "output": [0.0, 0.0, 0.0, 0.0, 0.0, 0.0, 0.0, 0.0, 0.0, 0.0, 0.0, 0.0, 0.0, 0.0, 0.0, 0.0, 0.0, 0.0, 0.0, 0.0, 0.0, 0.0, 0.0, 0.0, 0.0, 0.0, 0.0, 0.0, 0.0, 0.0, 0.0, 0.0, 0.0, 0.0, 0.0, 0.0, 0.0, 0.0, 0.0, 0.0, 0.0, 0.0, 0.0, 0.0, 0.3510681628, 0.1489318372, 0.0, 0.0, 0.0, 0.0, 0.0, 0.0, 0.0, 0.0, 0.0, 0.0, 0.0, 0.0, 0.0, 0.0, 0.0, 0.0, 0.3848537239, 0.1151462761], "num_sources": 2, "seg_angles": 64, "input": [-0.8212368145, -0.8831027225, -1.1022494955, -1.1636202849, -1.1719505631, -1.2217345442, -1.2310562782, -1.1573443148, -0.9329535828, 0.034242489, -0.6781959221, -0.7669979846, -0.8814560016, -1.0233018148, -1.0904337914, -1.1021901201, -1.143376854, -1.1005837116, -0.7966391165, 0.1484966005, -0.5835442046, -0.6922213746, -0.7257139216, -0.9030915075, -0.963030015, -1.0081328089, -1.0434770299, -1.0221719317, -0.7158398599, 0.1955587879, -0.4665667858, -0.5420464383, -0.6549731162, -0.8024498734, -0.85933794, -0.9653482886, -0.9177101959, -0.8804273544, -0.5875315468, 0.3446397911, -0.4288583855, -0.4330896973, -0.4967384675, -0.5727393473, -0.5951119295, -0.7185013137, -0.7497854247, -0.7881433024, -0.520624088, 0.3616856734, -0.2115286942, -0.2042610014, -0.2976366897, -0.3735945711, -0.4122832177, -0.5211622266, -0.4837215571, -0.3967186589, -0.4269447711, 0.5832607416, 0.072224496, 0.2299537669, 0.1357542151, 0.022035512, -0.0726812308, -0.1179030258, -0.1031906758, -0.0735625537, -0.1135852705, 0.6222964338, 0.6050077671, 0.7002948027, 0.6220216187, 0.6324075055, 0.5561205931, 0.5323817639, 0.412812886, 0.4006444427, 0.4060815017, 0.7884750626, 1.2261338313, 1.4585819365, 1.2790584753, 1.2944111843, 1.3164281824, 1.1965246183, 1.1774369012, 0.995351642, 1.1190742332, 1.0888272932, 2.0381780111, 2.1130679884, 2.1289875734, 2.1563467967, 2.1915124608, 2.3107586964, 1.9737185851, 2.1209941461, 2.2963719274, 1.8262432758]}