{"source": [{"position": [110.67003543902491, -465.01198184124786], "counts": 500000.0}, {"position": [39.60555923932797, -280.2149169429423], "counts": 500000.0}], "output": [0.0, 0.0, 0.0, 0.0, 0.0, 0.0, 0.0, 0.0, 0.0, 0.0, 0.0, 0.0, 0.0, 0.0, 0.0, 0.0, 0.0, 0.2848983536, 0.5251456244, 0.1899560221, 0.0, 0.0, 0.0, 0.0, 0.0, 0.0, 0.0, 0.0, 0.0, 0.0, 0.0, 0.0, 0.0, 0.0, 0.0, 0.0, 0.0, 0.0, 0.0, 0.0, 0.0, 0.0, 0.0, 0.0, 0.0, 0.0, 0.0, 0.0, 0.0, 0.0, 0.0, 0.0, 0.0, 0.0, 0.0, 0.0, 0.0, 0.0, 0.0, 0.0, 0.0, 0.0, 0.0, 0.0], "num_sources": 2, "seg_angles": 64, "input": [1.5494586746, 2.0327169782, 2.0133764129, 2.1321171746, 2.1647269988, 2.0157928111, 1.9691365514, 2.1712898173, 2.1574188696, 1.9448988165, 0.9296539583, 1.2897249105, 1.3936027184, 1.5311717935, 1.5005955807, 1.3441243099, 1.5215603188, 1.4962108081, 1.3599015561, 1.047169507, 0.2115293241, 0.5290398415, 0.7071594529, 0.8096641095, 0.8476025511, 0.7019959355, 0.8204497467, 0.751117385, 0.6534807926, 0.6994382035, -0.1524303978, -0.0988236708, 0.1603533194, 0.078034979, 0.1363536538, 0.2280974184, 0.1000115022, 0.2213648162, 0.0322855849, 0.4048731287, -0.4352011217, -0.2625444058, -0.3131300808, -0.2573907473, -0.3536709969, -0.259348936, -0.2653764538, -0.2026628251, -0.3542304478, 0.2082198246, -0.8120112713, -0.5947135884, -0.5273411054, -0.5500486387, -0.6000216676, -0.6060021925, -0.5641083335, -0.6511545399, -0.4742126512, -0.043982693, -0.8289489986, -0.7226259431, -0.7125211155, -0.7359593225, -0.5809727233, -0.8170507676, -0.7015689776, -0.7850166195, -0.7651959665, -0.1042849694, -0.9804420266, -0.8974045736, -0.8778461963, -0.8879396392, -0.8709117018, -0.9270596037, -0.9068220474, -0.8476197878, -0.7788973309, 0.0846874469, -1.0527448478, -0.9960092686, -1.0081271901, -1.0202919175, -0.9415463595, -0.9844756026, -1.0302080861, -0.9404888231, -0.8254534434, -0.1145632207, -1.1119541974, -1.0879422585, -1.1211674363, -1.0847724674, -1.1063475353, -1.1264366097, -1.0885190981, -1.1025342908, -0.9067619908, -0.1925678628]}