{"source": [{"position": [198.38279602797488, -434.8887975564821], "counts": 500000.0}, {"position": [-197.58191415636696, -233.66083796457215], "counts": 500000.0}], "output": [0.0, 0.0, 0.0, 0.0, 0.0, 0.0, 0.0, 0.0, 0.0748994543, 0.4251005457, 0.0, 0.0, 0.0, 0.0, 0.0, 0.0, 0.0, 0.0, 0.0, 0.0, 0.3203553489, 0.1796446511, 0.0, 0.0, 0.0, 0.0, 0.0, 0.0, 0.0, 0.0, 0.0, 0.0, 0.0, 0.0, 0.0, 0.0, 0.0, 0.0, 0.0, 0.0, 0.0, 0.0, 0.0, 0.0, 0.0, 0.0, 0.0, 0.0, 0.0, 0.0, 0.0, 0.0, 0.0, 0.0, 0.0, 0.0, 0.0, 0.0, 0.0, 0.0, 0.0, 0.0, 0.0, 0.0], "num_sources": 2, "seg_angles": 64, "input": [1.9253441009, 2.0803656831, 1.8850940904, 1.8424331319, 1.8080961309, 2.3607220843, 2.0837633589, 2.2185254439, 2.1075161057, 1.7357434867, 1.2965448309, 0.952987874, 1.1833651471, 1.0932605399, 1.1470085585, 1.3299884369, 1.3468010784, 1.3478896411, 1.122896681, 1.0569860407, 1.0336592244, 0.6059364073, 0.4807987232, 0.3052574471, 0.2517588699, 0.4858134683, 0.4841758152, 0.5233279109, 0.4821583002, 0.3939911153, 0.9152512227, 0.4712882514, -0.1773861629, -0.1625227947, -0.2176162408, -0.2457791109, -0.3956817841, -0.1416426653, -0.1670734405, 0.0682320067, 0.7609364559, 0.1300016091, -0.4111649411, -0.5437930623, -0.5716809828, -0.7127341688, -0.8096248863, -0.6875991237, -0.5326752042, -0.1270048001, 0.6613956934, 0.0286922782, -0.3752141936, -0.6998930748, -0.887150137, -0.989213775, -0.9603687546, -0.9412571581, -0.6721323785, -0.244771218, 0.9142631573, -0.0633509159, -0.5491693525, -0.7914542537, -0.9100522931, -1.0923066023, -1.0660731067, -0.9925931878, -0.5945328278, -0.4792560849, 0.674927026, -0.1671124094, -0.4827684865, -0.9520850932, -1.0864088029, -1.079139918, -1.1900621085, -1.1112161816, -0.8739740536, -0.3958145791, 0.5754050414, -0.210278248, -0.7052806937, -0.8651609473, -1.1389068654, -1.1622574351, -1.256484123, -1.1146627917, -0.9995222721, -0.5678870733, 0.347499983, -0.3513168373, -0.8871871029, -1.1002898999, -1.1301505848, -1.3113032307, -1.3112191178, -1.2124909099, -1.0280484403, -0.6163055629]}