{"source": [{"position": [-19.840743492047686, -471.58280810233407], "counts": 500000.0}, {"position": [-298.2772030882129, 156.8429473003902], "counts": 500000.0}], "output": [0.0, 0.0, 0.0, 0.0, 0.0, 0.0, 0.0, 0.0, 0.0, 0.0, 0.0, 0.0, 0.0, 0.0, 0.0, 0.2141480061, 0.2858519939, 0.0, 0.0, 0.0, 0.0, 0.0, 0.0, 0.0, 0.0, 0.0, 0.0, 0.0, 0.0, 0.0, 0.0, 0.0, 0.0, 0.0, 0.0, 0.0, 0.0, 0.0, 0.0, 0.0, 0.0, 0.0, 0.0, 0.0, 0.0, 0.0, 0.0, 0.0, 0.0, 0.0, 0.0, 0.0, 0.0, 0.0, 0.0, 0.0, 0.0, 0.0, 0.0, 0.4654859549, 0.0345140451, 0.0, 0.0, 0.0], "num_sources": 2, "seg_angles": 64, "input": [2.3394454647, 2.6062924642, 1.588800814, 0.7772733527, 0.8350056076, 0.6164773387, 0.2653598965, 0.3513036841, 0.2393432673, -0.0971611476, 2.6663089424, 1.9585896307, 1.406813575, 1.2245179783, 0.5838682883, 0.294202676, -0.0052728279, 0.1468150419, -0.1440536557, -0.3368978489, 2.0969929471, 1.7819325422, 0.9271688662, 0.2898071247, 0.0941783443, -0.174743162, -0.3830981846, -0.4130369679, -0.5570000355, -1.0149699814, 1.7614792314, 0.7440527414, 0.4033836965, 0.2210436198, -0.2881974407, -0.7092221369, -0.7983670623, -0.9240763961, -0.9690552216, -1.272821464, 1.6277513788, 0.8487143996, 0.1352012634, -0.1828937786, -0.5153778276, -0.8633841946, -1.2034313134, -1.0125630342, -1.1352320294, -1.4301129637, 1.3033365139, 0.4709913172, -0.2222048979, -0.444001147, -0.7368252112, -1.0518579008, -1.21167742, -1.4542867757, -1.4764075364, -1.55746604, 1.5083062397, 0.3797530624, -0.0906335256, -0.3037231585, -0.777279862, -0.9743850205, -1.2662442274, -1.4444617599, -1.2693681729, -1.4055558546, 1.1089359782, 0.3002942876, -0.1397032738, -0.5789258363, -0.5412542588, -1.0151408651, -1.0960489439, -1.2607049145, -1.0785268615, -1.2711636284, 1.2071857075, 0.2252423576, -0.1538733936, -0.3939426883, -0.4091926671, -0.3943304919, -0.5442359028, -0.3872440755, -0.6893135615, -0.7571851981, 1.1960122293, 0.8093878549, 0.3376570781, 0.8263023, 0.3820332797, 0.5291603878, 0.3749989808, 0.508647599, 0.3833256104, 0.1444387846]}