{"source": [{"position": [14.002179836733205, 47.99936416057803], "counts": 500000.0}, {"position": [-162.2595649014546, -380.87771475631206], "counts": 500000.0}], "output": [0.0, 0.0, 0.0, 0.0, 0.0, 0.0, 0.0, 0.0, 0.0, 0.0, 0.0, 0.0510866689, 0.4489133311, 0.0, 0.0, 0.0, 0.0, 0.0, 0.0, 0.0, 0.0, 0.0, 0.0, 0.0, 0.0, 0.0, 0.0, 0.0, 0.0, 0.0, 0.0, 0.0, 0.0, 0.0, 0.0, 0.0, 0.0, 0.0, 0.0, 0.0, 0.0, 0.0, 0.0, 0.0, 0.0, 0.445582819, 0.054417181, 0.0, 0.0, 0.0, 0.0, 0.0, 0.0, 0.0, 0.0, 0.0, 0.0, 0.0, 0.0, 0.0, 0.0, 0.0, 0.0, 0.0], "num_sources": 2, "seg_angles": 64, "input": [-0.9810062941, -0.9426259151, -0.9271661963, -0.912229151, -0.9330321053, -0.8592617587, -0.8048204909, -0.8552106197, -0.74805076, 0.0204564102, -1.0150770246, -0.9631828807, -0.9055448641, -0.9151318754, -0.9231301, -0.9341070172, -0.9293110902, -0.9020315848, -0.7109979049, 0.1707709519, -0.8757248795, -0.9300752384, -0.8713158235, -0.9096955376, -0.9026945204, -0.91578749, -0.8721486192, -0.8216091873, -0.7497402678, 0.1768158963, -0.8641022858, -0.8421808718, -0.8182035714, -0.8397377314, -0.8085302722, -0.8184296177, -0.8018530427, -0.8162678707, -0.6864757593, 0.2175805133, -0.6820825522, -0.6940819887, -0.6897215569, -0.6611282115, -0.5601967768, -0.6307330409, -0.6767070936, -0.6193608301, -0.5156393002, 0.1849397465, -0.4996181232, -0.4282628711, -0.4717756914, -0.453519028, -0.43829509, -0.3612165559, -0.3409932768, -0.3529289848, -0.4537632273, 0.2136849978, -0.1486025165, -0.1102442383, -0.0382622327, -0.0025786104, 0.0881857753, -0.0377988725, 0.0525039441, 0.0061188533, -0.0535904019, 0.3064621286, 0.3513625328, 0.4194464802, 0.4388867275, 0.466749192, 0.5055929214, 0.6548217388, 0.5503317456, 0.5315387356, 0.5546647362, 0.6050012789, 1.121781611, 1.2091147238, 1.1843095669, 1.2319615569, 1.4127229896, 1.4783729276, 1.5862603308, 1.4732716591, 1.3255751753, 1.1127489833, 1.9183672173, 2.1762078486, 2.0541335095, 2.1734522548, 2.2881126198, 2.266035916, 2.1738517699, 2.3013812019, 2.3460859713, 1.8779281518]}