{"source": [{"position": [-390.1445247380935, 163.45106245261042], "counts": 500000.0}, {"position": [-84.61378163582837, 246.90384354498082], "counts": 500000.0}], "output": [0.0, 0.0, 0.0, 0.0, 0.0, 0.0, 0.0, 0.0, 0.0, 0.0, 0.0, 0.0, 0.0, 0.0, 0.0, 0.0, 0.0, 0.0, 0.0, 0.0, 0.0, 0.0, 0.0, 0.0, 0.0, 0.0, 0.0, 0.0, 0.0, 0.0, 0.0, 0.0, 0.0, 0.0, 0.0, 0.0, 0.0, 0.0, 0.0, 0.0, 0.0, 0.0, 0.0, 0.0, 0.0, 0.0, 0.0, 0.0, 0.0, 0.0, 0.0, 0.3185286148, 0.1814713852, 0.0, 0.0, 0.0, 0.0, 0.0, 0.0, 0.0205554436, 0.4794445564, 0.0, 0.0, 0.0], "num_sources": 2, "seg_angles": 64, "input": [0.9881246215, -0.0816395616, -0.4747664619, -0.9435329766, -1.1229561274, -1.1531772584, -1.1431251337, -1.2237896907, -1.344832508, -1.3563003477, 1.3289187467, 0.2118196398, -0.4300669725, -0.7356106697, -0.8469394217, -1.043031368, -1.1735880461, -1.1943460108, -1.1945296585, -1.2644179902, 1.2191074948, 0.0828167153, -0.1416840459, -0.7328900438, -0.7842229597, -0.9850823943, -1.0280452993, -1.1383902139, -1.1176034079, -1.1751278381, 1.5293497255, 0.3693379132, -0.3069721636, -0.6200918542, -0.7781786402, -0.9135495739, -0.9782380741, -1.0162800576, -0.9813871436, -1.1260092834, 1.4770545533, 0.333161134, -0.2095493431, -0.4082946047, -0.5683632297, -0.668535778, -0.7880064217, -0.8496071834, -0.9156555156, -1.0302294479, 1.2065799702, 0.5906521231, -0.0622091112, -0.1984521254, -0.5014250681, -0.6250419116, -0.6948540834, -0.5780526331, -0.758080046, -0.8570725447, 1.4164719675, 0.6402787141, 0.2435558681, 0.1049357962, -0.2139156733, -0.2767960255, -0.4078756759, -0.4725876849, -0.4514749009, -0.6718664802, 1.7019700871, 0.7422426121, 0.6217481695, 0.3481725525, 0.3954745527, 0.0223938446, 0.1563098572, 0.001129125, 0.0512006023, -0.1182491485, 1.5480255006, 1.3610245864, 0.9653026093, 0.7709302182, 0.6860914229, 0.8329048649, 0.8610358376, 0.6061199172, 0.6809647924, 0.5069179575, 1.8233986277, 1.8840580164, 1.733195884, 1.9886951294, 1.8046221394, 1.9152226981, 2.029091842, 1.7472259509, 1.9974975204, 1.3514659319]}