{"source": [{"position": [35.902827332805934, -8.943544571964932], "counts": 500000.0}, {"position": [-348.3760946740206, -292.67575345367766], "counts": 500000.0}], "output": [0.0, 0.0, 0.0, 0.0, 0.0, 0.0, 0.0, 0.4414133237, 0.0585866763, 0.0, 0.0, 0.0, 0.0, 0.0, 0.0, 0.0, 0.0, 0.0, 0.0, 0.0, 0.0, 0.0, 0.0, 0.0, 0.0, 0.0, 0.0, 0.0, 0.0, 0.2433712109, 0.2566287891, 0.0, 0.0, 0.0, 0.0, 0.0, 0.0, 0.0, 0.0, 0.0, 0.0, 0.0, 0.0, 0.0, 0.0, 0.0, 0.0, 0.0, 0.0, 0.0, 0.0, 0.0, 0.0, 0.0, 0.0, 0.0, 0.0, 0.0, 0.0, 0.0, 0.0, 0.0, 0.0, 0.0], "num_sources": 2, "seg_angles": 64, "input": [-0.3868857505, -0.3126626295, -0.2442261484, -0.0314935811, 0.0467216535, 0.0984303829, 0.3973448895, 0.8380997698, 1.3898441321, 2.0758673146, -0.8749557471, -0.8855367203, -0.7527061425, -0.6914931369, -0.4665584518, -0.1747297318, 0.131895835, 0.6395947339, 1.4412590988, 2.4008779903, -0.8974383121, -0.8336841228, -0.8526385168, -0.7425878352, -0.5469850567, -0.2629104706, 0.1100903102, 0.7355044711, 1.4754071685, 2.3582651439, -0.8973747329, -0.8798863017, -0.8318905448, -0.7679274365, -0.5562573973, -0.2312562471, 0.1115159014, 0.7224174847, 1.4641017597, 2.236958517, -0.8907796798, -0.8702524478, -0.827526555, -0.7735412187, -0.6194204284, -0.3089081764, 0.0196449832, 0.5910604393, 1.4786772132, 2.1884743842, -0.9272701239, -0.9144327157, -0.8615587554, -0.7403656808, -0.5564322187, -0.3339879025, 0.0346184582, 0.642264693, 1.3926090829, 2.1187111916, -0.8871545705, -0.9021193493, -0.867286868, -0.8046620536, -0.6091400308, -0.3325823606, 0.0521914129, 0.5734764308, 1.2462779378, 2.0969104913, -0.9152691388, -0.8779016597, -0.9059305205, -0.8128734057, -0.658471648, -0.3582544564, -0.0559322703, 0.4906076136, 1.2806507905, 2.1521130827, -0.9507171108, -0.9078008271, -0.8929343879, -0.8510100731, -0.6944715982, -0.493868887, -0.1787640126, 0.4346436181, 1.2453407068, 2.011157222, -0.9550659788, -0.9773593515, -0.9390336149, -0.9313922136, -0.8103103752, -0.6417785866, -0.442434008, 0.1616498482, 0.7887609828, 1.7270431349]}