{"source": [{"position": [-31.950937755276836, 163.91503157599195], "counts": 500000.0}, {"position": [422.5822899664472, -145.71619061282635], "counts": 500000.0}], "output": [0.0, 0.0, 0.0, 0.0, 0.0, 0.0, 0.0, 0.0, 0.0, 0.0, 0.0, 0.0, 0.0, 0.0, 0.0, 0.0, 0.0, 0.0, 0.0, 0.0, 0.0, 0.0, 0.0, 0.0, 0.0, 0.0, 0.0, 0.0, 0.1911451576, 0.3088548424, 0.0, 0.0, 0.0, 0.0, 0.0, 0.0, 0.0, 0.0, 0.0, 0.0, 0.0, 0.0, 0.0, 0.0, 0.0, 0.0, 0.0, 0.0, 0.0, 0.0195553865, 0.4804446135, 0.0, 0.0, 0.0, 0.0, 0.0, 0.0, 0.0, 0.0, 0.0, 0.0, 0.0, 0.0, 0.0], "num_sources": 2, "seg_angles": 64, "input": [0.0537533708, -0.6362290231, -0.769737809, -0.8719498347, -0.8342264116, -0.8045665744, -0.8308674688, -0.8563972112, -0.6509206444, -0.5752484219, -0.2450358957, -0.9823717296, -1.1544010317, -1.1406142682, -1.1353194227, -1.124058696, -0.9945017862, -0.7088414575, -0.6970887786, -0.4161423329, -0.2139101132, -1.1093972244, -1.2856548766, -1.2249250227, -1.1774079237, -1.0500197449, -0.9176606941, -0.7892281611, -0.6074954501, -0.4198107226, -0.3581335477, -1.0461124147, -1.1209462493, -1.0204608406, -0.954334243, -0.9228013023, -0.8559901145, -0.6192416026, -0.3652701166, -0.1861877321, -0.2778792773, -0.9432144028, -0.9523916828, -0.9729772524, -0.9578158221, -0.7524097184, -0.5435942089, -0.2903548917, -0.0350617081, 0.0057107694, 0.0025750504, -0.6569837829, -0.6603381741, -0.5612792942, -0.5498765984, -0.3701827688, -0.3047791154, -0.034580687, 0.0240722986, 0.2226776709, 0.0645302754, -0.28250229, -0.1963862504, -0.2311333885, -0.0662427569, 0.0257804248, 0.106722136, 0.2757068233, 0.537346846, 0.4558718367, 0.2695794855, 0.3327441799, 0.5482633148, 0.5186929433, 0.47338993, 0.6441647225, 0.8591865342, 0.9392321967, 1.3502994094, 0.9478020119, 0.8028387783, 0.8992193416, 1.1924863326, 1.2005339063, 1.2397677273, 1.380947683, 1.2884921743, 1.7961315461, 1.638430661, 1.5668462757, 1.3075224327, 1.5328412298, 1.7270241316, 1.7178895371, 2.0766609539, 1.8878256899, 2.0869527905, 2.2190091004, 2.5369502141, 2.5570182294]}