{"source": [{"position": [158.26812766987888, -267.71664080492064], "counts": 500000.0}, {"position": [27.958659352100714, -273.57505984141386], "counts": 500000.0}], "output": [0.0, 0.0, 0.0, 0.0, 0.0, 0.0, 0.0, 0.0, 0.0, 0.0, 0.0, 0.0, 0.0, 0.0, 0.0, 0.0, 0.0, 0.4813136957, 0.0186863043, 0.0, 0.0, 0.2808323766, 0.2191676234, 0.0, 0.0, 0.0, 0.0, 0.0, 0.0, 0.0, 0.0, 0.0, 0.0, 0.0, 0.0, 0.0, 0.0, 0.0, 0.0, 0.0, 0.0, 0.0, 0.0, 0.0, 0.0, 0.0, 0.0, 0.0, 0.0, 0.0, 0.0, 0.0, 0.0, 0.0, 0.0, 0.0, 0.0, 0.0, 0.0, 0.0, 0.0, 0.0, 0.0, 0.0], "num_sources": 2, "seg_angles": 64, "input": [1.5741291264, 2.0188234691, 2.0788227985, 2.1240627004, 2.1776312412, 2.1835533104, 2.157846889, 2.0853741197, 2.1398630209, 1.8517336063, 0.8274624393, 1.1603801074, 1.1131223107, 1.1755173806, 1.3325823906, 1.4444117401, 1.2968091753, 1.3025440808, 1.2074677826, 1.2198137661, 0.4197441053, 0.5905602517, 0.6828420067, 0.5581176098, 0.367291526, 0.5029528765, 0.6827683408, 0.5145334854, 0.4766144326, 1.153166782, -0.3032322495, 0.1518380071, 0.0961880429, -0.0187311984, 0.1865493223, -0.1927085751, 0.1320950206, 0.0640254736, 0.2060306485, 0.7118709115, -0.635782998, -0.3552721187, -0.3119617932, -0.3825041792, -0.2320153588, -0.4560865426, -0.3373966267, -0.245109917, 0.0887480056, 0.5639901597, -0.8378210779, -0.7832243642, -0.7134133206, -0.6524129592, -0.5692449525, -0.720186472, -0.7539828949, -0.3842061956, -0.2586529216, 0.4146944937, -1.0522820436, -0.9204865101, -0.8670308599, -0.8744024392, -0.8331605737, -0.8404208581, -0.7770043375, -0.5947028772, -0.2785304634, 0.4574161978, -1.0838648061, -1.0049501877, -1.0237252105, -0.9405186867, -0.9979484926, -0.9590110119, -0.914836413, -0.7620227357, -0.4278164015, 0.4156256402, -1.1435958171, -1.0925030173, -1.0911772776, -1.1058801881, -1.048672055, -1.0714768474, -0.9049340401, -0.8306359196, -0.3841503687, 0.3127443798, -1.1558333533, -1.1609352393, -1.1087060508, -1.1653986417, -1.1393011975, -1.1382309304, -1.0118722975, -0.9162876445, -0.5827626932, 0.1266560278]}