{"source": [{"position": [22.518739304868976, 25.47364088856066], "counts": 500000.0}, {"position": [177.24710891525868, -78.86356814893948], "counts": 500000.0}], "output": [0.0, 0.0, 0.0, 0.0, 0.0, 0.0, 0.0, 0.0, 0.0, 0.0, 0.0, 0.0, 0.0, 0.0, 0.0, 0.0, 0.0, 0.0, 0.0, 0.0, 0.0, 0.0, 0.0, 0.0, 0.0, 0.0, 0.0, 0.1320879313, 0.3679120687, 0.0, 0.0, 0.0, 0.0, 0.0, 0.0, 0.0, 0.0, 0.0, 0.0, 0.0, 0.1868207694, 0.3131792306, 0.0, 0.0, 0.0, 0.0, 0.0, 0.0, 0.0, 0.0, 0.0, 0.0, 0.0, 0.0, 0.0, 0.0, 0.0, 0.0, 0.0, 0.0, 0.0, 0.0, 0.0, 0.0], "num_sources": 2, "seg_angles": 64, "input": [-1.0033192921, -0.9446278035, -0.894375167, -0.8966326796, -0.8585936236, -0.7322176095, -0.5736140138, -0.3303025909, 0.246270593, 1.1003530418, -1.0868163741, -1.0685881055, -1.0377302777, -1.0013640489, -0.9221595625, -0.8010282981, -0.6540616575, -0.2520756097, 0.4176243243, 1.4748474542, -1.1551463484, -1.1401876823, -1.0954484956, -1.0646761995, -0.978759787, -0.856175988, -0.6244587069, -0.1506672057, 0.5056075057, 1.5765458127, -1.1559125287, -1.1178934909, -1.0485350723, -1.0331058077, -0.9179709297, -0.8047208561, -0.5577326015, -0.1458711024, 0.5443094848, 1.6720839313, -1.0960253046, -1.0151407804, -0.9854704633, -0.9278355964, -0.8295665561, -0.7520737166, -0.5378469532, -0.0500036765, 0.6928709588, 1.6820237583, -0.9691648425, -0.885073955, -0.8418623011, -0.8072325836, -0.7179001469, -0.5991582012, -0.3763648257, 0.020517913, 0.7850358873, 1.8683469028, -0.7795354406, -0.6756607603, -0.580053404, -0.537162574, -0.5048473309, -0.3425280071, -0.1863026796, 0.072687253, 0.8140990531, 1.8857452027, -0.4725916321, -0.2847188772, -0.181526558, -0.1230788818, -0.0095113043, 0.0867172704, 0.2311575432, 0.474627569, 0.9277300148, 1.971284365, 0.0717820864, 0.2918533529, 0.4951705042, 0.5196969207, 0.6086666422, 0.6787556955, 0.8421441522, 0.9419337611, 1.2746761678, 2.0876421284, 0.9174012406, 1.1820164638, 1.3493885436, 1.4159266032, 1.5511049855, 1.6745370492, 1.7861459057, 1.9320511506, 2.1191566777, 2.1824709987]}