{"source": [{"position": [170.91580343792526, 5.365457591715922], "counts": 500000.0}, {"position": [227.83633718485305, 61.53538379005987], "counts": 500000.0}], "output": [0.0, 0.0, 0.0, 0.0, 0.0, 0.0, 0.0, 0.0, 0.0, 0.0, 0.0, 0.0, 0.0, 0.0, 0.0, 0.0, 0.0, 0.0, 0.0, 0.0, 0.0, 0.0, 0.0, 0.0, 0.0, 0.0, 0.0, 0.0, 0.0, 0.0, 0.0, 0.0, 0.3401722987, 0.1598277013, 0.1565188716, 0.3434811284, 0.0, 0.0, 0.0, 0.0, 0.0, 0.0, 0.0, 0.0, 0.0, 0.0, 0.0, 0.0, 0.0, 0.0, 0.0, 0.0, 0.0, 0.0, 0.0, 0.0, 0.0, 0.0, 0.0, 0.0, 0.0, 0.0, 0.0, 0.0], "num_sources": 2, "seg_angles": 64, "input": [-1.1037764694, -1.0487547979, -0.9667445804, -0.8865472343, -0.7487328299, -0.4601375528, -0.1265162695, 0.2615399237, 0.789866609, 1.6893472541, -1.0603101509, -0.9637020804, -0.9008306176, -0.7644627124, -0.5336854132, -0.3548377808, 0.1141432639, 0.6876624587, 1.3870490913, 1.9848172106, -1.0946681376, -1.0054610931, -0.8832324903, -0.693903808, -0.5447391126, -0.2203251553, 0.1373699802, 0.6283672655, 1.3458612342, 2.3407385364, -1.0516902244, -0.9629265714, -0.8309982326, -0.7608591393, -0.5323090553, -0.2573847382, 0.0377169176, 0.6931394982, 1.3550118743, 2.2514576163, -1.064801215, -0.9356051795, -0.8711727331, -0.759768367, -0.5204356195, -0.233426317, 0.2736389341, 0.5910436935, 1.565813338, 2.2435733336, -1.0301658416, -0.9536443932, -0.8946788293, -0.7470598626, -0.4704894479, -0.1672573287, 0.1594789929, 0.7586571742, 1.5377000891, 2.0451115126, -1.054652925, -0.9782424863, -0.7886825166, -0.6510095695, -0.4373546755, -0.2787409189, 0.0748465256, 0.7150443096, 1.4283313469, 2.2357114407, -1.057543168, -0.9423342121, -0.8462720295, -0.68909676, -0.5629380432, -0.2369875735, 0.0188662331, 0.6346822201, 1.4618976342, 2.2017413898, -0.9221383002, -0.8228936578, -0.7368627832, -0.6942193679, -0.4680367304, -0.30962073, 0.0849271111, 0.5940662873, 1.3420890081, 2.1029542414, -0.3345307171, -0.3524968225, -0.2962066229, -0.2698322782, -0.136169708, -0.1303840743, 0.2113162967, 0.5582967659, 1.0262179959, 1.8331934441]}