{"source": [{"position": [192.5084458557842, 442.97798847594055], "counts": 500000.0}, {"position": [-327.6298698766005, 280.0351198772073], "counts": 500000.0}], "output": [0.0, 0.0, 0.0, 0.0, 0.0, 0.0, 0.0, 0.0, 0.0, 0.0, 0.0, 0.0, 0.0, 0.0, 0.0, 0.0, 0.0, 0.0, 0.0, 0.0, 0.0, 0.0, 0.0, 0.0, 0.0, 0.0, 0.0, 0.0, 0.0, 0.0, 0.0, 0.0, 0.0, 0.0, 0.0, 0.0, 0.0, 0.0, 0.0, 0.0, 0.0, 0.0, 0.0, 0.087884524, 0.412115476, 0.0, 0.0, 0.0, 0.0, 0.0, 0.0, 0.0, 0.0, 0.0, 0.0, 0.0, 0.101911882, 0.398088118, 0.0, 0.0, 0.0, 0.0, 0.0, 0.0], "num_sources": 2, "seg_angles": 64, "input": [0.2999651551, -0.1190884755, -0.80050784, -0.9722180067, -1.1458998212, -1.2676709176, -1.3747642019, -1.2511631981, -0.9789800853, -0.2430522217, 0.3098899382, 0.1483681049, -0.5979867762, -1.0132234566, -1.0962696348, -1.2409909739, -1.2744875651, -1.2051849025, -0.9662736213, -0.4498659779, 0.3920921588, -0.2871183266, -0.3557088727, -0.7461183088, -1.0502544118, -1.0502439383, -1.2284847733, -1.0613927687, -1.0309842789, -0.2927160513, 0.7086679002, -0.0080604297, -0.4632630164, -0.8213885831, -0.981635446, -1.0063984887, -1.0384292737, -1.1357271159, -0.8483570589, -0.1862351582, 0.6212188357, 0.2185214375, -0.3380011286, -0.7347481175, -0.7815978997, -0.8667242336, -0.9162878106, -1.0088930569, -0.7966159468, -0.21875476, 0.7925659236, 0.3334161979, -0.1319353376, -0.3326969863, -0.6527683125, -0.8191625919, -0.8551343943, -0.8038189912, -0.6667196408, -0.0245268347, 1.0226359231, 0.5219323633, -0.0422080927, -0.0048997599, -0.320914764, -0.435835891, -0.3613411193, -0.3217037319, -0.3233413416, 0.2207890834, 1.0587007259, 0.9424667676, 0.3678242584, 0.4711889174, 0.3661506172, 0.0978242656, 0.0803478425, 0.1095093291, 0.2907176688, 0.3349707355, 1.2693687925, 1.4970294302, 1.0394252673, 1.4760313735, 1.1934213619, 0.917253276, 0.972091684, 0.9891260142, 0.8200829258, 0.8756837725, 1.9259669786, 2.4203945501, 1.9733684199, 1.8883592758, 2.1370488888, 2.2051545407, 2.2725619036, 2.137679388, 1.9578081256, 1.6711546025]}