{"source": [{"position": [478.9915828505115, 76.10560792978069], "counts": 500000.0}, {"position": [-269.15704302302987, 51.28826562771308], "counts": 500000.0}], "output": [0.0, 0.0, 0.0, 0.0, 0.0, 0.0, 0.0, 0.0, 0.0, 0.0, 0.0, 0.0, 0.0, 0.0, 0.0, 0.0, 0.0, 0.0, 0.0, 0.0, 0.0, 0.0, 0.0, 0.0, 0.0, 0.0, 0.0, 0.0, 0.0, 0.0, 0.0, 0.0, 0.0, 0.1975025646, 0.3024974354, 0.0, 0.0, 0.0, 0.0, 0.0, 0.0, 0.0, 0.0, 0.0, 0.0, 0.0, 0.0, 0.0, 0.0, 0.0, 0.0, 0.0, 0.0, 0.0, 0.0, 0.0, 0.0, 0.0, 0.0, 0.0, 0.0, 0.0, 0.4589741386, 0.0410258614], "num_sources": 2, "seg_angles": 64, "input": [1.3683291551, 0.603759827, -0.3443161704, -1.0217270458, -1.3583304552, -1.4358355316, -1.6035696498, -1.0621655803, -0.7647914052, -0.3327447463, 2.1439619068, 0.6768899158, 0.2499102488, -0.5487617119, -0.7589216199, -0.936588196, -0.9738838659, -0.6180799628, -0.3232069426, 0.1443668074, 1.7863685274, 1.1696530814, 0.1684541759, -0.4612913372, -0.6735385561, -0.7777925801, -1.0526543604, -0.9439992111, -0.2971700939, 0.2681987172, 1.988992286, 1.4461000209, 0.5209959611, -0.4456504585, -0.9252385292, -0.7017706609, -0.9414474494, -0.9527811271, -0.1546448226, -0.0865512012, 2.057134875, 1.470542343, 0.0271819228, -0.3062593586, -0.8872180369, -1.2190691607, -1.1756765838, -0.746779078, -0.3145532048, 0.3339947986, 2.0984213613, 1.1713177737, 0.2521597608, -0.2799071928, -0.6212218583, -1.1966414767, -0.8770754404, -0.6829535193, -0.2596079922, 0.0015835378, 2.1472418345, 1.2264862344, 1.0209175812, -0.3682843954, -0.63147395, -1.0353040387, -0.9077730908, -0.5310759061, -0.4629789719, -0.150683824, 2.5949029295, 1.2820861458, 0.5866785094, -0.344708854, -0.8807193931, -1.2005329179, -1.0901798258, -0.4376863917, -0.1651496326, 0.0605360042, 1.8679959411, 1.507427665, 0.1997767116, -0.3668139512, -0.7404398437, -1.2308848464, -0.8884721324, -0.4164326615, -0.0839402383, 0.2498833215, 2.0965637357, 1.5656711115, 0.7188253503, 0.3733663568, 0.4519416857, 0.4405908852, 0.0999448656, 0.4162438322, 0.6685957297, 1.4739576049]}