{"source": [{"position": [147.81582784625002, 18.747827557553773], "counts": 500000.0}, {"position": [342.1537606004497, 24.079121806456357], "counts": 500000.0}], "output": [0.0, 0.0, 0.0, 0.0, 0.0, 0.0, 0.0, 0.0, 0.0, 0.0, 0.0, 0.0, 0.0, 0.0, 0.0, 0.0, 0.0, 0.0, 0.0, 0.0, 0.0, 0.0, 0.0, 0.0, 0.0, 0.0, 0.0, 0.0, 0.0, 0.0, 0.0, 0.0, 0.1421722655, 0.7153065608, 0.1425211737, 0.0, 0.0, 0.0, 0.0, 0.0, 0.0, 0.0, 0.0, 0.0, 0.0, 0.0, 0.0, 0.0, 0.0, 0.0, 0.0, 0.0, 0.0, 0.0, 0.0, 0.0, 0.0, 0.0, 0.0, 0.0, 0.0, 0.0, 0.0, 0.0], "num_sources": 2, "seg_angles": 64, "input": [-1.0906400362, -1.0297339727, -0.9859209655, -0.8524952341, -0.7169844551, -0.3980265227, -0.2057809669, 0.3138727776, 1.0240127196, 1.8200656394, -1.0468561937, -0.9658359969, -0.9094127629, -0.7400206151, -0.5280750927, -0.3292676218, -0.0130434295, 0.6105754118, 1.2231708124, 2.0105529589, -1.0294833648, -0.9287052124, -0.8673188791, -0.7043332838, -0.5252534237, -0.2505923694, 0.1135330151, 0.7482917444, 1.4809402762, 2.2704337392, -1.0481786937, -0.9659338452, -0.893020035, -0.7165800042, -0.4940294612, -0.1849463503, 0.2639909397, 0.7775625079, 1.3354407449, 2.1161319316, -1.0099369706, -0.9568594868, -0.822650319, -0.7064458305, -0.5365296294, -0.1379360158, 0.1760332613, 0.7749912612, 1.4123186008, 2.1171384858, -1.0401398162, -0.8978697957, -0.8496773405, -0.6210114076, -0.4578348824, -0.1290301981, 0.1887627145, 0.7258317754, 1.486441086, 2.3061027733, -1.0192203591, -0.9268681534, -0.8454872635, -0.7707487571, -0.4485528251, -0.191294421, 0.2462852078, 0.7199448873, 1.5349568247, 2.0816438254, -1.05807655, -0.9503281302, -0.8023258342, -0.7313201332, -0.5414070315, -0.313722265, 0.0972179911, 0.6926420628, 1.2584047784, 2.1233197765, -1.0226010993, -0.9240853947, -0.8035829248, -0.6576540152, -0.5658736877, -0.3211468753, 0.0706616147, 0.7531508411, 1.4651064165, 2.1882308716, -0.5699159849, -0.4714513065, -0.3862608275, -0.427315006, -0.2933233675, -0.1830855641, -0.0042016076, 0.4418714449, 1.0306313908, 1.8159767555]}