{"source": [{"position": [406.01464716830003, 234.76180755140044], "counts": 500000.0}, {"position": [-135.1053051998575, 296.68595603239015], "counts": 500000.0}], "output": [0.0, 0.0, 0.0, 0.0, 0.0, 0.0, 0.0, 0.0, 0.0, 0.0, 0.0, 0.0, 0.0, 0.0, 0.0, 0.0, 0.0, 0.0, 0.0, 0.0, 0.0, 0.0, 0.0, 0.0, 0.0, 0.0, 0.0, 0.0, 0.0, 0.0, 0.0, 0.0, 0.0, 0.0, 0.0, 0.0, 0.0, 0.3300498889, 0.1699501111, 0.0, 0.0, 0.0, 0.0, 0.0, 0.0, 0.0, 0.0, 0.0, 0.0, 0.0, 0.0, 0.0, 0.3236761514, 0.1763238486, 0.0, 0.0, 0.0, 0.0, 0.0, 0.0, 0.0, 0.0, 0.0, 0.0], "num_sources": 2, "seg_angles": 64, "input": [-0.1554153243, -0.8828153459, -1.2002565314, -1.264756575, -1.2683608225, -1.3101687197, -1.0939728722, -0.7895775072, -0.6712092776, -0.1958470047, 0.0947605114, -0.7417847702, -1.0180856034, -1.3479379983, -1.2336776157, -1.1798133572, -0.8681799036, -0.6954073093, -0.3572577599, 0.3016857079, 0.1570285672, -0.6775678549, -1.0543437808, -1.1810277492, -1.0752791052, -1.0891677957, -1.0179420789, -0.7713090339, -0.1134501422, 0.1939787486, 0.0605630478, -0.5705282168, -0.9859596287, -1.164830829, -0.9164209016, -1.019213961, -0.5831659459, -0.5718658943, -0.1551995967, 0.2543601507, 0.1941723235, -0.5512736142, -0.9363152081, -0.9349743462, -0.8605658177, -0.7582578226, -0.5421603838, -0.3666277722, 0.0763772359, 0.2901211136, 0.45530543, -0.4753970304, -0.7399444353, -0.6285008979, -0.7284798772, -0.6560521651, -0.4301710628, -0.0921311927, 0.033872019, 0.5299622049, 0.4113066722, -0.2349810836, -0.3160709147, -0.3786869739, -0.3447366497, -0.3196038516, -0.1579963474, 0.1226339048, 0.5034666119, 0.6377981637, 0.5618744213, -0.1017043929, 0.1908106178, -0.0256336526, 0.1411816156, 0.0213281285, 0.2642645611, 0.4569430859, 0.6061663039, 0.8657425566, 1.0303608796, 0.7302966642, 1.0401587783, 0.9225424972, 1.057049519, 0.7553286899, 0.9583394833, 0.9389577213, 1.5011965834, 1.4005909023, 1.6495952507, 2.0968404029, 2.101661086, 2.1165727403, 2.6648927646, 2.2545657619, 2.229814565, 2.4680946571, 2.4391523197, 2.0203473351]}