{"source": [{"position": [366.80611306517125, -187.60936921705365], "counts": 500000.0}, {"position": [230.22887237816752, -359.61599842537237], "counts": 500000.0}], "output": [0.0, 0.0, 0.0, 0.0, 0.0, 0.0, 0.0, 0.0, 0.0, 0.0, 0.0, 0.0, 0.0, 0.0, 0.0, 0.0, 0.0, 0.0, 0.0, 0.0, 0.0, 0.0997619581, 0.4002380419, 0.0, 0.0, 0.0, 0.0, 0.4078456482, 0.0921543518, 0.0, 0.0, 0.0, 0.0, 0.0, 0.0, 0.0, 0.0, 0.0, 0.0, 0.0, 0.0, 0.0, 0.0, 0.0, 0.0, 0.0, 0.0, 0.0, 0.0, 0.0, 0.0, 0.0, 0.0, 0.0, 0.0, 0.0, 0.0, 0.0, 0.0, 0.0, 0.0, 0.0, 0.0, 0.0], "num_sources": 2, "seg_angles": 64, "input": [1.1936468377, 1.6612020831, 1.5135823913, 1.7632674072, 1.6759178125, 1.6855677499, 1.4329263385, 1.9218800624, 1.6456299649, 1.6558446758, 0.2267122187, 0.5090046426, 0.589141943, 0.4755233826, 0.5866869781, 0.6548424938, 0.5255818184, 0.5996898425, 1.0285579602, 1.8088770595, -0.366888057, -0.1781827368, -0.2852091119, 0.0274868235, -0.1840288326, -0.0337358121, 0.0179600954, 0.346001314, 0.8225811825, 1.6141760392, -0.8055412951, -0.6417772443, -0.6398371222, -0.4624163593, -0.4785889542, -0.2473246209, -0.1605886501, 0.2292882633, 0.7999090333, 1.6558062229, -0.9707558168, -0.8452003052, -0.9719601426, -0.7639205224, -0.6653563151, -0.5096422625, -0.3177292296, 0.2355086693, 0.8278239029, 1.6247024502, -1.0914719106, -0.9730203863, -0.9785318246, -0.9638916774, -0.7845768563, -0.5919489013, -0.45164069, -0.0436221289, 0.7552341491, 1.8076346569, -1.1311290102, -1.1767504923, -1.090400026, -0.9662707066, -0.8992267966, -0.74482595, -0.2992992314, -0.0109424947, 0.7533871902, 1.8814080985, -1.2159695628, -1.1773775717, -1.1437065662, -0.9828994662, -0.8597751851, -0.8203603896, -0.4524550594, -0.052627976, 0.7781303689, 1.6781289673, -1.2570535566, -1.1691623336, -1.1640931567, -1.0370919016, -0.9731456143, -0.788097697, -0.4864659337, -0.0617444578, 0.4923301379, 1.6953854417, -1.276731898, -1.2554019821, -1.2291658053, -1.1892201391, -1.0707445832, -0.9011897194, -0.4815018368, -0.2965669605, 0.4715434972, 1.4002716592]}