{"source": [{"position": [-141.45785824668155, 52.82683352484561], "counts": 500000.0}, {"position": [-143.91906483569818, 24.56222255452666], "counts": 500000.0}], "output": [0.0, 0.0, 0.0, 0.0, 0.0, 0.0, 0.0, 0.0, 0.0, 0.0, 0.0, 0.0, 0.0, 0.0, 0.0, 0.0, 0.0, 0.0, 0.0, 0.0, 0.0, 0.0, 0.0, 0.0, 0.0, 0.0, 0.0, 0.0, 0.0, 0.0, 0.0, 0.0, 0.0, 0.0, 0.0, 0.0, 0.0, 0.0, 0.0, 0.0, 0.0, 0.0, 0.0, 0.0, 0.0, 0.0, 0.0, 0.0, 0.0, 0.0, 0.0, 0.0, 0.0, 0.0, 0.0, 0.0, 0.0, 0.0, 0.0, 0.0, 0.3202605804, 0.1797394196, 0.3609048218, 0.1390951782], "num_sources": 2, "seg_angles": 64, "input": [1.7463916703, 0.8622139894, 0.0416162563, -0.2001569153, -0.5336031955, -0.778113782, -0.9177331967, -1.0082099299, -1.0896165237, -1.1562125294, 1.9660069257, 1.29450718, 0.5515814057, -0.0303823973, -0.4201550347, -0.7224257875, -0.7962402265, -0.973787529, -1.0826471788, -1.1136615412, 2.0763322147, 1.3670426329, 0.6599307146, 0.0411018181, -0.3318120978, -0.5972427108, -0.8458263077, -0.9356767153, -1.0669177126, -1.1180639942, 2.044210333, 1.4331261601, 0.646996167, 0.0906013381, -0.3304137795, -0.60598299, -0.8589228473, -0.9522974705, -1.0340532399, -1.095792762, 2.1042239766, 1.4593766863, 0.6609416932, 0.0318681784, -0.2131363821, -0.643093872, -0.7725860064, -0.9033767035, -1.0256212052, -1.1242862822, 2.0385833423, 1.3279424759, 0.7382380716, 0.08554978, -0.2792520043, -0.5791660217, -0.7333412078, -0.8984276866, -1.0247765941, -1.0910600563, 2.1071129148, 1.4693014859, 0.6044624461, 0.0601161907, -0.244844465, -0.5282138813, -0.8041501337, -0.8676104412, -1.0015279108, -1.0988902636, 2.1100926265, 1.4623249811, 0.6255673674, 0.1403667924, -0.2555234783, -0.4679808036, -0.7955416692, -0.8403817057, -0.9277314082, -1.0472287474, 2.033404268, 1.4070114031, 0.6292354154, -0.0330231106, -0.2782428479, -0.4049563603, -0.5197895434, -0.5677224273, -0.7250908675, -0.8519820876, 1.7253639099, 1.3667309178, 0.8898876376, 0.5681623632, 0.3820818983, 0.3568192053, 0.2479993388, 0.3464774855, 0.2593251013, 0.0842778108]}