{"source": [{"position": [408.2251055857871, 258.14969139914336], "counts": 500000.0}, {"position": [-342.63339858209514, 230.58914583319643], "counts": 500000.0}], "output": [0.0, 0.0, 0.0, 0.0, 0.0, 0.0, 0.0, 0.0, 0.0, 0.0, 0.0, 0.0, 0.0, 0.0, 0.0, 0.0, 0.0, 0.0, 0.0, 0.0, 0.0, 0.0, 0.0, 0.0, 0.0, 0.0, 0.0, 0.0, 0.0, 0.0, 0.0, 0.0, 0.0, 0.0, 0.0, 0.0, 0.0, 0.1281714762, 0.3718285238, 0.0, 0.0, 0.0, 0.0, 0.0, 0.0, 0.0, 0.0, 0.0, 0.0, 0.0, 0.0, 0.0, 0.0, 0.0, 0.0, 0.0, 0.0, 0.0169060699, 0.4830939301, 0.0, 0.0, 0.0, 0.0, 0.0], "num_sources": 2, "seg_angles": 64, "input": [0.4280625006, -0.2492961503, -0.8013083989, -1.2021581559, -1.2652105913, -1.2440906084, -1.1724582992, -0.9611377235, -0.6334187904, -0.1325601328, 0.6192871188, -0.023787231, -0.8137107903, -1.1328226194, -1.1009003418, -1.1531307738, -1.0745023497, -0.9572660392, -0.2965137673, 0.3834071622, 0.6460959582, 0.0516502713, -0.5369312752, -1.0321553161, -1.1671662484, -0.9705132915, -0.918039795, -0.6472622365, -0.1710132262, 0.4000661221, 0.7094949638, 0.0377277852, -0.3546786477, -0.8622260907, -1.0123041935, -1.1392585923, -0.8796283054, -0.8478808341, -0.2958605207, 0.2558108124, 0.7763412769, 0.08301825, -0.3545635067, -0.9758073074, -1.0906815964, -0.879685234, -0.880894528, -0.4586605727, 0.1241668865, 0.5352649158, 0.9911843637, -0.0392046325, -0.5466421579, -0.6784214201, -1.2059740667, -1.1613981328, -0.9301483158, -0.4376431839, -0.0007216726, 0.6509349564, 0.667746548, 0.0598326285, -0.1384932323, -0.8019883939, -1.0465173437, -0.9831696188, -0.7875488624, -0.4996774252, 0.1604401095, 0.1828102715, 1.1818159343, 0.545316858, -0.0779345819, -0.3829150826, -0.3929586208, -0.3726436865, -0.1276326429, -0.0330798364, 0.1764163448, 0.5861978585, 1.1982615115, 0.8507332795, 0.5756669281, 0.6378022187, 0.8029743665, 0.5234954135, 0.3985616139, 0.8451250545, 0.7603994479, 1.4292686171, 2.1983429909, 2.3297101031, 1.9026942157, 2.121361119, 2.0962148417, 2.2100788481, 2.3428231528, 2.3830139797, 2.1924456515, 2.2821337407]}