{"source": [{"position": [224.19993159975522, -67.01037733564176], "counts": 500000.0}, {"position": [57.277258247678986, 234.09467248877903], "counts": 500000.0}], "output": [0.0, 0.0, 0.0, 0.0, 0.0, 0.0, 0.0, 0.0, 0.0, 0.0, 0.0, 0.0, 0.0, 0.0, 0.0, 0.0, 0.0, 0.0, 0.0, 0.0, 0.0, 0.0, 0.0, 0.0, 0.0, 0.0, 0.0, 0.0, 0.0, 0.4791738391, 0.0208261609, 0.0, 0.0, 0.0, 0.0, 0.0, 0.0, 0.0, 0.0, 0.0, 0.0, 0.0, 0.0, 0.0, 0.0, 0.2221125326, 0.2778874674, 0.0, 0.0, 0.0, 0.0, 0.0, 0.0, 0.0, 0.0, 0.0, 0.0, 0.0, 0.0, 0.0, 0.0, 0.0, 0.0, 0.0], "num_sources": 2, "seg_angles": 64, "input": [-0.4949247051, -0.5369409796, -0.2612465151, -0.474031115, -0.3694883095, -0.1267513681, -0.2425369687, 0.0517061863, 0.2633514576, 1.2698068642, -1.2736746061, -1.1254677966, -1.1291744207, -1.0393796096, -1.0380753809, -0.8046847116, -0.6793882287, -0.3768554394, 0.2663838108, 1.498003237, -1.4373775751, -1.3607491593, -1.2101301483, -1.1735648632, -1.1338586726, -0.9701519432, -0.6685856882, -0.2961166272, 0.4745558905, 1.719984385, -1.4415661161, -1.2536136325, -1.2305852869, -1.051318275, -1.0751562222, -0.708304724, -0.5179039431, -0.0325080455, 0.4491218015, 1.8658508127, -1.2205264392, -1.0693985644, -1.0476009481, -0.7852016615, -0.8329116331, -0.6665895379, -0.3260984905, -0.0061261273, 0.6628059177, 1.9403819448, -1.0553216357, -1.0272899495, -0.9342273011, -0.8606525854, -0.6250931162, -0.3978736069, -0.1591020987, 0.4101501882, 0.6831272044, 2.0083381907, -1.0373842848, -0.6818806584, -0.6636492141, -0.6356313134, -0.368975423, -0.0212738125, 0.1631270783, 0.716383117, 1.0318515415, 1.7796059981, -0.7029414399, -0.4478401283, -0.3220040834, -0.0790453887, 0.0415221197, 0.1258995838, 0.5638215734, 0.9330631576, 1.1971925788, 2.1266472472, -0.1097472359, 0.0928026118, 0.1922906391, 0.232433477, 0.6774358703, 0.580349917, 0.9066598091, 1.1690313571, 1.8181020918, 2.1460152207, 0.3482682958, 0.6653362735, 0.756661579, 0.7315236591, 0.7227210932, 1.0558204131, 1.0624193547, 1.6685749692, 2.0029522531, 2.5464169835]}