{"source": [{"position": [69.4277778594992, 163.9017500257152], "counts": 500000.0}, {"position": [-376.5883078717888, 64.07219657747643], "counts": 500000.0}], "output": [0.0, 0.0, 0.0, 0.0, 0.0, 0.0, 0.0, 0.0, 0.0, 0.0, 0.0, 0.0, 0.0, 0.0, 0.0, 0.0, 0.0, 0.0, 0.0, 0.0, 0.0, 0.0, 0.0, 0.0, 0.0, 0.0, 0.0, 0.0, 0.0, 0.0, 0.0, 0.0, 0.0, 0.0, 0.0, 0.0, 0.0, 0.0, 0.0, 0.0, 0.0, 0.0, 0.0, 0.0406416276, 0.4593583724, 0.0, 0.0, 0.0, 0.0, 0.0, 0.0, 0.0, 0.0, 0.0, 0.0, 0.0, 0.0, 0.0, 0.0, 0.0, 0.0, 0.0, 0.3582899261, 0.1417100739], "num_sources": 2, "seg_angles": 64, "input": [-0.3896038791, -0.6259331392, -1.0266350317, -1.1768068653, -1.2620000837, -1.4018648867, -1.4091168131, -1.3641394782, -0.7421369763, 0.128400528, -0.2032862038, -0.3883628171, -0.6343158202, -1.0860955894, -1.2672524359, -1.2114753348, -1.4056449106, -1.205344234, -0.6056077654, 0.4669691843, -0.2686114549, -0.277297852, -0.7324115791, -0.9167126371, -1.0982381174, -1.1880431279, -1.1538348874, -1.1553251052, -0.6951966684, 0.4214460064, -0.0994407349, -0.204580188, -0.6202061832, -0.8713764355, -1.0377789202, -1.1019953498, -0.9637874731, -1.0710091858, -0.6116654444, 0.3422695579, 0.166820541, -0.0409690448, -0.4301568692, -0.6369009175, -0.8119998874, -0.905571991, -0.7966801792, -0.8224581408, -0.5786320456, 0.4632741419, 0.3288224707, 0.1425577637, -0.057909577, -0.2457210994, -0.5440626643, -0.681001407, -0.8896712993, -0.7895585703, -0.6059961002, 0.382293198, 0.7665991657, 0.4785736745, 0.2362484316, -0.0467398299, -0.1146601478, -0.1971665194, -0.4364329707, -0.217468095, -0.2284606206, 0.7307399386, 1.0036341019, 0.9240755227, 0.7212093805, 0.5175787168, 0.4641241189, 0.2962347252, 0.1556537232, 0.0979044118, 0.1073468272, 0.6968774274, 1.4363840929, 1.4743673406, 1.6989735722, 1.2847180063, 1.0464616392, 0.9031433371, 1.0217003797, 0.9573506612, 0.9206753586, 0.7658638329, 2.5291165199, 2.18084556, 1.8965569624, 1.9014234119, 2.070310361, 2.0721890672, 1.8633438116, 1.7603175092, 2.0082609397, 1.7196956639]}