{"source": [{"position": [198.84416925563798, -235.21266197429765], "counts": 500000.0}, {"position": [46.126297702865635, -19.29675258240649], "counts": 500000.0}], "output": [0.0, 0.0, 0.0, 0.0, 0.0, 0.0, 0.0, 0.0, 0.0, 0.0, 0.0, 0.0, 0.0, 0.0, 0.0, 0.0, 0.0, 0.0, 0.0, 0.0, 0.0, 0.0, 0.0, 0.4257313172, 0.0742686828, 0.0, 0.0, 0.0179379275, 0.4820620725, 0.0, 0.0, 0.0, 0.0, 0.0, 0.0, 0.0, 0.0, 0.0, 0.0, 0.0, 0.0, 0.0, 0.0, 0.0, 0.0, 0.0, 0.0, 0.0, 0.0, 0.0, 0.0, 0.0, 0.0, 0.0, 0.0, 0.0, 0.0, 0.0, 0.0, 0.0, 0.0, 0.0, 0.0, 0.0], "num_sources": 2, "seg_angles": 64, "input": [0.5804016479, 0.7696857007, 0.6409401474, 0.8568602577, 0.9142795892, 1.0022879035, 1.0708902259, 1.1946838403, 1.2504128929, 1.7730128197, -0.4959931089, -0.3752055035, -0.2502847518, -0.1768168795, -0.1518544459, 0.0350451604, 0.2458282104, 0.5881735507, 1.3720907171, 2.1673578362, -0.8970955339, -0.7498380349, -0.624364083, -0.6257018872, -0.5015539195, -0.285561805, 0.0807109972, 0.4491279027, 1.2550117091, 2.1935024494, -0.9952407651, -0.8872150811, -0.8430297629, -0.7423779208, -0.5758519163, -0.3430636528, 0.0654010892, 0.6098283198, 1.3005716304, 2.0748249268, -1.067234736, -0.9623319512, -0.9528967278, -0.840525659, -0.687115336, -0.4073844933, 0.0220922591, 0.5334706962, 1.2598368608, 2.193693535, -1.0999920224, -1.0421002929, -0.9546871611, -0.8302028181, -0.7002968976, -0.4982901024, -0.0466262944, 0.3663467519, 1.1982581175, 2.1233479566, -1.1455649018, -1.0787803402, -0.9893569187, -0.8722875329, -0.7309850288, -0.5155355995, -0.0833126407, 0.421486748, 1.1382887724, 2.0556144972, -1.140314299, -1.0820160981, -1.0033988035, -0.9196293472, -0.7461169591, -0.5032466203, -0.0789670536, 0.3519320146, 1.0697092537, 1.9897866058, -1.1667187917, -1.1090253696, -1.0333035349, -0.9350984145, -0.7781564835, -0.5590905677, -0.1851594093, 0.2450287555, 1.0093424677, 1.9791723247, -1.1759567041, -1.12539476, -1.0949490412, -1.003946737, -0.877815811, -0.6945908137, -0.4294871173, 0.0115721552, 0.6847418881, 1.5242880582]}