{"source": [{"position": [9.928559280247201, -69.29230628734055], "counts": 500000.0}, {"position": [-176.86873044174448, 6.815584488915005], "counts": 500000.0}], "output": [0.3038414101, 0.0, 0.0, 0.0, 0.0, 0.0, 0.0, 0.0, 0.0, 0.0, 0.0, 0.0, 0.0, 0.0, 0.0, 0.0, 0.0, 0.2751880811, 0.2248119189, 0.0, 0.0, 0.0, 0.0, 0.0, 0.0, 0.0, 0.0, 0.0, 0.0, 0.0, 0.0, 0.0, 0.0, 0.0, 0.0, 0.0, 0.0, 0.0, 0.0, 0.0, 0.0, 0.0, 0.0, 0.0, 0.0, 0.0, 0.0, 0.0, 0.0, 0.0, 0.0, 0.0, 0.0, 0.0, 0.0, 0.0, 0.0, 0.0, 0.0, 0.0, 0.0, 0.0, 0.0, 0.1961585899], "num_sources": 2, "seg_angles": 64, "input": [2.2950071564, 2.5166681871, 2.1789557919, 1.9972089521, 1.9533395956, 1.8884506581, 1.8027502244, 1.8420062165, 1.7658910296, 1.3892413526, 1.6782390665, 1.6181364345, 1.689313634, 1.3194569613, 1.330366632, 1.1810683139, 1.1695711412, 1.0612509466, 1.0070933699, 0.5381180373, 1.1182865225, 1.1376840345, 0.9399690509, 0.764243629, 0.6815276337, 0.5404259871, 0.3973828879, 0.422553048, 0.2743814428, 0.0034108746, 0.8082515343, 0.5552718685, 0.4142944839, 0.1902014042, 0.1223335837, 0.0817033943, -0.0792185721, -0.1684384608, -0.2744058204, -0.3046645458, 0.3387988365, 0.2265644831, 0.0905976954, -0.0097882053, -0.1872157894, -0.312841143, -0.4513474193, -0.5383390925, -0.6530115877, -0.482981233, 0.1877146598, -0.0252228736, -0.1614889505, -0.446279765, -0.5239748477, -0.5888427539, -0.6975307119, -0.8673412602, -0.8246800873, -0.7397735804, -0.0143872399, -0.2420361347, -0.3373011737, -0.6180207938, -0.7493082194, -0.8508182307, -0.8876219509, -0.9933950289, -1.0756197559, -0.8840847455, -0.0787581648, -0.2929910552, -0.6155503979, -0.8013392669, -0.9285569824, -0.9297274245, -1.0787295668, -1.0871272301, -1.1702860292, -0.8852404852, -0.2572091667, -0.3843832217, -0.6846777417, -0.8896232903, -0.97491489, -1.0811216917, -1.1399760683, -1.1460302118, -1.2347922244, -0.9201034223, -0.4099981073, -0.5616642806, -0.8675025754, -1.0040221947, -1.1365187994, -1.1701391723, -1.2332536729, -1.3072196244, -1.3070428858, -0.9492509383]}