{"source": [{"position": [-46.09969682253365, -375.17838151054286], "counts": 500000.0}, {"position": [-14.843543408822494, 27.215238728888675], "counts": 500000.0}], "output": [0.0, 0.0, 0.0, 0.0, 0.0, 0.0, 0.0, 0.0, 0.0, 0.0, 0.0, 0.0, 0.0, 0.0, 0.1226713411, 0.3773286589, 0.0, 0.0, 0.0, 0.0, 0.0, 0.0, 0.0, 0.0, 0.0, 0.0, 0.0, 0.0, 0.0, 0.0, 0.0, 0.0, 0.0, 0.0, 0.0, 0.0, 0.0, 0.0, 0.0, 0.0, 0.0, 0.0, 0.0, 0.0, 0.0, 0.0, 0.0, 0.0, 0.0, 0.0, 0.0, 0.0, 0.0, 0.4570113341, 0.0429886659, 0.0, 0.0, 0.0, 0.0, 0.0, 0.0, 0.0, 0.0, 0.0], "num_sources": 2, "seg_angles": 64, "input": [0.5115311806, -0.3600462478, -0.7031027453, -0.8143301826, -0.90890711, -0.9808660205, -0.9755395947, -1.0083244711, -1.0076366467, -1.0293693349, 0.6307273421, -0.2764320073, -0.7074636222, -0.8466054882, -0.8874376008, -0.9167622277, -0.9537539531, -0.9780516592, -1.0053525315, -1.0670415723, 0.7761146057, -0.2085930636, -0.6708675979, -0.857567767, -0.8754756594, -0.9293393065, -0.9800263253, -0.9876959962, -0.9911440171, -1.0441564098, 0.8502071376, -0.1801858488, -0.6479078466, -0.817583179, -0.855075049, -0.8517886798, -0.8811713013, -0.903048653, -0.9579035936, -1.0320398625, 1.0229750187, -0.1425467032, -0.5734398299, -0.6387932751, -0.7022600324, -0.7191252241, -0.7740318941, -0.8114002724, -0.8130233732, -0.941841097, 1.049208987, 0.0086543348, -0.3609685372, -0.4282436149, -0.4629822916, -0.536321909, -0.548458864, -0.5663071454, -0.6458756635, -0.8139808656, 1.2867116867, 0.1247508462, 0.0116988364, -0.099516, -0.0824514189, -0.1507530011, -0.1976419808, -0.2379548636, -0.3935317247, -0.5543656372, 1.4049681768, 0.5563757295, 0.4827701641, 0.4785229136, 0.3637119424, 0.2458540604, 0.3079517193, 0.2930043366, 0.1010068514, -0.0613716516, 1.6118206079, 1.2978949616, 1.4179686433, 1.3747476327, 1.1697019082, 1.1396172844, 1.0745414714, 0.9663624283, 0.7538589886, 0.642957069, 2.152320257, 2.3506703782, 2.3170366528, 2.2565551536, 2.1848421541, 2.0912420373, 1.9444844973, 1.9207995925, 1.7945799136, 1.387032541]}