{"source": [{"position": [-21.704482016843375, -258.08896811057326], "counts": 500000.0}, {"position": [446.8182017787437, 91.0466614391209], "counts": 500000.0}], "output": [0.0, 0.0, 0.0, 0.0, 0.0, 0.0, 0.0, 0.0, 0.0, 0.0, 0.0, 0.0, 0.0, 0.0, 0.0, 0.4272965634, 0.0727034366, 0.0, 0.0, 0.0, 0.0, 0.0, 0.0, 0.0, 0.0, 0.0, 0.0, 0.0, 0.0, 0.0, 0.0, 0.0, 0.0, 0.0, 0.4762403871, 0.0237596129, 0.0, 0.0, 0.0, 0.0, 0.0, 0.0, 0.0, 0.0, 0.0, 0.0, 0.0, 0.0, 0.0, 0.0, 0.0, 0.0, 0.0, 0.0, 0.0, 0.0, 0.0, 0.0, 0.0, 0.0, 0.0, 0.0, 0.0, 0.0], "num_sources": 2, "seg_angles": 64, "input": [1.13466526, 1.519355578, 1.5069222999, 1.4897102626, 1.4156263736, 1.5777239968, 1.8480001962, 2.1159018763, 2.5915198547, 2.5282042495, 0.2725107854, 0.6545458315, 0.6534051009, 0.8064117782, 1.1268838153, 1.0167025411, 1.1615354375, 1.6310917199, 1.9070469258, 2.10405049, -0.1648193725, 0.0873179958, 0.3693983791, 0.1387896425, 0.4538670757, 0.8059450517, 0.5592457438, 1.3816875477, 1.2989556408, 1.6170852758, -0.6365955238, -0.373512426, -0.1991132721, -0.3004669525, -0.3263102578, 0.2396151418, 0.3706910932, 0.7566595637, 0.8014003642, 1.2167150394, -0.6985153866, -0.8054020077, -0.7494737334, -0.7963157381, -0.5890222751, -0.2946904552, -0.2121064815, 0.1118694972, 0.7218114421, 0.6283355369, -0.877950461, -0.9229507731, -0.8603732834, -0.8579783222, -0.8836171751, -0.6348945055, -0.4112354594, -0.0543263458, -0.0736647304, 0.7521917735, -1.0949417916, -1.2838694204, -1.1797085324, -1.0109809503, -0.8182716239, -0.8341024006, -0.5525140506, -0.3135744743, 0.1046545026, 0.1339838001, -0.915117609, -1.3491502504, -1.2003026629, -1.2780555192, -0.9335482459, -0.950174824, -0.7635349488, -0.3551277373, -0.0644731539, 0.2986487199, -0.953003968, -1.4343095331, -1.2963133619, -1.3014251782, -1.2159808509, -1.1342326364, -0.7229244988, -0.5932253832, -0.0795849774, 0.1214352379, -0.4395177481, -1.0512021141, -0.7970801585, -0.7741793721, -0.7851923986, -0.8650480276, -0.7238707317, -0.6829002103, -0.4283435626, -0.133000593]}