{"source": [{"position": [164.1194074149174, -78.66905433381255], "counts": 500000.0}, {"position": [173.47730075449056, 180.0156274408865], "counts": 500000.0}], "output": [0.0, 0.0, 0.0, 0.0, 0.0, 0.0, 0.0, 0.0, 0.0, 0.0, 0.0, 0.0, 0.0, 0.0, 0.0, 0.0, 0.0, 0.0, 0.0, 0.0, 0.0, 0.0, 0.0, 0.0, 0.0, 0.0, 0.0, 0.2764693491, 0.2235306509, 0.0, 0.0, 0.0, 0.0, 0.0, 0.0, 0.0, 0.0, 0.0, 0.0, 0.0, 0.4058096355, 0.0941903645, 0.0, 0.0, 0.0, 0.0, 0.0, 0.0, 0.0, 0.0, 0.0, 0.0, 0.0, 0.0, 0.0, 0.0, 0.0, 0.0, 0.0, 0.0, 0.0, 0.0, 0.0, 0.0], "num_sources": 2, "seg_angles": 64, "input": [-0.0627475229, 0.0289308039, 0.2503368544, 0.0466546252, 0.0796241663, 0.3693977965, 0.3421861262, 0.6846427966, 0.981867645, 1.9995220519, -0.8766841964, -0.7826048925, -0.6511886849, -0.6003444806, -0.5351152396, -0.4231161948, -0.0580165468, 0.174736322, 1.3751505149, 1.95732613, -1.1666745892, -1.1041493042, -1.0090748305, -0.9207491268, -0.8269960389, -0.6237639416, -0.3239284068, 0.1567875194, 1.0614240816, 2.1840738803, -1.2759887719, -1.2255699974, -1.1392271531, -1.0180110547, -0.9404357566, -0.7912243707, -0.2257716791, 0.2333503719, 1.1561388201, 2.220702246, -1.2874174464, -1.280817441, -1.2178545175, -1.0293177829, -0.8456163408, -0.7245863813, -0.4697102262, 0.3437289544, 1.2164959172, 2.1807185211, -1.2326080384, -1.1319010515, -1.0062396128, -1.0240188321, -0.8181932299, -0.6380337576, -0.2405279495, 0.4003114362, 1.2333663831, 2.3979004665, -1.1573785997, -0.9708302982, -0.8944964528, -0.7778667642, -0.6420178394, -0.5257933229, -0.2869946692, 0.5620544652, 0.9813776906, 2.0821306517, -0.9571519978, -0.7369247243, -0.686078321, -0.6941000033, -0.5490784993, -0.300739149, 0.0343545883, 0.3656058746, 1.122690276, 2.2218157292, -0.5899252372, -0.377128827, -0.4125532616, -0.353447114, -0.2046430262, 0.0018849224, 0.321832847, 0.580204477, 1.353179881, 2.1533003195, -0.0699162241, 0.1793521268, 0.1359830812, 0.0962111847, 0.2348184278, 0.4214053899, 0.5949170137, 0.9045223957, 1.4976514548, 1.7946224913]}