{"source": [{"position": [111.2896999271467, 52.37941093717681], "counts": 500000.0}, {"position": [76.84169192141954, 38.61805772761813], "counts": 500000.0}], "output": [0.0, 0.0, 0.0, 0.0, 0.0, 0.0, 0.0, 0.0, 0.0, 0.0, 0.0, 0.0, 0.0, 0.0, 0.0, 0.0, 0.0, 0.0, 0.0, 0.0, 0.0, 0.0, 0.0, 0.0, 0.0, 0.0, 0.0, 0.0, 0.0, 0.0, 0.0, 0.0, 0.0, 0.0, 0.0, 0.0, 0.3878244867, 0.6121755133, 0.0, 0.0, 0.0, 0.0, 0.0, 0.0, 0.0, 0.0, 0.0, 0.0, 0.0, 0.0, 0.0, 0.0, 0.0, 0.0, 0.0, 0.0, 0.0, 0.0, 0.0, 0.0, 0.0, 0.0, 0.0, 0.0], "num_sources": 2, "seg_angles": 64, "input": [-1.1843770855, -1.1131686924, -1.0941448498, -0.978821371, -0.8387647066, -0.6867035305, -0.3923578595, 0.0628681113, 0.7906471559, 1.6134971962, -1.1630810366, -1.125399802, -1.0030053816, -0.9343228823, -0.7753514097, -0.5558148897, -0.1395041091, 0.428741084, 1.1069524816, 1.889628963, -1.2025850785, -1.0904941468, -1.0433459363, -0.9241549534, -0.7825795971, -0.5259241583, -0.132166335, 0.4445663793, 1.1853297782, 1.9782946419, -1.1594318024, -1.0661098479, -1.030207771, -0.9054852538, -0.7555124713, -0.4959549981, -0.1469746605, 0.4092765906, 1.2333606827, 1.9247707839, -1.1157050303, -1.0698619652, -0.9691190015, -0.8240180013, -0.7154566711, -0.4027026509, -0.1509916003, 0.4522141435, 1.2119411, 2.0494891353, -1.1128800227, -1.0246995651, -0.9952789702, -0.8146356375, -0.6427295399, -0.4329787469, -0.0904589429, 0.5119761121, 1.2587101298, 1.955419912, -1.0119288459, -0.9648025887, -0.8630568677, -0.7867937874, -0.6368448071, -0.4580004365, -0.1012410169, 0.4525937072, 1.2950957275, 2.0321863895, -0.8798132071, -0.6700564996, -0.6862171568, -0.656336617, -0.5382965982, -0.3692449117, -0.0185911252, 0.4113063744, 1.2372418441, 1.9428493521, -0.4316193416, -0.2230153132, -0.0969643466, -0.1288886837, 0.0403836157, -0.0426122011, 0.1404031386, 0.4180986099, 1.2263723352, 1.9635574802, 0.6511768735, 0.9084832184, 1.0373205539, 1.03574136, 1.1168739582, 1.1121233179, 1.1996139156, 1.3523748111, 1.3074695785, 1.7826347713]}