{"source": [{"position": [12.966355395286515, 64.71378236328893], "counts": 500000.0}, {"position": [164.83782472840096, 283.570963849984], "counts": 500000.0}], "output": [0.0, 0.0, 0.0, 0.0, 0.0, 0.0, 0.0, 0.0, 0.0, 0.0, 0.0, 0.0, 0.0, 0.0, 0.0, 0.0, 0.0, 0.0, 0.0, 0.0, 0.0, 0.0, 0.0, 0.0, 0.0, 0.0, 0.0, 0.0, 0.0, 0.0, 0.0, 0.0, 0.0, 0.0, 0.0, 0.0, 0.0, 0.0, 0.0, 0.0, 0.0, 0.0, 0.181701191, 0.318298809, 0.0, 0.007113003, 0.492886997, 0.0, 0.0, 0.0, 0.0, 0.0, 0.0, 0.0, 0.0, 0.0, 0.0, 0.0, 0.0, 0.0, 0.0, 0.0, 0.0, 0.0], "num_sources": 2, "seg_angles": 64, "input": [-1.1291499219, -1.0977105061, -1.0867770118, -1.0872691313, -1.0831230369, -1.061077399, -1.0262012369, -0.9718382541, -0.818172122, -0.1756302147, -1.0632906386, -1.0413032689, -1.0551767181, -1.0177429067, -1.0162576445, -0.970093734, -0.940137062, -0.900891799, -0.7748271257, -0.0005285357, -0.9939061546, -0.9721246411, -0.967033806, -0.9264611664, -0.9269949671, -0.9030806306, -0.8272996076, -0.8495388045, -0.7132780264, 5.57324e-05, -0.9130473332, -0.786430324, -0.7451537581, -0.7631733881, -0.8329528049, -0.7450337312, -0.7447938489, -0.6436895111, -0.6094897543, 0.075989456, -0.7796196335, -0.6544853947, -0.5659689289, -0.5660460893, -0.5179339568, -0.5825041994, -0.605515629, -0.5439708989, -0.3551668001, 0.0589351099, -0.5131302564, -0.3489758655, -0.3166278905, -0.3867081955, -0.2400107771, -0.3131373941, -0.2578078538, -0.256982595, -0.2231570425, 0.2384465345, -0.2747073141, 0.0272630288, 0.1108251563, 0.0789129106, 0.1528096465, 0.1674953808, 0.1353641461, 0.1751857747, 0.1337745915, 0.3589321969, 0.1557097922, 0.5207969921, 0.57658603, 0.6802701839, 0.7488239253, 0.7003319064, 0.670853802, 0.5959671259, 0.6586518685, 0.6731426861, 0.8970232586, 1.2843174401, 1.3223627485, 1.3497056217, 1.3976423484, 1.3187667215, 1.386768682, 1.441293931, 1.2955205511, 1.2270368792, 1.7429623735, 2.0422657694, 2.2234909973, 2.1739956126, 2.165910075, 2.1012572805, 2.213595442, 2.250611716, 2.1712210321, 1.7822647828]}