{"source": [{"position": [113.11990261691341, -115.96502762445247], "counts": 500000.0}, {"position": [9.67949040084134, -26.27370292859422], "counts": 500000.0}], "output": [0.0, 0.0, 0.0, 0.0, 0.0, 0.0, 0.0, 0.0, 0.0, 0.0, 0.0, 0.0, 0.0, 0.0, 0.0, 0.0, 0.0, 0.0, 0.0, 0.2022850478, 0.2977149522, 0.0, 0.0, 0.0632488472, 0.4367511528, 0.0, 0.0, 0.0, 0.0, 0.0, 0.0, 0.0, 0.0, 0.0, 0.0, 0.0, 0.0, 0.0, 0.0, 0.0, 0.0, 0.0, 0.0, 0.0, 0.0, 0.0, 0.0, 0.0, 0.0, 0.0, 0.0, 0.0, 0.0, 0.0, 0.0, 0.0, 0.0, 0.0, 0.0, 0.0, 0.0, 0.0, 0.0, 0.0], "num_sources": 2, "seg_angles": 64, "input": [1.6286419132, 1.9867145398, 1.9377428976, 2.0514385393, 2.1883685527, 2.2844224149, 2.241256461, 2.4002664002, 2.3130817163, 2.0754955109, 0.6842125969, 1.0486358353, 1.1511302766, 1.2214086533, 1.3230290512, 1.3631239738, 1.3694714988, 1.4507380215, 1.4726152863, 1.3772087822, 0.0204930356, 0.3061123867, 0.3404055767, 0.4681963083, 0.5597154807, 0.5373733549, 0.6306212593, 0.6518535477, 0.6944373147, 1.0141598495, -0.3756471752, -0.1631332455, -0.1655171737, -0.0374012257, -0.0281103149, 0.0145800635, 0.1245010226, 0.1393611193, 0.2442358905, 0.6616486789, -0.640701767, -0.4946139391, -0.4911980366, -0.4293115817, -0.3872287567, -0.3857905907, -0.3117365413, -0.2533923658, -0.1582024041, 0.5433982205, -0.8081595678, -0.7374086987, -0.6865655481, -0.6537525918, -0.6610179007, -0.588941603, -0.545244191, -0.4241979378, -0.3549124363, 0.3570733475, -0.9386605446, -0.8837281194, -0.8453026139, -0.8366611957, -0.7998700211, -0.7564706304, -0.707321528, -0.6027511364, -0.4337088548, 0.3187970828, -1.0293384834, -0.9868166447, -0.9460918963, -0.9295162994, -0.8831928697, -0.8594209658, -0.8348530187, -0.7353199846, -0.4954450639, 0.3044720288, -1.0696223363, -1.0487221005, -0.9977416591, -0.9896847677, -0.9695749544, -0.946728903, -0.9210349545, -0.8062167601, -0.6162173886, 0.1427592238, -1.1109409488, -1.0890931918, -1.0618933463, -1.0545717264, -1.0436649592, -1.0224684514, -0.9793725735, -0.9089541049, -0.7211404509, 0.0011013276]}