{"source": [{"position": [-289.7446182547138, -55.4351530387548], "counts": 500000.0}, {"position": [-262.81173511150723, -47.106176746568515], "counts": 500000.0}], "output": [0.0, 0.1339623132, 0.8660376868, 0.0, 0.0, 0.0, 0.0, 0.0, 0.0, 0.0, 0.0, 0.0, 0.0, 0.0, 0.0, 0.0, 0.0, 0.0, 0.0, 0.0, 0.0, 0.0, 0.0, 0.0, 0.0, 0.0, 0.0, 0.0, 0.0, 0.0, 0.0, 0.0, 0.0, 0.0, 0.0, 0.0, 0.0, 0.0, 0.0, 0.0, 0.0, 0.0, 0.0, 0.0, 0.0, 0.0, 0.0, 0.0, 0.0, 0.0, 0.0, 0.0, 0.0, 0.0, 0.0, 0.0, 0.0, 0.0, 0.0, 0.0, 0.0, 0.0, 0.0, 0.0], "num_sources": 2, "seg_angles": 64, "input": [1.7640380709, 1.0925923448, 0.5134287884, 0.2775592704, 0.2730496742, 0.2298853514, 0.1337876585, 0.0700120883, -0.0580329216, -0.1592583422, 2.0519964141, 1.3315107937, 0.6580824313, -0.0151070897, -0.1346820774, -0.5074933958, -0.7279446822, -0.8375289656, -0.8567832213, -0.9574259223, 2.0765555739, 1.4372512732, 0.7435583517, 0.1687619231, -0.2222948649, -0.5194473838, -0.7322276343, -0.8201087568, -1.0043240979, -1.1064821712, 2.1809123078, 1.6756612361, 0.7576571128, 0.1510576183, -0.2116422216, -0.5760941424, -0.8532868174, -0.9472775553, -0.9459405025, -1.0855896646, 2.0530835852, 1.5952420729, 0.5714268161, 0.220081612, -0.1839090391, -0.54938371, -0.6581695753, -0.9858959863, -0.9985170795, -1.1148947412, 2.0923874825, 1.4619895177, 0.8491016355, 0.2324791973, -0.2230578602, -0.5941322584, -0.6804646489, -0.9574699017, -0.9629456724, -1.1009616505, 2.0501741671, 1.6196849684, 0.8123820909, 0.0480540621, -0.213697388, -0.6036056637, -0.7606344245, -0.9182184508, -1.0253152258, -1.0979933081, 1.9061167305, 1.3571371047, 0.7286312903, 0.1506626213, -0.1851375967, -0.5675849212, -0.7470531816, -0.935189184, -1.0207329408, -1.0741696786, 2.0067859843, 1.2901272387, 0.528503276, 0.1319495393, -0.2722399285, -0.6753275585, -0.7681683628, -0.9633568078, -1.0647210602, -1.1015130943, 1.5282199047, 0.805861283, 0.2875332019, -0.2766599863, -0.4093961149, -0.7033381122, -0.921853473, -1.0334539052, -1.113953933, -1.17288481]}