{"source": [{"position": [-142.61144538841484, 286.4646149949888], "counts": 500000.0}, {"position": [1.215261216268445, 290.9974624291013], "counts": 500000.0}], "output": [0.0, 0.0, 0.0, 0.0, 0.0, 0.0, 0.0, 0.0, 0.0, 0.0, 0.0, 0.0, 0.0, 0.0, 0.0, 0.0, 0.0, 0.0, 0.0, 0.0, 0.0, 0.0, 0.0, 0.0, 0.0, 0.0, 0.0, 0.0, 0.0, 0.0, 0.0, 0.0, 0.0, 0.0, 0.0, 0.0, 0.0, 0.0, 0.0, 0.0, 0.0, 0.0, 0.0, 0.0, 0.0, 0.0, 0.0, 0.0212690465, 0.4787309535, 0.0, 0.0, 0.0, 0.1475002499, 0.3524997501, 0.0, 0.0, 0.0, 0.0, 0.0, 0.0, 0.0, 0.0, 0.0, 0.0], "num_sources": 2, "seg_angles": 64, "input": [-0.1179567345, -0.6455085793, -0.8795131199, -0.9726788332, -1.0885814862, -1.1579949013, -1.1322195631, -1.1397609144, -1.1588250461, -1.1676288439, 0.1402614001, -0.5633014903, -0.8307153387, -0.8323938147, -1.0199142894, -1.0402349953, -1.0051419761, -1.0628367832, -1.0755510687, -1.1389459064, 0.0289187748, -0.3620326777, -0.7239742223, -0.8714640063, -0.9545068022, -0.9099462318, -0.922721479, -0.9239906344, -0.9341495454, -1.0280711404, 0.2177932939, -0.4878274956, -0.7541147419, -0.7996782225, -0.7562731533, -0.8924800614, -0.8424743784, -0.7890628488, -0.7994234689, -0.8808885893, 0.2662946938, -0.2956805033, -0.5595896944, -0.6596311232, -0.5764961833, -0.670857211, -0.6417633904, -0.60581161, -0.7398100821, -0.7728566123, 0.2353914336, -0.0782511524, -0.3229362925, -0.3603606636, -0.2910583897, -0.4491968585, -0.4514424092, -0.1815101395, -0.4252972755, -0.549184583, 0.5605040159, 0.1461613071, 0.0681774038, 0.0766795273, 0.0240561046, 0.2099306753, -0.0190726523, 0.1576979466, -0.0922963168, -0.2239258444, 0.8215492363, 0.781849231, 0.4724354399, 0.6545795942, 0.6559001415, 0.696271326, 0.4552450356, 0.4892684081, 0.6193036171, 0.3500385346, 1.1672515795, 1.2663440776, 1.1572066432, 1.5952309012, 1.4399800793, 1.2556658458, 1.3658976242, 1.3004016718, 1.1921704668, 0.9846975052, 1.6601830484, 1.8891090072, 2.295269288, 2.0688060635, 2.1759364166, 2.0670004872, 2.1147407245, 2.1515161774, 2.3996144198, 1.9544832033]}