{"source": [{"position": [-39.69781660190094, -71.75014534509206], "counts": 500000.0}, {"position": [-9.911573033702943, -175.72068950467266], "counts": 500000.0}], "output": [0.0, 0.0, 0.0, 0.0, 0.0, 0.0, 0.0, 0.0, 0.0, 0.0, 0.0737612974, 0.4262387026, 0.0, 0.0, 0.0, 0.2869656095, 0.2130343905, 0.0, 0.0, 0.0, 0.0, 0.0, 0.0, 0.0, 0.0, 0.0, 0.0, 0.0, 0.0, 0.0, 0.0, 0.0, 0.0, 0.0, 0.0, 0.0, 0.0, 0.0, 0.0, 0.0, 0.0, 0.0, 0.0, 0.0, 0.0, 0.0, 0.0, 0.0, 0.0, 0.0, 0.0, 0.0, 0.0, 0.0, 0.0, 0.0, 0.0, 0.0, 0.0, 0.0, 0.0, 0.0, 0.0, 0.0], "num_sources": 2, "seg_angles": 64, "input": [1.839194348, 2.1908638925, 2.1273429723, 2.1035146915, 1.9463898079, 2.1154438696, 2.1074477183, 2.0815326212, 2.0477018045, 1.7948462289, 1.3139353005, 1.2593837632, 1.3030877107, 1.2203672628, 1.2157768758, 1.366866874, 1.3561343033, 1.2166310858, 1.1535006082, 0.7928707101, 1.1425915334, 0.5716395102, 0.5862771192, 0.6289562846, 0.5136894737, 0.4812757489, 0.5028021067, 0.4117116029, 0.468620715, 0.1664536577, 0.8221234682, 0.2545919445, -0.0186589045, 0.0536250332, 0.0688963623, -0.0778748454, 0.0521620176, -0.1069017995, -0.1359426477, -0.343594151, 0.7481373334, 0.0721887654, -0.2912956777, -0.3829064488, -0.3520558757, -0.4473376964, -0.3892376827, -0.3681782757, -0.5488670195, -0.6572030171, 0.564146708, -0.0664248079, -0.5053915845, -0.6118724536, -0.6365427234, -0.615980536, -0.7065165937, -0.7192580559, -0.7200955973, -0.8632095245, 0.5020439317, -0.1848804276, -0.6618980972, -0.7576375949, -0.8739830169, -0.8637003144, -0.8921361235, -0.8880965382, -0.9358601574, -0.9695994882, 0.5220265886, -0.2931135102, -0.6413641273, -0.8789565482, -0.9663401351, -0.9563572471, -0.9918371622, -0.9927312295, -1.0490826943, -1.0649096432, 0.3922261385, -0.3284233714, -0.7229128596, -0.9163518618, -1.0400533388, -1.0907560659, -1.0863077451, -1.0998370241, -1.1438322192, -1.1661594201, 0.2029129304, -0.5299070297, -0.856129035, -1.0184754975, -1.0765573022, -1.1254059964, -1.14174946, -1.1499247321, -1.1518847605, -1.2094337298]}