{"source": [{"position": [190.45535447920696, 14.413811092130173], "counts": 500000.0}, {"position": [3.0502185095719923, -123.96247886777624], "counts": 500000.0}], "output": [0.0, 0.0, 0.0, 0.0, 0.0, 0.0, 0.0, 0.0, 0.0, 0.0, 0.0, 0.0, 0.0, 0.0, 0.0, 0.0, 0.3747080454, 0.1252919546, 0.0, 0.0, 0.0, 0.0, 0.0, 0.0, 0.0, 0.0, 0.0, 0.0, 0.0, 0.0, 0.0, 0.0, 0.1152942768, 0.3847057232, 0.0, 0.0, 0.0, 0.0, 0.0, 0.0, 0.0, 0.0, 0.0, 0.0, 0.0, 0.0, 0.0, 0.0, 0.0, 0.0, 0.0, 0.0, 0.0, 0.0, 0.0, 0.0, 0.0, 0.0, 0.0, 0.0, 0.0, 0.0, 0.0, 0.0], "num_sources": 2, "seg_angles": 64, "input": [1.0493445154, 1.2255411138, 1.4683106209, 1.3850843069, 1.3702607865, 1.7262761772, 1.8183716179, 2.0361083743, 2.3862393835, 2.50231588, 0.2547773772, 0.7147934194, 0.6204947408, 0.8879015516, 0.7701240668, 1.12959393, 1.1638243111, 1.6300560524, 2.1037974116, 2.1003598376, -0.4141080976, 0.0751032646, 0.2144388213, 0.3565208753, 0.47159485, 0.4561961594, 0.8177238984, 0.8766954096, 1.4649725693, 1.7008707101, -0.7373555504, -0.5151612765, -0.2017050035, -0.1876358564, -0.0663834379, 0.1332372593, 0.3353720573, 0.5681422701, 0.8261291427, 1.2091625223, -0.9546340028, -0.6784668893, -0.563235572, -0.5356669255, -0.388341334, -0.3874576585, -0.0985018053, 0.2543870969, 0.5583348636, 0.8526032142, -1.1590958595, -0.8616749713, -0.8978692584, -0.7124753673, -0.6803971906, -0.4897827857, -0.3634011285, 0.1351124903, 0.4040416691, 0.5642845919, -1.2721128049, -1.1583575447, -0.9966010248, -0.9463056887, -0.7951998726, -0.7288240793, -0.4672049235, -0.1670791167, 0.2688337976, 0.6567612639, -1.3632290619, -1.2151580988, -1.1886210817, -1.1063185417, -0.954946058, -0.8092909348, -0.4684540057, -0.3292555886, 0.0433897524, 0.3453069103, -1.378162229, -1.3255488306, -1.2972697528, -1.1656435073, -1.0486073317, -0.9363658581, -0.7369040722, -0.5045247176, -0.1485728019, 0.2475437916, -1.2857145692, -1.242586462, -1.1943974677, -1.2055726248, -1.0907991075, -0.9691623373, -0.8427264331, -0.6433878089, -0.2926039282, -0.0114764892]}