{"source": [{"position": [229.36114414080944, -86.13051467638417], "counts": 500000.0}, {"position": [220.83901100351983, 198.5928780671333], "counts": 500000.0}], "output": [0.0, 0.0, 0.0, 0.0, 0.0, 0.0, 0.0, 0.0, 0.0, 0.0, 0.0, 0.0, 0.0, 0.0, 0.0, 0.0, 0.0, 0.0, 0.0, 0.0, 0.0, 0.0, 0.0, 0.0, 0.0, 0.0, 0.0, 0.0, 0.3295413688, 0.1704586312, 0.0, 0.0, 0.0, 0.0, 0.0, 0.0, 0.0, 0.0, 0.0, 0.2698711429, 0.2301288571, 0.0, 0.0, 0.0, 0.0, 0.0, 0.0, 0.0, 0.0, 0.0, 0.0, 0.0, 0.0, 0.0, 0.0, 0.0, 0.0, 0.0, 0.0, 0.0, 0.0, 0.0, 0.0, 0.0], "num_sources": 2, "seg_angles": 64, "input": [-0.2939026606, -0.1827443193, -0.0662717143, -0.0458478059, 0.0068821289, 0.204040865, 0.373711453, 0.6992494129, 1.0046302176, 1.6821562997, -0.8931154876, -0.8902348954, -0.8163660283, -0.8637030497, -0.7444162749, -0.5501861966, -0.1997217626, 0.2286174941, 1.0600863445, 1.9804805735, -1.1588494305, -1.1391653432, -1.1340734241, -1.0455418515, -0.8778445211, -0.6747374911, -0.2535013711, 0.3139180979, 1.1756388002, 2.2038565764, -1.2778806134, -1.1541464515, -1.0996620972, -1.0805187747, -0.9718138876, -0.4711625681, -0.0865814286, 0.307387844, 1.3411779465, 2.4706100155, -1.2936177984, -1.1260132943, -1.1055206451, -1.0141289984, -0.9256101178, -0.7369827789, -0.1913098081, 0.3768367082, 1.2973815792, 2.237730872, -1.1462949612, -1.1112407149, -0.9955541344, -0.9343341693, -0.9253454324, -0.6900235922, -0.1989945319, 0.4081430911, 1.2792180373, 2.0080152546, -1.0834872249, -0.9555583858, -0.9853525958, -0.9060973271, -0.5774612487, -0.3596435863, -0.2721720383, 0.3216338314, 1.1611343106, 2.1354457522, -0.8336543738, -0.7894412737, -0.7364315136, -0.5949766152, -0.4143692012, -0.406564098, 0.1367034616, 0.5586711622, 1.1828636274, 2.2773821969, -0.6330458097, -0.3586742217, -0.2114476368, -0.2681004595, -0.0556973796, 0.0137284941, 0.2801635507, 0.6063745079, 1.2890315631, 2.143433045, -0.1531645413, 0.212558322, 0.2726585058, 0.2503314853, 0.3502724472, 0.5609876548, 0.6230655025, 0.696114802, 1.3449572181, 1.8850189044]}