{"source": [{"position": [-10.329472422439824, 416.8720451163332], "counts": 500000.0}, {"position": [226.1998394535445, -278.77344319570807], "counts": 500000.0}], "output": [0.0, 0.0, 0.0, 0.0, 0.0, 0.0, 0.0, 0.0, 0.0, 0.0, 0.0, 0.0, 0.0, 0.0, 0.0, 0.0, 0.0, 0.0, 0.0, 0.0, 0.0, 0.0, 0.0283328785, 0.4716671215, 0.0, 0.0, 0.0, 0.0, 0.0, 0.0, 0.0, 0.0, 0.0, 0.0, 0.0, 0.0, 0.0, 0.0, 0.0, 0.0, 0.0, 0.0, 0.0, 0.0, 0.0, 0.0, 0.0, 0.0, 0.37382985, 0.12617015, 0.0, 0.0, 0.0, 0.0, 0.0, 0.0, 0.0, 0.0, 0.0, 0.0, 0.0, 0.0, 0.0, 0.0], "num_sources": 2, "seg_angles": 64, "input": [0.585267813, 0.9188705814, 0.7956362121, 1.4254134572, 0.9832048946, 1.0624317646, 1.1910830461, 0.9978354091, 0.911265242, 1.2170952256, -0.0207048064, -0.0581999387, -0.3401579624, 0.0085196508, 0.218248487, 0.0298462194, 0.1695265429, 0.3547454293, 0.1440279247, 0.8101344109, -1.0366498654, -0.6447211907, -0.5084771918, -0.2945854667, -0.443035174, -0.3444152752, -0.335859363, -0.4397014427, -0.0007210549, 0.9908792847, -1.4214779362, -1.0366439063, -1.1919102283, -1.0011751456, -1.420708862, -0.9456676555, -0.8099923806, -0.7384693873, 0.1360990491, 1.0943454867, -1.4703888449, -1.491254628, -1.2046150216, -1.2114215379, -1.2787041893, -1.0880315394, -0.7213927122, -0.6984959415, -0.0968333102, 0.9392653734, -1.6063289074, -1.4399721627, -1.1667669602, -1.1737925667, -1.0009058713, -1.0377736155, -0.9599783726, -0.4843882652, 0.2550130637, 1.313157442, -1.1747404899, -0.9793279313, -0.8828282156, -1.069982361, -0.9942897558, -0.6001394053, -0.273314815, -0.0993546084, 0.9726025973, 1.5740137247, -1.0387466143, -0.8825904412, -0.5195652899, -0.5283729399, -0.4125607004, -0.4097407334, -0.2477542937, 0.3995965849, 1.3452295415, 2.0875212042, -0.3867923197, -0.062587994, -0.170128221, 0.0382023527, 0.2459003155, 0.3852528603, 0.6445864676, 0.8006183961, 2.0384172334, 2.6111489281, 0.4332137934, 0.7304643192, 0.7183479173, 0.9653737794, 0.9584966293, 0.8344870355, 1.3609873227, 1.8381241711, 1.7389356978, 2.6237029281]}