{"source": [{"position": [-214.4760322022661, -88.45355623587169], "counts": 500000.0}, {"position": [89.99991513603784, -0.12359411792520895], "counts": 500000.0}], "output": [0.0, 0.0, 0.0, 0.0078149274, 0.4921850726, 0.0, 0.0, 0.0, 0.0, 0.0, 0.0, 0.0, 0.0, 0.0, 0.0, 0.0, 0.0, 0.0, 0.0, 0.0, 0.0, 0.0, 0.0, 0.0, 0.0, 0.0, 0.0, 0.0, 0.0, 0.0, 0.0, 0.0069939986, 0.4930060014, 0.0, 0.0, 0.0, 0.0, 0.0, 0.0, 0.0, 0.0, 0.0, 0.0, 0.0, 0.0, 0.0, 0.0, 0.0, 0.0, 0.0, 0.0, 0.0, 0.0, 0.0, 0.0, 0.0, 0.0, 0.0, 0.0, 0.0, 0.0, 0.0, 0.0, 0.0], "num_sources": 2, "seg_angles": 64, "input": [-0.5233269755, -0.6000645861, -0.5248825922, -0.4900979749, -0.3615715378, -0.1008498499, 0.3491098595, 0.8356111852, 1.5763556181, 2.6927412776, -0.2484043056, -0.5492458286, -0.7541975404, -0.8680629103, -0.6378608967, -0.3636541965, 0.0807298273, 0.4135270651, 1.6892488423, 2.3597640999, -0.3619569789, -0.580757813, -0.8298194144, -0.7747689488, -0.8212629108, -0.5474944102, -0.2573388463, 0.6518478459, 1.4840944944, 2.4488231514, -0.1792896176, -0.5491322868, -0.7406968909, -0.796677101, -0.835674361, -0.5657169811, -0.1151031174, 0.3477681268, 1.3702522435, 2.1899471373, -0.0645087206, -0.5155987514, -0.8075893806, -0.8825220753, -0.8505122943, -0.4873541711, -0.2124332808, 0.4227496209, 1.3611242777, 2.1173056168, -0.1672825805, -0.5644661039, -0.6723582435, -0.8414932833, -0.6705003508, -0.5801578229, -0.1099978341, 0.4066321825, 1.293473291, 2.2230165987, -0.2612745909, -0.580991328, -0.8222767769, -0.8861413949, -0.7396502376, -0.5792638296, -0.0678112728, 0.2619844707, 1.259563829, 2.1463568043, -0.2550744707, -0.4246076304, -0.6100871301, -0.8346014352, -0.8380915993, -0.6819527956, -0.1490485753, 0.241573331, 1.212577416, 2.1614579842, -0.3447436539, -0.6345756353, -0.8932506292, -0.9359504778, -0.800870738, -0.7248610759, -0.3432588948, 0.2951853346, 1.299156438, 2.3454605524, -0.490948723, -0.86610579, -1.0410594644, -1.1740823052, -1.1440528648, -0.8586636211, -0.5655845506, -0.1379934927, 0.6938209181, 1.8602993095]}