{"source": [{"position": [-149.85350614616934, 200.10978660650255], "counts": 500000.0}, {"position": [-91.928365675274, 137.01888769170878], "counts": 500000.0}], "output": [0.0, 0.0, 0.0, 0.0, 0.0, 0.0, 0.0, 0.0, 0.0, 0.0, 0.0, 0.0, 0.0, 0.0, 0.0, 0.0, 0.0, 0.0, 0.0, 0.0, 0.0, 0.0, 0.0, 0.0, 0.0, 0.0, 0.0, 0.0, 0.0, 0.0, 0.0, 0.0, 0.0, 0.0, 0.0, 0.0, 0.0, 0.0, 0.0, 0.0, 0.0, 0.0, 0.0, 0.0, 0.0, 0.0, 0.0, 0.0, 0.0, 0.0, 0.0, 0.0, 0.0, 0.0, 0.71677401, 0.28322599, 0.0, 0.0, 0.0, 0.0, 0.0, 0.0, 0.0, 0.0], "num_sources": 2, "seg_angles": 64, "input": [1.0469256705, 0.1546359359, -0.450182644, -0.9469675393, -1.0203636941, -1.0971680073, -1.2071494076, -1.1938286519, -1.2426488091, -1.2608680808, 1.2914232067, 0.2299020682, -0.3496999205, -0.7692367929, -0.9540350198, -1.0914896791, -1.1389889019, -1.1748871117, -1.1981456283, -1.1916839742, 1.6072835975, 0.3733223101, -0.3697285647, -0.7666451629, -0.9110078047, -1.0609427289, -1.066251495, -1.1217978061, -1.1092382244, -1.1483493824, 1.4091709834, 0.257815622, -0.3272936151, -0.7226434119, -0.8759208665, -1.0004036945, -0.9783620197, -1.0340631253, -0.9614982893, -1.0654214099, 1.5927254398, 0.3052485941, -0.1236042885, -0.5260894674, -0.7502304435, -0.8109388565, -0.8409700641, -0.8209196195, -0.8484958036, -0.9543977261, 1.3908944994, 0.3878181477, -0.2220617885, -0.5231342689, -0.5990266882, -0.540120155, -0.6308321244, -0.6176409556, -0.6220380428, -0.7784526308, 1.6043223748, 0.3433462727, -0.159199416, -0.2160865599, -0.2064295855, -0.1746737807, -0.2517148331, -0.2660804088, -0.4011272776, -0.5123473227, 1.5774776174, 0.4107022189, 0.3385890635, 0.3189123161, 0.3157699726, 0.2531300754, 0.2465704295, 0.2021673761, 0.0457837915, -0.063544344, 1.5202200351, 1.0202495943, 1.0162269109, 0.88802352, 0.8814729577, 1.1237605067, 0.9566238409, 0.8191566264, 0.8233196637, 0.5864279326, 1.6896025269, 1.8337879235, 1.8244811787, 1.8788506763, 1.775465812, 1.7781245774, 1.8141622772, 1.9460598638, 1.7834990668, 1.6036148412]}