{"source": [{"position": [27.79394247360797, -262.53284891947095], "counts": 500000.0}, {"position": [-75.58669434674458, 68.48833212841303], "counts": 500000.0}], "output": [0.0, 0.0, 0.0, 0.0, 0.0, 0.0, 0.0, 0.0, 0.0, 0.0, 0.0, 0.0, 0.0, 0.0, 0.0, 0.0, 0.0, 0.4628174491, 0.0371825509, 0.0, 0.0, 0.0, 0.0, 0.0, 0.0, 0.0, 0.0, 0.0, 0.0, 0.0, 0.0, 0.0, 0.0, 0.0, 0.0, 0.0, 0.0, 0.0, 0.0, 0.0, 0.0, 0.0, 0.0, 0.0, 0.0, 0.0, 0.0, 0.0, 0.0, 0.0, 0.0, 0.0, 0.0, 0.0, 0.0, 0.0, 0.2492802606, 0.2507197394, 0.0, 0.0, 0.0, 0.0, 0.0, 0.0], "num_sources": 2, "seg_angles": 64, "input": [2.2342990301, 1.2959664703, 0.6611737634, 0.1586499736, -0.1006364185, -0.22513147, -0.3695639175, -0.4588817825, -0.4317192096, -0.6350767513, 2.0835825211, 1.2164926466, 0.8124031855, 0.0978124547, -0.1733361048, -0.513553724, -0.6912607387, -0.7120961059, -0.6657955854, -1.0324871579, 1.93678305, 1.1379672203, 0.2964644389, -0.2438453841, -0.5500486962, -0.7281637472, -0.8327293464, -0.943898428, -1.0987364442, -1.2672012989, 2.0037219914, 1.0213282186, 0.1146869696, -0.3586506197, -0.748746471, -0.8625663069, -1.0645245451, -1.1418378146, -1.2047240621, -1.2955596736, 1.893373832, 0.9493776002, -0.0096719928, -0.5323227208, -0.8921446312, -0.989029958, -1.1306731828, -1.2240416318, -1.281903431, -1.2878407227, 1.6836120188, 0.7802678616, -0.031934583, -0.6884066622, -0.9611239524, -1.1486237497, -1.0940088754, -1.1026029078, -1.2161683392, -1.1306993348, 1.5554169201, 0.6153710793, -0.1210858023, -0.6225399983, -0.8480792524, -0.9059567457, -0.8654897278, -1.0695699484, -0.9418171196, -0.950094624, 1.7557844511, 0.7668080802, -0.0681980414, -0.3803931758, -0.3472859793, -0.6483673764, -0.5885605935, -0.5406159723, -0.5105964632, -0.6277538793, 1.5126701591, 0.6787222029, 0.4971995152, 0.3856207164, 0.3676997486, 0.2248008402, 0.2583620886, 0.2474828045, 0.1666149474, 0.1423700668, 1.3939275984, 1.4470853942, 1.5901585942, 1.4978065152, 1.3945568514, 1.2195304034, 1.3319446692, 1.3507679217, 1.2056118066, 1.1240965578]}