{"source": [{"position": [-66.86958053332098, -189.55067712698286], "counts": 500000.0}, {"position": [-6.128168498193077, 73.74581717533377], "counts": 500000.0}], "output": [0.0, 0.0, 0.0, 0.0, 0.0, 0.0, 0.0, 0.0, 0.0, 0.0, 0.0, 0.0, 0.2272705555, 0.2727294445, 0.0, 0.0, 0.0, 0.0, 0.0, 0.0, 0.0, 0.0, 0.0, 0.0, 0.0, 0.0, 0.0, 0.0, 0.0, 0.0, 0.0, 0.0, 0.0, 0.0, 0.0, 0.0, 0.0, 0.0, 0.0, 0.0, 0.0, 0.0, 0.0, 0.0, 0.0, 0.0, 0.0, 0.0, 0.0777528369, 0.4222471631, 0.0, 0.0, 0.0, 0.0, 0.0, 0.0, 0.0, 0.0, 0.0, 0.0, 0.0, 0.0, 0.0, 0.0], "num_sources": 2, "seg_angles": 64, "input": [-0.3835427108, -0.3283522853, -0.3765496791, -0.2736678983, -0.4524093074, -0.4270153165, -0.3504172226, -0.2481987528, -0.2900987585, -0.5834741783, -0.6306669054, -0.6352051174, -0.5632748155, -0.5620551927, -0.4669191344, -0.5199180559, -0.5285750918, -0.568183067, -0.6222877501, -0.9091652784, -0.5531546909, -0.7542735433, -0.7023837916, -0.91588092, -0.5621719519, -0.6181048732, -0.6914626245, -0.7523964344, -0.941869101, -1.1344433154, -0.4085389127, -0.7727839215, -0.8144838063, -0.7752303886, -0.6986370648, -0.8597190724, -0.8767884134, -0.923600283, -0.8797473893, -1.1861658281, -0.4195561434, -0.775537391, -0.8560517575, -0.7354689372, -0.8493654171, -0.6978779722, -0.8602481405, -0.7464261052, -0.8398155814, -1.0428890202, -0.1962614041, -0.5291713926, -0.5182163764, -0.5847227791, -0.4440614268, -0.5076154995, -0.5335044328, -0.590404622, -0.8176008736, -0.9223814829, 0.2176287518, -0.0130209295, -0.106072926, -0.0037176786, -0.1081618985, -0.0776588238, -0.1109907873, -0.1263075644, -0.4234495755, -0.6261598305, 0.7111099695, 0.5356603894, 0.4034380708, 0.4401789255, 0.6431569831, 0.475202676, 0.4254222592, 0.5398863648, 0.4209735536, 0.053516872, 1.5420337628, 1.4205014381, 1.4204686138, 1.4342485604, 1.4973506589, 1.3958560774, 1.3783423582, 1.3998427939, 1.1968016953, 0.7583918786, 2.4306429086, 2.2826695405, 2.4677454581, 2.2321261914, 2.2783098516, 2.3635207191, 2.2933284405, 2.113517837, 2.0609325902, 1.7717234237]}