{"source": [{"position": [333.618666564925, -148.06615183572976], "counts": 500000.0}, {"position": [-90.02588754640811, -18.9562541521653], "counts": 500000.0}], "output": [0.0, 0.0, 0.4430442807, 0.0569557193, 0.0, 0.0, 0.0, 0.0, 0.0, 0.0, 0.0, 0.0, 0.0, 0.0, 0.0, 0.0, 0.0, 0.0, 0.0, 0.0, 0.0, 0.0, 0.0, 0.0, 0.0, 0.0, 0.0, 0.1273365332, 0.3726634668, 0.0, 0.0, 0.0, 0.0, 0.0, 0.0, 0.0, 0.0, 0.0, 0.0, 0.0, 0.0, 0.0, 0.0, 0.0, 0.0, 0.0, 0.0, 0.0, 0.0, 0.0, 0.0, 0.0, 0.0, 0.0, 0.0, 0.0, 0.0, 0.0, 0.0, 0.0, 0.0, 0.0, 0.0, 0.0], "num_sources": 2, "seg_angles": 64, "input": [2.2343429675, 1.5369189554, 1.1073442413, 0.7298718279, 0.5810524425, 0.4952719954, 0.3770569371, 0.3007679543, 0.2668189456, 0.1471655233, 2.3416470268, 1.7363048, 0.6012567119, -0.1219763019, -0.3152837541, -0.5405789677, -0.7721076282, -0.821636556, -0.7603190177, -0.5114386574, 2.3059083185, 1.4493758502, 0.5918982575, 0.0407641573, -0.3830902737, -0.69630654, -0.8747015421, -0.8156248308, -0.6676993522, -0.6557532372, 2.161126803, 1.3727604707, 0.4776370327, -0.0059714407, -0.4481859475, -0.687220237, -0.7865364199, -0.6583499438, -0.7158537897, -0.6539286652, 1.9679119967, 1.3576206103, 0.6980737276, -0.1378852737, -0.534748265, -0.7498146066, -0.8889652748, -0.9326725973, -0.8566541483, -0.687754004, 1.9478173801, 1.1967077114, 0.5244527642, 0.0499565635, -0.4501476259, -0.6574038235, -0.922451799, -0.9386076385, -0.7800200468, -0.7334408317, 2.1425907589, 1.1945129353, 0.5351085117, -0.1105117396, -0.533082987, -0.7213479387, -0.924801857, -0.7708357488, -0.8326152507, -0.6713339868, 2.1390808734, 1.1840860739, 0.4737449008, -0.0998246947, -0.5885226439, -0.7576563833, -0.8812325746, -0.9473253687, -0.836501397, -0.6747418537, 1.9318529024, 1.1267179679, 0.3558419363, -0.1397613583, -0.6121186784, -0.9581899582, -0.9727161304, -1.044605478, -0.8637102154, -0.6946844549, 1.778650574, 0.8019443903, 0.0574258558, -0.5884634607, -0.8524272352, -1.0774478248, -1.1645626141, -1.0402960461, -0.9771985952, -0.8197441414]}