{"source": [{"position": [-320.20599365860613, 114.31588527017892], "counts": 500000.0}, {"position": [153.50575674478625, -325.63166714281715], "counts": 500000.0}], "output": [0.0, 0.0, 0.0, 0.0, 0.0, 0.0, 0.0, 0.0, 0.0, 0.0, 0.0, 0.0, 0.0, 0.0, 0.0, 0.0, 0.0, 0.0, 0.0, 0.0, 0.2564782069, 0.2435217931, 0.0, 0.0, 0.0, 0.0, 0.0, 0.0, 0.0, 0.0, 0.0, 0.0, 0.0, 0.0, 0.0, 0.0, 0.0, 0.0, 0.0, 0.0, 0.0, 0.0, 0.0, 0.0, 0.0, 0.0, 0.0, 0.0, 0.0, 0.0, 0.0, 0.0, 0.0, 0.0, 0.0, 0.0, 0.0, 0.0, 0.0, 0.0, 0.2463943811, 0.2536056189, 0.0, 0.0], "num_sources": 2, "seg_angles": 64, "input": [3.1063267028, 2.4410550937, 1.9824815369, 1.2267366844, 0.6989004722, 1.1523933787, 0.9203441836, 0.6801713033, 0.5923952785, 0.7126738247, 2.4203784575, 2.4049387111, 1.3471726476, 1.173403581, 0.5225172998, 0.5526825745, 0.4208339237, 0.0955058833, 0.1214373034, -0.179935923, 1.3381785049, 1.2439859033, 0.8108150782, 0.5762505337, 0.2604906162, 0.003332175, -0.4102810262, -0.3464672251, -0.4719650581, -0.1549368928, 2.0025422286, 0.6984523333, 0.3684426355, 0.1015024348, -0.3243918342, -0.6455831221, -0.8999095228, -1.0270176634, -0.7658703361, -0.1005259996, 1.6105799387, 0.7317822664, 0.0197031195, -0.5862395979, -0.5611110216, -0.9016282958, -1.2092005141, -1.2593962499, -1.035231328, -0.2658138288, 1.2363302403, 0.5024576152, -0.2872664411, -0.7659952944, -0.786075136, -1.1649184545, -1.403856695, -1.5436542699, -1.0338784107, -0.0688959176, 0.8643261197, 0.5450010173, -0.1887911374, -0.6862815736, -0.9699937971, -1.448102889, -1.5662944198, -1.3747043292, -1.03027927, -0.3088387404, 0.7417388938, 0.6373461349, -0.5322667913, -0.9523378441, -1.0390645059, -1.3196564643, -1.4505016602, -1.2630761286, -0.8590669803, -0.1666723491, 0.9144247286, -0.0926279238, -0.3380491284, -1.0022409533, -1.1104610524, -1.14255777, -0.9717507302, -0.8271325972, -0.6316943528, 0.6133720319, 0.3854049908, 0.1735777317, 0.1014526144, 0.002010229, -0.3941238439, 0.0695477012, -0.4345662328, -0.0431284318, 0.1545218555, 1.0643894427]}