{"source": [{"position": [-140.17009384712455, -63.78357775233603], "counts": 500000.0}, {"position": [226.99755815712538, 189.96870424020506], "counts": 500000.0}], "output": [0.0, 0.0, 0.0, 0.0, 0.3250995873, 0.1749004127, 0.0, 0.0, 0.0, 0.0, 0.0, 0.0, 0.0, 0.0, 0.0, 0.0, 0.0, 0.0, 0.0, 0.0, 0.0, 0.0, 0.0, 0.0, 0.0, 0.0, 0.0, 0.0, 0.0, 0.0, 0.0, 0.0, 0.0, 0.0, 0.0, 0.0, 0.0, 0.0, 0.0, 0.4510988016, 0.0489011984, 0.0, 0.0, 0.0, 0.0, 0.0, 0.0, 0.0, 0.0, 0.0, 0.0, 0.0, 0.0, 0.0, 0.0, 0.0, 0.0, 0.0, 0.0, 0.0, 0.0, 0.0, 0.0, 0.0], "num_sources": 2, "seg_angles": 64, "input": [1.2262338649, 0.7402105708, 0.563471658, 0.727391166, 0.8322414542, 0.849426055, 0.7407475154, 0.9366892707, 1.4034708876, 1.6607690941, 1.3971443936, 0.5529224076, -0.10208554, -0.4776263791, -0.5618246597, -0.4355449639, -0.3494858629, -0.0876724472, 0.3141813012, 0.5615587623, 1.4685406894, 0.7478839641, -0.1320904856, -0.6701747124, -1.1127291749, -1.2536534287, -1.0549300749, -0.6874106846, -0.5176309339, 0.1745174742, 1.7034832374, 0.8036271167, -0.2158277768, -0.6826955199, -1.0481760961, -1.0780834079, -1.2976335331, -1.0682434698, -0.7044998919, 0.0591149281, 1.5578837461, 0.7243996201, 0.0062779618, -0.6126205808, -0.8792104836, -1.2763359126, -1.2204679288, -1.0644429464, -0.7359421056, -0.0202808113, 1.7534826722, 0.7917004995, 0.1091452842, -0.6884576963, -0.8232675413, -1.190863894, -1.2414280178, -1.0529576767, -0.6985038535, -0.1815457816, 1.8589791551, 1.1805899624, 0.1960279617, -0.6005572964, -0.9902559274, -1.1482415824, -1.332942485, -1.1071052245, -0.7402166065, -0.3561145648, 2.353339414, 1.3394584228, 0.1960463963, -0.3600097078, -0.6984613943, -1.0801101424, -0.9280827696, -1.0652621806, -0.8020384133, -0.3166624145, 2.8155771456, 1.6441323625, 0.6748267247, 0.2123492262, -0.3159206938, -0.5499045139, -0.7147571935, -0.6226317146, -0.8410798833, -0.4198509816, 2.3678652071, 2.3675971127, 1.0775717816, 0.7517506489, 0.331330242, 0.0224406786, -0.3316161686, -0.3737879256, -0.4219633669, -0.4544806126]}