{"source": [{"position": [-416.4399806218242, 159.6676001563708], "counts": 500000.0}, {"position": [248.82938292455765, -345.77440361221625], "counts": 500000.0}], "output": [0.0, 0.0, 0.0, 0.0, 0.0, 0.0, 0.0, 0.0, 0.0, 0.0, 0.0, 0.0, 0.0, 0.0, 0.0, 0.0, 0.0, 0.0, 0.0, 0.0, 0.0, 0.0, 0.3231203829, 0.1768796171, 0.0, 0.0, 0.0, 0.0, 0.0, 0.0, 0.0, 0.0, 0.0, 0.0, 0.0, 0.0, 0.0, 0.0, 0.0, 0.0, 0.0, 0.0, 0.0, 0.0, 0.0, 0.0, 0.0, 0.0, 0.0, 0.0, 0.0, 0.0, 0.0, 0.0, 0.0, 0.0, 0.0, 0.0, 0.0, 0.0, 0.3646546545, 0.1353453455, 0.0, 0.0], "num_sources": 2, "seg_angles": 64, "input": [2.639336968, 2.6021139505, 1.9882670775, 1.8221781729, 1.3300698421, 1.3043728363, 1.0984202628, 0.7383287847, 0.37196611, 0.6495657317, 2.1781158572, 2.0549229825, 1.6571774262, 0.6447426877, 0.4097984053, 0.2008687471, 0.1403225464, 0.1310121577, 0.0925811475, 0.3857068855, 1.8566907918, 1.512210387, 0.6621091227, 0.1611157822, -0.1669274584, -0.2827935249, -0.6768536941, -0.739236362, -0.2812278925, 0.6019056007, 1.5890470775, 0.5519899188, 0.1090894738, 0.0468161412, -0.8540005088, -1.1274772396, -0.9399350608, -0.9903494213, -0.6161004284, 0.1188452999, 1.0905253734, 0.46342546, -0.0543540017, -0.4640884661, -0.9699227461, -1.3865235882, -1.2858017154, -1.1358965512, -0.3726329467, 0.420696015, 0.7268359982, 0.3571074943, -0.551778245, -0.8411445863, -1.3672178422, -1.5775381031, -1.4010606384, -0.9548120162, -0.2144209283, 0.3744169847, 0.6165138675, -0.0928251398, -0.3965470487, -1.092533791, -1.3837834599, -1.5765449154, -1.478293927, -0.9136877489, -0.7872161312, 0.5985034226, 0.6664111748, -0.0710756458, -0.8612388006, -0.8419511425, -1.2522972191, -1.2916093419, -1.536071969, -0.6925689592, -0.5235081508, 0.7445000896, 0.6066642036, 0.1794502067, -0.436304821, -0.6838572881, -1.1620532783, -1.1929616218, -0.9653244425, -0.7324893782, 0.0192989539, 0.506931749, 0.5556588867, -0.097887565, -0.2176317486, -0.1183939541, -0.1945665096, 0.1867800131, -0.3520753823, -0.2020426748, 0.8715352286, 1.7644927241]}