{"source": [{"position": [-250.59396199726146, 34.808996114726845], "counts": 500000.0}, {"position": [-249.8249916295168, 312.389938309978], "counts": 500000.0}], "output": [0.0, 0.0, 0.0, 0.0, 0.0, 0.0, 0.0, 0.0, 0.0, 0.0, 0.0, 0.0, 0.0, 0.0, 0.0, 0.0, 0.0, 0.0, 0.0, 0.0, 0.0, 0.0, 0.0, 0.0, 0.0, 0.0, 0.0, 0.0, 0.0, 0.0, 0.0, 0.0, 0.0, 0.0, 0.0, 0.0, 0.0, 0.0, 0.0, 0.0, 0.0, 0.0, 0.0, 0.0, 0.0, 0.0, 0.0, 0.0, 0.0, 0.0, 0.0, 0.0, 0.0, 0.0, 0.0644371749, 0.4355628251, 0.0, 0.0, 0.0, 0.0, 0.0, 0.0, 0.2029442288, 0.2970557712], "num_sources": 2, "seg_angles": 64, "input": [1.5640142464, 0.8688519678, -0.0153724597, -0.4580545922, -0.7634189843, -1.0098320627, -1.0166415123, -1.1465806113, -1.2681896704, -1.2654294252, 2.1182106395, 0.9687201934, 0.3629004984, -0.2231095616, -0.5882336961, -0.7524320377, -1.0331141507, -1.1017289913, -1.2014410266, -1.2549709489, 2.0175713797, 1.1942105657, 0.3452766269, -0.2625393325, -0.6377101218, -0.8245745042, -1.0335038077, -1.1044615865, -1.1417426435, -1.229761573, 2.2717866545, 1.1266050243, 0.4627368669, -0.1419012619, -0.6024715863, -0.7857414934, -0.8949669016, -1.000397066, -1.0687441976, -1.162681645, 2.0090007719, 1.399400375, 0.3664928079, -0.1733603229, -0.609017691, -0.6549162001, -0.7519082549, -0.9818796025, -1.0604311825, -1.1172343892, 1.9264666564, 1.1552868262, 0.205912186, -0.1403089965, -0.5464126757, -0.5826004042, -0.7762980887, -0.9302873236, -1.002287582, -1.0755530841, 1.9909100199, 1.202725175, 0.3926622772, -0.0075983652, -0.248669132, -0.5089481128, -0.6115569013, -0.7174286941, -0.8023014815, -0.885293587, 1.9485202492, 1.211334106, 0.720283996, 0.166878008, -0.0610424033, -0.296974492, -0.332544265, -0.5080515642, -0.6472647418, -0.7166826946, 1.8500518133, 1.5075872861, 1.0463155239, 0.527149074, 0.2875131862, 0.0393233316, -0.1513812297, -0.1255164532, -0.1242170076, -0.4895479492, 1.8647579813, 1.5717542983, 1.126494982, 0.9550608951, 0.5540326556, 0.8903968796, 0.7196637577, 0.5677059405, 0.6211793367, 0.5015172643]}